X,Y,objectid_1,zuj,alkohol_vinik,hlavni_pricina,srazka,nasledky,pricina,stav_vozovky,povetrnostni_podm,rozhled,misto_nehody,druh_komun,pneumatiky,druh_pohonu,druh_vozidla,mestska_cast,pohlavi,alkohol,den_v_tydnu,mesic_t,katastr,chovani_chodce,stav_chodce,drogy_chodec,alkohol_chodec,osobni_prepravnik,reflexni_prvky,kategorie_chodce,nasledek,ozn_osoba,zavineni,viditelnost,situovani,osoba,stav_ridic,doba,smrt_po,lz,target_fid_1,join_count_1,objectid,join_count,target_fid,den,vek,smrt_dny,rok_nar,p48a,p59d,rok,tz,smrt,lehce_zran_os,tezce_zran_os,usmrceno_os,id_vozidla,hodina,ovlivneni_ridice,cas,mesic,e,d,id_nehody,datum,hmotna_skoda_1,skoda_vozidlo,globalid
-599755,-1160611,1,Brno-střed,ne,nesprávný způsob jízdy,srážka s jedoucím nekolejovým vozidlem,nehoda s následky na životě nebo zdraví,řidič se plně nevěnoval řízení vozidla,"povrch suchý, neznečistěný",neztížené,dobré,žádné nebo žádné z uvedených,komunikace místní,,nezjištěno/žádné,jízdní kolo,Brno-střed,muž,Ne,neděle,leden,Stránice,,,,,,,,lehké zranění,"s přilbou (pouze u motocyklistů, příp. cyklistů)",řidičem motorového vozidla,"ve dne, viditelnost nezhoršená vlivem povětrnostních podmínek",na jízdním pruhu,řidič,dobrý -žádné nepříznivé okolnosti nebyly zjiště,den,,1,3954,1,3954,1,3954,7,38,,1938,1,38,2023,0,0,1,0,0,2,13,1,1358,1,-1160611,-599755,60223000001,2023/01/01 00:00:00+00,32000,2000,1383c690-4eaf-495c-9d01-833bac492dfb
-597767,-1161166,2,Brno-střed,ne,nesprávný způsob jízdy,havárie,nehoda s následky na životě nebo zdraví,řidič se plně nevěnoval řízení vozidla,"povrch suchý, neznečistěný",neztížené,dobré,žádné nebo žádné z uvedených,komunikace místní,,elektro,koloběžka,Brno-střed,muž,Ne,sobota,leden,Město Brno,,,,,,,,lehké zranění,"s přilbou (pouze u motocyklistů, příp. cyklistů)",řidičem nemotorového vozidla,"ve dne, viditelnost nezhoršená vlivem povětrnostních podmínek",na jízdním pruhu,řidič,dobrý -žádné nepříznivé okolnosti nebyly zjiště,den,,1,3958,1,3958,1,3958,6,47,,1947,1,47,2023,0,0,1,0,0,1,13,1,1320,1,-1161166,-597767,60223000105,2023/01/28 00:00:00+00,0,0,04539401-8aca-4c8a-b24d-e4a46f051506
-599421,-1160480,3,Brno-střed,ne,nesprávný způsob jízdy,srážka s jedoucím nekolejovým vozidlem,nehoda pouze s hmotnou škodou,řidič se plně nevěnoval řízení vozidla,"povrch suchý, neznečistěný",neztížené,dobré,žádné nebo žádné z uvedených,komunikace místní,,nezjištěno/žádné,jízdní kolo,Brno-střed,muž,Ne,úterý,březen,Stránice,,,,,,,,bez zraněn,"bez přilby (pouze u motocyklistů, příp. cyklistů)",řidičem nemotorového vozidla,"ve dne, viditelnost nezhoršená vlivem povětrnostních podmínek",na jízdním pruhu,řidič,dobrý -žádné nepříznivé okolnosti nebyly zjiště,den,,0,3961,1,3961,1,3961,2,57,,1957,1,57,2023,0,0,0,0,0,1,7,1,715,3,-1160480,-599421,60223000266,2023/03/07 00:00:00+00,15000,5000,db60cd4e-c099-46ed-baa7-f348ff1b2b11
-598493,-1160741,4,Brno-střed,ne,nepřiměřená rychlost jízdy,srážka s jedoucím nekolejovým vozidlem,nehoda s následky na životě nebo zdraví,"nepřizpůsobení rychlosti dopravně technickému stavu vozovky (zatáčka, klesání, stoupání, šířka vozovky apod.)","povrch suchý, neznečistěný",neztížené,dobré,žádné nebo žádné z uvedených,komunikace místní,,nezjištěno/žádné,jízdní kolo,Brno-střed,muž,Ne,neděle,březen,Město Brno,,,,,,,,lehké zranění,"bez přilby (pouze u motocyklistů, příp. cyklistů)",řidičem nemotorového vozidla,"ve dne, viditelnost nezhoršená vlivem povětrnostních podmínek",na stezce pro cyklisty,řidič,dobrý -žádné nepříznivé okolnosti nebyly zjiště,den,,1,3962,1,3962,1,3962,7,19,,2019,1,19,2023,0,0,1,0,0,1,11,1,1110,3,-1160741,-598493,60223000332,2023/03/19 00:00:00+00,12000,2000,312b5a62-bae3-4556-8ca9-9792b65e5503
-598242,-1161310,5,Brno-střed,ne,nesprávný způsob jízdy,havárie,nehoda s následky na životě nebo zdraví,nezvládnutí řízení vozidla,"povrch suchý, neznečistěný",neztížené,dobré,žádné nebo žádné z uvedených,komunikace místní,,nezjištěno/žádné,jízdní kolo,Brno-střed,muž,Ne,čtvrtek,březen,Město Brno,,,,,,,,lehké zranění,"s přilbou (pouze u motocyklistů, příp. cyklistů)",řidičem nemotorového vozidla,"ve dne, viditelnost nezhoršená vlivem povětrnostních podmínek",na kolejích tramvaje,řidič,dobrý -žádné nepříznivé okolnosti nebyly zjiště,den,,1,3964,1,3964,1,3964,4,23,,1923,3,23,2023,0,0,1,0,0,1,8,1,818,3,-1161310,-598242,60223000353,2023/03/23 00:00:00+00,0,0,5b08285f-b04e-484c-afe8-b6e40da3c71f
-598182,-1160490,6,Brno-střed,ne,nesprávný způsob jízdy,havárie,nehoda s následky na životě nebo zdraví,řidič se plně nevěnoval řízení vozidla,"povrch suchý, neznečistěný",neztížené,dobré,žádné nebo žádné z uvedených,komunikace místní,,nezjištěno/žádné,jízdní kolo,Brno-střed,muž,Ne,úterý,duben,Město Brno,,,,,,,,lehké zranění,"bez přilby (pouze u motocyklistů, příp. cyklistů)",řidičem nemotorového vozidla,"ve dne, viditelnost nezhoršená vlivem povětrnostních podmínek",na jízdním pruhu,řidič,dobrý -žádné nepříznivé okolnosti nebyly zjiště,den,,1,3968,1,3968,1,3968,2,59,,1959,0,59,2023,0,0,1,0,0,1,16,1,1650,4,-1160490,-598182,60223000445,2023/04/11 00:00:00+00,0,0,e22f94f8-dd24-40fe-9018-7b3f2d003a6b
-598601,-1161034,7,Brno-střed,ano,nesprávný způsob jízdy,"srážka s vozidlem zaparkovaným, odstaveným",nehoda s následky na životě nebo zdraví,řidič se plně nevěnoval řízení vozidla,"povrch suchý, neznečistěný",neztížené,dobré,žádné nebo žádné z uvedených,komunikace místní,,elektro,koloběžka,Brno-střed,muž,"Ano, obsah alkoholu v krvi 1,5‰ a více",neděle,duben,Staré Brno,,,,,,,,lehké zranění,"bez přilby (pouze u motocyklistů, příp. cyklistů)",řidičem nemotorového vozidla,"ve dne, viditelnost nezhoršená vlivem povětrnostních podmínek",na jízdním pruhu,řidič,pod vlivem alkoholu obsah alkoholu v krvi 1 ‰ a víc,den,,1,3974,1,3974,1,3974,7,25,,1925,3,25,2023,0,0,1,0,0,1,8,1,840,4,-1161034,-598601,60223000545,2023/04/30 00:00:00+00,5000,0,584f0e2d-3845-411f-affb-8ecf87e5e1d6
-597823,-1160792,8,Brno-střed,ano,nepřiměřená rychlost jízdy,havárie,nehoda s následky na životě nebo zdraví,"nepřizpůsobení rychlosti dopravně technickému stavu vozovky (zatáčka, klesání, stoupání, šířka vozovky apod.)","povrch suchý, neznečistěný",neztížené,dobré,žádné nebo žádné z uvedených,komunikace místní,,elektro,koloběžka,Brno-střed,muž,"Ano, obsah alkoholu v krvi 1,5‰ a více",sobota,květen,Město Brno,,,,,,,,lehké zranění,"bez přilby (pouze u motocyklistů, příp. cyklistů)",řidičem nemotorového vozidla,"v noci - s veřejným osvětlením, viditelnost nezhoršená vlivem povětrnostních podmínek",žádné z uvedenýc,řidič,pod vlivem alkoholu obsah alkoholu v krvi 1 ‰ a víc,noc,,1,3976,1,3976,1,3976,6,23,,1923,3,23,2023,0,0,1,0,0,1,1,1,110,5,-1160792,-597823,60223000575,2023/05/06 00:00:00+00,0,0,042afdfb-c31d-4557-a01f-63577c7cd7c7
-597589,-1160698,9,Brno-střed,ano,nedání přenosti v jízdě,srážka s jedoucím nekolejovým vozidlem,nehoda s následky na životě nebo zdraví,při odbočování vlevo,"povrch suchý, neznečistěný",neztížené,dobré,žádné nebo žádné z uvedených,komunikace místní,,nezjištěno/žádné,jízdní kolo,Brno-střed,muž,"Ano, obsah alkoholu v krvi od 0,5‰ do 0,8‰",sobota,květen,Zábrdovice,,,,,,,,lehké zranění,"s přilbou (pouze u motocyklistů, příp. cyklistů)",řidičem nemotorového vozidla,"v noci - s veřejným osvětlením, viditelnost nezhoršená vlivem povětrnostních podmínek",na jízdním pruhu,řidič,"pod vlivem alkoholu, obsah alkoholu v krvi do 0,99 ‰",noc,,1,3981,1,3981,1,3981,6,35,,1935,1,35,2023,0,0,1,0,0,1,5,1,5,5,-1160698,-597589,60223000652,2023/05/20 00:00:00+00,55000,5000,26b9626d-212b-4153-b23a-c254d86e0834
-598243,-1161418,10,Brno-střed,ano,nesprávný způsob jízdy,srážka s jedoucím nekolejovým vozidlem,nehoda pouze s hmotnou škodou,nedodržení bezpečné vzdálenosti za vozidlem,"povrch suchý, neznečistěný",neztížené,dobré,žádné nebo žádné z uvedených,komunikace místní,,nezjištěno/žádné,jízdní kolo,Brno-střed,muž,"Ano, obsah alkoholu v krvi od 0,8‰ do 1,0‰",pondělí,květen,Staré Brno,,,,,,,,bez zraněn,"bez přilby (pouze u motocyklistů, příp. cyklistů)",řidičem nemotorového vozidla,"v noci - s veřejným osvětlením, viditelnost nezhoršená vlivem povětrnostních podmínek",na jízdním pruhu,řidič,"pod vlivem alkoholu, obsah alkoholu v krvi do 0,99 ‰",noc,,0,3982,1,3982,1,3982,1,33,,1933,1,33,2023,0,0,0,0,0,1,21,1,2160,5,-1161418,-598243,60223000667,2023/05/22 00:00:00+00,6000,1000,63b5c8e5-e25e-464c-be0b-2196197a30f0
-599702,-1161307,11,Brno-střed,nezjišťováno,nedání přenosti v jízdě,jiný druh nehody,nehoda s následky na životě nebo zdraví,proti příkazu dopravní značky DEJ PŘEDNOST,povrch mokrý,neztížené,dobré,v blízkosti přechodu pro chodce (do vzdálenosti 20 m),komunikace místní,,nezjištěno/žádné,jízdní kolo,Brno-střed,muž,Nezjišťován,středa,červen,Pisárky,,,,,,,,lehké zranění,"bez přilby (pouze u motocyklistů, příp. cyklistů)",řidičem motorového vozidla,"ve dne, viditelnost nezhoršená vlivem povětrnostních podmínek",na jízdním pruhu,řidič,dobrý -žádné nepříznivé okolnosti nebyly zjiště,den,,1,3992,1,3992,1,3992,3,43,,1943,2,43,2023,0,0,1,0,0,2,15,1,1505,6,-1161307,-599702,60223000747,2023/06/07 00:00:00+00,0,0,a8c1470a-adc6-4b20-9036-2e14882d6365
-597396,-1160558,12,Brno-střed,ne,nesprávný způsob jízdy,jiný druh nehody,nehoda s následky na životě nebo zdraví,řidič se plně nevěnoval řízení vozidla,"povrch suchý, neznečistěný",neztížené,dobré,žádné nebo žádné z uvedených,komunikace místní,,nezjištěno/žádné,jízdní kolo,Brno-střed,muž,Ne,čtvrtek,červen,Zábrdovice,,,,,,,,lehké zranění,"s přilbou (pouze u motocyklistů, příp. cyklistů)",řidičem motorového vozidla,"ve dne, viditelnost nezhoršená vlivem povětrnostních podmínek",na jízdním pruhu,řidič,dobrý -žádné nepříznivé okolnosti nebyly zjiště,den,,1,3995,1,3995,1,3995,4,41,,1941,1,41,2023,0,0,1,0,0,2,11,1,1139,6,-1160558,-597396,60223000795,2023/06/15 00:00:00+00,45000,10000,d15fe470-2308-4ad1-9de9-7187c22e4013
-598095,-1160902,13,Brno-střed,ne,nesprávný způsob jízdy,havárie,nehoda s následky na životě nebo zdraví,řidič se plně nevěnoval řízení vozidla,"povrch suchý, neznečistěný",neztížené,dobré,žádné nebo žádné z uvedených,komunikace místní,,nezjištěno/žádné,jízdní kolo,Brno-střed,muž,Ne,pátek,červen,Město Brno,,,,,,,,lehké zranění,"s přilbou (pouze u motocyklistů, příp. cyklistů)",řidičem nemotorového vozidla,"ve dne, viditelnost nezhoršená vlivem povětrnostních podmínek",na kolejích tramvaje,řidič,dobrý -žádné nepříznivé okolnosti nebyly zjiště,den,,1,3996,1,3996,1,3996,5,49,,1949,1,49,2023,0,0,1,0,0,1,14,1,1445,6,-1160902,-598095,60223000802,2023/06/16 00:00:00+00,10000,10000,e1576cbf-8216-4e7b-83ec-32e07fe0035a
-597870,-1160758,14,Brno-střed,ne,nepřiměřená rychlost jízdy,"srážka s vozidlem zaparkovaným, odstaveným",nehoda s následky na životě nebo zdraví,nepřizpůsobení rychlosti vlastnostem vozidla a nákladu,"povrch suchý, neznečistěný",neztížené,dobré,žádné nebo žádné z uvedených,komunikace místní,,elektro,koloběžka,Brno-střed,žena,Ne,neděle,červenec,Město Brno,,,,,,,,lehké zranění,"bez přilby (pouze u motocyklistů, příp. cyklistů)",řidičem nemotorového vozidla,"v noci - s veřejným osvětlením, viditelnost nezhoršená vlivem povětrnostních podmínek",mimo komunikaci,řidič,dobrý -žádné nepříznivé okolnosti nebyly zjiště,den,,1,4005,1,4005,1,4005,7,21,,1921,3,21,2023,0,0,1,0,0,1,,1,0,7,-1160758,-597870,60223000893,2023/07/02 00:00:00+00,30000,0,bc70c69c-b559-4af4-8439-9ecde9769d5e
-598279,-1161454,15,Brno-střed,ne,nesprávný způsob jízdy,srážka s jedoucím nekolejovým vozidlem,nehoda s následky na životě nebo zdraví,řidič se plně nevěnoval řízení vozidla,"povrch suchý, neznečistěný",neztížené,dobré,přechod pro chodce,komunikace místní,,nezjištěno/žádné,jízdní kolo,Brno-střed,muž,Ne,neděle,červenec,Staré Brno,,,,,,,,těžké zranění,"bez přilby (pouze u motocyklistů, příp. cyklistů)",řidičem motorového vozidla,"ve dne, viditelnost nezhoršená vlivem povětrnostních podmínek",na jízdním pruhu,řidič,dobrý -žádné nepříznivé okolnosti nebyly zjiště,den,,0,4006,1,4006,1,4006,7,66,,1966,1,66,2023,1,0,0,1,0,2,17,1,1730,7,-1161454,-598279,60223000894,2023/07/02 00:00:00+00,6000,5000,fa9bd33f-9f6b-4f52-a5e6-b7610092be55
-597317,-1160116,16,Brno-sever,ne,nedání přenosti v jízdě,srážka s jedoucím nekolejovým vozidlem,nehoda s následky na životě nebo zdraví,při vjíždění na silnici,"povrch suchý, neznečistěný",neztížené,dobré,žádné nebo žádné z uvedených,komunikace místní,,nezjištěno/žádné,jízdní kolo,Brno-sever,muž,Ne,pondělí,červenec,Zábrdovice,,,,,,,,lehké zranění,"bez přilby (pouze u motocyklistů, příp. cyklistů)",řidičem motorového vozidla,"ve dne, viditelnost nezhoršená vlivem povětrnostních podmínek",žádné z uvedenýc,řidič,dobrý -žádné nepříznivé okolnosti nebyly zjiště,den,,1,4013,1,4013,1,4013,1,46,,1946,1,46,2023,0,0,1,0,0,2,12,1,1230,7,-1160116,-597317,60223000966,2023/07/17 00:00:00+00,22000,2000,ff0325d9-ace6-4fb8-a58e-ae40b1652267
-598182,-1160414,17,Brno-střed,ne,nesprávný způsob jízdy,srážka s jedoucím nekolejovým vozidlem,nehoda s následky na životě nebo zdraví,řidič se plně nevěnoval řízení vozidla,"povrch suchý, neznečistěný",neztížené,dobré,žádné nebo žádné z uvedených,komunikace místní,,nezjištěno/žádné,jízdní kolo,Brno-střed,žena,Ne,středa,červenec,Město Brno,,,,,,,,lehké zranění,"bez přilby (pouze u motocyklistů, příp. cyklistů)",řidičem nemotorového vozidla,"v noci - s veřejným osvětlením, viditelnost nezhoršená vlivem povětrnostních podmínek",žádné z uvedenýc,řidič,dobrý -žádné nepříznivé okolnosti nebyly zjiště,noc,,1,4014,1,4014,1,4014,3,20,,1920,1,20,2023,0,0,1,0,0,1,1,1,116,7,-1160414,-598182,60223000976,2023/07/19 00:00:00+00,15000,15000,fd7cadba-d77d-45c1-8955-1564f0420fed
-597880,-1160529,18,Brno-střed,ne,nesprávný způsob jízdy,srážka s pevnou překážkou,nehoda s následky na životě nebo zdraví,řidič se plně nevěnoval řízení vozidla,"povrch suchý, neznečistěný",neztížené,dobré,žádné nebo žádné z uvedených,komunikace místní,,elektro,koloběžka,Brno-střed,chlapec (do 15 let),Ne,čtvrtek,červenec,Město Brno,,,,,,,,lehké zranění,"bez přilby (pouze u motocyklistů, příp. cyklistů)",řidičem nemotorového vozidla,"ve dne, viditelnost nezhoršená vlivem povětrnostních podmínek",na chodníku nebo ostrůvku,řidič,dobrý -žádné nepříznivé okolnosti nebyly zjiště,den,,1,4016,1,4016,1,4016,4,14,,2014,3,14,2023,0,0,1,0,0,1,18,1,1840,7,-1160529,-597880,60223000987,2023/07/20 00:00:00+00,0,0,fd7c7b34-cd7a-49a6-a275-da3fb99b80c6
-599224,-1161754,19,Brno-střed,nezjišťováno,nezaviněno řidičem,srážka s chodcem,nehoda s následky na životě nebo zdraví,nezaviněná řidičem,"povrch suchý, neznečistěný",neztížené,dobré,žádné nebo žádné z uvedených,komunikace místní,,nezjištěno/žádné,jízdní kolo,Brno-střed,muž,Nezjišťován,čtvrtek,srpen,Štýřice,,,,,,,,lehké zranění,"s přilbou (pouze u motocyklistů, příp. cyklistů)",chodcem,"v noci - s veřejným osvětlením, viditelnost nezhoršená vlivem povětrnostních podmínek",na jízdním pruhu,řidič,dobrý -žádné nepříznivé okolnosti nebyly zjiště,den,,1,4034,1,4034,1,4034,4,30,,1930,1,30,2023,0,0,1,0,0,2,20,1,2055,8,-1161754,-599224,60223001114,2023/08/17 00:00:00+00,1000,1000,e9484e60-c781-4bfb-8a62-5959ae6ea3e8
-597887,-1160248,20,Brno-střed,ne,nesprávný způsob jízdy,havárie,nehoda s následky na životě nebo zdraví,řidič se plně nevěnoval řízení vozidla,"povrch suchý, neznečistěný",neztížené,dobré,žádné nebo žádné z uvedených,komunikace místní,,nezjištěno/žádné,jízdní kolo,Brno-střed,muž,Ne,středa,srpen,Zábrdovice,,,,,,,,lehké zranění,"s přilbou (pouze u motocyklistů, příp. cyklistů)",řidičem nemotorového vozidla,"v noci - s veřejným osvětlením, viditelnost nezhoršená vlivem povětrnostních podmínek",na jízdním pruhu,řidič,dobrý -žádné nepříznivé okolnosti nebyly zjiště,den,,1,4038,1,4038,1,4038,3,18,,2018,1,18,2023,0,0,1,0,0,1,20,1,2000,8,-1160248,-597887,60223001143,2023/08/23 00:00:00+00,0,0,07195a51-ee2e-4d24-9898-6b2e299abf35
-598866,-1161351,21,Brno-střed,ne,nesprávný způsob jízdy,srážka s jedoucím nekolejovým vozidlem,nehoda s následky na životě nebo zdraví,řidič se plně nevěnoval řízení vozidla,"povrch suchý, neznečistěný",neztížené,dobré,žádné nebo žádné z uvedených,komunikace místní,,nezjištěno/žádné,jízdní kolo,Brno-střed,muž,Ne,čtvrtek,září,Staré Brno,,,,,,,,lehké zranění,"s přilbou (pouze u motocyklistů, příp. cyklistů)",řidičem motorového vozidla,"ve dne, viditelnost nezhoršená vlivem povětrnostních podmínek",na jízdním pruhu,řidič,dobrý -žádné nepříznivé okolnosti nebyly zjiště,den,,1,4042,1,4042,1,4042,4,25,,1925,3,25,2023,0,0,1,0,0,2,11,1,1141,9,-1161351,-598866,60223001215,2023/09/07 00:00:00+00,30000,20000,001c4ddb-2916-46f9-a0f7-a4255d4fe113
-599248,-1161451,22,Brno-střed,ne,nesprávný způsob jízdy,srážka s jedoucím nekolejovým vozidlem,nehoda s následky na životě nebo zdraví,"náhlé bezdůvodné snížení rychlosti jízdy, zabrzdění nebo zastavení","povrch suchý, neznečistěný",neztížené,dobré,žádné nebo žádné z uvedených,komunikace místní,,elektro,jízdní kolo,Brno-střed,muž,Ne,pátek,září,Staré Brno,,,,,,,,lehké zranění,"bez přilby (pouze u motocyklistů, příp. cyklistů)",řidičem motorového vozidla,"v noci - s veřejným osvětlením, viditelnost nezhoršená vlivem povětrnostních podmínek",na jízdním pruhu,řidič,dobrý -žádné nepříznivé okolnosti nebyly zjiště,den,,1,4045,1,4045,1,4045,5,77,,1977,1,77,2023,0,0,1,0,0,2,19,1,1909,9,-1161451,-599248,60223001227,2023/09/08 00:00:00+00,21000,20000,81728fe2-f70d-4659-8987-32812cb234e8
-597285,-1160130,23,Brno-střed,ne,nedání přenosti v jízdě,srážka s jedoucím nekolejovým vozidlem,nehoda s následky na životě nebo zdraví,proti příkazu dopravní značky DEJ PŘEDNOST,"povrch suchý, neznečistěný",neztížené,dobré,žádné nebo žádné z uvedených,komunikace místní,,nezjištěno/žádné,jízdní kolo,Brno-střed,muž,Ne,čtvrtek,září,Zábrdovice,,,,,,,,lehké zranění,"s přilbou (pouze u motocyklistů, příp. cyklistů)",řidičem motorového vozidla,"ve dne, viditelnost nezhoršená vlivem povětrnostních podmínek",na jízdním pruhu,řidič,dobrý -žádné nepříznivé okolnosti nebyly zjiště,den,,1,4053,1,4053,1,4053,4,43,,1943,1,43,2023,0,0,1,0,0,2,8,1,845,9,-1160130,-597285,60223001286,2023/09/21 00:00:00+00,4000,2000,8bf8edd5-1436-4d19-a193-9f5e3336006e
-597767,-1160743,24,Brno-střed,ano,nesprávný způsob jízdy,srážka s jedoucím nekolejovým vozidlem,nehoda s následky na životě nebo zdraví,nedodržení bezpečné vzdálenosti za vozidlem,"povrch suchý, neznečistěný",neztížené,dobré,žádné nebo žádné z uvedených,komunikace místní,,elektro,koloběžka,Brno-střed,muž,"Ano, obsah alkoholu v krvi od 0,5‰ do 0,8‰",pátek,říjen,Město Brno,,,,,,,,lehké zranění,"bez přilby (pouze u motocyklistů, příp. cyklistů)",řidičem nemotorového vozidla,"ve dne, viditelnost nezhoršená vlivem povětrnostních podmínek",na jízdním pruhu,řidič,"pod vlivem alkoholu, obsah alkoholu v krvi do 0,99 ‰",den,,1,4063,1,4063,1,4063,5,28,,1928,3,28,2023,0,0,1,0,0,1,10,1,1035,10,-1160743,-597767,60223001431,2023/10/20 00:00:00+00,80000,80000,3d539280-de7b-46b7-b826-642d44d5a201
-597287.765000001,-1162146.794,25,Brno-jih,nezjišťováno,nesprávný způsob jízdy,srážka s jedoucím nekolejovým vozidlem,nehoda pouze s hmotnou škodou,řidič se plně nevěnoval řízení vozidla,"povrch suchý, neznečistěný",neztížené,dobré,"výjezd z parkoviště, lesní cesty apod. (pol.36=7,8)",komunikace sledovaná (ve vybraných městech),,,jízdní kolo,Brno-jih,,Nezjišťován,úterý,duben,Trnitá,,,,,,,,,,řidičem nemotorového vozidla,"ve dne, viditelnost nezhoršená vlivem povětrnostních podmínek",na chodníku nebo ostrůvku,,,den,,0,70780,1,70780,1,70780,2,,,,1,,2010,0,0,0,0,0,1,14,,1410,4,-1162146.794,-597287.765,60206100676,2010/04/27 00:00:00+00,30000,0,c8809c10-d0b6-4e05-a7fa-8eee6002a9d5
-598160.447000001,-1160617.744,26,Brno-střed,nezjišťováno,nedání přenosti v jízdě,srážka s jedoucím nekolejovým vozidlem,nehoda s následky na životě nebo zdraví,při odbočování vlevo,"povrch suchý, neznečistěný",neztížené,dobré,žádné nebo žádné z uvedených,komunikace sledovaná (ve vybraných městech),,,jízdní kolo,Brno-střed,muž,Nezjišťován,středa,duben,Město Brno,,,,,,,,lehké zranění,"bez přilby (pouze u motocyklistů, příp. cyklistů)",řidičem motorového vozidla,"ve dne, viditelnost nezhoršená vlivem povětrnostních podmínek",na jízdním pruhu,řidič,dobrý -žádné nepříznivé okolnosti nebyly zjiště,den,,1,70782,1,70782,1,70782,3,26,1,1984,1,84,2010,0,0,1,0,0,2,18,1,1810,4,-1160617.744,-598160.447,60206100686,2010/04/28 00:00:00+00,2000,1000,7bce6068-0f6e-4628-84cb-4b4719b80890
-597453.473999999,-1161671.098,27,Brno-střed,ne,nedání přenosti v jízdě,srážka s jedoucím nekolejovým vozidlem,nehoda s následky na životě nebo zdraví,proti příkazu dopravní značky DEJ PŘEDNOST,"povrch suchý, neznečistěný",neztížené,dobré,přechod pro chodce,uzel (křižovatka sledovaná ve vybraných městech),,,jízdní kolo,Brno-střed,muž,Ne,sobota,květen,Trnitá,,,,,,,,lehké zranění,"s přilbou (pouze u motocyklistů, příp. cyklistů)",řidičem motorového vozidla,"ve dne, viditelnost nezhoršená vlivem povětrnostních podmínek",na jízdním pruhu,řidič,dobrý -žádné nepříznivé okolnosti nebyly zjiště,den,,1,70790,1,70790,1,70790,6,48,1,1962,1,62,2010,0,0,1,0,0,2,13,1,1303,5,-1161671.098,-597453.474,60206100845,2010/05/22 00:00:00+00,100000,10000,34b09f31-8cbe-4453-b83e-436b171b8c82
-599212.344000001,-1161787.424,28,Brno-střed,ne,nesprávný způsob jízdy,srážka s jedoucím nekolejovým vozidlem,nehoda s následky na životě nebo zdraví,řidič se plně nevěnoval řízení vozidla,"povrch suchý, neznečistěný",neztížené,dobré,žádné nebo žádné z uvedených,komunikace sledovaná (ve vybraných městech),,,jízdní kolo,Brno-střed,muž,Ne,pátek,červen,Štýřice,,,,,,,,lehké zranění,"bez přilby (pouze u motocyklistů, příp. cyklistů)",řidičem motorového vozidla,"ve dne, viditelnost nezhoršená vlivem povětrnostních podmínek",na jízdním pruhu,řidič,dobrý -žádné nepříznivé okolnosti nebyly zjiště,den,,1,70795,1,70795,1,70795,5,57,1,1953,1,53,2010,0,0,1,0,0,2,14,1,1430,6,-1161787.424,-599212.344,60206100932,2010/06/04 00:00:00+00,1000,0,fa55f767-6171-4324-8cb0-aed70603113a
-597616.311999999,-1160385.926,29,Brno-střed,ne,nesprávný způsob jízdy,srážka s jedoucím nekolejovým vozidlem,nehoda s následky na životě nebo zdraví,jiný druh nesprávného způsobu jízdy,"povrch suchý, neznečistěný",neztížené,dobré,žádné nebo žádné z uvedených,komunikace sledovaná (ve vybraných městech),,,jízdní kolo,Brno-střed,muž,Ne,čtvrtek,červen,Zábrdovice,,,,,,,,lehké zranění,"bez přilby (pouze u motocyklistů, příp. cyklistů)",řidičem nemotorového vozidla,"ve dne, viditelnost nezhoršená vlivem povětrnostních podmínek",na chodníku nebo ostrůvku,řidič,dobrý -žádné nepříznivé okolnosti nebyly zjiště,den,,1,70800,1,70800,1,70800,4,59,1,1951,1,51,2010,0,0,1,0,0,1,15,1,1525,6,-1160385.926,-597616.312,60206101034,2010/06/17 00:00:00+00,11000,10000,277a8caa-1e00-43bf-9044-12d449370670
-599257.407000002,-1161402.313,30,Brno-střed,nezjišťováno,nesprávé předjíždění,jiný druh nehody,nehoda s následky na životě nebo zdraví,"při předjíždění došlo k ohrožení předjížděného řidiče vozidla (vynucované zařazení, předjížděný řidič musel prudce brzdit, měnit směr jízdy apod.)","povrch suchý, neznečistěný",neztížené,dobré,"výjezd z parkoviště, lesní cesty apod. (pol.36=7,8)",komunikace sledovaná (ve vybraných městech),,,jízdní kolo,Brno-střed,muž,Nezjišťován,čtvrtek,červenec,Staré Brno,,,,,,,,lehké zranění,"bez přilby (pouze u motocyklistů, příp. cyklistů)",řidičem motorového vozidla,"ve dne, viditelnost nezhoršená vlivem povětrnostních podmínek",na jízdním pruhu,řidič,dobrý -žádné nepříznivé okolnosti nebyly zjiště,den,,1,70807,1,70807,1,70807,4,37,1,1973,1,73,2010,0,0,1,0,0,2,8,1,815,7,-1161402.313,-599257.407,60206101238,2010/07/22 00:00:00+00,1000,1000,a841e150-8c3b-4af8-a9d2-cae60e4a988c