X,Y,objectid_1,zuj,alkohol_vinik,hlavni_pricina,srazka,nasledky,pricina,stav_vozovky,povetrnostni_podm,rozhled,misto_nehody,druh_komun,pneumatiky,druh_pohonu,druh_vozidla,mestska_cast,pohlavi,alkohol,den_v_tydnu,mesic_t,katastr,chovani_chodce,stav_chodce,drogy_chodec,alkohol_chodec,osobni_prepravnik,reflexni_prvky,kategorie_chodce,nasledek,ozn_osoba,zavineni,viditelnost,situovani,osoba,stav_ridic,doba,smrt_po,lz,target_fid_1,join_count_1,objectid,join_count,target_fid,den,vek,smrt_dny,rok_nar,p48a,p59d,rok,tz,smrt,lehce_zran_os,tezce_zran_os,usmrceno_os,id_vozidla,hodina,ovlivneni_ridice,cas,mesic,e,d,id_nehody,datum,hmotna_skoda_1,skoda_vozidlo,globalid
-597960.726,-1160254.793,31,Brno-střed,ano,nesprávný způsob jízdy,srážka s jedoucím nekolejovým vozidlem,nehoda s následky na životě nebo zdraví,řidič se plně nevěnoval řízení vozidla,povrch mokrý,déšť,dobré,v blízkosti přechodu pro chodce (do vzdálenosti 20 m),uzel (křižovatka sledovaná ve vybraných městech),,,jízdní kolo,Brno-střed,muž,"Ano, obsah alkoholu v krvi od 0,24‰ do 0,5‰",sobota,červenec,Černá Pole,,,,,,,,lehké zranění,"bez přilby (pouze u motocyklistů, příp. cyklistů)",řidičem nemotorového vozidla,"v noci - s veřejným osvětlením, viditelnost nezhoršená vlivem povětrnostních podmínek",na jízdním pruhu,řidič,pod vlivem alkoholu obsah alkoholu v krvi 1 ‰ a víc,noc,,1,70809,1,70809,1,70809,6,34,1,1976,1,76,2010,0,0,1,0,0,1,22,1,2220,7,-1160254.793,-597960.726,60206101265,2010/07/24 00:00:00+00,41000,40000,d741a57d-9617-42db-bd1d-85982aadd2d7
-599174.557999998,-1160043.139,32,Brno-střed,ne,nesprávé předjíždění,srážka s jedoucím nekolejovým vozidlem,nehoda s následky na životě nebo zdraví,"při předjíždění došlo k ohrožení předjížděného řidiče vozidla (vynucované zařazení, předjížděný řidič musel prudce brzdit, měnit směr jízdy apod.)","povrch suchý, neznečistěný",neztížené,dobré,žádné nebo žádné z uvedených,komunikace sledovaná (ve vybraných městech),,,jízdní kolo,Brno-střed,žena,Ne,úterý,srpen,Veveří,,,,,,,,lehké zranění,"s přilbou (pouze u motocyklistů, příp. cyklistů)",řidičem motorového vozidla,"ve dne, viditelnost nezhoršená vlivem povětrnostních podmínek",na jízdním pruhu,řidič,dobrý -žádné nepříznivé okolnosti nebyly zjiště,den,,1,70821,1,70821,1,70821,2,28,1,1982,1,82,2010,0,0,1,0,0,2,16,1,1657,8,-1160043.139,-599174.558,60206101474,2010/08/24 00:00:00+00,1000,1000,646ae7a6-4338-4a62-808c-b7389ad4b338
-597693.493000001,-1160447.66,33,Brno-střed,nezjišťováno,nedání přenosti v jízdě,srážka s chodcem,nehoda s následky na životě nebo zdraví,chodci na vyznačeném přechodu,"povrch suchý, neznečistěný",neztížené,dobré,přechod pro chodce,uzel (křižovatka sledovaná ve vybraných městech),,,jízdní kolo,Brno-střed,muž,Nezjišťován,pondělí,září,Zábrdovice,,,,,,,,bez zraněn,"bez přilby (pouze u motocyklistů, příp. cyklistů)",řidičem nemotorového vozidla,"ve dne, viditelnost nezhoršená vlivem povětrnostních podmínek",žádné z uvedenýc,řidič,dobrý -žádné nepříznivé okolnosti nebyly zjiště,den,,0,70826,1,70826,1,70826,1,37,1,1973,1,73,2010,0,0,1,0,0,1,18,1,1800,9,-1160447.66,-597693.493,60206101556,2010/09/06 00:00:00+00,2000,0,87b71ee7-ae4e-4afc-8184-86de4664a3c4
-597566.096000001,-1160575.785,34,Brno-střed,ne,nesprávný způsob jízdy,"srážka s vozidlem zaparkovaným, odstaveným",nehoda pouze s hmotnou škodou,řidič se plně nevěnoval řízení vozidla,povrch mokrý,neztížené,dobré,žádné nebo žádné z uvedených,komunikace místní,,,jízdní kolo,Brno-střed,chlapec (do 15 let),Ne,pondělí,září,Zábrdovice,,,,,,,,bez zraněn,"bez přilby (pouze u motocyklistů, příp. cyklistů)",řidičem nemotorového vozidla,"v noci - s veřejným osvětlením, viditelnost nezhoršená vlivem povětrnostních podmínek",na jízdním pruhu,řidič,dobrý -žádné nepříznivé okolnosti nebyly zjiště,noc,,0,70829,1,70829,1,70829,1,13,1,1997,1,97,2010,0,0,0,0,0,1,21,1,2105,9,-1160575.785,-597566.096,60206101675,2010/09/27 00:00:00+00,11000,1000,576e0df9-8579-4366-b1b8-7d5a07bc8f9f
-599824.958000001,-1161799.914,35,Brno-střed,ne,nesprávný způsob jízdy,havárie,nehoda s následky na životě nebo zdraví,řidič se plně nevěnoval řízení vozidla,"povrch suchý, neznečistěný",neztížené,dobré,žádné nebo žádné z uvedených,komunikace místní,,,jízdní kolo,Brno-střed,muž,Ne,čtvrtek,květen,Štýřice,,,,,,,,lehké zranění,"bez přilby (pouze u motocyklistů, příp. cyklistů)",řidičem nemotorového vozidla,"ve dne, viditelnost nezhoršená vlivem povětrnostních podmínek",na jízdním pruhu,řidič,dobrý -žádné nepříznivé okolnosti nebyly zjiště,den,,1,70853,1,70853,1,70853,4,28,1,1983,1,83,2011,0,0,1,0,0,1,15,1,1525,5,-1161799.914,-599824.958,60206110764,2011/05/05 00:00:00+00,1000,1000,f8caf51c-5360-4c91-a1c1-07e2af2d8b2a
-598602.837000001,-1161033.731,36,Brno-střed,ano,nepřiměřená rychlost jízdy,havárie,nehoda s následky na životě nebo zdraví,nepřizpůsobení rychlosti vlastnostem vozidla a nákladu,"povrch suchý, neznečistěný",neztížené,dobré,přechod pro chodce,komunikace sledovaná (ve vybraných městech),,,jízdní kolo,Brno-střed,muž,"Ano, obsah alkoholu v krvi 1,5‰ a více",úterý,květen,Staré Brno,,,,,,,,těžké zranění,"bez přilby (pouze u motocyklistů, příp. cyklistů)",řidičem nemotorového vozidla,"ve dne, viditelnost nezhoršená vlivem povětrnostních podmínek",na kolejích tramvaje,řidič,pod vlivem alkoholu obsah alkoholu v krvi 1 ‰ a víc,den,,0,70860,1,70860,1,70860,2,38,1,1973,1,73,2011,1,0,0,1,0,1,19,1,1940,5,-1161033.731,-598602.837,60206110913,2011/05/24 00:00:00+00,2000,2000,234048e4-0011-4173-acdd-2e1988c264c7
-598946.710999999,-1161683.496,37,Brno-střed,ano,nezaviněno řidičem,jiný druh nehody,nehoda s následky na životě nebo zdraví,nezaviněná řidičem,"povrch suchý, neznečistěný",neztížené,dobré,žádné nebo žádné z uvedených,komunikace účelová - polní a lesní cesty atd.,,,jízdní kolo,Brno-střed,muž,"Ano, obsah alkoholu v krvi 1,5‰ a více",pondělí,květen,Staré Brno,,,,,,,,lehké zranění,"s přilbou (pouze u motocyklistů, příp. cyklistů)",chodcem,"ve dne, viditelnost nezhoršená vlivem povětrnostních podmínek",na stezce pro cyklisty,řidič,dobrý -žádné nepříznivé okolnosti nebyly zjiště,den,,1,70862,1,70862,1,70862,1,44,1,1967,1,67,2011,0,0,1,0,0,1,16,1,1600,5,-1161683.496,-598946.711,60206110951,2011/05/30 00:00:00+00,2000,2000,c28b0eae-9a24-44bb-b8a7-1252ffbc2ef4
-597614.715,-1160623.906,38,Brno-střed,ne,nesprávný způsob jízdy,jiný druh nehody,nehoda s následky na životě nebo zdraví,jiný druh nesprávného způsobu jízdy,"povrch suchý, neznečistěný",neztížené,dobré,přechod pro chodce,komunikace sledovaná (ve vybraných městech),,,jízdní kolo,Brno-střed,muž,Ne,čtvrtek,červen,Zábrdovice,,,,,,,,lehké zranění,"s přilbou (pouze u motocyklistů, příp. cyklistů)",řidičem motorového vozidla,"ve dne, viditelnost nezhoršená vlivem povětrnostních podmínek",na jízdním pruhu,řidič,dobrý -žádné nepříznivé okolnosti nebyly zjiště,den,,1,70873,1,70873,1,70873,4,35,1,1976,1,76,2011,0,0,1,0,0,2,7,1,730,6,-1160623.906,-597614.715,60206111157,2011/06/30 00:00:00+00,30000,20000,2c49aee5-8766-471f-90d3-d5f3d047f1df
-600060.261999998,-1161114.43,39,Brno-střed,ne,nedání přenosti v jízdě,srážka s jedoucím nekolejovým vozidlem,nehoda s následky na životě nebo zdraví,proti příkazu dopravní značky DEJ PŘEDNOST,"povrch suchý, neznečistěný",neztížené,dobré,žádné nebo žádné z uvedených,komunikace sledovaná (ve vybraných městech),,,jízdní kolo,Brno-střed,muž,Ne,čtvrtek,červen,Staré Brno,,,,,,,,lehké zranění,"bez přilby (pouze u motocyklistů, příp. cyklistů)",řidičem nemotorového vozidla,"ve dne, viditelnost nezhoršená vlivem povětrnostních podmínek",žádné z uvedenýc,řidič,dobrý -žádné nepříznivé okolnosti nebyly zjiště,den,,1,70874,1,70874,1,70874,4,20,1,1991,1,91,2011,0,0,1,0,0,1,18,1,1840,6,-1161114.43,-600060.262,60206111164,2011/06/30 00:00:00+00,51000,1000,0a57147f-f74f-4100-95a9-9db69a170a6b
-598376.877999999,-1161396.321,40,Brno-střed,ne,nesprávný způsob jízdy,srážka s jedoucím nekolejovým vozidlem,nehoda s následky na životě nebo zdraví,řidič se plně nevěnoval řízení vozidla,"povrch suchý, neznečistěný",neztížené,dobré,žádné nebo žádné z uvedených,komunikace sledovaná (ve vybraných městech),,,jízdní kolo,Brno-střed,muž,Ne,pátek,červenec,Staré Brno,,,,,,,,těžké zranění,"bez přilby (pouze u motocyklistů, příp. cyklistů)",řidičem nemotorového vozidla,"ve dne, viditelnost nezhoršená vlivem povětrnostních podmínek",na kolejích tramvaje,řidič,dobrý -žádné nepříznivé okolnosti nebyly zjiště,den,,0,70887,1,70887,1,70887,5,65,1,1946,1,46,2011,1,0,0,1,0,1,13,1,1315,7,-1161396.321,-598376.878,60206111295,2011/07/22 00:00:00+00,10000,5000,c9d4578f-d2e2-49b0-aace-660cf8ffe192
-597865.776999999,-1161177.071,41,Brno-střed,ne,nesprávný způsob jízdy,srážka s jedoucím nekolejovým vozidlem,nehoda s následky na životě nebo zdraví,řidič se plně nevěnoval řízení vozidla,"povrch suchý, neznečistěný",neztížené,dobré,žádné nebo žádné z uvedených,komunikace sledovaná (ve vybraných městech),,,jízdní kolo,Brno-střed,muž,Ne,pondělí,září,Město Brno,,,,,,,,lehké zranění,"s přilbou (pouze u motocyklistů, příp. cyklistů)",řidičem nemotorového vozidla,"ve dne, viditelnost nezhoršená vlivem povětrnostních podmínek",na jízdním pruhu,řidič,dobrý -žádné nepříznivé okolnosti nebyly zjiště,den,,1,70905,1,70905,1,70905,1,31,1,1980,1,80,2011,0,0,1,0,0,1,15,1,1550,9,-1161177.071,-597865.777,60206111570,2011/09/05 00:00:00+00,10000,0,a66eb044-eebc-4925-85e2-a8a12930d79b
-597805.145,-1161704.908,42,Brno-střed,ano,nesprávný způsob jízdy,havárie,nehoda s následky na životě nebo zdraví,nezvládnutí řízení vozidla,"povrch suchý, neznečistěný",neztížené,dobré,v blízkosti přechodu pro chodce (do vzdálenosti 20 m),uzel (křižovatka sledovaná ve vybraných městech),,,jízdní kolo,Brno-střed,muž,"Ano, obsah alkoholu v krvi od 1,0‰ do 1,5‰",čtvrtek,září,Trnitá,,,,,,,,lehké zranění,"bez přilby (pouze u motocyklistů, příp. cyklistů)",řidičem nemotorového vozidla,"ve dne, viditelnost nezhoršená vlivem povětrnostních podmínek",na chodníku nebo ostrůvku,řidič,pod vlivem alkoholu obsah alkoholu v krvi 1 ‰ a víc,den,,1,70908,1,70908,1,70908,4,23,1,1988,1,88,2011,0,0,1,0,0,1,18,1,1840,9,-1161704.908,-597805.145,60206111643,2011/09/15 00:00:00+00,5000,5000,aa919403-4c5e-4177-92eb-9410be67cafd
-599126.298,-1161573.732,43,Brno-střed,ne,nesprávný způsob jízdy,srážka s jedoucím nekolejovým vozidlem,nehoda s následky na životě nebo zdraví,jiný druh nesprávného způsobu jízdy,"povrch suchý, neznečistěný",neztížené,dobré,přechod pro chodce,komunikace sledovaná (ve vybraných městech),,,jízdní kolo,Brno-střed,chlapec (do 15 let),Ne,pátek,září,Staré Brno,,,,,,,,lehké zranění,"s přilbou (pouze u motocyklistů, příp. cyklistů)",řidičem nemotorového vozidla,"ve dne, viditelnost nezhoršená vlivem povětrnostních podmínek",na jízdním pruhu,řidič,dobrý -žádné nepříznivé okolnosti nebyly zjiště,den,,1,70917,1,70917,1,70917,5,9,1,2002,1,2,2011,0,0,1,0,0,1,15,1,1530,9,-1161573.732,-599126.298,60206111765,2011/09/30 00:00:00+00,1500,1000,53486f17-153f-4b2a-b1fa-fe875f2d1f95
-598001.057,-1161220.675,44,Brno-střed,ne,nepřiměřená rychlost jízdy,havárie,nehoda s následky na životě nebo zdraví,"nepřizpůsobení rychlosti stavu vozovky (náledí, výtluky, bláto, mokrý povrch apod.)",povrch mokrý,déšť,dobré,v blízkosti přechodu pro chodce (do vzdálenosti 20 m),komunikace místní,,,jízdní kolo,Brno-střed,žena,Ne,středa,říjen,Město Brno,,,,,,,,lehké zranění,"s přilbou (pouze u motocyklistů, příp. cyklistů)",řidičem nemotorového vozidla,"ve dne, viditelnost nezhoršená vlivem povětrnostních podmínek",na jízdním pruhu,řidič,dobrý -žádné nepříznivé okolnosti nebyly zjiště,den,,1,70922,1,70922,1,70922,3,28,1,1983,1,83,2011,0,0,1,0,0,1,14,1,1410,10,-1161220.675,-598001.057,60206111871,2011/10/12 00:00:00+00,0,0,cf1da1af-0085-4404-87b5-f489d7046bc7
-598141.631000001,-1160757.929,45,Brno-střed,ano,nesprávný způsob jízdy,srážka s jedoucím nekolejovým vozidlem,nehoda pouze s hmotnou škodou,řidič se plně nevěnoval řízení vozidla,"povrch suchý, neznečistěný",neztížené,dobré,žádné nebo žádné z uvedených,komunikace místní,,,jízdní kolo,Brno-střed,muž,"Ano, obsah alkoholu v krvi od 1,0‰ do 1,5‰",pátek,listopad,Město Brno,,,,,,,,bez zraněn,"bez přilby (pouze u motocyklistů, příp. cyklistů)",řidičem nemotorového vozidla,"v noci - s veřejným osvětlením, viditelnost nezhoršená vlivem povětrnostních podmínek",žádné z uvedenýc,řidič,pod vlivem alkoholu obsah alkoholu v krvi 1 ‰ a víc,noc,,0,70924,1,70924,1,70924,5,22,1,1989,1,89,2011,0,0,0,0,0,1,23,1,2325,11,-1160757.929,-598141.631,60206112157,2011/11/18 00:00:00+00,5000,5000,0d266f56-ac35-418d-9b61-510152319dbd
-599182.555,-1160280.598,46,Brno-střed,ne,nesprávný způsob jízdy,jiný druh nehody,nehoda s následky na životě nebo zdraví,řidič se plně nevěnoval řízení vozidla,"povrch suchý, neznečistěný",neztížené,dobré,žádné nebo žádné z uvedených,komunikace sledovaná (ve vybraných městech),,,jízdní kolo,Brno-střed,muž,Ne,čtvrtek,květen,Veveří,,,,,,,,lehké zranění,"bez přilby (pouze u motocyklistů, příp. cyklistů)",řidičem nemotorového vozidla,"ve dne, viditelnost nezhoršená vlivem povětrnostních podmínek",na jízdním pruhu,řidič,dobrý -žádné nepříznivé okolnosti nebyly zjiště,den,,1,70957,1,70957,1,70957,4,32,1,1980,1,80,2012,0,0,1,0,0,1,17,1,1740,5,-1160280.598,-599182.555,60206120909,2012/05/24 00:00:00+00,0,0,58c4ed0b-ba6d-499b-9d33-679b4b046c8f
-598196.440000001,-1160230.316,47,Brno-střed,ne,nepřiměřená rychlost jízdy,havárie,nehoda s následky na životě nebo zdraví,nepřizpůsobení rychlosti vlastnostem vozidla a nákladu,"povrch suchý, neznečistěný",neztížené,dobré,žádné nebo žádné z uvedených,komunikace sledovaná (ve vybraných městech),,,jízdní kolo,Brno-střed,muž,Ne,pondělí,červen,Město Brno,,,,,,,,lehké zranění,"s přilbou (pouze u motocyklistů, příp. cyklistů)",řidičem nemotorového vozidla,"ve dne, viditelnost nezhoršená vlivem povětrnostních podmínek",na jízdním pruhu,řidič,dobrý -žádné nepříznivé okolnosti nebyly zjiště,noc,,1,70968,1,70968,1,70968,1,32,1,1980,1,80,2012,0,0,1,0,0,1,5,1,530,6,-1160230.316,-598196.44,60206121133,2012/06/25 00:00:00+00,0,0,a79d3e05-4b9d-4b31-9d09-ab747356b4ec
-597978.909000002,-1161258.377,48,Brno-střed,ne,nezaviněno řidičem,jiný druh nehody,nehoda s následky na životě nebo zdraví,nezaviněná řidičem,"povrch suchý, neznečistěný",neztížené,dobré,žádné nebo žádné z uvedených,komunikace sledovaná (ve vybraných městech),,,jízdní kolo,Brno-střed,muž,Ne,pondělí,červen,Město Brno,,,,,,,,lehké zranění,"bez přilby (pouze u motocyklistů, příp. cyklistů)",jiným účastníkem silničního provozu,"ve dne, viditelnost nezhoršená vlivem povětrnostních podmínek",na jízdním pruhu,řidič,dobrý -žádné nepříznivé okolnosti nebyly zjiště,den,,1,70969,1,70969,1,70969,1,67,1,1945,1,45,2012,0,0,1,0,0,2,13,1,1325,6,-1161258.377,-597978.909,60206121136,2012/06/25 00:00:00+00,2000,1000,210762e8-cb0c-4ff8-a31c-9164aa1e73fb
-600307.041000001,-1161790.566,49,Brno-střed,ne,nesprávný způsob jízdy,srážka s jedoucím nekolejovým vozidlem,nehoda s následky na životě nebo zdraví,jiný druh nesprávného způsobu jízdy,"povrch suchý, neznečistěný",neztížené,"špatné - vlivem okolní zástavby (budovy, plné zábradlí apod.)","výjezd z parkoviště, lesní cesty apod. (pol.36=7,8)","komunikace účelová - ostatní (parkoviště, odpočívky apod.",,,jízdní kolo,Brno-střed,žena,Ne,středa,červen,Pisárky,,,,,,,,lehké zranění,"s přilbou (pouze u motocyklistů, příp. cyklistů)",řidičem motorového vozidla,"ve dne, viditelnost nezhoršená vlivem povětrnostních podmínek",na chodníku nebo ostrůvku,řidič,dobrý -žádné nepříznivé okolnosti nebyly zjiště,den,,1,70973,1,70973,1,70973,3,47,1,1965,1,65,2012,0,0,1,0,0,2,8,1,808,6,-1161790.566,-600307.041,60206121152,2012/06/27 00:00:00+00,3500,1000,5c793fd4-1a3f-4729-8ca3-ba52e30c0052
-599095.645,-1161050.737,50,Brno-střed,ne,nesprávný způsob jízdy,srážka s jedoucím nekolejovým vozidlem,nehoda s následky na životě nebo zdraví,řidič se plně nevěnoval řízení vozidla,"povrch suchý, neznečistěný",neztížené,dobré,žádné nebo žádné z uvedených,uzel (křižovatka sledovaná ve vybraných městech),,,jízdní kolo,Brno-střed,muž,Ne,sobota,červenec,Staré Brno,,,,,,,,lehké zranění,"bez přilby (pouze u motocyklistů, příp. cyklistů)",řidičem motorového vozidla,"ve dne, viditelnost nezhoršená vlivem povětrnostních podmínek",na jízdním pruhu,řidič,dobrý -žádné nepříznivé okolnosti nebyly zjiště,den,,1,70978,1,70978,1,70978,6,36,1,1976,1,76,2012,0,0,1,0,0,2,18,1,1815,7,-1161050.737,-599095.645,60206121212,2012/07/07 00:00:00+00,2000,1000,6b5967fa-46fe-40b2-a8f2-092d2bdbb9f8
-598521.239,-1160224.179,51,Brno-střed,ano,nepřiměřená rychlost jízdy,havárie,nehoda s následky na životě nebo zdraví,nepřizpůsobení rychlosti vlastnostem vozidla a nákladu,"povrch suchý, neznečistěný",neztížené,dobré,žádné nebo žádné z uvedených,komunikace sledovaná (ve vybraných městech),,,jízdní kolo,Brno-střed,muž,"Ano, obsah alkoholu v krvi od 0,24‰ do 0,5‰",neděle,červenec,Veveří,,,,,,,,lehké zranění,"bez přilby (pouze u motocyklistů, příp. cyklistů)",řidičem nemotorového vozidla,"v noci - s veřejným osvětlením, viditelnost nezhoršená vlivem povětrnostních podmínek",na jízdním pruhu,řidič,"pod vlivem alkoholu, obsah alkoholu v krvi do 0,99 ‰",den,,1,70982,1,70982,1,70982,7,64,1,1948,1,48,2012,0,0,1,0,0,1,20,1,2015,7,-1160224.179,-598521.239,60206121263,2012/07/15 00:00:00+00,2000,2000,1f86baa7-e974-4e88-b13d-554fe14e34df
-597554.296999998,-1160681.584,52,Brno-střed,nezjišťováno,nedání přenosti v jízdě,srážka s jedoucím nekolejovým vozidlem,nehoda pouze s hmotnou škodou,proti příkazu dopravní značky DEJ PŘEDNOST,"povrch suchý, neznečistěný",neztížené,dobré,v blízkosti přechodu pro chodce (do vzdálenosti 20 m),komunikace sledovaná (ve vybraných městech),,,jízdní kolo,Brno-střed,muž,Nezjišťován,úterý,červenec,Zábrdovice,,,,,,,,bez zraněn,"bez přilby (pouze u motocyklistů, příp. cyklistů)",řidičem motorového vozidla,"ve dne, viditelnost nezhoršená vlivem povětrnostních podmínek",na jízdním pruhu,řidič,dobrý -žádné nepříznivé okolnosti nebyly zjiště,den,,0,70983,1,70983,1,70983,2,41,1,1971,1,71,2012,0,0,0,0,0,2,15,1,1545,7,-1160681.584,-597554.297,60206121274,2012/07/17 00:00:00+00,1000,0,98416bec-7613-4a58-bdb9-052b39790b3b
-599205.634,-1161636.426,53,Brno-střed,ne,nedání přenosti v jízdě,srážka s jedoucím nekolejovým vozidlem,nehoda s následky na životě nebo zdraví,při vjíždění na silnici,"povrch suchý, neznečistěný",neztížené,dobré,"výjezd z parkoviště, lesní cesty apod. (pol.36=7,8)",komunikace sledovaná (ve vybraných městech),,,jízdní kolo,Brno-střed,muž,Ne,úterý,červenec,Štýřice,,,,,,,,lehké zranění,"s přilbou (pouze u motocyklistů, příp. cyklistů)",řidičem nemotorového vozidla,"ve dne, viditelnost nezhoršená vlivem povětrnostních podmínek",na jízdním pruhu,řidič,dobrý -žádné nepříznivé okolnosti nebyly zjiště,den,,1,70989,1,70989,1,70989,2,25,1,1987,1,87,2012,0,0,2,0,0,1,12,1,1235,7,-1161636.426,-599205.634,60206121320,2012/07/24 00:00:00+00,20000,10000,3f26027a-b046-497e-998b-a54a81486972
-599205.634,-1161636.426,54,Brno-střed,ne,nedání přenosti v jízdě,srážka s jedoucím nekolejovým vozidlem,nehoda s následky na životě nebo zdraví,při vjíždění na silnici,"povrch suchý, neznečistěný",neztížené,dobré,"výjezd z parkoviště, lesní cesty apod. (pol.36=7,8)",komunikace sledovaná (ve vybraných městech),,,jízdní kolo,Brno-střed,žena,Ne,úterý,červenec,Štýřice,,,,,,,,lehké zranění,"s přilbou (pouze u motocyklistů, příp. cyklistů)",řidičem nemotorového vozidla,"ve dne, viditelnost nezhoršená vlivem povětrnostních podmínek",na jízdním pruhu,řidič,dobrý -žádné nepříznivé okolnosti nebyly zjiště,den,,1,70990,1,70990,1,70990,2,24,1,1988,1,88,2012,0,0,2,0,0,2,12,1,1235,7,-1161636.426,-599205.634,60206121320,2012/07/24 00:00:00+00,20000,10000,8218418c-441a-4a5b-9d85-378db09fc106
-597329.511,-1160121.117,55,Brno-sever,nezjišťováno,nesprávný způsob jízdy,srážka s jedoucím nekolejovým vozidlem,nehoda s následky na životě nebo zdraví,nesprávné otáčení nebo couvání,"povrch suchý, neznečistěný",neztížené,dobré,žádné nebo žádné z uvedených,komunikace sledovaná (ve vybraných městech),,,jízdní kolo,Brno-sever,muž,Nezjišťován,sobota,srpen,Zábrdovice,,,,,,,,lehké zranění,"s přilbou (pouze u motocyklistů, příp. cyklistů)",řidičem motorového vozidla,"ve dne, viditelnost nezhoršená vlivem povětrnostních podmínek",na jízdním pruhu,řidič,dobrý -žádné nepříznivé okolnosti nebyly zjiště,den,,1,71001,1,71001,1,71001,6,28,1,1984,1,84,2012,0,0,1,0,0,2,20,1,2020,8,-1160121.117,-597329.511,60206121393,2012/08/04 00:00:00+00,3000,0,18194386-a0ca-403d-ab8e-762437d06e19
-599087.412999999,-1160884.737,56,Brno-střed,ne,nedání přenosti v jízdě,srážka s jedoucím nekolejovým vozidlem,nehoda pouze s hmotnou škodou,při vjíždění na silnici,"povrch suchý, neznečistěný",neztížené,dobré,parkoviště přiléhající ke komunikaci,komunikace sledovaná (ve vybraných městech),,,jízdní kolo,Brno-střed,žena,Ne,pondělí,srpen,Staré Brno,,,,,,,,bez zraněn,"s přilbou (pouze u motocyklistů, příp. cyklistů)",řidičem motorového vozidla,"ve dne, viditelnost nezhoršená vlivem povětrnostních podmínek",na jízdním pruhu,řidič,dobrý -žádné nepříznivé okolnosti nebyly zjiště,den,,0,71009,1,71009,1,71009,1,26,1,1986,1,86,2012,0,0,0,0,0,2,19,1,1900,8,-1160884.737,-599087.413,60206121489,2012/08/20 00:00:00+00,24000,20000,434c4556-2df6-445f-9f65-787bd886ef3a
-599859.374000002,-1161817.42,57,Brno-střed,ne,nepřiměřená rychlost jízdy,havárie,nehoda s následky na životě nebo zdraví,"nepřizpůsobení rychlosti dopravně technickému stavu vozovky (zatáčka, klesání, stoupání, šířka vozovky apod.)","povrch suchý, neznečistěný",neztížené,dobré,žádné nebo žádné z uvedených,komunikace místní,,,jízdní kolo,Brno-střed,muž,Ne,středa,září,Štýřice,,,,,,,,lehké zranění,"bez přilby (pouze u motocyklistů, příp. cyklistů)",řidičem nemotorového vozidla,"ve dne, viditelnost nezhoršená vlivem povětrnostních podmínek",na jízdním pruhu,řidič,dobrý -žádné nepříznivé okolnosti nebyly zjiště,den,,1,71028,1,71028,1,71028,3,45,1,1967,1,67,2012,0,0,1,0,0,1,13,1,1320,9,-1161817.42,-599859.374,60206121765,2012/09/26 00:00:00+00,2000,2000,3796fe32-baf0-40cb-9e28-0c6619bdc7c4
-597628.870000001,-1161574.115,58,Brno-střed,ne,nedání přenosti v jízdě,srážka s tramvají,nehoda s následky na životě nebo zdraví,proti příkazu dopravní značky DEJ PŘEDNOST,"povrch suchý, neznečistěný",neztížené,dobré,žádné nebo žádné z uvedených,uzel (křižovatka sledovaná ve vybraných městech),,,jízdní kolo,Brno-střed,muž,Ne,středa,září,Trnitá,,,,,,,,těžké zranění,"bez přilby (pouze u motocyklistů, příp. cyklistů)",řidičem nemotorového vozidla,"v noci - s veřejným osvětlením, viditelnost nezhoršená vlivem povětrnostních podmínek",na kolejích tramvaje,řidič,dobrý -žádné nepříznivé okolnosti nebyly zjiště,den,,0,71030,1,71030,1,71030,3,22,1,1990,1,90,2012,1,0,0,1,0,1,19,1,1910,9,-1161574.115,-597628.87,60206121769,2012/09/26 00:00:00+00,7000,5000,1effbb4e-de14-4206-b5b0-9b7f3d4c206c
-597843.993999999,-1160572.815,59,Brno-střed,nezjišťováno,nesprávný způsob jízdy,"srážka s vozidlem zaparkovaným, odstaveným",nehoda s následky na životě nebo zdraví,nezvládnutí řízení vozidla,"povrch suchý, neznečistěný",neztížené,dobré,parkoviště přiléhající ke komunikaci,komunikace sledovaná (ve vybraných městech),,,jízdní kolo,Brno-střed,muž,Nezjišťován,středa,říjen,Město Brno,,,,,,,,lehké zranění,"bez přilby (pouze u motocyklistů, příp. cyklistů)",řidičem nemotorového vozidla,"v noci - s veřejným osvětlením, viditelnost nezhoršená vlivem povětrnostních podmínek",na chodníku nebo ostrůvku,řidič,dobrý -žádné nepříznivé okolnosti nebyly zjiště,noc,,1,71039,1,71039,1,71039,3,33,1,1979,1,79,2012,0,0,1,0,0,1,21,1,2105,10,-1160572.815,-597843.994,60206121936,2012/10/17 00:00:00+00,21000,1000,9019ad21-52e7-4be7-aae4-d3ab09a998b9
-597629.93,-1160300.595,60,Brno-střed,nezjišťováno,nesprávný způsob jízdy,srážka s chodcem,nehoda s následky na životě nebo zdraví,řidič se plně nevěnoval řízení vozidla,"povrch suchý, neznečistěný",neztížené,dobré,žádné nebo žádné z uvedených,komunikace sledovaná (ve vybraných městech),,,jízdní kolo,Brno-střed,muž,Nezjišťován,středa,únor,Zábrdovice,,,,,,,,bez zraněn,"s přilbou (pouze u motocyklistů, příp. cyklistů)",řidičem nemotorového vozidla,"ve dne, viditelnost nezhoršená vlivem povětrnostních podmínek",na chodníku nebo ostrůvku,řidič,dobrý -žádné nepříznivé okolnosti nebyly zjiště,den,,0,71052,1,71052,1,71052,3,24,1,1989,1,89,2013,0,0,1,0,0,1,16,1,1600,2,-1160300.595,-597629.93,60206130303,2013/02/20 00:00:00+00,0,0,0728464d-08f3-4c83-b41e-2cf5d6ac833f