X,Y,objectid_1,zuj,alkohol_vinik,hlavni_pricina,srazka,nasledky,pricina,stav_vozovky,povetrnostni_podm,rozhled,misto_nehody,druh_komun,pneumatiky,druh_pohonu,druh_vozidla,mestska_cast,pohlavi,alkohol,den_v_tydnu,mesic_t,katastr,chovani_chodce,stav_chodce,drogy_chodec,alkohol_chodec,osobni_prepravnik,reflexni_prvky,kategorie_chodce,nasledek,ozn_osoba,zavineni,viditelnost,situovani,osoba,stav_ridic,doba,smrt_po,lz,target_fid_1,join_count_1,objectid,join_count,target_fid,den,vek,smrt_dny,rok_nar,p48a,p59d,rok,tz,smrt,lehce_zran_os,tezce_zran_os,usmrceno_os,id_vozidla,hodina,ovlivneni_ridice,cas,mesic,e,d,id_nehody,datum,hmotna_skoda_1,skoda_vozidlo,globalid
-598483.677000001,-1161380.412,61,Brno-střed,ano,nesprávný způsob jízdy,srážka s jedoucím nekolejovým vozidlem,nehoda pouze s hmotnou škodou,nezvládnutí řízení vozidla,"povrch suchý, neznečistěný",neztížené,dobré,žádné nebo žádné z uvedených,komunikace sledovaná (ve vybraných městech),,,jízdní kolo,Brno-střed,žena,"Ano, obsah alkoholu v krvi 1,5‰ a více",středa,květen,Staré Brno,,,,,,,,bez zraněn,"s přilbou (pouze u motocyklistů, příp. cyklistů)",řidičem nemotorového vozidla,"v noci - s veřejným osvětlením, viditelnost nezhoršená vlivem povětrnostních podmínek",na jízdním pruhu,řidič,pod vlivem alkoholu obsah alkoholu v krvi 1 ‰ a víc,noc,,0,71065,1,71065,1,71065,3,23,1,1990,1,90,2013,0,0,0,0,0,1,21,1,2105,5,-1161380.412,-598483.677,60206130789,2013/05/01 00:00:00+00,6000,5000,6ac33fc9-e43e-48c1-b69f-a961659ad599
-597804.254000001,-1160201.346,62,Brno-střed,nezjišťováno,nesprávný způsob jízdy,srážka s jedoucím nekolejovým vozidlem,nehoda s následky na životě nebo zdraví,řidič se plně nevěnoval řízení vozidla,"povrch suchý, neznečistěný",neztížené,dobré,žádné nebo žádné z uvedených,komunikace sledovaná (ve vybraných městech),,,jízdní kolo,Brno-střed,muž,Nezjišťován,středa,květen,Zábrdovice,,,,,,,,lehké zranění,"s přilbou (pouze u motocyklistů, příp. cyklistů)",řidičem motorového vozidla,"ve dne, viditelnost nezhoršená vlivem povětrnostních podmínek",na jízdním pruhu,řidič,dobrý -žádné nepříznivé okolnosti nebyly zjiště,den,,1,71076,1,71076,1,71076,3,34,1,1979,1,79,2013,0,0,1,0,0,2,15,1,1550,5,-1160201.346,-597804.254,60206130952,2013/05/22 00:00:00+00,21000,0,861f6908-fab0-4784-a202-e60a798bafd2
-597327.940000001,-1161234.105,63,Brno-střed,ne,nedání přenosti v jízdě,srážka s jedoucím nekolejovým vozidlem,nehoda s následky na životě nebo zdraví,při odbočování vlevo,"povrch suchý, neznečistěný",neztížené,dobré,žádné nebo žádné z uvedených,uzel (křižovatka sledovaná ve vybraných městech),,,jízdní kolo,Brno-střed,muž,Ne,středa,květen,Trnitá,,,,,,,,lehké zranění,"s přilbou (pouze u motocyklistů, příp. cyklistů)",řidičem motorového vozidla,"ve dne, viditelnost nezhoršená vlivem povětrnostních podmínek",žádné z uvedenýc,řidič,dobrý -žádné nepříznivé okolnosti nebyly zjiště,den,,1,71079,1,71079,1,71079,3,46,1,1967,1,67,2013,0,0,1,0,0,2,13,1,1348,5,-1161234.105,-597327.94,60206131008,2013/05/29 00:00:00+00,9000,6000,c21f5ce9-3d30-4d8d-9a76-e1be3247c73c
-598555.388,-1161710.052,64,Brno-střed,ne,nesprávný způsob jízdy,srážka s jedoucím nekolejovým vozidlem,nehoda pouze s hmotnou škodou,řidič se plně nevěnoval řízení vozidla,"povrch suchý, neznečistěný",neztížené,dobré,žádné nebo žádné z uvedených,komunikace sledovaná (ve vybraných městech),,,jízdní kolo,Brno-střed,,Ne,úterý,červen,Staré Brno,,,,,,,,,,řidičem nemotorového vozidla,"ve dne, viditelnost nezhoršená vlivem povětrnostních podmínek",žádné z uvedenýc,,,den,,0,71081,1,71081,1,71081,2,,,,0,,2013,0,0,0,0,0,1,16,,1620,6,-1161710.052,-598555.388,60206131110,2013/06/11 00:00:00+00,10000,10000,c2d19a3b-5825-433c-83df-ced85311b288
-598538.647999998,-1161999.225,65,Brno-střed,ne,nesprávný způsob jízdy,srážka s jedoucím nekolejovým vozidlem,nehoda s následky na životě nebo zdraví,řidič se plně nevěnoval řízení vozidla,"povrch suchý, neznečistěný",neztížené,dobré,žádné nebo žádné z uvedených,komunikace sledovaná (ve vybraných městech),,,jízdní kolo,Brno-střed,muž,Ne,středa,červenec,Staré Brno,,,,,,,,lehké zranění,"bez přilby (pouze u motocyklistů, příp. cyklistů)",řidičem motorového vozidla,"ve dne, viditelnost nezhoršená vlivem povětrnostních podmínek",na jízdním pruhu,řidič,dobrý -žádné nepříznivé okolnosti nebyly zjiště,den,,1,71089,1,71089,1,71089,3,64,1,1949,1,49,2013,0,0,1,0,0,2,8,1,845,7,-1161999.225,-598538.648,60206131278,2013/07/03 00:00:00+00,2000,1000,d2bfd590-cb61-478a-aff8-cd19c8a19588
-599890.011999998,-1160360.68,66,Brno-střed,ne,nedání přenosti v jízdě,srážka s jedoucím nekolejovým vozidlem,nehoda s následky na životě nebo zdraví,vozidlu přijíždějícímu zprava,"povrch suchý, neznečistěný",neztížené,dobré,žádné nebo žádné z uvedených,komunikace místní,,,jízdní kolo,Brno-střed,muž,Ne,středa,červenec,Stránice,,,,,,,,těžké zranění,"bez přilby (pouze u motocyklistů, příp. cyklistů)",řidičem nemotorového vozidla,"ve dne, viditelnost nezhoršená vlivem povětrnostních podmínek",na jízdním pruhu,řidič,dobrý -žádné nepříznivé okolnosti nebyly zjiště,den,,0,71091,1,71091,1,71091,3,19,1,1994,1,94,2013,1,0,0,1,0,1,14,1,1425,7,-1160360.68,-599890.012,60206131314,2013/07/10 00:00:00+00,61000,1000,57bb87a9-8c48-4f3d-9ad2-6fd27b7ee216
-597649.91,-1161588.119,67,Brno-střed,ne,nesprávný způsob jízdy,havárie,nehoda s následky na životě nebo zdraví,řidič se plně nevěnoval řízení vozidla,"povrch suchý, neznečistěný",neztížené,dobré,žádné nebo žádné z uvedených,komunikace sledovaná (ve vybraných městech),,,jízdní kolo,Brno-střed,muž,Ne,sobota,červenec,Trnitá,,,,,,,,lehké zranění,"bez přilby (pouze u motocyklistů, příp. cyklistů)",řidičem nemotorového vozidla,"ve dne, viditelnost nezhoršená vlivem povětrnostních podmínek",na jízdním pruhu,řidič,dobrý -žádné nepříznivé okolnosti nebyly zjiště,den,,1,71094,1,71094,1,71094,6,16,1,1997,1,97,2013,0,0,1,0,0,1,17,1,1710,7,-1161588.119,-597649.91,60206131339,2013/07/13 00:00:00+00,1000,1000,a5db1991-345f-4c2a-b6e1-75e14bd9139e
-599158.451000001,-1160283.153,68,Brno-střed,ne,nedání přenosti v jízdě,srážka s jedoucím nekolejovým vozidlem,nehoda s následky na životě nebo zdraví,při odbočování vlevo,"povrch suchý, neznečistěný",neztížené,dobré,žádné nebo žádné z uvedených,uzel (křižovatka sledovaná ve vybraných městech),,,jízdní kolo,Brno-střed,muž,Ne,čtvrtek,červenec,Veveří,,,,,,,,lehké zranění,"bez přilby (pouze u motocyklistů, příp. cyklistů)",řidičem motorového vozidla,"ve dne, viditelnost nezhoršená vlivem povětrnostních podmínek",na jízdním pruhu,řidič,dobrý -žádné nepříznivé okolnosti nebyly zjiště,den,,1,71101,1,71101,1,71101,4,38,1,1975,1,75,2013,0,0,1,0,0,2,11,1,1150,7,-1160283.153,-599158.451,60206131416,2013/07/25 00:00:00+00,2000,1000,04ce3b44-cf0d-420e-a3eb-1a1104ab6fb3
-597768.261999998,-1161037.107,69,Brno-střed,ne,nedání přenosti v jízdě,srážka s jedoucím nekolejovým vozidlem,nehoda s následky na životě nebo zdraví,proti příkazu dopravní značky DEJ PŘEDNOST,"povrch suchý, neznečistěný",neztížené,dobré,přechod pro chodce,komunikace sledovaná (ve vybraných městech),,,jízdní kolo,Brno-střed,muž,Ne,pondělí,červenec,Město Brno,,,,,,,,lehké zranění,"s přilbou (pouze u motocyklistů, příp. cyklistů)",řidičem motorového vozidla,"ve dne, viditelnost nezhoršená vlivem povětrnostních podmínek",žádné z uvedenýc,řidič,dobrý -žádné nepříznivé okolnosti nebyly zjiště,den,,1,71104,1,71104,1,71104,1,51,1,1962,1,62,2013,0,0,1,0,0,2,14,1,1450,7,-1161037.107,-597768.262,60206131454,2013/07/29 00:00:00+00,10000,5000,a4de833b-da2f-488a-9403-b2424a46012f
-598075.098999999,-1160352.482,70,Brno-střed,ano,nesprávný způsob jízdy,"srážka s vozidlem zaparkovaným, odstaveným",nehoda s následky na životě nebo zdraví,řidič se plně nevěnoval řízení vozidla,"povrch suchý, neznečistěný",neztížené,dobré,žádné nebo žádné z uvedených,komunikace sledovaná (ve vybraných městech),,,jízdní kolo,Brno-střed,muž,"Ano, obsah alkoholu v krvi 1,5‰ a více",pátek,srpen,Město Brno,,,,,,,,lehké zranění,"bez přilby (pouze u motocyklistů, příp. cyklistů)",řidičem nemotorového vozidla,"ve dne, viditelnost nezhoršená vlivem povětrnostních podmínek",žádné z uvedenýc,řidič,pod vlivem alkoholu obsah alkoholu v krvi 1 ‰ a víc,den,,1,71119,1,71119,1,71119,5,23,1,1990,1,90,2013,0,0,1,0,0,1,15,1,1533,8,-1160352.482,-598075.099,60206131538,2013/08/09 00:00:00+00,10000,5000,6db54f9a-aeca-4144-a794-74c8005cef7c
-598462.919,-1160285.611,71,Brno-střed,nezjišťováno,nesprávný způsob jízdy,srážka s jedoucím nekolejovým vozidlem,nehoda s následky na životě nebo zdraví,řidič se plně nevěnoval řízení vozidla,"povrch suchý, neznečistěný",neztížené,dobré,žádné nebo žádné z uvedených,komunikace sledovaná (ve vybraných městech),,,jízdní kolo,Brno-střed,muž,Nezjišťován,pondělí,srpen,Veveří,,,,,,,,lehké zranění,"bez přilby (pouze u motocyklistů, příp. cyklistů)",řidičem motorového vozidla,"ve dne, viditelnost nezhoršená vlivem povětrnostních podmínek",na chodníku nebo ostrůvku,řidič,dobrý -žádné nepříznivé okolnosti nebyly zjiště,den,,1,71120,1,71120,1,71120,1,30,1,1983,1,83,2013,0,0,1,0,0,2,17,1,1737,8,-1160285.611,-598462.919,60206131574,2013/08/12 00:00:00+00,11000,5000,f4d4c1d7-580b-4ce0-b64f-c2bc9aa59867
-598030.528999999,-1160740.797,72,Brno-střed,ne,nedání přenosti v jízdě,srážka s jedoucím nekolejovým vozidlem,nehoda s následky na životě nebo zdraví,vozidlu přijíždějícímu zprava,"povrch suchý, neznečistěný",neztížené,dobré,žádné nebo žádné z uvedených,komunikace místní,,,jízdní kolo,Brno-střed,muž,Ne,pátek,srpen,Město Brno,,,,,,,,bez zraněn,"bez přilby (pouze u motocyklistů, příp. cyklistů)",řidičem nemotorového vozidla,"v noci - s veřejným osvětlením, viditelnost nezhoršená vlivem povětrnostních podmínek",žádné z uvedenýc,řidič,pod vlivem alkoholu obsah alkoholu v krvi 1 ‰ a víc,den,,0,71123,1,71123,1,71123,5,33,1,1980,1,80,2013,0,0,1,0,0,2,8,0,8,8,-1160740.797,-598030.529,60206131594,2013/08/16 00:00:00+00,1000,1000,a939ebea-f7e2-424c-b547-8a100d2d6856
-598030.528999999,-1160740.797,73,Brno-střed,ne,nedání přenosti v jízdě,srážka s jedoucím nekolejovým vozidlem,nehoda s následky na životě nebo zdraví,vozidlu přijíždějícímu zprava,"povrch suchý, neznečistěný",neztížené,dobré,žádné nebo žádné z uvedených,komunikace místní,,,jízdní kolo,Brno-střed,žena,Ne,pátek,srpen,Město Brno,,,,,,,,lehké zranění,"bez přilby (pouze u motocyklistů, příp. cyklistů)",řidičem nemotorového vozidla,"v noci - s veřejným osvětlením, viditelnost nezhoršená vlivem povětrnostních podmínek",žádné z uvedenýc,řidič,dobrý -žádné nepříznivé okolnosti nebyly zjiště,den,,1,71124,1,71124,1,71124,5,54,1,1959,1,59,2013,0,0,1,0,0,1,8,1,8,8,-1160740.797,-598030.529,60206131594,2013/08/16 00:00:00+00,1000,1000,aee305ed-4caa-4204-ac37-df46be928894
-598630.140999999,-1161335.983,74,Brno-střed,nezjišťováno,nedání přenosti v jízdě,srážka s jedoucím nekolejovým vozidlem,nehoda s následky na životě nebo zdraví,při odbočování vlevo,"povrch suchý, neznečistěný",neztížené,dobré,žádné nebo žádné z uvedených,komunikace sledovaná (ve vybraných městech),,,jízdní kolo,Brno-střed,muž,Nezjišťován,čtvrtek,srpen,Staré Brno,,,,,,,,lehké zranění,"s přilbou (pouze u motocyklistů, příp. cyklistů)",řidičem motorového vozidla,"ve dne, viditelnost nezhoršená vlivem povětrnostních podmínek",na jízdním pruhu,řidič,dobrý -žádné nepříznivé okolnosti nebyly zjiště,den,,1,71125,1,71125,1,71125,4,36,1,1977,1,77,2013,0,0,1,0,0,2,12,4,1200,8,-1161335.983,-598630.141,60206131606,2013/08/15 00:00:00+00,3000,1000,4a26abb2-9b84-426c-b804-6a78f8a5cb48
-599095.506999999,-1161810.455,75,Brno-střed,ne,nesprávný způsob jízdy,srážka s pevnou překážkou,nehoda s následky na životě nebo zdraví,řidič se plně nevěnoval řízení vozidla,povrch mokrý,déšť,dobré,v blízkosti přechodu pro chodce (do vzdálenosti 20 m),komunikace sledovaná (ve vybraných městech),,,jízdní kolo,Brno-střed,muž,Ne,pondělí,září,Štýřice,,,,,,,,těžké zranění,"bez přilby (pouze u motocyklistů, příp. cyklistů)",řidičem nemotorového vozidla,"ve dne, viditelnost nezhoršená vlivem povětrnostních podmínek",na jízdním pruhu,řidič,dobrý -žádné nepříznivé okolnosti nebyly zjiště,den,,0,71141,1,71141,1,71141,1,45,1,1968,1,68,2013,1,0,0,1,0,1,6,1,610,9,-1161810.455,-599095.507,60206131821,2013/09/16 00:00:00+00,0,0,eb8ba10e-05b9-4342-88d1-eb6c078e7caf
-598447.021000002,-1161369.998,76,Brno-střed,ne,nesprávný způsob jízdy,"srážka s vozidlem zaparkovaným, odstaveným",nehoda s následky na životě nebo zdraví,řidič se plně nevěnoval řízení vozidla,"povrch suchý, neznečistěný",neztížené,dobré,žádné nebo žádné z uvedených,komunikace sledovaná (ve vybraných městech),,,jízdní kolo,Brno-střed,muž,Ne,pondělí,říjen,Staré Brno,,,,,,,,lehké zranění,"s přilbou (pouze u motocyklistů, příp. cyklistů)",řidičem nemotorového vozidla,"ve dne, viditelnost nezhoršená vlivem povětrnostních podmínek",na jízdním pruhu,řidič,dobrý -žádné nepříznivé okolnosti nebyly zjiště,den,,1,71146,1,71146,1,71146,1,15,1,1998,1,98,2013,0,0,1,0,0,1,16,1,1600,10,-1161369.998,-598447.021,60206131990,2013/10/07 00:00:00+00,20000,10000,2ea5cfff-27d9-4aa5-9ba8-1f377b1b4c5e
-597531.840999998,-1161862.521,77,Brno-střed,nezjišťováno,nepřiměřená rychlost jízdy,srážka s jedoucím nekolejovým vozidlem,nehoda pouze s hmotnou škodou,nepřizpůsobení rychlosti intenzitě (hustotě) provozu,"povrch suchý, neznečistěný",neztížené,dobré,parkoviště přiléhající ke komunikaci,komunikace sledovaná (ve vybraných městech),,,jízdní kolo,Brno-střed,,Nezjišťován,čtvrtek,říjen,Trnitá,,,,,,,,,,řidičem nemotorového vozidla,"ve dne, viditelnost nezhoršená vlivem povětrnostních podmínek",na jízdním pruhu,,,den,,0,71147,1,71147,1,71147,4,,,,1,,2013,0,0,0,0,0,1,15,,1520,10,-1161862.521,-597531.841,60206132036,2013/10/10 00:00:00+00,10000,0,a1c2bbcc-8f97-407d-ab67-5bd89904fbdc
-598017.366999999,-1161123.091,78,Brno-střed,ne,nesprávný způsob jízdy,havárie,nehoda s následky na životě nebo zdraví,řidič se plně nevěnoval řízení vozidla,povrch mokrý,neztížené,dobré,žádné nebo žádné z uvedených,komunikace sledovaná (ve vybraných městech),,,jízdní kolo,Brno-střed,muž,Ne,středa,listopad,Město Brno,,,,,,,,lehké zranění,"s přilbou (pouze u motocyklistů, příp. cyklistů)",řidičem nemotorového vozidla,"ve dne, viditelnost nezhoršená vlivem povětrnostních podmínek",na jízdním pruhu,řidič,dobrý -žádné nepříznivé okolnosti nebyly zjiště,den,,1,71153,1,71153,1,71153,3,59,1,1954,1,54,2013,0,0,1,0,0,1,7,1,720,11,-1161123.091,-598017.367,60206132236,2013/11/06 00:00:00+00,2000,2000,14928029-8fdf-4574-a49b-9d29f88113f1
-599694.903999999,-1161744.38,79,Brno-střed,ne,nesprávný způsob jízdy,jiný druh nehody,nehoda s následky na životě nebo zdraví,jiný druh nesprávného způsobu jízdy,"povrch suchý, neznečistěný",neztížené,dobré,žádné nebo žádné z uvedených,komunikace místní,,,jízdní kolo,Brno-střed,muž,Ne,neděle,listopad,Štýřice,,,,,,,,lehké zranění,"s přilbou (pouze u motocyklistů, příp. cyklistů)",řidičem motorového vozidla,"v noci - s veřejným osvětlením, viditelnost nezhoršená vlivem povětrnostních podmínek",na jízdním pruhu,řidič,dobrý -žádné nepříznivé okolnosti nebyly zjiště,den,,1,71156,1,71156,1,71156,7,31,1,1982,1,82,2013,0,0,1,0,0,2,16,1,1630,11,-1161744.38,-599694.904,60206132280,2013/11/10 00:00:00+00,30000,5000,c080640a-3431-4d1d-a1cf-6602d10b6e59
-598222.291999999,-1160409.064,80,Brno-střed,ne,nedání přenosti v jízdě,srážka s jedoucím nekolejovým vozidlem,nehoda s následky na životě nebo zdraví,jiné nedání přednosti,"povrch suchý, neznečistěný",neztížené,dobré,parkoviště přiléhající ke komunikaci,komunikace místní,,,jízdní kolo,Brno-střed,muž,Ne,pátek,prosinec,Město Brno,,,,,,,,lehké zranění,"bez přilby (pouze u motocyklistů, příp. cyklistů)",řidičem motorového vozidla,"ve dne, viditelnost nezhoršená vlivem povětrnostních podmínek",na stezce pro cyklisty,řidič,dobrý -žádné nepříznivé okolnosti nebyly zjiště,den,,1,71160,1,71160,1,71160,5,40,1,1973,1,73,2013,0,0,1,0,0,2,13,1,1310,12,-1160409.064,-598222.292,60206132546,2013/12/13 00:00:00+00,22000,10000,64a4b0e6-7ba2-4c36-9f5c-41de2e5d76fe
-597498.853,-1161664.968,81,Brno-střed,ne,nesprávný způsob jízdy,srážka s jedoucím nekolejovým vozidlem,nehoda s následky na životě nebo zdraví,řidič se plně nevěnoval řízení vozidla,"povrch suchý, neznečistěný",neztížené,dobré,parkoviště přiléhající ke komunikaci,komunikace sledovaná (ve vybraných městech),,,jízdní kolo,Brno-střed,muž,Ne,pátek,prosinec,Trnitá,,,,,,,,těžké zranění,"s přilbou (pouze u motocyklistů, příp. cyklistů)",řidičem motorového vozidla,"ve dne, viditelnost nezhoršená vlivem povětrnostních podmínek",na jízdním pruhu,řidič,dobrý -žádné nepříznivé okolnosti nebyly zjiště,den,,0,71162,1,71162,1,71162,5,44,1,1969,1,69,2013,1,0,0,1,0,2,16,1,1635,12,-1161664.968,-597498.853,60206132608,2013/12/20 00:00:00+00,7000,2000,f45f1f5b-4f84-47a2-98e9-0c18fc907b35
-599097.828000002,-1161109.873,82,Brno-střed,ne,nedání přenosti v jízdě,srážka s jedoucím nekolejovým vozidlem,nehoda s následky na životě nebo zdraví,při odbočování vlevo,povrch mokrý,neztížené,dobré,přechod pro chodce,uzel (křižovatka sledovaná ve vybraných městech),,,jízdní kolo,Brno-střed,muž,Ne,středa,leden,Staré Brno,,,,,,,,lehké zranění,"bez přilby (pouze u motocyklistů, příp. cyklistů)",řidičem motorového vozidla,"ve dne, zhoršená viditelnost (svítání, soumrak)",na jízdním pruhu,řidič,dobrý -žádné nepříznivé okolnosti nebyly zjiště,den,,1,71164,1,71164,1,71164,3,30,1,1984,1,84,2014,0,0,1,0,0,2,6,1,650,1,-1161109.873,-599097.828,60206140118,2014/01/22 00:00:00+00,0,0,e2a7d013-1772-4fdf-a106-fd2472021130
-598812.155999999,-1161309.633,83,Brno-střed,ne,nedání přenosti v jízdě,srážka s jedoucím nekolejovým vozidlem,nehoda s následky na životě nebo zdraví,při vjíždění na silnici,"povrch suchý, neznečistěný",neztížené,dobré,žádné nebo žádné z uvedených,komunikace sledovaná (ve vybraných městech),,,jízdní kolo,Brno-střed,muž,Ne,úterý,únor,Staré Brno,,,,,,,,lehké zranění,"s přilbou (pouze u motocyklistů, příp. cyklistů)",řidičem motorového vozidla,"v noci - s veřejným osvětlením, viditelnost nezhoršená vlivem povětrnostních podmínek",na jízdním pruhu,řidič,dobrý -žádné nepříznivé okolnosti nebyly zjiště,den,,1,71165,1,71165,1,71165,2,37,1,1977,1,77,2014,0,0,1,0,0,2,17,1,1740,2,-1161309.633,-598812.156,60206140228,2014/02/04 00:00:00+00,23000,3000,90ccd080-2524-44b6-9196-01fbfb7e2356
-597414.561999999,-1161189.849,84,Brno-střed,ne,nedání přenosti v jízdě,srážka s jedoucím nekolejovým vozidlem,nehoda s následky na životě nebo zdraví,při odbočování vlevo,povrch mokrý,sněžení,dobré,"zastávka autobusu, trolejbusu, tramvaje s nástup. ostrůvkem",komunikace sledovaná (ve vybraných městech),,,jízdní kolo,Brno-střed,muž,Ne,pondělí,únor,Trnitá,,,,,,,,lehké zranění,"s přilbou (pouze u motocyklistů, příp. cyklistů)",řidičem motorového vozidla,"ve dne, viditelnost nezhoršená vlivem povětrnostních podmínek",na jízdním pruhu,řidič,dobrý -žádné nepříznivé okolnosti nebyly zjiště,den,,1,71166,1,71166,1,71166,1,21,1,1993,1,93,2014,0,0,1,0,0,2,9,1,930,2,-1161189.849,-597414.562,60206140259,2014/02/10 00:00:00+00,6000,0,88a13d1c-edde-4bd9-b39d-18d6fae98fcc
-597701.127999999,-1161186.615,85,Brno-střed,ne,nesprávný způsob jízdy,havárie,nehoda s následky na životě nebo zdraví,řidič se plně nevěnoval řízení vozidla,"povrch suchý, neznečistěný",neztížené,dobré,přechod pro chodce,uzel (křižovatka sledovaná ve vybraných městech),,,jízdní kolo,Brno-střed,muž,Ne,úterý,únor,Trnitá,,,,,,,,lehké zranění,"bez přilby (pouze u motocyklistů, příp. cyklistů)",řidičem nemotorového vozidla,"v noci - s veřejným osvětlením, viditelnost nezhoršená vlivem povětrnostních podmínek",na jízdním pruhu,řidič,dobrý -žádné nepříznivé okolnosti nebyly zjiště,den,,1,71167,1,71167,1,71167,2,27,1,1987,1,87,2014,0,0,1,0,0,1,18,1,1805,2,-1161186.615,-597701.128,60206140345,2014/02/25 00:00:00+00,0,0,26035417-0a33-46da-b6a5-270bbbe56981
-599160.109999999,-1160281.369,86,Brno-střed,ne,nedání přenosti v jízdě,srážka s jedoucím nekolejovým vozidlem,nehoda s následky na životě nebo zdraví,při odbočování vlevo,"povrch suchý, neznečistěný",neztížené,dobré,přechod pro chodce,uzel (křižovatka sledovaná ve vybraných městech),,,jízdní kolo,Brno-střed,muž,Ne,čtvrtek,březen,Veveří,,,,,,,,lehké zranění,"bez přilby (pouze u motocyklistů, příp. cyklistů)",řidičem motorového vozidla,"ve dne, viditelnost nezhoršená vlivem povětrnostních podmínek",na jízdním pruhu,řidič,dobrý -žádné nepříznivé okolnosti nebyly zjiště,den,,1,71170,1,71170,1,71170,4,22,1,1992,1,92,2014,0,0,1,0,0,2,13,1,1335,3,-1160281.369,-599160.11,60206140396,2014/03/06 00:00:00+00,80000,30000,a9106d2c-924c-4c94-bb65-db185831ab69
-598271.653999999,-1161410.142,87,Brno-střed,ne,nedání přenosti v jízdě,srážka s jedoucím nekolejovým vozidlem,nehoda s následky na životě nebo zdraví,při odbočování vlevo,"povrch suchý, neznečistěný",neztížené,dobré,v blízkosti přechodu pro chodce (do vzdálenosti 20 m),uzel (křižovatka sledovaná ve vybraných městech),,,jízdní kolo,Brno-střed,muž,Ne,středa,duben,Město Brno,,,,,,,,lehké zranění,"bez přilby (pouze u motocyklistů, příp. cyklistů)",řidičem nemotorového vozidla,"v noci - s veřejným osvětlením, viditelnost nezhoršená vlivem povětrnostních podmínek",na jízdním pruhu,řidič,dobrý -žádné nepříznivé okolnosti nebyly zjiště,noc,,1,71177,1,71177,1,71177,3,23,1,1991,1,91,2014,0,0,1,0,0,1,21,1,2140,4,-1161410.142,-598271.654,60206140617,2014/04/02 00:00:00+00,40500,40000,323c7863-5433-42af-bb52-fa3f6e6ff1e1
-599233.585999999,-1161343.483,88,Brno-střed,nezjišťováno,nedání přenosti v jízdě,srážka s chodcem,nehoda s následky na životě nebo zdraví,chodci na vyznačeném přechodu,"povrch suchý, neznečistěný",neztížené,dobré,přechod pro chodce,uzel (křižovatka sledovaná ve vybraných městech),,,jízdní kolo,Brno-střed,,Nezjišťován,čtvrtek,duben,Staré Brno,,,,,,,,,,řidičem nemotorového vozidla,"ve dne, viditelnost nezhoršená vlivem povětrnostních podmínek",na jízdním pruhu,,,den,,0,71178,1,71178,1,71178,4,,,,1,,2014,0,0,1,0,0,1,15,,1500,4,-1161343.483,-599233.586,60206140624,2014/04/03 00:00:00+00,0,0,d6e2cb48-6ce7-43f4-a5aa-e8d19b76deda
-598661.886999998,-1160058.376,89,Brno-střed,ne,nesprávný způsob jízdy,srážka s jedoucím nekolejovým vozidlem,nehoda s následky na životě nebo zdraví,nesprávné otáčení nebo couvání,"povrch suchý, neznečistěný",neztížené,dobré,žádné nebo žádné z uvedených,komunikace sledovaná (ve vybraných městech),,,jízdní kolo,Brno-střed,muž,Ne,čtvrtek,duben,Veveří,,,,,,,,lehké zranění,"bez přilby (pouze u motocyklistů, příp. cyklistů)",řidičem motorového vozidla,"ve dne, viditelnost nezhoršená vlivem povětrnostních podmínek",na jízdním pruhu,řidič,pod vlivem alkoholu obsah alkoholu v krvi 1 ‰ a víc,noc,,1,71181,1,71181,1,71181,4,34,1,1980,1,80,2014,0,0,1,0,0,2,21,1,2120,4,-1160058.376,-598661.887,60206140690,2014/04/10 00:00:00+00,6000,5000,0857e732-653a-44cd-b968-7bd17874fb7c
-599203.605999999,-1161621.692,90,Brno-střed,ne,nedání přenosti v jízdě,srážka s jedoucím nekolejovým vozidlem,nehoda s následky na životě nebo zdraví,proti příkazu dopravní značky DEJ PŘEDNOST,"povrch suchý, neznečistěný",neztížené,dobré,přechod pro chodce,komunikace sledovaná (ve vybraných městech),,,jízdní kolo,Brno-střed,muž,Ne,pátek,květen,Štýřice,,,,,,,,lehké zranění,"s přilbou (pouze u motocyklistů, příp. cyklistů)",řidičem nemotorového vozidla,"ve dne, viditelnost nezhoršená vlivem povětrnostních podmínek",na jízdním pruhu,řidič,dobrý -žádné nepříznivé okolnosti nebyly zjiště,den,,1,71190,1,71190,1,71190,5,59,1,1955,1,55,2014,0,0,1,0,0,1,6,1,630,5,-1161621.692,-599203.606,60206140985,2014/05/23 00:00:00+00,15000,5000,95219667-e9c5-4e6b-b808-581eaa486c9d