X,Y,objectid_1,zuj,alkohol_vinik,hlavni_pricina,srazka,nasledky,pricina,stav_vozovky,povetrnostni_podm,rozhled,misto_nehody,druh_komun,pneumatiky,druh_pohonu,druh_vozidla,mestska_cast,pohlavi,alkohol,den_v_tydnu,mesic_t,katastr,chovani_chodce,stav_chodce,drogy_chodec,alkohol_chodec,osobni_prepravnik,reflexni_prvky,kategorie_chodce,nasledek,ozn_osoba,zavineni,viditelnost,situovani,osoba,stav_ridic,doba,smrt_po,lz,target_fid_1,join_count_1,objectid,join_count,target_fid,den,vek,smrt_dny,rok_nar,p48a,p59d,rok,tz,smrt,lehce_zran_os,tezce_zran_os,usmrceno_os,id_vozidla,hodina,ovlivneni_ridice,cas,mesic,e,d,id_nehody,datum,hmotna_skoda_1,skoda_vozidlo,globalid
-598755.127999999,-1161058.81,91,Brno-střed,ne,nesprávný způsob jízdy,"srážka s vozidlem zaparkovaným, odstaveným",nehoda s následky na životě nebo zdraví,nezvládnutí řízení vozidla,"povrch suchý, neznečistěný",neztížené,dobré,žádné nebo žádné z uvedených,komunikace sledovaná (ve vybraných městech),,,jízdní kolo,Brno-střed,muž,Ne,pondělí,květen,Staré Brno,,,,,,,,těžké zranění,"s přilbou (pouze u motocyklistů, příp. cyklistů)",řidičem nemotorového vozidla,"ve dne, viditelnost nezhoršená vlivem povětrnostních podmínek",na kolejích tramvaje,řidič,dobrý -žádné nepříznivé okolnosti nebyly zjiště,den,,0,71193,1,71193,1,71193,1,31,1,1983,1,83,2014,1,0,0,1,0,1,19,1,1905,5,-1161058.81,-598755.128,60206141018,2014/05/26 00:00:00+00,10000,5000,fd18cdde-4cde-45dd-9e67-ef78e30e226f
-598713.708000001,-1160987.677,92,Brno-střed,nezjišťováno,nesprávný způsob jízdy,"srážka s vozidlem zaparkovaným, odstaveným",nehoda pouze s hmotnou škodou,řidič se plně nevěnoval řízení vozidla,"povrch suchý, neznečistěný",neztížené,dobré,parkoviště přiléhající ke komunikaci,komunikace místní,,,jízdní kolo,Brno-střed,muž,Nezjišťován,středa,květen,Staré Brno,,,,,,,,bez zraněn,"bez přilby (pouze u motocyklistů, příp. cyklistů)",řidičem nemotorového vozidla,"v noci - s veřejným osvětlením, viditelnost nezhoršená vlivem povětrnostních podmínek",na jízdním pruhu,řidič,dobrý -žádné nepříznivé okolnosti nebyly zjiště,noc,,0,71194,1,71194,1,71194,3,21,1,1993,1,93,2014,0,0,0,0,0,1,23,1,2350,5,-1160987.677,-598713.708,60206141034,2014/05/28 00:00:00+00,10000,10000,44f22da3-5e5a-4c3f-a999-6005613c9652
-597575.289000001,-1161763.651,93,Brno-střed,nezjišťováno,nedání přenosti v jízdě,srážka s jedoucím nekolejovým vozidlem,nehoda s následky na životě nebo zdraví,"jízda na ""červenou"" 3-barevného semaforu","povrch suchý, neznečistěný",neztížené,dobré,žádné nebo žádné z uvedených,uzel (křižovatka sledovaná ve vybraných městech),,,jízdní kolo,Brno-střed,muž,Nezjišťován,pondělí,květen,Trnitá,,,,,,,,lehké zranění,"bez přilby (pouze u motocyklistů, příp. cyklistů)",řidičem motorového vozidla,"ve dne, viditelnost nezhoršená vlivem povětrnostních podmínek",na jízdním pruhu,řidič,dobrý -žádné nepříznivé okolnosti nebyly zjiště,den,,1,71196,1,71196,1,71196,1,28,1,1986,1,86,2014,0,0,1,0,0,2,9,1,945,5,-1161763.651,-597575.289,60206141042,2014/05/26 00:00:00+00,8000,2000,e3855fc4-186f-4ac5-9991-424a0a5f87d6
-600298.250999998,-1161994.771,94,Brno-střed,ne,nesprávný způsob jízdy,havárie,nehoda s následky na životě nebo zdraví,nezvládnutí řízení vozidla,povrch mokrý,neztížené,dobré,žádné nebo žádné z uvedených,komunikace účelová - polní a lesní cesty atd.,,,jízdní kolo,Brno-střed,muž,Ne,úterý,červen,Pisárky,,,,,,,,lehké zranění,"bez přilby (pouze u motocyklistů, příp. cyklistů)",řidičem nemotorového vozidla,"ve dne, viditelnost nezhoršená vlivem povětrnostních podmínek",na stezce pro cyklisty,řidič,dobrý -žádné nepříznivé okolnosti nebyly zjiště,den,,1,71197,1,71197,1,71197,2,59,1,1955,1,55,2014,0,0,1,0,0,1,18,1,1810,6,-1161994.771,-600298.251,60206141076,2014/06/03 00:00:00+00,1000,1000,dbb3d093-916f-4aca-abce-667cb43be8a4
-598426.225000001,-1160880.12,95,Brno-střed,ne,nesprávný způsob jízdy,jiný druh nehody,nehoda s následky na životě nebo zdraví,řidič se plně nevěnoval řízení vozidla,"povrch suchý, neznečistěný",neztížené,dobré,žádné nebo žádné z uvedených,komunikace sledovaná (ve vybraných městech),,,jízdní kolo,Brno-střed,muž,Ne,čtvrtek,červen,Město Brno,,,,,,,,lehké zranění,"bez přilby (pouze u motocyklistů, příp. cyklistů)",řidičem nemotorového vozidla,"ve dne, viditelnost nezhoršená vlivem povětrnostních podmínek",na jízdním pruhu,řidič,dobrý -žádné nepříznivé okolnosti nebyly zjiště,den,,1,71204,1,71204,1,71204,4,28,1,1986,1,86,2014,0,0,1,0,0,1,16,1,1600,6,-1160880.12,-598426.225,60206141151,2014/06/12 00:00:00+00,1000,1000,f8ba70cc-7fa6-483d-9000-ea8e08dc1533
-597848.052000001,-1161154.101,96,Brno-střed,ne,nezaviněno řidičem,srážka s chodcem,nehoda s následky na životě nebo zdraví,nezaviněná řidičem,"povrch suchý, neznečistěný",neztížené,dobré,"zastávka autobusu, trolejbusu, tramvaje s nástup. ostrůvkem",komunikace místní,,,jízdní kolo,Brno-střed,muž,Ne,sobota,červen,Město Brno,,,,,,,,lehké zranění,"bez přilby (pouze u motocyklistů, příp. cyklistů)",chodcem,"v noci - s veřejným osvětlením, viditelnost nezhoršená vlivem povětrnostních podmínek",na jízdním pruhu,řidič,pod vlivem alkoholu obsah alkoholu v krvi 1 ‰ a víc,noc,,1,71208,1,71208,1,71208,6,23,1,1991,1,91,2014,0,0,1,0,0,1,1,4,100,6,-1161154.101,-597848.052,60206141164,2014/06/14 00:00:00+00,2000,2000,7e722fab-3b77-4bd7-9172-639695dbc9e7
-598412.896000002,-1160981.965,97,Brno-střed,ne,nesprávný způsob jízdy,jiný druh nehody,nehoda s následky na životě nebo zdraví,řidič se plně nevěnoval řízení vozidla,"povrch suchý, neznečistěný",neztížené,dobré,žádné nebo žádné z uvedených,komunikace sledovaná (ve vybraných městech),,,jízdní kolo,Brno-střed,muž,Ne,středa,červen,Město Brno,,,,,,,,těžké zranění,"s přilbou (pouze u motocyklistů, příp. cyklistů)",řidičem nemotorového vozidla,"ve dne, viditelnost nezhoršená vlivem povětrnostních podmínek",na jízdním pruhu,řidič,dobrý -žádné nepříznivé okolnosti nebyly zjiště,den,,0,71213,1,71213,1,71213,3,52,1,1962,1,62,2014,1,0,0,1,0,1,17,1,1715,6,-1160981.965,-598412.896,60206141198,2014/06/18 00:00:00+00,2000,2000,4287f2ac-87d2-44aa-99a4-dcec30b9e79c
-598079.34,-1161276.196,98,Brno-střed,ne,nedání přenosti v jízdě,srážka s chodcem,nehoda s následky na životě nebo zdraví,chodci na vyznačeném přechodu,"povrch suchý, neznečistěný",neztížené,dobré,přechod pro chodce,komunikace sledovaná (ve vybraných městech),,,jízdní kolo,Brno-střed,muž,Ne,čtvrtek,červenec,Město Brno,,,,,,,,bez zraněn,"s přilbou (pouze u motocyklistů, příp. cyklistů)",řidičem nemotorového vozidla,"ve dne, viditelnost nezhoršená vlivem povětrnostních podmínek",na jízdním pruhu,řidič,dobrý -žádné nepříznivé okolnosti nebyly zjiště,den,,0,71227,1,71227,1,71227,4,23,1,1991,1,91,2014,0,0,1,0,0,1,18,1,1830,7,-1161276.196,-598079.34,60206141356,2014/07/10 00:00:00+00,0,0,da7a93fe-40c2-4599-a4a7-1d447090509e
-597480.145,-1162133.784,99,Brno-jih,ne,nesprávný způsob jízdy,havárie,nehoda s následky na životě nebo zdraví,nezvládnutí řízení vozidla,"povrch suchý, neznečistěný",neztížené,dobré,žádné nebo žádné z uvedených,komunikace sledovaná (ve vybraných městech),,,jízdní kolo,Brno-jih,muž,Ne,čtvrtek,červenec,Komárov,,,,,,,,lehké zranění,"bez přilby (pouze u motocyklistů, příp. cyklistů)",řidičem nemotorového vozidla,"ve dne, viditelnost nezhoršená vlivem povětrnostních podmínek",na chodníku nebo ostrůvku,řidič,pod vlivem alkoholu obsah alkoholu v krvi 1 ‰ a víc,den,,1,71228,1,71228,1,71228,4,55,1,1959,1,59,2014,0,0,1,0,0,1,13,1,1325,7,-1162133.784,-597480.145,60206141404,2014/07/17 00:00:00+00,0,0,18778fb4-d17b-4a15-8104-7350a56e9e7c
-598491.125999998,-1160378.31,100,Brno-střed,ano,nepřiměřená rychlost jízdy,havárie,nehoda s následky na životě nebo zdraví,jiný druh nepřiměřené rychlosti,"povrch suchý, neznečistěný",neztížené,dobré,v blízkosti přechodu pro chodce (do vzdálenosti 20 m),komunikace sledovaná (ve vybraných městech),,,jízdní kolo,Brno-střed,muž,"Ano, obsah alkoholu v krvi 1,5‰ a více",středa,srpen,Město Brno,,,,,,,,lehké zranění,"bez přilby (pouze u motocyklistů, příp. cyklistů)",řidičem nemotorového vozidla,"v noci - s veřejným osvětlením, viditelnost nezhoršená vlivem povětrnostních podmínek",na jízdním pruhu,řidič,pod vlivem alkoholu obsah alkoholu v krvi 1 ‰ a víc,noc,,1,71238,1,71238,1,71238,3,29,1,1985,1,85,2014,0,0,1,0,0,1,1,1,125,8,-1160378.31,-598491.126,60206141577,2014/08/13 00:00:00+00,1000,1000,fc8bc343-7ff7-4632-b4e3-e5797558477f
-597980.920000002,-1160259.881,101,Brno-střed,ne,nedání přenosti v jízdě,srážka s jedoucím nekolejovým vozidlem,nehoda s následky na životě nebo zdraví,"jízda na ""červenou"" 3-barevného semaforu","povrch suchý, neznečistěný",neztížené,dobré,v blízkosti přechodu pro chodce (do vzdálenosti 20 m),uzel (křižovatka sledovaná ve vybraných městech),,,jízdní kolo,Brno-střed,muž,Ne,středa,srpen,Město Brno,,,,,,,,těžké zranění,"s přilbou (pouze u motocyklistů, příp. cyklistů)",řidičem nemotorového vozidla,"ve dne, viditelnost nezhoršená vlivem povětrnostních podmínek",na jízdním pruhu,řidič,dobrý -žádné nepříznivé okolnosti nebyly zjiště,den,,0,71239,1,71239,1,71239,3,37,1,1977,1,77,2014,1,0,0,1,0,1,14,1,1425,8,-1160259.881,-597980.92,60206141579,2014/08/13 00:00:00+00,42000,40000,49fb94fa-e105-4888-a519-ff196c1aaa14
-599137.945999999,-1160584.922,102,Brno-střed,ne,nedání přenosti v jízdě,srážka s jedoucím nekolejovým vozidlem,nehoda s následky na životě nebo zdraví,při odbočování vlevo,"povrch suchý, neznečistěný",neztížené,dobré,žádné nebo žádné z uvedených,komunikace sledovaná (ve vybraných městech),,,jízdní kolo,Brno-střed,žena,Ne,pondělí,srpen,Staré Brno,,,,,,,,lehké zranění,"bez přilby (pouze u motocyklistů, příp. cyklistů)",řidičem motorového vozidla,"ve dne, viditelnost nezhoršená vlivem povětrnostních podmínek",na jízdním pruhu,řidič,dobrý -žádné nepříznivé okolnosti nebyly zjiště,den,,1,71241,1,71241,1,71241,1,28,1,1986,1,86,2014,0,0,1,0,0,2,7,1,745,8,-1160584.922,-599137.946,60206141649,2014/08/25 00:00:00+00,21000,1000,e1123a9d-f3f6-455c-929d-1b42dda5ec12
-598125.111000001,-1160485.12,103,Brno-střed,ano,nepřiměřená rychlost jízdy,havárie,nehoda s následky na životě nebo zdraví,jiný druh nepřiměřené rychlosti,"povrch suchý, neznečistěný",neztížené,dobré,žádné nebo žádné z uvedených,komunikace místní,,,jízdní kolo,Brno-střed,muž,"Ano, obsah alkoholu v krvi 1,5‰ a více",pátek,srpen,Město Brno,,,,,,,,lehké zranění,"bez přilby (pouze u motocyklistů, příp. cyklistů)",řidičem nemotorového vozidla,"v noci - s veřejným osvětlením, viditelnost nezhoršená vlivem povětrnostních podmínek",na chodníku nebo ostrůvku,řidič,pod vlivem alkoholu obsah alkoholu v krvi 1 ‰ a víc,noc,,1,71244,1,71244,1,71244,5,22,1,1992,1,92,2014,0,0,1,0,0,1,1,1,115,8,-1160485.12,-598125.111,60206141677,2014/08/29 00:00:00+00,0,0,2fc3beb1-a1bf-43f5-8d7a-8d6572cde743
-597689.423,-1160445.608,104,Brno-střed,nezjišťováno,nesprávný způsob jízdy,havárie,nehoda s následky na životě nebo zdraví,řidič se plně nevěnoval řízení vozidla,"povrch suchý, neznečistěný",neztížené,dobré,žádné nebo žádné z uvedených,uzel (křižovatka sledovaná ve vybraných městech),,,jízdní kolo,Brno-střed,muž,Nezjišťován,čtvrtek,září,Zábrdovice,,,,,,,,lehké zranění,"bez přilby (pouze u motocyklistů, příp. cyklistů)",řidičem nemotorového vozidla,"v noci - s veřejným osvětlením, viditelnost nezhoršená vlivem povětrnostních podmínek",na jízdním pruhu,řidič,pod vlivem alkoholu obsah alkoholu v krvi 1 ‰ a víc,noc,,1,71247,1,71247,1,71247,4,54,1,1960,1,60,2014,0,0,1,0,0,1,21,1,2155,9,-1160445.608,-597689.423,60206141728,2014/09/04 00:00:00+00,0,0,000cad8b-1b12-4621-b388-39c7b24f51e7
-598277.291999999,-1161293.274,105,Brno-střed,ne,nepřiměřená rychlost jízdy,havárie,nehoda s následky na životě nebo zdraví,nepřizpůsobení rychlosti vlastnostem vozidla a nákladu,"povrch suchý, neznečistěný",neztížené,dobré,žádné nebo žádné z uvedených,komunikace sledovaná (ve vybraných městech),,,jízdní kolo,Brno-střed,muž,Ne,úterý,září,Město Brno,,,,,,,,těžké zranění,"bez přilby (pouze u motocyklistů, příp. cyklistů)",řidičem nemotorového vozidla,"ve dne, viditelnost nezhoršená vlivem povětrnostních podmínek",na jízdním pruhu,řidič,dobrý -žádné nepříznivé okolnosti nebyly zjiště,den,,0,71255,1,71255,1,71255,2,22,1,1992,1,92,2014,1,0,0,1,0,1,9,1,945,9,-1161293.274,-598277.292,60206141869,2014/09/23 00:00:00+00,2000,2000,c4e82702-2148-472a-b6bf-960251a24565
-599110.258000001,-1161094.193,106,Brno-střed,ne,nesprávný způsob jízdy,havárie,nehoda s následky na životě nebo zdraví,řidič se plně nevěnoval řízení vozidla,"povrch suchý, neznečistěný",neztížené,dobré,žádné nebo žádné z uvedených,uzel (křižovatka sledovaná ve vybraných městech),,,jízdní kolo,Brno-střed,žena,Ne,pátek,září,Staré Brno,,,,,,,,lehké zranění,"bez přilby (pouze u motocyklistů, příp. cyklistů)",řidičem nemotorového vozidla,"v noci - s veřejným osvětlením, viditelnost nezhoršená vlivem povětrnostních podmínek",na jízdním pruhu,řidič,dobrý -žádné nepříznivé okolnosti nebyly zjiště,den,,1,71258,1,71258,1,71258,5,24,1,1990,1,90,2014,0,0,1,0,0,1,18,1,1820,9,-1161094.193,-599110.258,60206141907,2014/09/26 00:00:00+00,2000,2000,e902b99a-a0c8-4159-a5c9-85c47cadd2b6
-599202.056000002,-1161667.522,107,Brno-střed,nezjišťováno,nedání přenosti v jízdě,srážka s jedoucím nekolejovým vozidlem,nehoda s následky na životě nebo zdraví,při odbočování vlevo,"povrch suchý, neznečistěný",neztížené,dobré,"výjezd z parkoviště, lesní cesty apod. (pol.36=7,8)",komunikace sledovaná (ve vybraných městech),,,jízdní kolo,Brno-střed,muž,Nezjišťován,středa,prosinec,Štýřice,,,,,,,,lehké zranění,"bez přilby (pouze u motocyklistů, příp. cyklistů)",řidičem motorového vozidla,"ve dne, viditelnost nezhoršená vlivem povětrnostních podmínek",na jízdním pruhu,řidič,dobrý -žádné nepříznivé okolnosti nebyly zjiště,den,,1,71269,1,71269,1,71269,3,25,1,1989,1,89,2014,0,0,1,0,0,2,8,1,850,12,-1161667.522,-599202.056,60206142489,2014/12/10 00:00:00+00,21000,20000,27a1e545-c665-404d-9476-b3bea9705c04
-598973.254999999,-1160873.565,108,Brno-střed,ano,nesprávný způsob jízdy,"srážka s vozidlem zaparkovaným, odstaveným",nehoda s následky na životě nebo zdraví,nezvládnutí řízení vozidla,"povrch suchý, neznečistěný",neztížené,dobré,žádné nebo žádné z uvedených,komunikace místní,,,jízdní kolo,Brno-střed,muž,"Ano, obsah alkoholu v krvi 1,5‰ a více",pondělí,únor,Město Brno,,,,,,,,lehké zranění,"bez přilby (pouze u motocyklistů, příp. cyklistů)",řidičem nemotorového vozidla,"v noci - s veřejným osvětlením, viditelnost nezhoršená vlivem povětrnostních podmínek",na jízdním pruhu,řidič,pod vlivem alkoholu obsah alkoholu v krvi 1 ‰ a víc,noc,,1,71272,1,71272,1,71272,1,30,1,1985,1,85,2015,0,0,1,0,0,1,1,1,100,2,-1160873.565,-598973.255,60206150193,2015/02/02 00:00:00+00,11000,10000,5548bcbb-ca6f-492b-966c-8822514b82b4
-598882.094999999,-1160703.901,109,Brno-střed,ano,nepřiměřená rychlost jízdy,havárie,nehoda s následky na životě nebo zdraví,"nepřizpůsobení rychlosti dopravně technickému stavu vozovky (zatáčka, klesání, stoupání, šířka vozovky apod.)","povrch suchý, neznečistěný",neztížené,dobré,žádné nebo žádné z uvedených,komunikace místní,,,jízdní kolo,Brno-střed,muž,"Ano, obsah alkoholu v krvi 1,5‰ a více",úterý,duben,Město Brno,,,,,,,,lehké zranění,"s přilbou (pouze u motocyklistů, příp. cyklistů)",řidičem nemotorového vozidla,"ve dne, viditelnost nezhoršená vlivem povětrnostních podmínek",na jízdním pruhu,řidič,pod vlivem alkoholu obsah alkoholu v krvi 1 ‰ a víc,den,,1,71282,1,71282,1,71282,2,47,1,1968,1,68,2015,0,0,1,0,0,1,19,1,1930,4,-1160703.901,-598882.095,60206150635,2015/04/14 00:00:00+00,6000,5000,175c0dc7-c81d-4350-9fb3-967be6e6e98a
-599058.475000001,-1160685.029,110,Brno-střed,ano,nesprávný způsob jízdy,havárie,nehoda s následky na životě nebo zdraví,"jízda (vjetí) jednosměrnou ulicí, silnicí (v protisměru)","povrch suchý, neznečistěný",neztížené,dobré,žádné nebo žádné z uvedených,komunikace místní,,,jízdní kolo,Brno-střed,muž,"Ano, obsah alkoholu v krvi 1,5‰ a více",středa,duben,Město Brno,,,,,,,,bez zraněn,"bez přilby (pouze u motocyklistů, příp. cyklistů)",řidičem nemotorového vozidla,"v noci - s veřejným osvětlením, viditelnost nezhoršená vlivem povětrnostních podmínek",na jízdním pruhu,ostatní spolucestující (i v postranním vozíku motocyklu),pod vlivem alkoholu obsah alkoholu v krvi 1 ‰ a víc,noc,,0,71283,1,71283,1,71283,3,35,1,1980,1,80,2015,0,0,1,0,0,1,1,0,100,4,-1160685.029,-599058.475,60206150636,2015/04/15 00:00:00+00,2000,2000,b06b4168-8d93-4a30-ae6d-2dcda003208c
-599058.475000001,-1160685.029,111,Brno-střed,ano,nesprávný způsob jízdy,havárie,nehoda s následky na životě nebo zdraví,"jízda (vjetí) jednosměrnou ulicí, silnicí (v protisměru)","povrch suchý, neznečistěný",neztížené,dobré,žádné nebo žádné z uvedených,komunikace místní,,,jízdní kolo,Brno-střed,žena,"Ano, obsah alkoholu v krvi 1,5‰ a více",středa,duben,Město Brno,,,,,,,,lehké zranění,"bez přilby (pouze u motocyklistů, příp. cyklistů)",řidičem nemotorového vozidla,"v noci - s veřejným osvětlením, viditelnost nezhoršená vlivem povětrnostních podmínek",na jízdním pruhu,řidič,pod vlivem alkoholu obsah alkoholu v krvi 1 ‰ a víc,noc,,1,71284,1,71284,1,71284,3,35,1,1980,1,80,2015,0,0,1,0,0,1,1,0,100,4,-1160685.029,-599058.475,60206150636,2015/04/15 00:00:00+00,2000,2000,d3a62477-19c5-4c24-933c-2cd95b537af5
-598558.548,-1161376.279,112,Brno-střed,ne,nesprávný způsob jízdy,havárie,nehoda s následky na životě nebo zdraví,řidič se plně nevěnoval řízení vozidla,"povrch suchý, neznečistěný",neztížené,dobré,žádné nebo žádné z uvedených,komunikace sledovaná (ve vybraných městech),,,jízdní kolo,Brno-střed,muž,Ne,pondělí,duben,Staré Brno,,,,,,,,lehké zranění,"s přilbou (pouze u motocyklistů, příp. cyklistů)",řidičem nemotorového vozidla,"ve dne, zhoršená viditelnost (svítání, soumrak)",na kolejích tramvaje,řidič,dobrý -žádné nepříznivé okolnosti nebyly zjiště,den,,1,71287,1,71287,1,71287,1,39,1,1976,1,76,2015,0,0,1,0,0,1,20,1,2025,4,-1161376.279,-598558.548,60206150731,2015/04/27 00:00:00+00,2000,2000,60e7edf0-e758-49f1-a523-e1a2df323290
-599138.346000001,-1160490.47,113,Brno-střed,ne,nesprávný způsob jízdy,srážka s jedoucím nekolejovým vozidlem,nehoda s následky na životě nebo zdraví,řidič se plně nevěnoval řízení vozidla,"povrch suchý, neznečistěný",neztížené,dobré,parkoviště přiléhající ke komunikaci,komunikace sledovaná (ve vybraných městech),,,jízdní kolo,Brno-střed,muž,Ne,pondělí,květen,Staré Brno,,,,,,,,lehké zranění,"s přilbou (pouze u motocyklistů, příp. cyklistů)",řidičem motorového vozidla,"ve dne, viditelnost nezhoršená vlivem povětrnostních podmínek",na jízdním pruhu,řidič,dobrý -žádné nepříznivé okolnosti nebyly zjiště,den,,1,71289,1,71289,1,71289,1,21,1,1994,1,94,2015,0,0,1,0,0,2,19,1,1945,5,-1160490.47,-599138.346,60206150795,2015/05/11 00:00:00+00,30000,10000,d3fbe63a-22a0-4fe4-a4f1-34b53cdb279c
-598411.576000001,-1160965.506,114,Brno-střed,ne,nesprávný způsob jízdy,havárie,nehoda s následky na životě nebo zdraví,nezvládnutí řízení vozidla,"povrch suchý, neznečistěný",neztížené,dobré,žádné nebo žádné z uvedených,komunikace sledovaná (ve vybraných městech),,,jízdní kolo,Brno-střed,muž,Ne,středa,květen,Město Brno,,,,,,,,lehké zranění,"bez přilby (pouze u motocyklistů, příp. cyklistů)",řidičem nemotorového vozidla,"ve dne, viditelnost nezhoršená vlivem povětrnostních podmínek",na jízdním pruhu,řidič,dobrý -žádné nepříznivé okolnosti nebyly zjiště,den,,1,71294,1,71294,1,71294,3,35,1,1980,1,80,2015,0,0,1,0,0,1,9,1,900,5,-1160965.506,-598411.576,60206150872,2015/05/20 00:00:00+00,0,0,ceaec084-fb6a-4681-bf86-f242d32e1831
-597314.206,-1161236.03,115,Brno-střed,ne,nedání přenosti v jízdě,srážka s jedoucím nekolejovým vozidlem,nehoda s následky na životě nebo zdraví,proti příkazu dopravní značky DEJ PŘEDNOST,"povrch suchý, neznečistěný",neztížené,dobré,žádné nebo žádné z uvedených,uzel (křižovatka sledovaná ve vybraných městech),,,jízdní kolo,Brno-střed,muž,Ne,pondělí,květen,Trnitá,,,,,,,,lehké zranění,"s přilbou (pouze u motocyklistů, příp. cyklistů)",řidičem motorového vozidla,"ve dne, viditelnost nezhoršená vlivem povětrnostních podmínek",na jízdním pruhu,řidič,dobrý -žádné nepříznivé okolnosti nebyly zjiště,den,,1,71295,1,71295,1,71295,1,26,1,1989,1,89,2015,0,0,1,0,0,2,6,1,600,5,-1161236.03,-597314.206,60206150891,2015/05/25 00:00:00+00,15000,10000,e91cb871-dcdb-4ec4-9048-d985ef50a438
-599093.918000001,-1161050.838,116,Brno-střed,ne,nedání přenosti v jízdě,srážka s jedoucím nekolejovým vozidlem,nehoda s následky na životě nebo zdraví,při odbočování vlevo,"povrch suchý, neznečistěný",neztížené,dobré,žádné nebo žádné z uvedených,uzel (křižovatka sledovaná ve vybraných městech),,,jízdní kolo,Brno-střed,muž,Ne,pondělí,červen,Staré Brno,,,,,,,,těžké zranění,"s přilbou (pouze u motocyklistů, příp. cyklistů)",řidičem motorového vozidla,"ve dne, viditelnost nezhoršená vlivem povětrnostních podmínek",na jízdním pruhu,řidič,dobrý -žádné nepříznivé okolnosti nebyly zjiště,den,,0,71298,1,71298,1,71298,1,39,1,1976,1,76,2015,1,0,0,1,0,2,7,1,730,6,-1161050.838,-599093.918,60206150928,2015/06/01 00:00:00+00,16000,5000,afc07f7f-079f-43f4-9226-672188cf821d
-599248.852000002,-1161564.317,117,Brno-střed,ne,nedání přenosti v jízdě,jiný druh nehody,nehoda s následky na životě nebo zdraví,proti příkazu dopravní značky DEJ PŘEDNOST,"povrch suchý, neznečistěný",neztížené,dobré,v blízkosti přechodu pro chodce (do vzdálenosti 20 m),komunikace sledovaná (ve vybraných městech),,,jízdní kolo,Brno-střed,muž,Ne,pondělí,červen,Staré Brno,,,,,,,,lehké zranění,"s přilbou (pouze u motocyklistů, příp. cyklistů)",řidičem motorového vozidla,"ve dne, viditelnost nezhoršená vlivem povětrnostních podmínek",na jízdním pruhu,řidič,dobrý -žádné nepříznivé okolnosti nebyly zjiště,den,,1,71299,1,71299,1,71299,1,43,1,1972,1,72,2015,0,0,1,0,0,2,13,1,1350,6,-1161564.317,-599248.852,60206150935,2015/06/01 00:00:00+00,44000,40000,d538553e-9b63-4c1f-b479-8380aa3f2c5d
-598382.221999999,-1161323.986,118,Brno-střed,ne,nesprávný způsob jízdy,"srážka s vozidlem zaparkovaným, odstaveným",nehoda pouze s hmotnou škodou,řidič se plně nevěnoval řízení vozidla,"povrch suchý, neznečistěný",neztížené,dobré,parkoviště přiléhající ke komunikaci,komunikace místní,,,jízdní kolo,Brno-střed,muž,Ne,pondělí,červen,Staré Brno,,,,,,,,bez zraněn,"bez přilby (pouze u motocyklistů, příp. cyklistů)",řidičem nemotorového vozidla,"ve dne, viditelnost nezhoršená vlivem povětrnostních podmínek",na jízdním pruhu,řidič,"pod vlivem alkoholu, obsah alkoholu v krvi do 0,99 ‰",den,,0,71300,1,71300,1,71300,1,37,1,1978,1,78,2015,0,0,0,0,0,2,20,1,2050,6,-1161323.986,-598382.222,60206150939,2015/06/01 00:00:00+00,15000,15000,b7880a20-3415-4582-a179-5dbe624b0735
-598382.221999999,-1161323.986,119,Brno-střed,ne,nesprávný způsob jízdy,"srážka s vozidlem zaparkovaným, odstaveným",nehoda pouze s hmotnou škodou,řidič se plně nevěnoval řízení vozidla,"povrch suchý, neznečistěný",neztížené,dobré,parkoviště přiléhající ke komunikaci,komunikace místní,,,jízdní kolo,Brno-střed,muž,Ne,pondělí,červen,Staré Brno,,,,,,,,bez zraněn,"bez přilby (pouze u motocyklistů, příp. cyklistů)",řidičem nemotorového vozidla,"ve dne, viditelnost nezhoršená vlivem povětrnostních podmínek",na jízdním pruhu,řidič,dobrý -žádné nepříznivé okolnosti nebyly zjiště,den,,0,71301,1,71301,1,71301,1,25,1,1990,1,90,2015,0,0,0,0,0,1,20,1,2050,6,-1161323.986,-598382.222,60206150939,2015/06/01 00:00:00+00,15000,15000,6d0a29d0-1983-4fd4-a751-7856730999ba
-598420.032000002,-1160959.828,120,Brno-střed,ne,nepřiměřená rychlost jízdy,srážka s jedoucím nekolejovým vozidlem,nehoda s následky na životě nebo zdraví,"nepřizpůsobení rychlosti stavu vozovky (náledí, výtluky, bláto, mokrý povrch apod.)",povrch mokrý,neztížené,dobré,žádné nebo žádné z uvedených,komunikace sledovaná (ve vybraných městech),,,jízdní kolo,Brno-střed,muž,Ne,pondělí,červen,Město Brno,,,,,,,,bez zraněn,"s přilbou (pouze u motocyklistů, příp. cyklistů)",řidičem motorového vozidla,"ve dne, viditelnost nezhoršená vlivem povětrnostních podmínek",na jízdním pruhu,řidič,dobrý -žádné nepříznivé okolnosti nebyly zjiště,den,,0,71308,1,71308,1,71308,1,44,1,1971,1,71,2015,0,0,0,1,0,2,12,1,1205,6,-1160959.828,-598420.032,60206151041,2015/06/15 00:00:00+00,10000,0,628f3b18-5fc2-4a08-98d1-b8f0cd76fa4c