X,Y,objectid_1,zuj,alkohol_vinik,hlavni_pricina,srazka,nasledky,pricina,stav_vozovky,povetrnostni_podm,rozhled,misto_nehody,druh_komun,pneumatiky,druh_pohonu,druh_vozidla,mestska_cast,pohlavi,alkohol,den_v_tydnu,mesic_t,katastr,chovani_chodce,stav_chodce,drogy_chodec,alkohol_chodec,osobni_prepravnik,reflexni_prvky,kategorie_chodce,nasledek,ozn_osoba,zavineni,viditelnost,situovani,osoba,stav_ridic,doba,smrt_po,lz,target_fid_1,join_count_1,objectid,join_count,target_fid,den,vek,smrt_dny,rok_nar,p48a,p59d,rok,tz,smrt,lehce_zran_os,tezce_zran_os,usmrceno_os,id_vozidla,hodina,ovlivneni_ridice,cas,mesic,e,d,id_nehody,datum,hmotna_skoda_1,skoda_vozidlo,globalid
-599466.719000001,-1161395.524,121,Brno-střed,ne,nepřiměřená rychlost jízdy,srážka s jedoucím nekolejovým vozidlem,nehoda s následky na životě nebo zdraví,"nepřizpůsobení rychlosti dopravně technickému stavu vozovky (zatáčka, klesání, stoupání, šířka vozovky apod.)","povrch suchý, neznečistěný",neztížené,dobré,žádné nebo žádné z uvedených,komunikace místní,,,jízdní kolo,Brno-střed,muž,Ne,čtvrtek,červen,Staré Brno,,,,,,,,lehké zranění,"bez přilby (pouze u motocyklistů, příp. cyklistů)",řidičem nemotorového vozidla,"ve dne, viditelnost nezhoršená vlivem povětrnostních podmínek",na jízdním pruhu,řidič,dobrý -žádné nepříznivé okolnosti nebyly zjiště,den,,1,71315,1,71315,1,71315,4,54,1,1961,1,61,2015,0,0,1,0,0,1,13,1,1345,6,-1161395.524,-599466.719,60206151123,2015/06/25 00:00:00+00,21000,1000,e37ca812-7b9a-42b7-93b3-7762af914691
-597997.693,-1161247.213,122,Brno-střed,ano,nesprávný způsob jízdy,srážka s pevnou překážkou,nehoda s následky na životě nebo zdraví,nezvládnutí řízení vozidla,"povrch suchý, neznečistěný",neztížené,dobré,žádné nebo žádné z uvedených,komunikace sledovaná (ve vybraných městech),,,jízdní kolo,Brno-střed,muž,"Ano, obsah alkoholu v krvi 1,5‰ a více",pátek,červen,Město Brno,,,,,,,,těžké zranění,"s přilbou (pouze u motocyklistů, příp. cyklistů)",řidičem nemotorového vozidla,"v noci - s veřejným osvětlením, viditelnost nezhoršená vlivem povětrnostních podmínek",na chodníku nebo ostrůvku,řidič,pod vlivem alkoholu obsah alkoholu v krvi 1 ‰ a víc,noc,,0,71317,1,71317,1,71317,5,33,1,1982,1,82,2015,1,0,0,1,0,1,4,1,40,6,-1161247.213,-597997.693,60206151132,2015/06/26 00:00:00+00,1000,500,2ff58b09-76a4-45e8-aee8-c5b1470b2d3e
-597429.225000001,-1160348.793,123,Brno-střed,ne,nesprávný způsob jízdy,srážka s jedoucím nekolejovým vozidlem,nehoda s následky na životě nebo zdraví,řidič se plně nevěnoval řízení vozidla,"povrch suchý, neznečistěný",neztížené,dobré,parkoviště přiléhající ke komunikaci,komunikace místní,,,jízdní kolo,Brno-střed,chlapec (do 15 let),Ne,pondělí,červenec,Zábrdovice,,,,,,,,lehké zranění,"bez přilby (pouze u motocyklistů, příp. cyklistů)",řidičem nemotorového vozidla,"ve dne, viditelnost nezhoršená vlivem povětrnostních podmínek",na jízdním pruhu,řidič,dobrý -žádné nepříznivé okolnosti nebyly zjiště,den,,1,71322,1,71322,1,71322,1,14,1,2001,1,1,2015,0,0,1,0,0,1,14,1,1445,7,-1160348.793,-597429.225,60206151266,2015/07/13 00:00:00+00,1000,0,a074533d-1cd3-407b-9349-e624c441428b
-597595.355999999,-1160706.796,124,Brno-střed,ne,nedání přenosti v jízdě,srážka s jedoucím nekolejovým vozidlem,nehoda s následky na životě nebo zdraví,při odbočování vlevo,"povrch suchý, neznečistěný",neztížené,dobré,v blízkosti přechodu pro chodce (do vzdálenosti 20 m),uzel (křižovatka sledovaná ve vybraných městech),,,jízdní kolo,Brno-střed,muž,Ne,čtvrtek,srpen,Město Brno,,,,,,,,lehké zranění,"bez přilby (pouze u motocyklistů, příp. cyklistů)",řidičem motorového vozidla,"ve dne, viditelnost nezhoršená vlivem povětrnostních podmínek",na jízdním pruhu,řidič,dobrý -žádné nepříznivé okolnosti nebyly zjiště,den,,1,71333,1,71333,1,71333,4,31,1,1984,1,84,2015,0,0,1,0,0,2,6,1,655,8,-1160706.796,-597595.356,60206151437,2015/08/06 00:00:00+00,21000,1000,d37dcdef-45c3-4527-8edc-46363674ec22
-598135.984000001,-1160778.239,125,Brno-střed,ano,nesprávný způsob jízdy,srážka s chodcem,nehoda s následky na životě nebo zdraví,řidič se plně nevěnoval řízení vozidla,"povrch suchý, neznečistěný",neztížené,dobré,žádné nebo žádné z uvedených,komunikace sledovaná (ve vybraných městech),,,jízdní kolo,Brno-střed,muž,"Ano, obsah alkoholu v krvi do 0,24 ‰",čtvrtek,srpen,Město Brno,,,,,,,,bez zraněn,"s přilbou (pouze u motocyklistů, příp. cyklistů)",řidičem nemotorového vozidla,"v noci - s veřejným osvětlením, viditelnost nezhoršená vlivem povětrnostních podmínek",na kolejích tramvaje,řidič,"pod vlivem alkoholu, obsah alkoholu v krvi do 0,99 ‰",noc,,0,71334,1,71334,1,71334,4,34,1,1981,1,81,2015,0,0,1,0,0,1,21,1,2130,8,-1160778.239,-598135.984,60206151442,2015/08/06 00:00:00+00,0,0,0884bf33-7807-4356-a8f7-8c74244a6882
-599251.712000001,-1161579.22,126,Brno-střed,ano,nesprávný způsob jízdy,srážka s jedoucím nekolejovým vozidlem,nehoda s následky na životě nebo zdraví,řidič se plně nevěnoval řízení vozidla,"povrch suchý, neznečistěný",neztížené,dobré,žádné nebo žádné z uvedených,komunikace sledovaná (ve vybraných městech),,,jízdní kolo,Brno-střed,muž,"Ano, obsah alkoholu v krvi 1,5‰ a více",středa,srpen,Staré Brno,,,,,,,,lehké zranění,"s přilbou (pouze u motocyklistů, příp. cyklistů)",řidičem nemotorového vozidla,"ve dne, viditelnost nezhoršená vlivem povětrnostních podmínek",na jízdním pruhu,řidič,pod vlivem alkoholu obsah alkoholu v krvi 1 ‰ a víc,den,,1,71339,1,71339,1,71339,3,33,1,1982,1,82,2015,0,0,1,0,0,1,20,1,2005,8,-1161579.22,-599251.712,60206151490,2015/08/12 00:00:00+00,20500,500,c7e8a1ee-7ff6-4746-917d-b2d5b9a6eef3
-597656.692000002,-1160171.988,127,Brno-střed,ne,nepřiměřená rychlost jízdy,havárie,nehoda s následky na životě nebo zdraví,jiný druh nepřiměřené rychlosti,"povrch suchý, neznečistěný",neztížené,dobré,přechod pro chodce,uzel (křižovatka sledovaná ve vybraných městech),,,jízdní kolo,Brno-střed,muž,Ne,sobota,srpen,Zábrdovice,,,,,,,,lehké zranění,"bez přilby (pouze u motocyklistů, příp. cyklistů)",řidičem nemotorového vozidla,"ve dne, viditelnost nezhoršená vlivem povětrnostních podmínek",na jízdním pruhu,řidič,dobrý -žádné nepříznivé okolnosti nebyly zjiště,den,,1,71341,1,71341,1,71341,6,41,1,1974,1,74,2015,0,0,1,0,0,1,18,1,1845,8,-1160171.988,-597656.692,60206151501,2015/08/15 00:00:00+00,1000,1000,99e6fbee-0590-4d7a-b4af-56316b48a6dc
-597843.530000001,-1160762.87,128,Brno-střed,nezjišťováno,nesprávný způsob jízdy,havárie,nehoda s následky na životě nebo zdraví,řidič se plně nevěnoval řízení vozidla,"povrch suchý, neznečistěný",neztížené,dobré,žádné nebo žádné z uvedených,komunikace místní,,,jízdní kolo,Brno-střed,chlapec (do 15 let),Nezjišťován,pondělí,srpen,Město Brno,,,,,,,,lehké zranění,"bez přilby (pouze u motocyklistů, příp. cyklistů)",řidičem nemotorového vozidla,"ve dne, viditelnost nezhoršená vlivem povětrnostních podmínek",na jízdním pruhu,řidič,dobrý -žádné nepříznivé okolnosti nebyly zjiště,den,,1,71345,1,71345,1,71345,1,13,1,2002,1,2,2015,0,0,1,0,0,1,12,1,1235,8,-1160762.87,-597843.53,60206151553,2015/08/24 00:00:00+00,1000,1000,142c94a7-6271-49f2-b1c0-6c8aed002080
-598272.410999998,-1161405.435,129,Brno-střed,ne,nedání přenosti v jízdě,srážka s jedoucím nekolejovým vozidlem,nehoda s následky na životě nebo zdraví,při odbočování vlevo,"povrch suchý, neznečistěný",neztížené,dobré,v blízkosti přechodu pro chodce (do vzdálenosti 20 m),uzel (křižovatka sledovaná ve vybraných městech),,,jízdní kolo,Brno-střed,žena,Ne,čtvrtek,srpen,Město Brno,,,,,,,,lehké zranění,"s přilbou (pouze u motocyklistů, příp. cyklistů)",řidičem motorového vozidla,"ve dne, viditelnost nezhoršená vlivem povětrnostních podmínek",na jízdním pruhu,řidič,dobrý -žádné nepříznivé okolnosti nebyly zjiště,den,,1,71349,1,71349,1,71349,4,46,1,1969,1,69,2015,0,0,1,0,0,2,15,1,1515,8,-1161405.435,-598272.411,60206151578,2015/08/27 00:00:00+00,22000,2000,a8cf3879-dfc6-496a-85ec-070eb97735d8
-599078.991,-1160840.64,130,Brno-střed,ne,nesprávný způsob jízdy,srážka s chodcem,nehoda s následky na životě nebo zdraví,řidič se plně nevěnoval řízení vozidla,"povrch suchý, neznečistěný",neztížené,dobré,žádné nebo žádné z uvedených,komunikace sledovaná (ve vybraných městech),,,jízdní kolo,Brno-střed,muž,Ne,pondělí,září,Staré Brno,,,,,,,,bez zraněn,"bez přilby (pouze u motocyklistů, příp. cyklistů)",řidičem nemotorového vozidla,"v noci - s veřejným osvětlením, viditelnost nezhoršená vlivem povětrnostních podmínek",na chodníku nebo ostrůvku,řidič,dobrý -žádné nepříznivé okolnosti nebyly zjiště,noc,,0,71353,1,71353,1,71353,1,23,1,1992,1,92,2015,0,0,0,1,0,1,5,1,510,9,-1160840.64,-599078.991,60206151649,2015/09/07 00:00:00+00,1000,1000,4b61fa99-70c4-495f-89ed-09012d692d25
-599129.693999998,-1161113.901,131,Brno-střed,ne,nedání přenosti v jízdě,srážka s jedoucím nekolejovým vozidlem,nehoda s následky na životě nebo zdraví,při odbočování vlevo,"povrch suchý, neznečistěný",neztížené,dobré,"zastávka tramvaje, autobusu, trolejbusu bez nástup. ostrůvku",uzel (křižovatka sledovaná ve vybraných městech),,,jízdní kolo,Brno-střed,muž,Ne,čtvrtek,září,Staré Brno,,,,,,,,lehké zranění,"s přilbou (pouze u motocyklistů, příp. cyklistů)",řidičem motorového vozidla,"ve dne, zhoršená viditelnost (svítání, soumrak)",na jízdním pruhu,řidič,dobrý -žádné nepříznivé okolnosti nebyly zjiště,den,,1,71354,1,71354,1,71354,4,39,1,1976,1,76,2015,0,0,1,0,0,2,19,1,1940,9,-1161113.901,-599129.694,60206151684,2015/09/10 00:00:00+00,30000,20000,54edd778-e188-40fd-b571-d71caed4d392
-598803.703000002,-1161546.288,132,Brno-střed,ne,nepřiměřená rychlost jízdy,srážka s jedoucím nekolejovým vozidlem,nehoda s následky na životě nebo zdraví,nepřizpůsobení rychlosti intenzitě (hustotě) provozu,"povrch suchý, neznečistěný",neztížené,dobré,žádné nebo žádné z uvedených,komunikace místní,,,jízdní kolo,Brno-střed,muž,Ne,čtvrtek,září,Staré Brno,,,,,,,,lehké zranění,"bez přilby (pouze u motocyklistů, příp. cyklistů)",řidičem nemotorového vozidla,"ve dne, viditelnost nezhoršená vlivem povětrnostních podmínek",na jízdním pruhu,řidič,dobrý -žádné nepříznivé okolnosti nebyly zjiště,den,,1,71357,1,71357,1,71357,4,38,1,1977,1,77,2015,0,0,1,0,0,1,13,1,1355,9,-1161546.288,-598803.703,60206151736,2015/09/17 00:00:00+00,33000,3000,9e97187c-1ef0-4028-96b3-4af30b4d5298
-599094.579,-1161046.884,133,Brno-střed,ne,nesprávný způsob jízdy,srážka s jedoucím nekolejovým vozidlem,nehoda s následky na životě nebo zdraví,řidič se plně nevěnoval řízení vozidla,"povrch suchý, neznečistěný",neztížené,dobré,žádné nebo žádné z uvedených,uzel (křižovatka sledovaná ve vybraných městech),,,jízdní kolo,Brno-střed,muž,Ne,pondělí,listopad,Staré Brno,,,,,,,,lehké zranění,"s přilbou (pouze u motocyklistů, příp. cyklistů)",řidičem motorového vozidla,"ve dne, viditelnost nezhoršená vlivem povětrnostních podmínek",na jízdním pruhu,řidič,dobrý -žádné nepříznivé okolnosti nebyly zjiště,den,,1,71365,1,71365,1,71365,1,43,1,1972,1,72,2015,0,0,1,0,0,2,7,1,740,11,-1161046.884,-599094.579,60206152072,2015/11/02 00:00:00+00,5000,5000,77e87b9c-5118-4458-9df4-7698b9372e3e
-598267.096000001,-1160331.288,134,Brno-střed,ano,nesprávný způsob jízdy,"srážka s vozidlem zaparkovaným, odstaveným",nehoda pouze s hmotnou škodou,řidič se plně nevěnoval řízení vozidla,"povrch suchý, neznečistěný",neztížené,dobré,v blízkosti přechodu pro chodce (do vzdálenosti 20 m),komunikace sledovaná (ve vybraných městech),,,jízdní kolo,Brno-střed,muž,"Ano, obsah alkoholu v krvi od 1,0‰ do 1,5‰",sobota,březen,Město Brno,,,,,,,,bez zraněn,"bez přilby (pouze u motocyklistů, příp. cyklistů)",řidičem nemotorového vozidla,"ve dne, viditelnost nezhoršená vlivem povětrnostních podmínek",na jízdním pruhu,řidič,pod vlivem alkoholu obsah alkoholu v krvi 1 ‰ a víc,den,,0,71378,1,71378,1,71378,6,29,1,1987,1,87,2016,0,0,0,0,0,1,16,1,1600,3,-1160331.288,-598267.096,60206160381,2016/03/05 00:00:00+00,1000,0,71acb228-6765-462d-ad89-a374d57a3241
-599205.872000001,-1161749.873,135,Brno-střed,ne,nesprávný způsob jízdy,havárie,nehoda s následky na životě nebo zdraví,řidič se plně nevěnoval řízení vozidla,"povrch suchý, neznečistěný",neztížené,dobré,žádné nebo žádné z uvedených,komunikace sledovaná (ve vybraných městech),,,jízdní kolo,Brno-střed,muž,Ne,pondělí,duben,Štýřice,,,,,,,,lehké zranění,"bez přilby (pouze u motocyklistů, příp. cyklistů)",řidičem nemotorového vozidla,"ve dne, viditelnost nezhoršená vlivem povětrnostních podmínek",na jízdním pruhu,řidič,dobrý -žádné nepříznivé okolnosti nebyly zjiště,den,,1,71382,1,71382,1,71382,1,55,1,1961,1,61,2016,0,0,1,0,0,1,13,1,1330,4,-1161749.873,-599205.872,60206160546,2016/04/04 00:00:00+00,1000,1000,955caaff-85af-433f-bee6-2a015a24e4cb
-597561.914999999,-1160101.355,136,Brno-střed,ne,nepřiměřená rychlost jízdy,havárie,nehoda s následky na životě nebo zdraví,"nepřizpůsobení rychlosti dopravně technickému stavu vozovky (zatáčka, klesání, stoupání, šířka vozovky apod.)","povrch suchý, neznečistěný",neztížené,dobré,žádné nebo žádné z uvedených,komunikace sledovaná (ve vybraných městech),,,jízdní kolo,Brno-střed,muž,Ne,pátek,duben,Zábrdovice,,,,,,,,lehké zranění,"s přilbou (pouze u motocyklistů, příp. cyklistů)",řidičem nemotorového vozidla,"ve dne, viditelnost nezhoršená vlivem povětrnostních podmínek",na jízdním pruhu,řidič,dobrý -žádné nepříznivé okolnosti nebyly zjiště,den,,1,71386,1,71386,1,71386,5,29,1,1987,1,87,2016,0,0,1,0,0,1,9,1,940,4,-1160101.355,-597561.915,60206160574,2016/04/08 00:00:00+00,6000,5000,aa042acb-8b0c-4331-b9f3-54d8327cef62
-597824.226,-1160664.956,137,Brno-střed,nezjišťováno,nezaviněno řidičem,srážka s chodcem,nehoda s následky na životě nebo zdraví,nezaviněná řidičem,"povrch suchý, neznečistěný",neztížené,dobré,žádné nebo žádné z uvedených,komunikace místní,,,jízdní kolo,Brno-střed,muž,Nezjišťován,středa,duben,Město Brno,,,,,,,,lehké zranění,"bez přilby (pouze u motocyklistů, příp. cyklistů)",chodcem,"ve dne, viditelnost nezhoršená vlivem povětrnostních podmínek",na jízdním pruhu,řidič,dobrý -žádné nepříznivé okolnosti nebyly zjiště,den,,1,71388,1,71388,1,71388,3,23,1,1993,1,93,2016,0,0,1,0,0,1,17,1,1755,4,-1160664.956,-597824.226,60206160658,2016/04/20 00:00:00+00,1000,1000,9253fb71-74ed-4467-bafc-ba871a5a5946
-598919.620999999,-1161056.667,138,Brno-střed,ne,nesprávný způsob jízdy,"srážka s vozidlem zaparkovaným, odstaveným",nehoda s následky na životě nebo zdraví,řidič se plně nevěnoval řízení vozidla,"povrch suchý, neznečistěný",neztížené,dobré,žádné nebo žádné z uvedených,komunikace sledovaná (ve vybraných městech),,,jízdní kolo,Brno-střed,muž,Ne,sobota,duben,Staré Brno,,,,,,,,těžké zranění,"bez přilby (pouze u motocyklistů, příp. cyklistů)",řidičem motorového vozidla,"ve dne, zhoršená viditelnost (svítání, soumrak)",na jízdním pruhu,řidič,dobrý -žádné nepříznivé okolnosti nebyly zjiště,den,1,0,71390,1,71390,1,71390,6,56,4,1960,1,60,2016,1,0,0,1,0,2,20,4,2017,4,-1161056.667,-598919.621,60206160686,2016/04/23 00:00:00+00,7000,2000,29f7a8bd-7790-419a-96f7-fa31d877d671
-598101.223000001,-1160770.926,139,Brno-střed,ne,nesprávný způsob jízdy,jiný druh nehody,nehoda s následky na životě nebo zdraví,řidič se plně nevěnoval řízení vozidla,"povrch suchý, neznečistěný",neztížené,dobré,žádné nebo žádné z uvedených,uzel (křižovatka sledovaná ve vybraných městech),,,jízdní kolo,Brno-střed,muž,Ne,pátek,duben,Město Brno,,,,,,,,lehké zranění,"s přilbou (pouze u motocyklistů, příp. cyklistů)",řidičem nemotorového vozidla,"ve dne, viditelnost nezhoršená vlivem povětrnostních podmínek",žádné z uvedenýc,řidič,dobrý -žádné nepříznivé okolnosti nebyly zjiště,den,,1,71393,1,71393,1,71393,5,23,1,1993,1,93,2016,0,0,2,0,0,1,10,1,1035,4,-1160770.926,-598101.223,60206160719,2016/04/29 00:00:00+00,2000,2000,a3f586e1-6b2a-4a9e-83b7-1d6143429c87
-598979.028000001,-1161061.645,140,Brno-střed,nezjišťováno,nezaviněno řidičem,jiný druh nehody,nehoda s následky na životě nebo zdraví,nezaviněná řidičem,"povrch suchý, neznečistěný",neztížené,dobré,žádné nebo žádné z uvedených,komunikace sledovaná (ve vybraných městech),,,jízdní kolo,Brno-střed,muž,Nezjišťován,čtvrtek,květen,Staré Brno,,,,,,,,lehké zranění,"s přilbou (pouze u motocyklistů, příp. cyklistů)",jiné zaviněn,"ve dne, viditelnost nezhoršená vlivem povětrnostních podmínek",na jízdním pruhu,řidič,dobrý -žádné nepříznivé okolnosti nebyly zjiště,den,,1,71394,1,71394,1,71394,4,43,1,1973,1,73,2016,0,0,1,0,0,1,14,1,1420,5,-1161061.645,-598979.028,60206160758,2016/05/05 00:00:00+00,10000,10000,b499faa0-b34f-43a5-8902-d4f67256a68c
-599653.381000001,-1161735.822,141,Brno-střed,nezjišťováno,nesprávé předjíždění,srážka s jedoucím nekolejovým vozidlem,nehoda s následky na životě nebo zdraví,"při předjíždění došlo k ohrožení předjížděného řidiče vozidla (vynucované zařazení, předjížděný řidič musel prudce brzdit, měnit směr jízdy apod.)","povrch suchý, neznečistěný",neztížené,dobré,žádné nebo žádné z uvedených,komunikace místní,,,jízdní kolo,Brno-střed,žena,Nezjišťován,sobota,květen,Štýřice,,,,,,,,lehké zranění,"bez přilby (pouze u motocyklistů, příp. cyklistů)",řidičem motorového vozidla,"ve dne, viditelnost nezhoršená vlivem povětrnostních podmínek",na jízdním pruhu,řidič,dobrý -žádné nepříznivé okolnosti nebyly zjiště,den,,1,71395,1,71395,1,71395,6,27,1,1989,1,89,2016,0,0,1,0,0,2,9,1,930,5,-1161735.822,-599653.381,60206160769,2016/05/07 00:00:00+00,3000,0,0cdc0012-7bff-488b-9cf6-328ead4a7e50
-598886.300000001,-1160218.651,142,Brno-střed,ano,nesprávný způsob jízdy,"srážka s vozidlem zaparkovaným, odstaveným",nehoda s následky na životě nebo zdraví,řidič se plně nevěnoval řízení vozidla,"povrch suchý, neznečistěný",neztížené,dobré,žádné nebo žádné z uvedených,komunikace místní,,,jízdní kolo,Brno-střed,muž,"Ano, obsah alkoholu v krvi 1,5‰ a více",středa,květen,Veveří,,,,,,,,těžké zranění,"bez přilby (pouze u motocyklistů, příp. cyklistů)",řidičem nemotorového vozidla,"v noci - s veřejným osvětlením, viditelnost nezhoršená vlivem povětrnostních podmínek",na jízdním pruhu,řidič,pod vlivem alkoholu obsah alkoholu v krvi 1 ‰ a víc,noc,,0,71397,1,71397,1,71397,3,39,1,1977,1,77,2016,1,0,0,1,0,1,22,1,2250,5,-1160218.651,-598886.3,60206160812,2016/05/11 00:00:00+00,21000,20000,80c3b03e-df13-458e-b10f-f487c6601b02
-599120.493000001,-1160577.416,143,Brno-střed,ne,nedání přenosti v jízdě,jiný druh nehody,nehoda s následky na životě nebo zdraví,při odbočování vlevo,povrch mokrý,neztížené,dobré,žádné nebo žádné z uvedených,komunikace sledovaná (ve vybraných městech),,,jízdní kolo,Brno-střed,muž,Ne,čtvrtek,květen,Staré Brno,,,,,,,,lehké zranění,"bez přilby (pouze u motocyklistů, příp. cyklistů)",řidičem motorového vozidla,"ve dne, viditelnost nezhoršená vlivem povětrnostních podmínek",na jízdním pruhu,řidič,dobrý -žádné nepříznivé okolnosti nebyly zjiště,den,,1,71398,1,71398,1,71398,4,33,1,1983,1,83,2016,0,0,1,0,0,2,17,1,1750,5,-1160577.416,-599120.493,60206160823,2016/05/12 00:00:00+00,6000,1000,2dbc8ea8-006a-4161-9fb1-df14045759be
-598643.620999999,-1162004.104,144,Brno-střed,ne,nesprávný způsob jízdy,havárie,nehoda s následky na životě nebo zdraví,řidič se plně nevěnoval řízení vozidla,"povrch suchý, neznečistěný",neztížené,dobré,žádné nebo žádné z uvedených,komunikace místní,,,jízdní kolo,Brno-střed,chlapec (do 15 let),Ne,sobota,květen,Štýřice,,,,,,,,lehké zranění,"s přilbou (pouze u motocyklistů, příp. cyklistů)",řidičem nemotorového vozidla,"ve dne, viditelnost nezhoršená vlivem povětrnostních podmínek",na jízdním pruhu,řidič,dobrý -žádné nepříznivé okolnosti nebyly zjiště,den,,1,71401,1,71401,1,71401,6,14,1,2002,1,2,2016,0,0,1,0,0,1,11,1,1145,5,-1162004.104,-598643.621,60206160887,2016/05/21 00:00:00+00,0,0,703d5c6d-97b7-4de8-afe9-4c1ddd86000f
-599108.489,-1161062.282,145,Brno-střed,ne,nedání přenosti v jízdě,srážka s jedoucím nekolejovým vozidlem,nehoda s následky na životě nebo zdraví,při odbočování vlevo,"povrch suchý, neznečistěný",neztížené,dobré,žádné nebo žádné z uvedených,uzel (křižovatka sledovaná ve vybraných městech),,,jízdní kolo,Brno-střed,muž,Ne,pátek,květen,Staré Brno,,,,,,,,lehké zranění,"bez přilby (pouze u motocyklistů, příp. cyklistů)",řidičem motorového vozidla,"ve dne, viditelnost nezhoršená vlivem povětrnostních podmínek",na jízdním pruhu,řidič,dobrý -žádné nepříznivé okolnosti nebyly zjiště,den,,1,71404,1,71404,1,71404,5,30,1,1986,1,86,2016,0,0,1,0,0,2,15,1,1515,5,-1161062.282,-599108.489,60206160935,2016/05/27 00:00:00+00,40000,10000,8737eb89-aa5e-427d-b0cc-72519504da56
-598985.631999999,-1161075.919,146,Brno-střed,ano,nepřiměřená rychlost jízdy,havárie,nehoda s následky na životě nebo zdraví,nepřizpůsobení rychlosti vlastnostem vozidla a nákladu,"povrch suchý, neznečistěný",neztížené,dobré,žádné nebo žádné z uvedených,komunikace sledovaná (ve vybraných městech),,,jízdní kolo,Brno-střed,muž,"Ano, obsah alkoholu v krvi 1,5‰ a více",neděle,červen,Staré Brno,,,,,,,,lehké zranění,"bez přilby (pouze u motocyklistů, příp. cyklistů)",řidičem nemotorového vozidla,"v noci - s veřejným osvětlením, viditelnost nezhoršená vlivem povětrnostních podmínek",na jízdním pruhu,řidič,pod vlivem alkoholu obsah alkoholu v krvi 1 ‰ a víc,noc,,1,71408,1,71408,1,71408,7,40,1,1976,1,76,2016,0,0,1,0,0,1,3,1,325,6,-1161075.919,-598985.632,60206160982,2016/06/05 00:00:00+00,0,0,628a8bea-ea3e-48ea-b135-b3d645033724
-598911.313999999,-1160195.138,147,Brno-střed,ano,nesprávný způsob jízdy,havárie,nehoda s následky na životě nebo zdraví,řidič se plně nevěnoval řízení vozidla,"povrch suchý, neznečistěný",neztížené,dobré,parkoviště přiléhající ke komunikaci,komunikace místní,,,jízdní kolo,Brno-střed,žena,"Ano, obsah alkoholu v krvi 1,5‰ a více",středa,červen,Veveří,,,,,,,,lehké zranění,"bez přilby (pouze u motocyklistů, příp. cyklistů)",řidičem nemotorového vozidla,"v noci - s veřejným osvětlením, viditelnost nezhoršená vlivem povětrnostních podmínek",na jízdním pruhu,řidič,pod vlivem alkoholu obsah alkoholu v krvi 1 ‰ a víc,noc,,1,71419,1,71419,1,71419,3,30,1,1986,1,86,2016,0,0,1,0,0,1,22,1,2250,6,-1160195.138,-598911.314,60206161161,2016/06/29 00:00:00+00,1000,1000,1399ff87-5a45-4cb3-9c3a-26732a6ac5ae
-598337.772,-1161144.117,148,Brno-střed,ne,nepřiměřená rychlost jízdy,havárie,nehoda s následky na životě nebo zdraví,nepřizpůsobení rychlosti vlastnostem vozidla a nákladu,"povrch suchý, neznečistěný",neztížené,dobré,žádné nebo žádné z uvedených,komunikace místní,,,jízdní kolo,Brno-střed,žena,Ne,úterý,červenec,Město Brno,,,,,,,,lehké zranění,"bez přilby (pouze u motocyklistů, příp. cyklistů)",řidičem nemotorového vozidla,"ve dne, viditelnost nezhoršená vlivem povětrnostních podmínek",na jízdním pruhu,řidič,dobrý -žádné nepříznivé okolnosti nebyly zjiště,den,,1,71427,1,71427,1,71427,2,20,1,1996,1,96,2016,0,0,1,0,0,1,14,1,1430,7,-1161144.117,-598337.772,60206161275,2016/07/19 00:00:00+00,2000,2000,e0418d09-9602-451e-96f2-dcbe4674a602
-597317.973999999,-1161283.161,149,Brno-střed,ne,nedání přenosti v jízdě,srážka s jedoucím nekolejovým vozidlem,nehoda s následky na životě nebo zdraví,"jízda na ""červenou"" 3-barevného semaforu","povrch suchý, neznečistěný",neztížené,dobré,žádné nebo žádné z uvedených,uzel (křižovatka sledovaná ve vybraných městech),,,jízdní kolo,Brno-střed,muž,Ne,sobota,červenec,Trnitá,,,,,,,,lehké zranění,"s přilbou (pouze u motocyklistů, příp. cyklistů)",řidičem nemotorového vozidla,"ve dne, viditelnost nezhoršená vlivem povětrnostních podmínek",na jízdním pruhu,řidič,dobrý -žádné nepříznivé okolnosti nebyly zjiště,den,,1,71430,1,71430,1,71430,6,33,1,1983,1,83,2016,0,0,1,0,0,1,11,1,1145,7,-1161283.161,-597317.974,60206161296,2016/07/23 00:00:00+00,12000,10000,cf4fede5-3f98-4fc1-8fb2-58582c618d9e