X,Y,objectid_1,zuj,alkohol_vinik,hlavni_pricina,srazka,nasledky,pricina,stav_vozovky,povetrnostni_podm,rozhled,misto_nehody,druh_komun,pneumatiky,druh_pohonu,druh_vozidla,mestska_cast,pohlavi,alkohol,den_v_tydnu,mesic_t,katastr,chovani_chodce,stav_chodce,drogy_chodec,alkohol_chodec,osobni_prepravnik,reflexni_prvky,kategorie_chodce,nasledek,ozn_osoba,zavineni,viditelnost,situovani,osoba,stav_ridic,doba,smrt_po,lz,target_fid_1,join_count_1,objectid,join_count,target_fid,den,vek,smrt_dny,rok_nar,p48a,p59d,rok,tz,smrt,lehce_zran_os,tezce_zran_os,usmrceno_os,id_vozidla,hodina,ovlivneni_ridice,cas,mesic,e,d,id_nehody,datum,hmotna_skoda_1,skoda_vozidlo,globalid
-597998.745000001,-1161246.093,150,Brno-střed,ne,nesprávný způsob jízdy,havárie,nehoda s následky na životě nebo zdraví,řidič se plně nevěnoval řízení vozidla,"povrch suchý, neznečistěný",neztížené,dobré,žádné nebo žádné z uvedených,komunikace sledovaná (ve vybraných městech),,,jízdní kolo,Brno-střed,muž,Ne,pátek,srpen,Město Brno,,,,,,,,lehké zranění,"s přilbou (pouze u motocyklistů, příp. cyklistů)",řidičem nemotorového vozidla,"v noci - s veřejným osvětlením, viditelnost nezhoršená vlivem povětrnostních podmínek",na jízdním pruhu,řidič,dobrý -žádné nepříznivé okolnosti nebyly zjiště,noc,,1,71441,1,71441,1,71441,5,38,1,1978,1,78,2016,0,0,1,0,0,1,4,1,435,8,-1161246.093,-597998.745,60206161439,2016/08/19 00:00:00+00,1000,1000,d1557b3e-7593-43af-90fc-c21754a25cd3
-598687.213,-1161872.989,151,Brno-střed,ne,nedání přenosti v jízdě,srážka s jedoucím nekolejovým vozidlem,nehoda s následky na životě nebo zdraví,"jízda na ""červenou"" 3-barevného semaforu","povrch suchý, neznečistěný",neztížené,dobré,žádné nebo žádné z uvedených,uzel (křižovatka sledovaná ve vybraných městech),,,jízdní kolo,Brno-střed,muž,Ne,pondělí,srpen,Staré Brno,,,,,,,,lehké zranění,"s přilbou (pouze u motocyklistů, příp. cyklistů)",řidičem nemotorového vozidla,"ve dne, viditelnost nezhoršená vlivem povětrnostních podmínek",na jízdním pruhu,řidič,dobrý -žádné nepříznivé okolnosti nebyly zjiště,den,,1,71443,1,71443,1,71443,1,21,1,1995,1,95,2016,0,0,1,0,0,1,18,1,1830,8,-1161872.989,-598687.213,60206161463,2016/08/22 00:00:00+00,51000,500,667a9674-5671-418b-8f89-bab10041a624
-598709.704,-1160435.867,152,Brno-střed,ne,nesprávný způsob jízdy,srážka s jedoucím nekolejovým vozidlem,nehoda s následky na životě nebo zdraví,řidič se plně nevěnoval řízení vozidla,"povrch suchý, neznečistěný",neztížené,dobré,žádné nebo žádné z uvedených,komunikace sledovaná (ve vybraných městech),,,jízdní kolo,Brno-střed,žena,Ne,středa,září,Veveří,,,,,,,,lehké zranění,"s přilbou (pouze u motocyklistů, příp. cyklistů)",řidičem motorového vozidla,"ve dne, viditelnost nezhoršená vlivem povětrnostních podmínek",na jízdním pruhu,řidič,dobrý -žádné nepříznivé okolnosti nebyly zjiště,den,,1,71457,1,71457,1,71457,3,27,1,1989,1,89,2016,0,0,1,0,0,2,15,1,1525,9,-1160435.867,-598709.704,60206161703,2016/09/28 00:00:00+00,15000,5000,c80052b4-e381-413a-86da-d226571a5c90
-599248.543000001,-1160496.096,153,Brno-střed,ne,nedání přenosti v jízdě,srážka s jedoucím nekolejovým vozidlem,nehoda s následky na životě nebo zdraví,při odbočování vlevo,"povrch suchý, neznečistěný",neztížené,dobré,žádné nebo žádné z uvedených,komunikace místní,,,jízdní kolo,Brno-střed,muž,Ne,pondělí,říjen,Staré Brno,,,,,,,,lehké zranění,"bez přilby (pouze u motocyklistů, příp. cyklistů)",řidičem motorového vozidla,"ve dne, viditelnost nezhoršená vlivem povětrnostních podmínek",na jízdním pruhu,řidič,dobrý -žádné nepříznivé okolnosti nebyly zjiště,den,,1,71459,1,71459,1,71459,1,24,1,1992,1,92,2016,0,0,1,0,0,2,9,1,900,10,-1160496.096,-599248.543,60206161793,2016/10/10 00:00:00+00,40000,30000,9a96fa31-5aa9-4851-8fbd-609600042f85
-599402.640000001,-1162075.747,154,Brno-střed,ne,nedání přenosti v jízdě,srážka s jedoucím nekolejovým vozidlem,nehoda s následky na životě nebo zdraví,při odbočování vlevo,povrch mokrý,neztížené,dobré,žádné nebo žádné z uvedených,komunikace místní,,,jízdní kolo,Brno-střed,muž,Ne,úterý,říjen,Štýřice,,,,,,,,lehké zranění,"bez přilby (pouze u motocyklistů, příp. cyklistů)",řidičem motorového vozidla,"v noci - s veřejným osvětlením, viditelnost nezhoršená vlivem povětrnostních podmínek",na jízdním pruhu,řidič,dobrý -žádné nepříznivé okolnosti nebyly zjiště,den,,1,71462,1,71462,1,71462,2,27,1,1989,1,89,2016,0,0,1,0,0,2,19,1,1928,10,-1162075.747,-599402.64,60206161851,2016/10/18 00:00:00+00,24000,3000,95ea281e-e71a-48b9-8446-e46ce6d19754
-597665.385000002,-1160739.612,155,Brno-střed,ne,nedání přenosti v jízdě,srážka s jedoucím nekolejovým vozidlem,nehoda s následky na životě nebo zdraví,vozidlu přijíždějícímu zprava,"povrch suchý, neznečistěný",neztížené,dobré,v blízkosti přechodu pro chodce (do vzdálenosti 20 m),uzel (křižovatka sledovaná ve vybraných městech),,,jízdní kolo,Brno-střed,muž,Ne,úterý,říjen,Město Brno,,,,,,,,lehké zranění,"bez přilby (pouze u motocyklistů, příp. cyklistů)",řidičem nemotorového vozidla,"v noci - s veřejným osvětlením, viditelnost nezhoršená vlivem povětrnostních podmínek",na jízdním pruhu,řidič,dobrý -žádné nepříznivé okolnosti nebyly zjiště,den,,1,71463,1,71463,1,71463,2,32,1,1984,1,84,2016,0,0,1,0,0,1,20,1,2050,10,-1160739.612,-597665.385,60206161852,2016/10/18 00:00:00+00,21000,1000,23125e44-7d03-48ad-b0d4-52781196e115
-598229.348000001,-1162170.157,156,Brno-střed,ano,nepřiměřená rychlost jízdy,havárie,nehoda s následky na životě nebo zdraví,"nepřizpůsobení rychlosti dopravně technickému stavu vozovky (zatáčka, klesání, stoupání, šířka vozovky apod.)","povrch suchý, neznečistěný",neztížené,dobré,žádné nebo žádné z uvedených,komunikace místní,,,jízdní kolo,Brno-střed,muž,"Ano, obsah alkoholu v krvi 1,5‰ a více",neděle,listopad,Štýřice,,,,,,,,lehké zranění,"bez přilby (pouze u motocyklistů, příp. cyklistů)",řidičem nemotorového vozidla,"v noci - bez veřejného osvětlení, viditelnost nezhoršená vlivem povětrnostních podmínek",na stezce pro cyklisty,řidič,pod vlivem alkoholu obsah alkoholu v krvi 1 ‰ a víc,noc,,1,71466,1,71466,1,71466,7,55,1,1961,1,61,2016,0,0,1,0,0,1,2,1,20,11,-1162170.157,-598229.348,60206162140,2016/11/27 00:00:00+00,1000,1000,749ae03a-f5ac-454c-b094-ddf2518ae6b5
-598081.789000001,-1160198.305,157,Brno-střed,nezjišťováno,nezaviněno řidičem,srážka s jedoucím nekolejovým vozidlem,nehoda s následky na životě nebo zdraví,nezaviněná řidičem,"povrch suchý, neznečistěný",neztížené,dobré,v blízkosti přechodu pro chodce (do vzdálenosti 20 m),uzel (křižovatka sledovaná ve vybraných městech),,,jízdní kolo,Brno-střed,muž,Nezjišťován,úterý,prosinec,Město Brno,,,,,,,,těžké zranění,"bez přilby (pouze u motocyklistů, příp. cyklistů)",jiným účastníkem silničního provozu,"ve dne, viditelnost nezhoršená vlivem povětrnostních podmínek",na jízdním pruhu,řidič,dobrý -žádné nepříznivé okolnosti nebyly zjiště,den,,0,71470,1,71470,1,71470,2,69,1,1947,1,47,2016,1,0,0,1,0,2,9,1,945,12,-1160198.305,-598081.789,60206162423,2016/12/27 00:00:00+00,0,0,7addf2f0-600e-4959-b990-bba85d423c47
-599096.578000002,-1161054.511,158,Brno-střed,nezjišťováno,nedání přenosti v jízdě,srážka s jedoucím nekolejovým vozidlem,nehoda s následky na životě nebo zdraví,při odbočování vlevo,"povrch suchý, neznečistěný",neztížené,dobré,v blízkosti přechodu pro chodce (do vzdálenosti 20 m),uzel (křižovatka sledovaná ve vybraných městech),,,jízdní kolo,Brno-střed,žena,Nezjišťován,středa,leden,Staré Brno,,,,,,,,lehké zranění,"s přilbou (pouze u motocyklistů, příp. cyklistů)",řidičem motorového vozidla,"ve dne, viditelnost nezhoršená vlivem povětrnostních podmínek",na jízdním pruhu,řidič,dobrý -žádné nepříznivé okolnosti nebyly zjiště,den,,1,71473,1,71473,1,71473,3,32,1,1985,1,85,2017,0,0,1,0,0,2,12,1,1230,1,-1161054.511,-599096.578,60206170136,2017/01/18 00:00:00+00,25000,5000,712dc718-9eb5-4008-b806-b528f72ccf1e
-597671.947000001,-1160051.326,159,Brno-střed,ne,nedání přenosti v jízdě,srážka s jedoucím nekolejovým vozidlem,nehoda s následky na životě nebo zdraví,proti příkazu dopravní značky DEJ PŘEDNOST,"povrch suchý, neznečistěný",neztížené,dobré,přechod pro chodce,komunikace sledovaná (ve vybraných městech),,,jízdní kolo,Brno-střed,muž,Ne,čtvrtek,únor,Černá Pole,,,,,,,,lehké zranění,"bez přilby (pouze u motocyklistů, příp. cyklistů)",řidičem motorového vozidla,"ve dne, viditelnost nezhoršená vlivem povětrnostních podmínek",na jízdním pruhu,řidič,dobrý -žádné nepříznivé okolnosti nebyly zjiště,den,,1,71474,1,71474,1,71474,4,62,1,1955,1,55,2017,0,0,1,0,0,2,11,1,1100,2,-1160051.326,-597671.947,60206170275,2017/02/09 00:00:00+00,2000,0,8b13d9ba-9a42-4c35-bf8b-8c2062ae9560
-599104.728999998,-1161053.964,160,Brno-střed,ne,nesprávný způsob jízdy,srážka s jedoucím nekolejovým vozidlem,nehoda s následky na životě nebo zdraví,nedodržení bezpečné vzdálenosti za vozidlem,"povrch suchý, neznečistěný",neztížené,dobré,v blízkosti přechodu pro chodce (do vzdálenosti 20 m),uzel (křižovatka sledovaná ve vybraných městech),,,jízdní kolo,Brno-střed,muž,Ne,úterý,březen,Staré Brno,,,,,,,,lehké zranění,"bez přilby (pouze u motocyklistů, příp. cyklistů)",řidičem motorového vozidla,"ve dne, viditelnost nezhoršená vlivem povětrnostních podmínek",na jízdním pruhu,řidič,dobrý -žádné nepříznivé okolnosti nebyly zjiště,den,,1,71476,1,71476,1,71476,2,64,1,1953,1,53,2017,0,0,1,0,0,2,10,1,1057,3,-1161053.964,-599104.729,60206170453,2017/03/07 00:00:00+00,1000,500,338ce33e-e547-41c0-bf73-ecacf25e6883
-597431.989999998,-1161690.084,161,Brno-střed,ne,nesprávný způsob jízdy,"srážka s vozidlem zaparkovaným, odstaveným",nehoda s následky na životě nebo zdraví,řidič se plně nevěnoval řízení vozidla,"povrch suchý, neznečistěný",neztížené,dobré,v blízkosti přechodu pro chodce (do vzdálenosti 20 m),uzel (křižovatka sledovaná ve vybraných městech),,,jízdní kolo,Brno-střed,muž,Ne,pondělí,březen,Trnitá,,,,,,,,lehké zranění,"bez přilby (pouze u motocyklistů, příp. cyklistů)",řidičem nemotorového vozidla,"v noci - s veřejným osvětlením, viditelnost nezhoršená vlivem povětrnostních podmínek",na chodníku nebo ostrůvku,řidič,pod vlivem alkoholu obsah alkoholu v krvi 1 ‰ a víc,noc,,1,71479,1,71479,1,71479,1,34,1,1983,1,83,2017,0,0,1,0,0,1,22,1,2220,3,-1161690.084,-597431.99,60206170599,2017/03/27 00:00:00+00,21000,20000,380c5683-d15c-4a4e-8879-3d537afd0a07
-597839.877999999,-1160588.657,162,Brno-střed,ne,nesprávný způsob jízdy,havárie,nehoda s následky na životě nebo zdraví,řidič se plně nevěnoval řízení vozidla,"povrch suchý, neznečistěný",neztížené,dobré,žádné nebo žádné z uvedených,komunikace sledovaná (ve vybraných městech),,,jízdní kolo,Brno-střed,žena,Ne,středa,březen,Město Brno,,,,,,,,lehké zranění,"bez přilby (pouze u motocyklistů, příp. cyklistů)",řidičem nemotorového vozidla,"ve dne, viditelnost nezhoršená vlivem povětrnostních podmínek",na jízdním pruhu,řidič,dobrý -žádné nepříznivé okolnosti nebyly zjiště,den,,1,71481,1,71481,1,71481,3,24,1,1993,1,93,2017,0,0,1,0,0,1,16,1,1620,3,-1160588.657,-597839.878,60206170615,2017/03/29 00:00:00+00,1000,1000,8c5fa60b-65c2-4cc0-a843-394efd2c3299
-598185.789999999,-1160400.931,163,Brno-střed,ano,nesprávný způsob jízdy,"srážka s vozidlem zaparkovaným, odstaveným",nehoda pouze s hmotnou škodou,řidič se plně nevěnoval řízení vozidla,"povrch suchý, neznečistěný",neztížené,dobré,parkoviště přiléhající ke komunikaci,komunikace sledovaná (ve vybraných městech),,,jízdní kolo,Brno-střed,muž,"Ano, obsah alkoholu v krvi do 0,24 ‰",sobota,květen,Město Brno,,,,,,,,bez zraněn,"bez přilby (pouze u motocyklistů, příp. cyklistů)",řidičem nemotorového vozidla,"ve dne, viditelnost nezhoršená vlivem povětrnostních podmínek",na chodníku nebo ostrůvku,řidič,"pod vlivem alkoholu, obsah alkoholu v krvi do 0,99 ‰",den,,0,71490,1,71490,1,71490,6,22,1,1995,1,95,2017,0,0,0,0,0,1,19,1,1900,5,-1160400.931,-598185.79,60206170914,2017/05/06 00:00:00+00,11000,10000,9bbbb795-aa5a-4e1d-b3f4-aba6f8a3ded0
-599647.811999999,-1160115.91,164,Brno-střed,ne,nepřiměřená rychlost jízdy,srážka s pevnou překážkou,nehoda s následky na životě nebo zdraví,"nepřizpůsobení rychlosti stavu vozovky (náledí, výtluky, bláto, mokrý povrch apod.)",povrch mokrý,neztížené,dobré,žádné nebo žádné z uvedených,komunikace sledovaná (ve vybraných městech),,,jízdní kolo,Brno-střed,muž,Ne,pondělí,květen,Veveří,,,,,,,,těžké zranění,"bez přilby (pouze u motocyklistů, příp. cyklistů)",řidičem nemotorového vozidla,"ve dne, viditelnost nezhoršená vlivem povětrnostních podmínek",na jízdním pruhu,řidič,dobrý -žádné nepříznivé okolnosti nebyly zjiště,den,,0,71497,1,71497,1,71497,1,25,1,1992,1,92,2017,1,0,0,1,0,1,18,1,1800,5,-1160115.91,-599647.812,60206171001,2017/05/15 00:00:00+00,0,0,8ebc8212-f1e8-439d-b939-aeb14737fc26
-597732.859999999,-1160830.196,165,Brno-střed,ano,nepřiměřená rychlost jízdy,havárie,nehoda s následky na životě nebo zdraví,jiný druh nepřiměřené rychlosti,"povrch suchý, neznečistěný",neztížené,dobré,žádné nebo žádné z uvedených,komunikace sledovaná (ve vybraných městech),,,jízdní kolo,Brno-střed,muž,"Ano, obsah alkoholu v krvi 1,5‰ a více",pondělí,červen,Město Brno,,,,,,,,lehké zranění,"bez přilby (pouze u motocyklistů, příp. cyklistů)",řidičem nemotorového vozidla,"v noci - s veřejným osvětlením, viditelnost nezhoršená vlivem povětrnostních podmínek",na kolejích tramvaje,řidič,pod vlivem alkoholu obsah alkoholu v krvi 1 ‰ a víc,noc,,1,71513,1,71513,1,71513,1,22,1,1995,1,95,2017,0,0,1,0,0,1,22,1,2255,6,-1160830.196,-597732.86,60206171262,2017/06/12 00:00:00+00,1000,1000,02ffabca-6f8f-4c37-a880-4c88fdeff2da
-597831.68,-1160609.118,166,Brno-střed,ne,nesprávný způsob jízdy,havárie,nehoda s následky na životě nebo zdraví,řidič se plně nevěnoval řízení vozidla,"povrch suchý, neznečistěný",neztížené,dobré,žádné nebo žádné z uvedených,komunikace místní,,,jízdní kolo,Brno-střed,muž,Ne,neděle,červen,Město Brno,,,,,,,,lehké zranění,"bez přilby (pouze u motocyklistů, příp. cyklistů)",řidičem nemotorového vozidla,"ve dne, viditelnost nezhoršená vlivem povětrnostních podmínek",na kolejích tramvaje,řidič,dobrý -žádné nepříznivé okolnosti nebyly zjiště,noc,,1,71517,1,71517,1,71517,7,68,1,1949,16,49,2017,0,0,2,0,0,1,25,1,2560,6,-1160609.118,-597831.68,60206171315,2017/06/18 00:00:00+00,5000,5000,fcd60dc2-eb77-4ffd-928e-4f516cee9c4c
-598443.826000001,-1160827.388,167,Brno-střed,ne,nesprávný způsob jízdy,srážka s jedoucím nekolejovým vozidlem,nehoda s následky na životě nebo zdraví,řidič se plně nevěnoval řízení vozidla,"povrch suchý, neznečistěný",neztížené,dobré,žádné nebo žádné z uvedených,komunikace sledovaná (ve vybraných městech),,,jízdní kolo,Brno-střed,muž,Ne,sobota,červen,Město Brno,,,,,,,,lehké zranění,"s přilbou (pouze u motocyklistů, příp. cyklistů)",řidičem nemotorového vozidla,"ve dne, viditelnost nezhoršená vlivem povětrnostních podmínek",na jízdním pruhu,řidič,dobrý -žádné nepříznivé okolnosti nebyly zjiště,den,,1,71521,1,71521,1,71521,6,29,1,1988,1,88,2017,0,0,1,0,0,1,10,1,1020,6,-1160827.388,-598443.826,60206171387,2017/06/24 00:00:00+00,5000,0,8ebc676e-fb1a-4615-8e44-b33d84756fb9
-598698.960000001,-1161911.763,168,Brno-střed,ne,nesprávný způsob jízdy,srážka s jedoucím nekolejovým vozidlem,nehoda s následky na životě nebo zdraví,řidič se plně nevěnoval řízení vozidla,"povrch suchý, neznečistěný",neztížené,dobré,přechod pro chodce,uzel (křižovatka sledovaná ve vybraných městech),,,jízdní kolo,Brno-střed,muž,Ne,úterý,červen,Staré Brno,,,,,,,,lehké zranění,"s přilbou (pouze u motocyklistů, příp. cyklistů)",řidičem motorového vozidla,"ve dne, viditelnost nezhoršená vlivem povětrnostních podmínek",na jízdním pruhu,řidič,dobrý -žádné nepříznivé okolnosti nebyly zjiště,den,,1,71524,1,71524,1,71524,2,81,1,1936,1,36,2017,0,0,1,0,0,2,13,1,1314,6,-1161911.763,-598698.96,60206171413,2017/06/27 00:00:00+00,3000,0,bcaceaca-520e-4824-aebc-6afb9ab66dce
-597425.223999999,-1161702.112,169,Brno-střed,ne,nedání přenosti v jízdě,srážka s jedoucím nekolejovým vozidlem,nehoda s následky na životě nebo zdraví,při odbočování vlevo,"povrch suchý, neznečistěný",neztížené,dobré,přechod pro chodce,uzel (křižovatka sledovaná ve vybraných městech),,,jízdní kolo,Brno-střed,muž,Ne,středa,červenec,Trnitá,,,,,,,,lehké zranění,"s přilbou (pouze u motocyklistů, příp. cyklistů)",řidičem motorového vozidla,"ve dne, viditelnost nezhoršená vlivem povětrnostních podmínek",na jízdním pruhu,řidič,dobrý -žádné nepříznivé okolnosti nebyly zjiště,den,,1,71528,1,71528,1,71528,3,30,1,1987,1,87,2017,0,0,1,0,0,2,14,1,1450,7,-1161702.112,-597425.224,60206171515,2017/07/12 00:00:00+00,40000,10000,2581c973-6474-4652-b14b-327f9fcb471f
-598147.048,-1160646.088,170,Brno-střed,nezjišťováno,nesprávný způsob jízdy,havárie,nehoda s následky na životě nebo zdraví,řidič se plně nevěnoval řízení vozidla,"povrch suchý, neznečistěný",neztížené,dobré,žádné nebo žádné z uvedených,komunikace místní,,,jízdní kolo,Brno-střed,muž,Nezjišťován,úterý,červenec,Město Brno,,,,,,,,těžké zranění,"bez přilby (pouze u motocyklistů, příp. cyklistů)",řidičem nemotorového vozidla,"ve dne, viditelnost nezhoršená vlivem povětrnostních podmínek",na jízdním pruhu,řidič,dobrý -žádné nepříznivé okolnosti nebyly zjiště,den,,0,71534,1,71534,1,71534,2,52,1,1965,3,65,2017,1,0,0,1,0,1,6,1,645,7,-1160646.088,-598147.048,60206171589,2017/07/25 00:00:00+00,2000,2000,df85f59d-9980-4fd5-bfc7-5b3e42f92a81
-597526.388999999,-1160634.94,171,Brno-střed,ne,nepřiměřená rychlost jízdy,havárie,nehoda s následky na životě nebo zdraví,"nepřizpůsobení rychlosti stavu vozovky (náledí, výtluky, bláto, mokrý povrch apod.)",povrch mokrý,"na počátku deště, slabý déšť, mrholení apod.",dobré,žádné nebo žádné z uvedených,komunikace sledovaná (ve vybraných městech),,,jízdní kolo,Brno-střed,muž,Ne,neděle,srpen,Zábrdovice,,,,,,,,lehké zranění,"bez přilby (pouze u motocyklistů, příp. cyklistů)",řidičem nemotorového vozidla,"ve dne, viditelnost nezhoršená vlivem povětrnostních podmínek",na jízdním pruhu,řidič,dobrý -žádné nepříznivé okolnosti nebyly zjiště,den,,1,71542,1,71542,1,71542,7,42,1,1975,1,75,2017,0,0,1,0,0,1,17,1,1700,8,-1160634.94,-597526.389,60206171668,2017/08/06 00:00:00+00,3000,3000,1807f26e-7abb-4d5b-9761-f273aff2b6c7
-599142.48,-1161102.673,172,Brno-střed,ne,nesprávný způsob jízdy,srážka s jedoucím nekolejovým vozidlem,nehoda s následky na životě nebo zdraví,řidič se plně nevěnoval řízení vozidla,"povrch suchý, neznečistěný",neztížené,dobré,v blízkosti přechodu pro chodce (do vzdálenosti 20 m),komunikace sledovaná (ve vybraných městech),,,jízdní kolo,Brno-střed,muž,Ne,středa,srpen,Staré Brno,,,,,,,,těžké zranění,"s přilbou (pouze u motocyklistů, příp. cyklistů)",řidičem nemotorového vozidla,"ve dne, viditelnost nezhoršená vlivem povětrnostních podmínek",na jízdním pruhu,řidič,dobrý -žádné nepříznivé okolnosti nebyly zjiště,den,,0,71544,1,71544,1,71544,3,36,1,1981,1,81,2017,1,0,0,1,0,1,18,1,1815,8,-1161102.673,-599142.48,60206171689,2017/08/09 00:00:00+00,45000,10000,5dfbd792-a7fa-4f9e-a188-061a239ada0a
-597852.409000002,-1161239.2,173,Brno-střed,nezjišťováno,technická závada vozidla,havárie,nehoda s následky na životě nebo zdraví,"upadnutí, ztráta kola vozidla (i rezervního)","povrch suchý, neznečistěný",neztížené,dobré,"zastávka autobusu, trolejbusu, tramvaje s nástup. ostrůvkem",komunikace sledovaná (ve vybraných městech),,,jízdní kolo,Brno-střed,muž,Nezjišťován,středa,srpen,Město Brno,,,,,,,,lehké zranění,"bez přilby (pouze u motocyklistů, příp. cyklistů)",technickou závadou vozidla,"ve dne, viditelnost nezhoršená vlivem povětrnostních podmínek",na chodníku nebo ostrůvku,řidič,dobrý -žádné nepříznivé okolnosti nebyly zjiště,den,,1,71549,1,71549,1,71549,3,41,1,1976,1,76,2017,0,0,1,0,0,1,8,1,845,8,-1161239.2,-597852.409,60206171734,2017/08/16 00:00:00+00,1000,1000,c2be8649-1c57-4880-90ec-25062d470727
-597725.441,-1161182.224,174,Brno-střed,ne,nesprávný způsob jízdy,havárie,nehoda s následky na životě nebo zdraví,řidič se plně nevěnoval řízení vozidla,"povrch suchý, neznečistěný",neztížené,dobré,v blízkosti přechodu pro chodce (do vzdálenosti 20 m),uzel (křižovatka sledovaná ve vybraných městech),,,jízdní kolo,Brno-střed,muž,Ne,středa,srpen,Město Brno,,,,,,,,lehké zranění,"bez přilby (pouze u motocyklistů, příp. cyklistů)",řidičem nemotorového vozidla,"ve dne, viditelnost nezhoršená vlivem povětrnostních podmínek",na jízdním pruhu,řidič,dobrý -žádné nepříznivé okolnosti nebyly zjiště,den,,1,71556,1,71556,1,71556,3,38,1,1979,1,79,2017,0,0,1,0,0,1,8,1,830,8,-1161182.224,-597725.441,60206171780,2017/08/23 00:00:00+00,2000,2000,8ecc4d52-2304-4ca2-9cad-65213324ef3a
-597629.285,-1161578.793,175,Brno-střed,ne,nedání přenosti v jízdě,srážka s jedoucím nekolejovým vozidlem,nehoda s následky na životě nebo zdraví,proti příkazu dopravní značky DEJ PŘEDNOST,"povrch suchý, neznečistěný",neztížené,dobré,žádné nebo žádné z uvedených,uzel (křižovatka sledovaná ve vybraných městech),,,jízdní kolo,Brno-střed,muž,Ne,středa,srpen,Trnitá,,,,,,,,lehké zranění,"s přilbou (pouze u motocyklistů, příp. cyklistů)",řidičem motorového vozidla,"ve dne, viditelnost nezhoršená vlivem povětrnostních podmínek",na jízdním pruhu,řidič,dobrý -žádné nepříznivé okolnosti nebyly zjiště,den,,1,71562,1,71562,1,71562,3,30,1,1987,1,87,2017,0,0,1,0,0,2,9,1,940,8,-1161578.793,-597629.285,60206171829,2017/08/30 00:00:00+00,11000,5000,5df991ec-3f86-4a9c-a1a0-85f93d17c11d
-597595.434,-1160346.625,176,Brno-střed,ne,nedání přenosti v jízdě,srážka s jedoucím nekolejovým vozidlem,nehoda s následky na životě nebo zdraví,při vjíždění na silnici,povrch mokrý,déšť,dobré,přechod pro chodce,komunikace sledovaná (ve vybraných městech),,,jízdní kolo,Brno-střed,žena,Ne,pondělí,říjen,Zábrdovice,,,,,,,,lehké zranění,"s přilbou (pouze u motocyklistů, příp. cyklistů)",řidičem motorového vozidla,"ve dne, viditelnost nezhoršená vlivem povětrnostních podmínek",na chodníku nebo ostrůvku,řidič,dobrý -žádné nepříznivé okolnosti nebyly zjiště,den,,1,71572,1,71572,1,71572,1,32,1,1985,1,85,2017,0,0,1,0,0,2,17,1,1720,10,-1160346.625,-597595.434,60206172120,2017/10/02 00:00:00+00,4000,0,e9144d2c-6eae-4e95-bfe8-2cab46ec7f2f
-597538.555,-1160659.353,177,Brno-střed,ne,nedání přenosti v jízdě,srážka s jedoucím nekolejovým vozidlem,nehoda s následky na životě nebo zdraví,při odbočování vlevo,"povrch suchý, neznečistěný",neztížené,dobré,žádné nebo žádné z uvedených,komunikace sledovaná (ve vybraných městech),,,jízdní kolo,Brno-střed,muž,Ne,středa,říjen,Zábrdovice,,,,,,,,lehké zranění,"bez přilby (pouze u motocyklistů, příp. cyklistů)",řidičem motorového vozidla,"ve dne, viditelnost nezhoršená vlivem povětrnostních podmínek",na jízdním pruhu,řidič,dobrý -žádné nepříznivé okolnosti nebyly zjiště,den,,1,71573,1,71573,1,71573,3,57,1,1960,1,60,2017,0,0,1,0,0,2,14,1,1450,10,-1160659.353,-597538.555,60206172132,2017/10/11 00:00:00+00,12000,10000,4e6a59bc-eae1-4a5b-a855-e1269961727a
-599324.859999999,-1161487.627,178,Brno-střed,ne,nesprávný způsob jízdy,srážka s jedoucím nekolejovým vozidlem,nehoda s následky na životě nebo zdraví,"jízda po nesprávné straně vozovky, vjetí do protisměru","povrch suchý, neznečistěný",neztížené,dobré,žádné nebo žádné z uvedených,komunikace místní,,,jízdní kolo,Brno-střed,muž,Ne,pondělí,říjen,Staré Brno,,,,,,,,lehké zranění,"bez přilby (pouze u motocyklistů, příp. cyklistů)",řidičem nemotorového vozidla,"ve dne, viditelnost nezhoršená vlivem povětrnostních podmínek",na jízdním pruhu,řidič,dobrý -žádné nepříznivé okolnosti nebyly zjiště,den,,1,71576,1,71576,1,71576,1,27,1,1990,1,90,2017,0,0,1,0,0,1,16,1,1658,10,-1161487.627,-599324.86,60206172254,2017/10/23 00:00:00+00,16000,15000,f789749e-4f77-46b3-b81f-f47a82df8da0