X,Y,objectid_1,zuj,alkohol_vinik,hlavni_pricina,srazka,nasledky,pricina,stav_vozovky,povetrnostni_podm,rozhled,misto_nehody,druh_komun,pneumatiky,druh_pohonu,druh_vozidla,mestska_cast,pohlavi,alkohol,den_v_tydnu,mesic_t,katastr,chovani_chodce,stav_chodce,drogy_chodec,alkohol_chodec,osobni_prepravnik,reflexni_prvky,kategorie_chodce,nasledek,ozn_osoba,zavineni,viditelnost,situovani,osoba,stav_ridic,doba,smrt_po,lz,target_fid_1,join_count_1,objectid,join_count,target_fid,den,vek,smrt_dny,rok_nar,p48a,p59d,rok,tz,smrt,lehce_zran_os,tezce_zran_os,usmrceno_os,id_vozidla,hodina,ovlivneni_ridice,cas,mesic,e,d,id_nehody,datum,hmotna_skoda_1,skoda_vozidlo,globalid
-598393.401999999,-1160584.855,179,Brno-střed,ano,nepřiměřená rychlost jízdy,"srážka s vozidlem zaparkovaným, odstaveným",nehoda s následky na životě nebo zdraví,jiný druh nepřiměřené rychlosti,"povrch suchý, neznečistěný",neztížené,dobré,parkoviště přiléhající ke komunikaci,komunikace místní,,,jízdní kolo,Brno-střed,žena,"Ano, obsah alkoholu v krvi od 1,0‰ do 1,5‰",čtvrtek,listopad,Město Brno,,,,,,,,lehké zranění,"bez přilby (pouze u motocyklistů, příp. cyklistů)",řidičem nemotorového vozidla,"v noci - s veřejným osvětlením, viditelnost nezhoršená vlivem povětrnostních podmínek",na jízdním pruhu,řidič,pod vlivem alkoholu obsah alkoholu v krvi 1 ‰ a víc,noc,,1,71579,1,71579,1,71579,4,19,1,1998,1,98,2017,0,0,1,0,0,1,2,1,230,11,-1160584.855,-598393.402,60206172336,2017/11/02 00:00:00+00,10000,0,d3466c16-2b01-4bb8-b9c9-f910d1c431f1
-597753.083999999,-1161374.314,180,Brno-střed,ne,nesprávný způsob jízdy,srážka s jedoucím nekolejovým vozidlem,nehoda s následky na životě nebo zdraví,řidič se plně nevěnoval řízení vozidla,"povrch suchý, neznečistěný",neztížené,dobré,žádné nebo žádné z uvedených,komunikace sledovaná (ve vybraných městech),,,jízdní kolo,Brno-střed,muž,Ne,pondělí,listopad,Trnitá,,,,,,,,lehké zranění,"bez přilby (pouze u motocyklistů, příp. cyklistů)",řidičem motorového vozidla,"ve dne, viditelnost nezhoršená vlivem povětrnostních podmínek",na jízdním pruhu,řidič,dobrý -žádné nepříznivé okolnosti nebyly zjiště,den,,1,71582,1,71582,1,71582,1,37,1,1980,1,80,2017,0,0,1,0,0,2,9,1,945,11,-1161374.314,-597753.084,60206172374,2017/11/06 00:00:00+00,12000,2000,ad248b07-166c-4cbf-a26f-78565505c235
-599205.153000001,-1161544.664,181,Brno-střed,ano,nedání přenosti v jízdě,srážka s jedoucím nekolejovým vozidlem,nehoda s následky na životě nebo zdraví,"jízda na ""červenou"" 3-barevného semaforu","povrch suchý, neznečistěný",neztížené,dobré,žádné nebo žádné z uvedených,uzel (křižovatka sledovaná ve vybraných městech),,,jízdní kolo,Brno-střed,muž,"Ano, obsah alkoholu v krvi od 1,0‰ do 1,5‰",pátek,listopad,Staré Brno,,,,,,,,lehké zranění,"s přilbou (pouze u motocyklistů, příp. cyklistů)",řidičem nemotorového vozidla,"v noci - s veřejným osvětlením, viditelnost nezhoršená vlivem povětrnostních podmínek",na jízdním pruhu,řidič,pod vlivem alkoholu obsah alkoholu v krvi 1 ‰ a víc,noc,,1,71583,1,71583,1,71583,5,35,1,1982,16,82,2017,0,0,1,0,0,1,2,1,20,11,-1161544.664,-599205.153,60206172403,2017/11/10 00:00:00+00,32000,2000,63df9dec-9501-494d-b487-42aa9c974420
-599211.748,-1161563.877,182,Brno-střed,nezjišťováno,nesprávný způsob jízdy,srážka s jedoucím nekolejovým vozidlem,nehoda pouze s hmotnou škodou,řidič se plně nevěnoval řízení vozidla,povrch mokrý,neztížené,dobré,žádné nebo žádné z uvedených,uzel (křižovatka sledovaná ve vybraných městech),,,jízdní kolo,Brno-střed,muž,Nezjišťován,středa,listopad,Staré Brno,,,,,,,,bez zraněn,"s přilbou (pouze u motocyklistů, příp. cyklistů)",řidičem motorového vozidla,"ve dne, viditelnost nezhoršená vlivem povětrnostních podmínek",na jízdním pruhu,řidič,dobrý -žádné nepříznivé okolnosti nebyly zjiště,den,,0,71588,1,71588,1,71588,3,52,1,1965,1,65,2017,0,0,0,0,0,2,8,1,855,11,-1161563.877,-599211.748,60206172487,2017/11/01 00:00:00+00,1000,0,60d1a3c2-a6a2-491d-8f57-b2e0394abf8c
-599099.151000001,-1160052.76,183,Brno-střed,ne,nesprávný způsob jízdy,havárie,nehoda s následky na životě nebo zdraví,řidič se plně nevěnoval řízení vozidla,"povrch suchý, neznečistěný",neztížené,dobré,žádné nebo žádné z uvedených,komunikace místní,,,jízdní kolo,Brno-střed,muž,Ne,pátek,listopad,Veveří,,,,,,,,lehké zranění,"bez přilby (pouze u motocyklistů, příp. cyklistů)",řidičem nemotorového vozidla,"v noci - s veřejným osvětlením, viditelnost nezhoršená vlivem povětrnostních podmínek",na chodníku nebo ostrůvku,řidič,pod vlivem alkoholu obsah alkoholu v krvi 1 ‰ a víc,den,,1,71589,1,71589,1,71589,5,24,1,1993,1,93,2017,0,0,1,0,0,1,19,0,1925,11,-1160052.76,-599099.151,60206172519,2017/11/24 00:00:00+00,0,0,7e1b4782-c5b7-4e45-a1f6-7f54c0d5bdb1
-599098.429000001,-1161049.948,184,Brno-střed,ne,nedání přenosti v jízdě,srážka s jedoucím nekolejovým vozidlem,nehoda s následky na životě nebo zdraví,při odbočování vlevo,povrch mokrý,neztížené,dobré,přechod pro chodce,komunikace sledovaná (ve vybraných městech),,,jízdní kolo,Brno-střed,muž,Ne,pondělí,březen,Staré Brno,,,,,,,,těžké zranění,"s přilbou (pouze u motocyklistů, příp. cyklistů)",řidičem motorového vozidla,"ve dne, viditelnost nezhoršená vlivem povětrnostních podmínek",na jízdním pruhu,řidič,dobrý -žádné nepříznivé okolnosti nebyly zjiště,den,,0,71596,1,71596,1,71596,1,24,1,1994,1,94,2018,1,0,0,1,0,2,7,1,740,3,-1161049.948,-599098.429,60206180428,2018/03/12 00:00:00+00,91000,60000,d3c0f66d-6884-4ad4-9ba2-bbb5d9ff4bcb
-597959.978,-1161260.461,185,Brno-střed,ne,nesprávný způsob jízdy,srážka s jedoucím nekolejovým vozidlem,nehoda s následky na životě nebo zdraví,řidič se plně nevěnoval řízení vozidla,"povrch suchý, neznečistěný",neztížené,dobré,přechod pro chodce,komunikace sledovaná (ve vybraných městech),,,jízdní kolo,Brno-střed,muž,Ne,čtvrtek,duben,Město Brno,,,,,,,,lehké zranění,"s přilbou (pouze u motocyklistů, příp. cyklistů)",řidičem nemotorového vozidla,"ve dne, viditelnost nezhoršená vlivem povětrnostních podmínek",na jízdním pruhu,řidič,dobrý -žádné nepříznivé okolnosti nebyly zjiště,den,,1,71607,1,71607,1,71607,4,57,1,1961,1,61,2018,0,0,1,0,0,1,15,1,1530,4,-1161260.461,-597959.978,60206180705,2018/04/19 00:00:00+00,28000,25000,4cca7026-cfc4-4ae0-8b03-fed7c0b5787a
-598159.875,-1160633.019,186,Brno-střed,ne,nesprávný způsob jízdy,havárie,nehoda s následky na životě nebo zdraví,řidič se plně nevěnoval řízení vozidla,"povrch suchý, neznečistěný",neztížené,dobré,žádné nebo žádné z uvedených,komunikace sledovaná (ve vybraných městech),,,jízdní kolo,Brno-střed,žena,Ne,pátek,duben,Město Brno,,,,,,,,lehké zranění,"bez přilby (pouze u motocyklistů, příp. cyklistů)",řidičem nemotorového vozidla,"ve dne, viditelnost nezhoršená vlivem povětrnostních podmínek",na jízdním pruhu,řidič,dobrý -žádné nepříznivé okolnosti nebyly zjiště,den,,1,71609,1,71609,1,71609,5,25,1,1993,1,93,2018,0,0,1,0,0,1,17,1,1720,4,-1160633.019,-598159.875,60206180713,2018/04/20 00:00:00+00,1000,1000,2ee0a666-12e9-4855-afaa-d7a6faf7182d
-599128.596999999,-1160588.619,187,Brno-střed,ne,nedání přenosti v jízdě,srážka s jedoucím nekolejovým vozidlem,nehoda s následky na životě nebo zdraví,proti příkazu dopravní značky DEJ PŘEDNOST,"povrch suchý, neznečistěný",neztížené,dobré,parkoviště přiléhající ke komunikaci,komunikace sledovaná (ve vybraných městech),,,jízdní kolo,Brno-střed,muž,Ne,středa,duben,Staré Brno,,,,,,,,lehké zranění,"s přilbou (pouze u motocyklistů, příp. cyklistů)",řidičem motorového vozidla,"ve dne, viditelnost nezhoršená vlivem povětrnostních podmínek",na jízdním pruhu,řidič,dobrý -žádné nepříznivé okolnosti nebyly zjiště,den,,1,71612,1,71612,1,71612,3,33,1,1985,1,85,2018,0,0,1,0,0,2,6,1,635,4,-1160588.619,-599128.597,60206180747,2018/04/25 00:00:00+00,50000,40000,8fd4e989-9396-4095-8e9b-4109ac64c15d
-597765.84,-1161401.46,188,Brno-střed,ne,nepřiměřená rychlost jízdy,srážka s jedoucím nekolejovým vozidlem,nehoda s následky na životě nebo zdraví,nepřizpůsobení rychlosti vlastnostem vozidla a nákladu,"povrch suchý, neznečistěný",neztížené,dobré,přechod pro chodce,uzel (křižovatka sledovaná ve vybraných městech),,,jízdní kolo,Brno-střed,muž,Ne,čtvrtek,květen,Trnitá,,,,,,,,lehké zranění,"bez přilby (pouze u motocyklistů, příp. cyklistů)",řidičem nemotorového vozidla,"ve dne, viditelnost nezhoršená vlivem povětrnostních podmínek",na jízdním pruhu,řidič,dobrý -žádné nepříznivé okolnosti nebyly zjiště,den,,1,71619,1,71619,1,71619,4,25,1,1993,1,93,2018,0,0,1,0,0,1,18,1,1810,5,-1161401.46,-597765.84,60206180859,2018/05/10 00:00:00+00,100,0,1085b80e-800d-4267-97a4-2a9979182c50
-597748.835999999,-1160746.032,189,Brno-střed,ne,nepřiměřená rychlost jízdy,jiný druh nehody,nehoda s následky na životě nebo zdraví,"nepřizpůsobení rychlosti stavu vozovky (náledí, výtluky, bláto, mokrý povrch apod.)",povrch mokrý,neztížené,dobré,žádné nebo žádné z uvedených,komunikace místní,,,jízdní kolo,Brno-střed,muž,Ne,sobota,květen,Město Brno,,,,,,,,bez zraněn,"bez přilby (pouze u motocyklistů, příp. cyklistů)",řidičem nemotorového vozidla,"ve dne, viditelnost nezhoršená vlivem povětrnostních podmínek",na jízdním pruhu,ostatní spolucestující (i v postranním vozíku motocyklu),dobrý -žádné nepříznivé okolnosti nebyly zjiště,den,,0,71622,1,71622,1,71622,6,35,1,1983,3,83,2018,0,0,3,0,0,1,14,1,1438,5,-1160746.032,-597748.836,60206180933,2018/05/19 00:00:00+00,0,0,803813f6-67e1-4110-852b-35ba6fbaf995
-597748.835999999,-1160746.032,190,Brno-střed,ne,nepřiměřená rychlost jízdy,jiný druh nehody,nehoda s následky na životě nebo zdraví,"nepřizpůsobení rychlosti stavu vozovky (náledí, výtluky, bláto, mokrý povrch apod.)",povrch mokrý,neztížené,dobré,žádné nebo žádné z uvedených,komunikace místní,,,jízdní kolo,Brno-střed,žena,Ne,sobota,květen,Město Brno,,,,,,,,bez zraněn,"bez přilby (pouze u motocyklistů, příp. cyklistů)",řidičem nemotorového vozidla,"ve dne, viditelnost nezhoršená vlivem povětrnostních podmínek",na jízdním pruhu,ostatní spolucestující (i v postranním vozíku motocyklu),dobrý -žádné nepříznivé okolnosti nebyly zjiště,den,,0,71623,1,71623,1,71623,6,33,1,1985,3,85,2018,0,0,3,0,0,1,14,1,1438,5,-1160746.032,-597748.836,60206180933,2018/05/19 00:00:00+00,0,0,bc0262b8-e5ad-426c-846c-633d6cd29f2d
-597748.835999999,-1160746.032,191,Brno-střed,ne,nepřiměřená rychlost jízdy,jiný druh nehody,nehoda s následky na životě nebo zdraví,"nepřizpůsobení rychlosti stavu vozovky (náledí, výtluky, bláto, mokrý povrch apod.)",povrch mokrý,neztížené,dobré,žádné nebo žádné z uvedených,komunikace místní,,,jízdní kolo,Brno-střed,žena,Ne,sobota,květen,Město Brno,,,,,,,,bez zraněn,"bez přilby (pouze u motocyklistů, příp. cyklistů)",řidičem nemotorového vozidla,"ve dne, viditelnost nezhoršená vlivem povětrnostních podmínek",na jízdním pruhu,ostatní spolucestující (i v postranním vozíku motocyklu),dobrý -žádné nepříznivé okolnosti nebyly zjiště,den,,0,71624,1,71624,1,71624,6,31,1,1987,3,87,2018,0,0,3,0,0,1,14,1,1438,5,-1160746.032,-597748.836,60206180933,2018/05/19 00:00:00+00,0,0,d2688a56-83e8-4294-bd48-c2688bbb7db0
-597748.835999999,-1160746.032,192,Brno-střed,ne,nepřiměřená rychlost jízdy,jiný druh nehody,nehoda s následky na životě nebo zdraví,"nepřizpůsobení rychlosti stavu vozovky (náledí, výtluky, bláto, mokrý povrch apod.)",povrch mokrý,neztížené,dobré,žádné nebo žádné z uvedených,komunikace místní,,,jízdní kolo,Brno-střed,žena,Ne,sobota,květen,Město Brno,,,,,,,,lehké zranění,"bez přilby (pouze u motocyklistů, příp. cyklistů)",řidičem nemotorového vozidla,"ve dne, viditelnost nezhoršená vlivem povětrnostních podmínek",na jízdním pruhu,ostatní spolucestující (i v postranním vozíku motocyklu),dobrý -žádné nepříznivé okolnosti nebyly zjiště,den,,1,71625,1,71625,1,71625,6,32,1,1986,3,86,2018,0,0,3,0,0,1,14,1,1438,5,-1160746.032,-597748.836,60206180933,2018/05/19 00:00:00+00,0,0,c236a75c-d2cf-4af6-9875-9770e3c0f606
-597748.835999999,-1160746.032,193,Brno-střed,ne,nepřiměřená rychlost jízdy,jiný druh nehody,nehoda s následky na životě nebo zdraví,"nepřizpůsobení rychlosti stavu vozovky (náledí, výtluky, bláto, mokrý povrch apod.)",povrch mokrý,neztížené,dobré,žádné nebo žádné z uvedených,komunikace místní,,,jízdní kolo,Brno-střed,žena,Ne,sobota,květen,Město Brno,,,,,,,,bez zraněn,"bez přilby (pouze u motocyklistů, příp. cyklistů)",řidičem nemotorového vozidla,"ve dne, viditelnost nezhoršená vlivem povětrnostních podmínek",na jízdním pruhu,ostatní spolucestující (i v postranním vozíku motocyklu),dobrý -žádné nepříznivé okolnosti nebyly zjiště,den,,0,71626,1,71626,1,71626,6,33,1,1985,3,85,2018,0,0,3,0,0,1,14,1,1438,5,-1160746.032,-597748.836,60206180933,2018/05/19 00:00:00+00,0,0,85743feb-799e-4fa4-a31d-3d28d588beee
-597748.835999999,-1160746.032,194,Brno-střed,ne,nepřiměřená rychlost jízdy,jiný druh nehody,nehoda s následky na životě nebo zdraví,"nepřizpůsobení rychlosti stavu vozovky (náledí, výtluky, bláto, mokrý povrch apod.)",povrch mokrý,neztížené,dobré,žádné nebo žádné z uvedených,komunikace místní,,,jízdní kolo,Brno-střed,žena,Ne,sobota,květen,Město Brno,,,,,,,,bez zraněn,"bez přilby (pouze u motocyklistů, příp. cyklistů)",řidičem nemotorového vozidla,"ve dne, viditelnost nezhoršená vlivem povětrnostních podmínek",na jízdním pruhu,ostatní spolucestující (i v postranním vozíku motocyklu),dobrý -žádné nepříznivé okolnosti nebyly zjiště,den,,0,71627,1,71627,1,71627,6,32,1,1986,3,86,2018,0,0,3,0,0,1,14,1,1438,5,-1160746.032,-597748.836,60206180933,2018/05/19 00:00:00+00,0,0,8bda43a8-e37a-4ad4-8ce1-7bf6265ee463
-597748.835999999,-1160746.032,195,Brno-střed,ne,nepřiměřená rychlost jízdy,jiný druh nehody,nehoda s následky na životě nebo zdraví,"nepřizpůsobení rychlosti stavu vozovky (náledí, výtluky, bláto, mokrý povrch apod.)",povrch mokrý,neztížené,dobré,žádné nebo žádné z uvedených,komunikace místní,,,jízdní kolo,Brno-střed,muž,Ne,sobota,květen,Město Brno,,,,,,,,lehké zranění,"bez přilby (pouze u motocyklistů, příp. cyklistů)",řidičem nemotorového vozidla,"ve dne, viditelnost nezhoršená vlivem povětrnostních podmínek",na jízdním pruhu,ostatní spolucestující (i v postranním vozíku motocyklu),dobrý -žádné nepříznivé okolnosti nebyly zjiště,den,,1,71628,1,71628,1,71628,6,43,1,1975,3,75,2018,0,0,3,0,0,1,14,1,1438,5,-1160746.032,-597748.836,60206180933,2018/05/19 00:00:00+00,0,0,44488e69-acc4-4219-892e-170f5e88bcd1
-597748.835999999,-1160746.032,196,Brno-střed,ne,nepřiměřená rychlost jízdy,jiný druh nehody,nehoda s následky na životě nebo zdraví,"nepřizpůsobení rychlosti stavu vozovky (náledí, výtluky, bláto, mokrý povrch apod.)",povrch mokrý,neztížené,dobré,žádné nebo žádné z uvedených,komunikace místní,,,jízdní kolo,Brno-střed,žena,Ne,sobota,květen,Město Brno,,,,,,,,bez zraněn,"bez přilby (pouze u motocyklistů, příp. cyklistů)",řidičem nemotorového vozidla,"ve dne, viditelnost nezhoršená vlivem povětrnostních podmínek",na jízdním pruhu,ostatní spolucestující (i v postranním vozíku motocyklu),dobrý -žádné nepříznivé okolnosti nebyly zjiště,den,,0,71629,1,71629,1,71629,6,32,1,1986,3,86,2018,0,0,3,0,0,1,14,1,1438,5,-1160746.032,-597748.836,60206180933,2018/05/19 00:00:00+00,0,0,39ecb4bf-4d63-41df-aae5-212aed85c06c
-597748.835999999,-1160746.032,197,Brno-střed,ne,nepřiměřená rychlost jízdy,jiný druh nehody,nehoda s následky na životě nebo zdraví,"nepřizpůsobení rychlosti stavu vozovky (náledí, výtluky, bláto, mokrý povrch apod.)",povrch mokrý,neztížené,dobré,žádné nebo žádné z uvedených,komunikace místní,,,jízdní kolo,Brno-střed,žena,Ne,sobota,květen,Město Brno,,,,,,,,bez zraněn,"bez přilby (pouze u motocyklistů, příp. cyklistů)",řidičem nemotorového vozidla,"ve dne, viditelnost nezhoršená vlivem povětrnostních podmínek",na jízdním pruhu,ostatní spolucestující (i v postranním vozíku motocyklu),dobrý -žádné nepříznivé okolnosti nebyly zjiště,den,,0,71630,1,71630,1,71630,6,33,1,1985,3,85,2018,0,0,3,0,0,1,14,1,1438,5,-1160746.032,-597748.836,60206180933,2018/05/19 00:00:00+00,0,0,a72a1289-33d8-4f87-99fb-9f0b35c8d316
-597748.835999999,-1160746.032,198,Brno-střed,ne,nepřiměřená rychlost jízdy,jiný druh nehody,nehoda s následky na životě nebo zdraví,"nepřizpůsobení rychlosti stavu vozovky (náledí, výtluky, bláto, mokrý povrch apod.)",povrch mokrý,neztížené,dobré,žádné nebo žádné z uvedených,komunikace místní,,,jízdní kolo,Brno-střed,žena,Ne,sobota,květen,Město Brno,,,,,,,,bez zraněn,"bez přilby (pouze u motocyklistů, příp. cyklistů)",řidičem nemotorového vozidla,"ve dne, viditelnost nezhoršená vlivem povětrnostních podmínek",na jízdním pruhu,ostatní spolucestující (i v postranním vozíku motocyklu),dobrý -žádné nepříznivé okolnosti nebyly zjiště,den,,0,71631,1,71631,1,71631,6,37,1,1981,3,81,2018,0,0,3,0,0,1,14,1,1438,5,-1160746.032,-597748.836,60206180933,2018/05/19 00:00:00+00,0,0,733fb928-0c30-4e36-b8d8-db891bd6dc74
-597748.835999999,-1160746.032,199,Brno-střed,ne,nepřiměřená rychlost jízdy,jiný druh nehody,nehoda s následky na životě nebo zdraví,"nepřizpůsobení rychlosti stavu vozovky (náledí, výtluky, bláto, mokrý povrch apod.)",povrch mokrý,neztížené,dobré,žádné nebo žádné z uvedených,komunikace místní,,,jízdní kolo,Brno-střed,žena,Ne,sobota,květen,Město Brno,,,,,,,,bez zraněn,"bez přilby (pouze u motocyklistů, příp. cyklistů)",řidičem nemotorového vozidla,"ve dne, viditelnost nezhoršená vlivem povětrnostních podmínek",na jízdním pruhu,ostatní spolucestující (i v postranním vozíku motocyklu),dobrý -žádné nepříznivé okolnosti nebyly zjiště,den,,0,71632,1,71632,1,71632,6,30,1,1988,3,88,2018,0,0,3,0,0,1,14,1,1438,5,-1160746.032,-597748.836,60206180933,2018/05/19 00:00:00+00,0,0,8b6475c9-9d7b-4298-bc41-472f8ad84a8d
-597748.835999999,-1160746.032,200,Brno-střed,ne,nepřiměřená rychlost jízdy,jiný druh nehody,nehoda s následky na životě nebo zdraví,"nepřizpůsobení rychlosti stavu vozovky (náledí, výtluky, bláto, mokrý povrch apod.)",povrch mokrý,neztížené,dobré,žádné nebo žádné z uvedených,komunikace místní,,,jízdní kolo,Brno-střed,žena,Ne,sobota,květen,Město Brno,,,,,,,,lehké zranění,"bez přilby (pouze u motocyklistů, příp. cyklistů)",řidičem nemotorového vozidla,"ve dne, viditelnost nezhoršená vlivem povětrnostních podmínek",na jízdním pruhu,ostatní spolucestující (i v postranním vozíku motocyklu),dobrý -žádné nepříznivé okolnosti nebyly zjiště,den,,1,71633,1,71633,1,71633,6,33,1,1985,3,85,2018,0,0,3,0,0,1,14,1,1438,5,-1160746.032,-597748.836,60206180933,2018/05/19 00:00:00+00,0,0,3d897802-07fe-478a-94c1-b576e300a01e
-597748.835999999,-1160746.032,201,Brno-střed,ne,nepřiměřená rychlost jízdy,jiný druh nehody,nehoda s následky na životě nebo zdraví,"nepřizpůsobení rychlosti stavu vozovky (náledí, výtluky, bláto, mokrý povrch apod.)",povrch mokrý,neztížené,dobré,žádné nebo žádné z uvedených,komunikace místní,,,jízdní kolo,Brno-střed,žena,Ne,sobota,květen,Město Brno,,,,,,,,bez zraněn,"bez přilby (pouze u motocyklistů, příp. cyklistů)",řidičem nemotorového vozidla,"ve dne, viditelnost nezhoršená vlivem povětrnostních podmínek",na jízdním pruhu,ostatní spolucestující (i v postranním vozíku motocyklu),dobrý -žádné nepříznivé okolnosti nebyly zjiště,den,,0,71634,1,71634,1,71634,6,32,1,1986,3,86,2018,0,0,3,0,0,1,14,1,1438,5,-1160746.032,-597748.836,60206180933,2018/05/19 00:00:00+00,0,0,6f9aeb9f-36d4-4e97-ac63-8f788f3ded33
-597748.835999999,-1160746.032,202,Brno-střed,ne,nepřiměřená rychlost jízdy,jiný druh nehody,nehoda s následky na životě nebo zdraví,"nepřizpůsobení rychlosti stavu vozovky (náledí, výtluky, bláto, mokrý povrch apod.)",povrch mokrý,neztížené,dobré,žádné nebo žádné z uvedených,komunikace místní,,,jízdní kolo,Brno-střed,muž,Ne,sobota,květen,Město Brno,,,,,,,,bez zraněn,"bez přilby (pouze u motocyklistů, příp. cyklistů)",řidičem nemotorového vozidla,"ve dne, viditelnost nezhoršená vlivem povětrnostních podmínek",na jízdním pruhu,řidič,dobrý -žádné nepříznivé okolnosti nebyly zjiště,den,,0,71635,1,71635,1,71635,6,54,1,1964,3,64,2018,0,0,3,0,0,1,14,1,1438,5,-1160746.032,-597748.836,60206180933,2018/05/19 00:00:00+00,0,0,1f21c1e9-38d0-478a-8b59-8b051c1bfdda
-597460.401000001,-1161198.881,203,Brno-střed,nezjišťováno,nezaviněno řidičem,jiný druh nehody,nehoda s následky na životě nebo zdraví,nezaviněná řidičem,"povrch suchý, neznečistěný",neztížené,dobré,"zastávka autobusu, trolejbusu, tramvaje s nástup. ostrůvkem",komunikace sledovaná (ve vybraných městech),,,jízdní kolo,Brno-střed,žena,Nezjišťován,úterý,květen,Trnitá,,,,,,,,lehké zranění,"bez přilby (pouze u motocyklistů, příp. cyklistů)",jiné zaviněn,"ve dne, viditelnost nezhoršená vlivem povětrnostních podmínek",na jízdním pruhu,řidič,dobrý -žádné nepříznivé okolnosti nebyly zjiště,den,,1,71642,1,71642,1,71642,2,30,1,1988,1,88,2018,0,0,1,0,0,2,7,1,750,5,-1161198.881,-597460.401,60206181005,2018/05/29 00:00:00+00,20000,10000,17868046-77f7-425a-ac6c-8e1d33ae0754
-598135.609999999,-1160357.139,204,Brno-střed,ne,nedání přenosti v jízdě,srážka s jedoucím nekolejovým vozidlem,nehoda s následky na životě nebo zdraví,při odbočování vlevo,"povrch suchý, neznečistěný",neztížené,dobré,žádné nebo žádné z uvedených,uzel (křižovatka sledovaná ve vybraných městech),,,jízdní kolo,Brno-střed,žena,Ne,pátek,červen,Město Brno,,,,,,,,lehké zranění,"bez přilby (pouze u motocyklistů, příp. cyklistů)",řidičem motorového vozidla,"ve dne, viditelnost nezhoršená vlivem povětrnostních podmínek",na jízdním pruhu,řidič,dobrý -žádné nepříznivé okolnosti nebyly zjiště,den,,1,71649,1,71649,1,71649,5,49,1,1969,1,69,2018,0,0,1,0,0,2,18,1,1850,6,-1160357.139,-598135.61,60206181147,2018/06/15 00:00:00+00,21000,1000,f0715fc8-5763-4a5c-85d6-a67fce512d6d
-597748.313000001,-1160163.879,205,Brno-střed,ne,nesprávný způsob jízdy,havárie,nehoda s následky na životě nebo zdraví,řidič se plně nevěnoval řízení vozidla,"povrch suchý, neznečistěný",neztížené,dobré,žádné nebo žádné z uvedených,komunikace sledovaná (ve vybraných městech),,,jízdní kolo,Brno-střed,muž,Ne,neděle,červen,Černá Pole,,,,,,,,lehké zranění,"bez přilby (pouze u motocyklistů, příp. cyklistů)",řidičem nemotorového vozidla,"ve dne, viditelnost nezhoršená vlivem povětrnostních podmínek",na jízdním pruhu,řidič,pod vlivem alkoholu obsah alkoholu v krvi 1 ‰ a víc,den,,1,71651,1,71651,1,71651,7,52,1,1966,1,66,2018,0,0,1,0,0,1,20,0,2030,6,-1160163.879,-597748.313,60206181162,2018/06/17 00:00:00+00,3000,2000,5c8330a2-d9b6-47fb-891b-c90ee7eb2b5d
-597838.566,-1160742.713,206,Brno-střed,ano,nepřiměřená rychlost jízdy,"srážka s vozidlem zaparkovaným, odstaveným",nehoda pouze s hmotnou škodou,"nepřizpůsobení rychlosti dopravně technickému stavu vozovky (zatáčka, klesání, stoupání, šířka vozovky apod.)","povrch suchý, neznečistěný",neztížené,dobré,žádné nebo žádné z uvedených,komunikace místní,,,jízdní kolo,Brno-střed,muž,"Ano, obsah alkoholu v krvi 1,5‰ a více",pondělí,červenec,Město Brno,,,,,,,,bez zraněn,"bez přilby (pouze u motocyklistů, příp. cyklistů)",řidičem nemotorového vozidla,"v noci - s veřejným osvětlením, viditelnost nezhoršená vlivem povětrnostních podmínek",na jízdním pruhu,řidič,pod vlivem alkoholu obsah alkoholu v krvi 1 ‰ a víc,noc,,0,71660,1,71660,1,71660,1,34,1,1984,1,84,2018,0,0,0,0,0,1,2,1,20,7,-1160742.713,-597838.566,60206181269,2018/07/02 00:00:00+00,10000,0,8ec46699-e22b-4642-9dde-c32e0ec50b02
-598119.350000001,-1162203.793,207,Brno-střed,ne,nesprávný způsob jízdy,havárie,nehoda s následky na životě nebo zdraví,řidič se plně nevěnoval řízení vozidla,"povrch suchý, neznečistěný",neztížené,dobré,žádné nebo žádné z uvedených,komunikace místní,,,jízdní kolo,Brno-střed,žena,Ne,pátek,červenec,Trnitá,,,,,,,,lehké zranění,"s přilbou (pouze u motocyklistů, příp. cyklistů)",řidičem nemotorového vozidla,"ve dne, viditelnost nezhoršená vlivem povětrnostních podmínek",na stezce pro cyklisty,řidič,dobrý -žádné nepříznivé okolnosti nebyly zjiště,den,,1,71665,1,71665,1,71665,5,18,1,2000,1,0,2018,0,0,1,0,0,1,11,1,1125,7,-1162203.793,-598119.35,60206181340,2018/07/13 00:00:00+00,0,0,b8867e8d-1296-4c92-9b22-b9fdb1946002