X,Y,objectid_1,zuj,alkohol_vinik,hlavni_pricina,srazka,nasledky,pricina,stav_vozovky,povetrnostni_podm,rozhled,misto_nehody,druh_komun,pneumatiky,druh_pohonu,druh_vozidla,mestska_cast,pohlavi,alkohol,den_v_tydnu,mesic_t,katastr,chovani_chodce,stav_chodce,drogy_chodec,alkohol_chodec,osobni_prepravnik,reflexni_prvky,kategorie_chodce,nasledek,ozn_osoba,zavineni,viditelnost,situovani,osoba,stav_ridic,doba,smrt_po,lz,target_fid_1,join_count_1,objectid,join_count,target_fid,den,vek,smrt_dny,rok_nar,p48a,p59d,rok,tz,smrt,lehce_zran_os,tezce_zran_os,usmrceno_os,id_vozidla,hodina,ovlivneni_ridice,cas,mesic,e,d,id_nehody,datum,hmotna_skoda_1,skoda_vozidlo,globalid
-597773.962000001,-1161016.581,238,Brno-střed,ne,nesprávný způsob jízdy,srážka s jedoucím nekolejovým vozidlem,nehoda s následky na životě nebo zdraví,nesprávné otáčení nebo couvání,"povrch suchý, neznečistěný",neztížené,dobré,parkoviště přiléhající ke komunikaci,komunikace sledovaná (ve vybraných městech),,,jízdní kolo,Brno-střed,muž,Ne,úterý,srpen,Město Brno,,,,,,,,lehké zranění,"bez přilby (pouze u motocyklistů, příp. cyklistů)",řidičem motorového vozidla,"ve dne, viditelnost nezhoršená vlivem povětrnostních podmínek",na jízdním pruhu,řidič,dobrý -žádné nepříznivé okolnosti nebyly zjiště,den,,1,71816,1,71816,1,71816,2,26,1,1993,1,93,2019,0,0,1,0,0,2,9,1,908,8,-1161016.581,-597773.962,60206191769,2019/08/27 00:00:00+00,25000,5000,b8ef1407-07a7-48c4-936d-3266a1fc4aaa
-599189.923,-1161584.793,239,Brno-střed,ne,nedání přenosti v jízdě,havárie,nehoda s následky na životě nebo zdraví,při odbočování vlevo,"povrch suchý, neznečistěný",neztížené,dobré,v blízkosti přechodu pro chodce (do vzdálenosti 20 m),uzel (křižovatka sledovaná ve vybraných městech),,,jízdní kolo,Brno-střed,žena,Ne,úterý,září,Staré Brno,,,,,,,,lehké zranění,"bez přilby (pouze u motocyklistů, příp. cyklistů)",řidičem motorového vozidla,"v noci - s veřejným osvětlením, viditelnost nezhoršená vlivem povětrnostních podmínek",na jízdním pruhu,řidič,dobrý -žádné nepříznivé okolnosti nebyly zjiště,den,,1,71826,1,71826,1,71826,2,35,1,1984,1,84,2019,0,0,1,0,0,2,19,1,1923,9,-1161584.793,-599189.923,60206192000,2019/09/24 00:00:00+00,0,0,7362a409-ee08-483b-8824-54cda5ba08fd
-598308.195,-1160697.091,240,Brno-střed,ano,nesprávný způsob jízdy,havárie,nehoda s následky na životě nebo zdraví,řidič se plně nevěnoval řízení vozidla,"povrch suchý, neznečistěný",neztížené,dobré,žádné nebo žádné z uvedených,komunikace sledovaná (ve vybraných městech),,,jízdní kolo,Brno-střed,muž,"Ano, obsah alkoholu v krvi 1,5‰ a více",úterý,září,Město Brno,,,,,,,,lehké zranění,"bez přilby (pouze u motocyklistů, příp. cyklistů)",řidičem nemotorového vozidla,"v noci - s veřejným osvětlením, viditelnost nezhoršená vlivem povětrnostních podmínek",na kolejích tramvaje,řidič,pod vlivem alkoholu obsah alkoholu v krvi 1 ‰ a víc,den,,1,71827,1,71827,1,71827,2,24,1,1995,1,95,2019,0,0,1,0,0,1,20,1,2009,9,-1160697.091,-598308.195,60206192001,2019/09/24 00:00:00+00,0,0,5ee549c3-7592-45b4-a56e-d8b4079de9a3
-598287.923999999,-1160976.688,241,Brno-střed,ne,nesprávný způsob jízdy,srážka s pevnou překážkou,nehoda pouze s hmotnou škodou,řidič se plně nevěnoval řízení vozidla,"povrch suchý, neznečistěný",neztížené,dobré,žádné nebo žádné z uvedených,komunikace místní,,,jízdní kolo,Brno-střed,muž,Ne,čtvrtek,září,Město Brno,,,,,,,,bez zraněn,"bez přilby (pouze u motocyklistů, příp. cyklistů)",řidičem nemotorového vozidla,"ve dne, viditelnost nezhoršená vlivem povětrnostních podmínek",na chodníku nebo ostrůvku,řidič,dobrý -žádné nepříznivé okolnosti nebyly zjiště,den,,0,71829,1,71829,1,71829,4,21,1,1998,3,98,2019,0,0,0,0,0,1,10,1,1005,9,-1160976.688,-598287.924,60206192026,2019/09/26 00:00:00+00,4000,3000,b01a23fe-e221-4cf4-95f4-0f5356640327
-599640.202,-1160150.517,242,Brno-střed,ne,nepřiměřená rychlost jízdy,havárie,nehoda s následky na životě nebo zdraví,nepřizpůsobení rychlosti vlastnostem vozidla a nákladu,"povrch suchý, neznečistěný",neztížené,dobré,žádné nebo žádné z uvedených,komunikace sledovaná (ve vybraných městech),,,jízdní kolo,Brno-střed,muž,Ne,pátek,září,Stránice,,,,,,,,lehké zranění,"bez přilby (pouze u motocyklistů, příp. cyklistů)",řidičem nemotorového vozidla,"ve dne, viditelnost nezhoršená vlivem povětrnostních podmínek",na kolejích tramvaje,řidič,dobrý -žádné nepříznivé okolnosti nebyly zjiště,den,,1,71830,1,71830,1,71830,5,19,1,2000,1,0,2019,0,0,1,0,0,1,14,1,1425,9,-1160150.517,-599640.202,60206192040,2019/09/27 00:00:00+00,1000,1000,bd65e9b9-1ab6-4500-b761-bb376e64ba84
-598243.153000001,-1160252.222,243,Brno-střed,ne,nedání přenosti v jízdě,srážka s jedoucím nekolejovým vozidlem,nehoda s následky na životě nebo zdraví,při odbočování vlevo,povrch mokrý,neztížené,dobré,v blízkosti přechodu pro chodce (do vzdálenosti 20 m),uzel (křižovatka sledovaná ve vybraných městech),,,jízdní kolo,Brno-střed,muž,Ne,středa,říjen,Město Brno,,,,,,,,lehké zranění,"bez přilby (pouze u motocyklistů, příp. cyklistů)",řidičem motorového vozidla,"ve dne, viditelnost nezhoršená vlivem povětrnostních podmínek",na jízdním pruhu,řidič,dobrý -žádné nepříznivé okolnosti nebyly zjiště,den,,1,71831,1,71831,1,71831,3,30,1,1989,1,89,2019,0,0,1,0,0,2,15,1,1548,10,-1160252.222,-598243.153,60206192080,2019/10/02 00:00:00+00,80000,30000,3e2e04cc-4385-4643-8cec-d7e27e7aad88
-598473.234999999,-1160068.924,244,Brno-střed,ano,nesprávný způsob jízdy,srážka s jedoucím nekolejovým vozidlem,nehoda s následky na životě nebo zdraví,řidič se plně nevěnoval řízení vozidla,"povrch suchý, neznečistěný",neztížené,dobré,parkoviště přiléhající ke komunikaci,komunikace sledovaná (ve vybraných městech),,,jízdní kolo,Brno-střed,muž,"Ano, obsah alkoholu v krvi od 0,24‰ do 0,5‰",úterý,říjen,Veveří,,,,,,,,lehké zranění,"bez přilby (pouze u motocyklistů, příp. cyklistů)",řidičem nemotorového vozidla,"ve dne, viditelnost nezhoršená vlivem povětrnostních podmínek",na jízdním pruhu,řidič,"pod vlivem alkoholu, obsah alkoholu v krvi do 0,99 ‰",den,,1,71833,1,71833,1,71833,2,41,1,1978,1,78,2019,0,0,1,0,0,1,8,1,800,10,-1160068.924,-598473.235,60206192119,2019/10/08 00:00:00+00,51000,50000,ff10979d-0d43-4b16-8623-14451c045a33
-598696.914000001,-1161876.121,245,Brno-střed,ne,nedání přenosti v jízdě,srážka s jedoucím nekolejovým vozidlem,nehoda s následky na životě nebo zdraví,"jízda na ""červenou"" 3-barevného semaforu","povrch suchý, neznečistěný",neztížené,dobré,v blízkosti přechodu pro chodce (do vzdálenosti 20 m),uzel (křižovatka sledovaná ve vybraných městech),,,jízdní kolo,Brno-střed,muž,Ne,pátek,listopad,Staré Brno,,,,,,,,lehké zranění,"s přilbou (pouze u motocyklistů, příp. cyklistů)",řidičem motorového vozidla,"v noci - s veřejným osvětlením, viditelnost nezhoršená vlivem povětrnostních podmínek",na jízdním pruhu,řidič,dobrý -žádné nepříznivé okolnosti nebyly zjiště,den,,1,71842,1,71842,1,71842,5,30,1,1989,1,89,2019,0,0,1,0,0,2,18,1,1856,11,-1161876.121,-598696.914,60206192309,2019/11/01 00:00:00+00,6000,5000,e4ee7d66-a315-4613-a999-a5c8f31b2756
-598079.465999998,-1161282.782,246,Brno-střed,ne,nesprávný způsob jízdy,havárie,nehoda s následky na životě nebo zdraví,řidič se plně nevěnoval řízení vozidla,"povrch suchý, neznečistěný",neztížené,dobré,"zastávka autobusu, trolejbusu, tramvaje s nástup. ostrůvkem",komunikace sledovaná (ve vybraných městech),,,jízdní kolo,Brno-střed,muž,Ne,neděle,listopad,Město Brno,,,,,,,,lehké zranění,"bez přilby (pouze u motocyklistů, příp. cyklistů)",řidičem nemotorového vozidla,"ve dne, zhoršená viditelnost (svítání, soumrak)",na chodníku nebo ostrůvku,řidič,dobrý -žádné nepříznivé okolnosti nebyly zjiště,den,,1,71846,1,71846,1,71846,7,57,1,1962,1,62,2019,0,0,1,0,0,1,16,1,1605,11,-1161282.782,-598079.466,60206192457,2019/11/24 00:00:00+00,0,0,b860b65f-c03c-4c0d-ad0e-4ac18a9cb822
-598662.495000001,-1161345.011,247,Brno-střed,nezjišťováno,nezaviněno řidičem,"srážka s vozidlem zaparkovaným, odstaveným",nehoda s následky na životě nebo zdraví,nezaviněná řidičem,"povrch suchý, neznečistěný",neztížené,dobré,parkoviště přiléhající ke komunikaci,komunikace místní,,,jízdní kolo,Brno-střed,muž,Nezjišťován,středa,leden,Staré Brno,,,,,,,,lehké zranění,"bez přilby (pouze u motocyklistů, příp. cyklistů)",jiné zaviněn,"ve dne, viditelnost nezhoršená vlivem povětrnostních podmínek",na jízdním pruhu,řidič,dobrý -žádné nepříznivé okolnosti nebyly zjiště,den,,1,71851,1,71851,1,71851,3,25,1,1995,1,95,2020,0,0,1,0,0,2,11,1,1100,1,-1161345.011,-598662.495,60206200091,2020/01/15 00:00:00+00,6000,1000,f13b78d2-1d8c-44b7-842e-278333ddd8c7
-598627.52,-1161788.171,248,Brno-střed,ne,nedání přenosti v jízdě,srážka s chodcem,nehoda s následky na životě nebo zdraví,chodci na vyznačeném přechodu,"povrch suchý, neznečistěný",neztížené,dobré,přechod pro chodce,komunikace sledovaná (ve vybraných městech),,,jízdní kolo,Brno-střed,muž,Ne,úterý,leden,Staré Brno,,,,,,,,bez zraněn,"bez přilby (pouze u motocyklistů, příp. cyklistů)",řidičem nemotorového vozidla,"ve dne, viditelnost nezhoršená vlivem povětrnostních podmínek",na jízdním pruhu,řidič,dobrý -žádné nepříznivé okolnosti nebyly zjiště,den,,0,71852,1,71852,1,71852,2,40,1,1980,1,80,2020,0,0,1,0,0,1,12,1,1220,1,-1161788.171,-598627.52,60206200131,2020/01/21 00:00:00+00,0,0,7842e515-1f69-4f51-99d3-d89915429d34
-597712.272999998,-1160426.607,249,Brno-střed,ne,nedání přenosti v jízdě,srážka s jedoucím nekolejovým vozidlem,nehoda s následky na životě nebo zdraví,při přejíždění z jednoho jízdního pruhu do druhého,povrch mokrý,neztížené,dobré,v blízkosti přechodu pro chodce (do vzdálenosti 20 m),komunikace sledovaná (ve vybraných městech),,,jízdní kolo,Brno-střed,muž,Ne,pátek,únor,Zábrdovice,,,,,,,,lehké zranění,"s přilbou (pouze u motocyklistů, příp. cyklistů)",řidičem nemotorového vozidla,"ve dne, viditelnost nezhoršená vlivem povětrnostních podmínek",na jízdním pruhu,řidič,dobrý -žádné nepříznivé okolnosti nebyly zjiště,den,,1,71856,1,71856,1,71856,5,52,1,1968,1,68,2020,0,0,1,0,0,1,10,1,1010,2,-1160426.607,-597712.273,60206200282,2020/02/14 00:00:00+00,18000,1000,6af61235-df41-450f-a0b5-0338c5115f23
-598117.945,-1160346.298,250,Brno-střed,ne,nedání přenosti v jízdě,srážka s tramvají,nehoda s následky na životě nebo zdraví,proti příkazu dopravní značky DEJ PŘEDNOST,"povrch suchý, neznečistěný",neztížené,dobré,žádné nebo žádné z uvedených,uzel (křižovatka sledovaná ve vybraných městech),,,jízdní kolo,Brno-střed,muž,Ne,pondělí,únor,Město Brno,,,,,,,,těžké zranění,"bez přilby (pouze u motocyklistů, příp. cyklistů)",řidičem motorového vozidla,"v noci - s veřejným osvětlením, viditelnost nezhoršená vlivem povětrnostních podmínek",na kolejích tramvaje,řidič,dobrý -žádné nepříznivé okolnosti nebyly zjiště,noc,,0,71857,1,71857,1,71857,1,80,1,1940,1,40,2020,1,0,0,1,0,2,5,1,538,2,-1160346.298,-598117.945,60206200297,2020/02/17 00:00:00+00,5000,2000,83b97395-0523-41f6-8de3-4f48e9395a4a
-598104.475000001,-1160882.093,251,Brno-střed,ne,nesprávný způsob jízdy,havárie,nehoda s následky na životě nebo zdraví,nezvládnutí řízení vozidla,"povrch suchý, neznečistěný",neztížené,dobré,žádné nebo žádné z uvedených,komunikace sledovaná (ve vybraných městech),,,jízdní kolo,Brno-střed,muž,Ne,úterý,březen,Město Brno,,,,,,,,lehké zranění,"s přilbou (pouze u motocyklistů, příp. cyklistů)",řidičem nemotorového vozidla,"ve dne, zhoršená viditelnost (svítání, soumrak)",na kolejích tramvaje,řidič,dobrý -žádné nepříznivé okolnosti nebyly zjiště,den,,1,71858,1,71858,1,71858,2,33,1,1987,1,87,2020,0,0,1,0,0,1,18,1,1805,3,-1160882.093,-598104.475,60206200437,2020/03/10 00:00:00+00,1000,1000,5104aa71-3989-4505-93e9-b2807f706b72
-599729.048999999,-1160047.146,252,Brno-střed,ne,nesprávný způsob jízdy,havárie,nehoda s následky na životě nebo zdraví,řidič se plně nevěnoval řízení vozidla,"povrch suchý, neznečistěný",neztížené,dobré,žádné nebo žádné z uvedených,komunikace sledovaná (ve vybraných městech),,,jízdní kolo,Brno-střed,žena,Ne,úterý,duben,Veveří,,,,,,,,lehké zranění,"bez přilby (pouze u motocyklistů, příp. cyklistů)",řidičem nemotorového vozidla,"ve dne, viditelnost nezhoršená vlivem povětrnostních podmínek",na kolejích tramvaje,řidič,dobrý -žádné nepříznivé okolnosti nebyly zjiště,den,,1,71868,1,71868,1,71868,2,27,1,1993,1,93,2020,0,0,1,0,0,1,11,1,1105,4,-1160047.146,-599729.049,60206200586,2020/04/14 00:00:00+00,1000,1000,7fca282c-9679-4d76-8568-603bc879e574
-598023.859000001,-1161121.679,253,Brno-střed,ne,nesprávný způsob jízdy,havárie,nehoda s následky na životě nebo zdraví,řidič se plně nevěnoval řízení vozidla,"povrch suchý, neznečistěný",neztížené,dobré,žádné nebo žádné z uvedených,komunikace sledovaná (ve vybraných městech),,,jízdní kolo,Brno-střed,žena,Ne,pátek,květen,Město Brno,,,,,,,,lehké zranění,"s přilbou (pouze u motocyklistů, příp. cyklistů)",řidičem nemotorového vozidla,"ve dne, viditelnost nezhoršená vlivem povětrnostních podmínek",na kolejích tramvaje,řidič,dobrý -žádné nepříznivé okolnosti nebyly zjiště,den,,1,71880,1,71880,1,71880,5,30,1,1990,1,90,2020,0,0,1,0,0,1,7,1,740,5,-1161121.679,-598023.859,60206200789,2020/05/22 00:00:00+00,1000,1000,21dfc6ec-b9f1-4ea8-8db9-e628a1ef1963
-597311.736000001,-1161240.994,254,Brno-střed,ne,nesprávný způsob jízdy,srážka s chodcem,nehoda s následky na životě nebo zdraví,řidič se plně nevěnoval řízení vozidla,"povrch suchý, neznečistěný",neztížené,dobré,přechod pro chodce,uzel (křižovatka sledovaná ve vybraných městech),,,jízdní kolo,Brno-střed,žena,Ne,úterý,červen,Trnitá,,,,,,,,lehké zranění,"s přilbou (pouze u motocyklistů, příp. cyklistů)",řidičem nemotorového vozidla,"ve dne, viditelnost nezhoršená vlivem povětrnostních podmínek",na jízdním pruhu,řidič,dobrý -žádné nepříznivé okolnosti nebyly zjiště,den,,1,71887,1,71887,1,71887,2,34,1,1986,1,86,2020,0,0,1,0,0,1,9,1,940,6,-1161240.994,-597311.736,60206200867,2020/06/02 00:00:00+00,1000,1000,9fde5ec5-f6e6-47f6-96a4-918b30fcdc30
-599164.431000002,-1160378.023,255,Brno-střed,ne,nezaviněno řidičem,srážka s jedoucím nekolejovým vozidlem,nehoda s následky na životě nebo zdraví,nezaviněná řidičem,"povrch suchý, neznečistěný",neztížené,dobré,žádné nebo žádné z uvedených,komunikace sledovaná (ve vybraných městech),,,jízdní kolo,Brno-střed,muž,Ne,středa,červen,Stránice,,,,,,,,lehké zranění,"s přilbou (pouze u motocyklistů, příp. cyklistů)",jiným účastníkem silničního provozu,"ve dne, viditelnost nezhoršená vlivem povětrnostních podmínek",na jízdním pruhu,řidič,dobrý -žádné nepříznivé okolnosti nebyly zjiště,den,,1,71889,1,71889,1,71889,3,40,1,1980,1,80,2020,0,0,1,0,0,2,16,1,1620,6,-1160378.023,-599164.431,60206200881,2020/06/03 00:00:00+00,7000,2000,05032bc7-836f-42d4-aefd-71015b200c8f
-598647.113000002,-1162060.102,256,Brno-střed,ne,nepřiměřená rychlost jízdy,srážka s jedoucím nekolejovým vozidlem,nehoda s následky na životě nebo zdraví,"nepřizpůsobení rychlosti dopravně technickému stavu vozovky (zatáčka, klesání, stoupání, šířka vozovky apod.)","povrch suchý, neznečistěný",neztížené,dobré,žádné nebo žádné z uvedených,komunikace místní,,,jízdní kolo,Brno-střed,muž,Ne,pondělí,červen,Štýřice,,,,,,,,lehké zranění,"s přilbou (pouze u motocyklistů, příp. cyklistů)",řidičem nemotorového vozidla,"ve dne, viditelnost nezhoršená vlivem povětrnostních podmínek",na stezce pro cyklisty,řidič,dobrý -žádné nepříznivé okolnosti nebyly zjiště,den,,1,71891,1,71891,1,71891,1,45,1,1975,1,75,2020,0,0,2,0,0,2,20,1,2005,6,-1162060.102,-598647.113,60206200912,2020/06/08 00:00:00+00,2000,0,10483a28-ef1b-4cc1-99bc-3bdbb8680ac5
-598647.113000002,-1162060.102,257,Brno-střed,ne,nepřiměřená rychlost jízdy,srážka s jedoucím nekolejovým vozidlem,nehoda s následky na životě nebo zdraví,"nepřizpůsobení rychlosti dopravně technickému stavu vozovky (zatáčka, klesání, stoupání, šířka vozovky apod.)","povrch suchý, neznečistěný",neztížené,dobré,žádné nebo žádné z uvedených,komunikace místní,,,jízdní kolo,Brno-střed,muž,Ne,pondělí,červen,Štýřice,,,,,,,,lehké zranění,"bez přilby (pouze u motocyklistů, příp. cyklistů)",řidičem nemotorového vozidla,"ve dne, viditelnost nezhoršená vlivem povětrnostních podmínek",na stezce pro cyklisty,řidič,dobrý -žádné nepříznivé okolnosti nebyly zjiště,den,,1,71892,1,71892,1,71892,1,22,1,1998,1,98,2020,0,0,2,0,0,1,20,1,2005,6,-1162060.102,-598647.113,60206200912,2020/06/08 00:00:00+00,2000,0,e904b8e2-bb59-4bdb-a641-9ce1db4435ca
-599180.710999999,-1161116.542,258,Brno-střed,ne,nedání přenosti v jízdě,srážka s jedoucím nekolejovým vozidlem,nehoda s následky na životě nebo zdraví,při odbočování vlevo,"povrch suchý, neznečistěný",neztížené,dobré,parkoviště přiléhající ke komunikaci,komunikace sledovaná (ve vybraných městech),,,jízdní kolo,Brno-střed,muž,Ne,úterý,červen,Staré Brno,,,,,,,,lehké zranění,"s přilbou (pouze u motocyklistů, příp. cyklistů)",řidičem motorového vozidla,"ve dne, viditelnost nezhoršená vlivem povětrnostních podmínek",na stezce pro cyklisty,řidič,dobrý -žádné nepříznivé okolnosti nebyly zjiště,den,,1,71893,1,71893,1,71893,2,45,1,1975,1,75,2020,0,0,1,0,0,2,8,1,830,6,-1161116.542,-599180.711,60206200913,2020/06/09 00:00:00+00,0,0,3d1bbe30-f157-4452-ac9b-aec598062e61
-599223.609999999,-1161860.68,259,Brno-střed,ne,nesprávný způsob jízdy,srážka s jedoucím nekolejovým vozidlem,nehoda s následky na životě nebo zdraví,řidič se plně nevěnoval řízení vozidla,"povrch suchý, neznečistěný",neztížené,dobré,v blízkosti přechodu pro chodce (do vzdálenosti 20 m),komunikace sledovaná (ve vybraných městech),,,jízdní kolo,Brno-střed,muž,Ne,čtvrtek,červen,Štýřice,,,,,,,,lehké zranění,"bez přilby (pouze u motocyklistů, příp. cyklistů)",řidičem nemotorového vozidla,"ve dne, zhoršená viditelnost (svítání, soumrak)",na jízdním pruhu,řidič,dobrý -žádné nepříznivé okolnosti nebyly zjiště,noc,,1,71895,1,71895,1,71895,4,39,1,1981,1,81,2020,0,0,1,0,0,1,21,1,2120,6,-1161860.68,-599223.61,60206200936,2020/06/11 00:00:00+00,30000,0,4c3ea201-4f05-44b5-914c-8080be7a51a8
-597964.284000002,-1161219.301,260,Brno-střed,ne,nesprávný způsob jízdy,havárie,nehoda s následky na životě nebo zdraví,nezvládnutí řízení vozidla,"povrch suchý, neznečistěný",neztížené,dobré,v blízkosti přechodu pro chodce (do vzdálenosti 20 m),uzel (křižovatka sledovaná ve vybraných městech),,,jízdní kolo,Brno-střed,muž,Ne,středa,červen,Město Brno,,,,,,,,lehké zranění,"bez přilby (pouze u motocyklistů, příp. cyklistů)",řidičem nemotorového vozidla,"ve dne, viditelnost nezhoršená vlivem povětrnostních podmínek",na kolejích tramvaje,řidič,dobrý -žádné nepříznivé okolnosti nebyly zjiště,den,,1,71900,1,71900,1,71900,3,25,1,1995,1,95,2020,0,0,1,0,0,1,7,1,740,6,-1161219.301,-597964.284,60206201043,2020/06/24 00:00:00+00,1000,1000,ef9cc68b-d184-493f-a894-6dc648ead017
-597794.048999999,-1161796.954,261,Brno-střed,ne,nesprávný způsob jízdy,srážka s chodcem,nehoda s následky na životě nebo zdraví,řidič se plně nevěnoval řízení vozidla,"povrch suchý, neznečistěný",neztížené,dobré,"zastávka autobusu, trolejbusu, tramvaje s nástup. ostrůvkem",komunikace sledovaná (ve vybraných městech),,,jízdní kolo,Brno-střed,muž,Ne,pátek,červenec,Trnitá,,,,,,,,bez zraněn,"bez přilby (pouze u motocyklistů, příp. cyklistů)",řidičem nemotorového vozidla,"ve dne, viditelnost nezhoršená vlivem povětrnostních podmínek",na chodníku nebo ostrůvku,řidič,dobrý -žádné nepříznivé okolnosti nebyly zjiště,den,,0,71909,1,71909,1,71909,5,30,1,1990,1,90,2020,0,0,1,0,0,1,13,1,1300,7,-1161796.954,-597794.049,60206201155,2020/07/10 00:00:00+00,5000,0,bdf501c8-eec8-4f8a-84f3-8d70f89641e8
-599506.660999998,-1160202.017,262,Brno-střed,ano,nepřiměřená rychlost jízdy,havárie,nehoda s následky na životě nebo zdraví,nepřizpůsobení rychlosti vlastnostem vozidla a nákladu,"povrch suchý, neznečistěný",neztížené,dobré,žádné nebo žádné z uvedených,komunikace sledovaná (ve vybraných městech),,,jízdní kolo,Brno-střed,žena,"Ano, obsah alkoholu v krvi od 1,0‰ do 1,5‰",úterý,červenec,Veveří,,,,,,,,lehké zranění,"s přilbou (pouze u motocyklistů, příp. cyklistů)",řidičem nemotorového vozidla,"v noci - s veřejným osvětlením, viditelnost nezhoršená vlivem povětrnostních podmínek",na jízdním pruhu,řidič,pod vlivem alkoholu obsah alkoholu v krvi 1 ‰ a víc,noc,,1,71913,1,71913,1,71913,2,25,1,1995,1,95,2020,0,0,1,0,0,1,22,1,2250,7,-1160202.017,-599506.661,60206201195,2020/07/14 00:00:00+00,1000,1000,ff9cc68e-8d10-466b-9fe4-c053e135deac
-598647.747000001,-1162032.07,263,Brno-střed,ne,nesprávný způsob jízdy,srážka s jedoucím nekolejovým vozidlem,nehoda s následky na životě nebo zdraví,"jízda po nesprávné straně vozovky, vjetí do protisměru","povrch suchý, neznečistěný",neztížené,dobré,"most, nadjezd, podjezd, tunel",komunikace místní,,,jízdní kolo,Brno-střed,žena,Ne,úterý,červenec,Štýřice,,,,,,,,těžké zranění,"s přilbou (pouze u motocyklistů, příp. cyklistů)",řidičem nemotorového vozidla,"ve dne, viditelnost nezhoršená vlivem povětrnostních podmínek",na stezce pro cyklisty,řidič,dobrý -žádné nepříznivé okolnosti nebyly zjiště,den,,0,71921,1,71921,1,71921,2,33,1,1987,1,87,2020,1,0,1,1,0,2,7,1,750,7,-1162032.07,-598647.747,60206201274,2020/07/28 00:00:00+00,22000,20000,5be03c90-2b6c-4ac9-bd05-87c76d6056b3
-598647.747000001,-1162032.07,264,Brno-střed,ne,nesprávný způsob jízdy,srážka s jedoucím nekolejovým vozidlem,nehoda s následky na životě nebo zdraví,"jízda po nesprávné straně vozovky, vjetí do protisměru","povrch suchý, neznečistěný",neztížené,dobré,"most, nadjezd, podjezd, tunel",komunikace místní,,,jízdní kolo,Brno-střed,muž,Ne,úterý,červenec,Štýřice,,,,,,,,lehké zranění,"s přilbou (pouze u motocyklistů, příp. cyklistů)",řidičem nemotorového vozidla,"ve dne, viditelnost nezhoršená vlivem povětrnostních podmínek",na stezce pro cyklisty,řidič,dobrý -žádné nepříznivé okolnosti nebyly zjiště,den,,1,71922,1,71922,1,71922,2,40,1,1980,1,80,2020,0,0,1,1,0,1,7,1,750,7,-1162032.07,-598647.747,60206201274,2020/07/28 00:00:00+00,22000,20000,02b3e20c-9137-48b9-90eb-b6e792511e59
-597724.798999999,-1160826.145,265,Brno-střed,ano,nepřiměřená rychlost jízdy,havárie,nehoda s následky na životě nebo zdraví,nepřizpůsobení rychlosti vlastnostem vozidla a nákladu,"povrch suchý, neznečistěný",neztížené,dobré,žádné nebo žádné z uvedených,komunikace sledovaná (ve vybraných městech),,,jízdní kolo,Brno-střed,žena,"Ano, obsah alkoholu v krvi od 1,0‰ do 1,5‰",sobota,srpen,Město Brno,,,,,,,,lehké zranění,"bez přilby (pouze u motocyklistů, příp. cyklistů)",řidičem nemotorového vozidla,"v noci - s veřejným osvětlením, viditelnost nezhoršená vlivem povětrnostních podmínek",na jízdním pruhu,řidič,pod vlivem alkoholu obsah alkoholu v krvi 1 ‰ a víc,noc,,1,71931,1,71931,1,71931,6,22,1,1998,3,98,2020,0,0,1,0,0,1,2,0,2,8,-1160826.145,-597724.799,60206201358,2020/08/08 00:00:00+00,5000,5000,4f2a8f85-306e-4c26-8d95-f92194850b7c
-599217.750999998,-1161580.437,266,Brno-střed,ne,nesprávný způsob jízdy,srážka s jedoucím nekolejovým vozidlem,nehoda s následky na životě nebo zdraví,řidič se plně nevěnoval řízení vozidla,"povrch suchý, neznečistěný",neztížené,dobré,přechod pro chodce,uzel (křižovatka sledovaná ve vybraných městech),,,jízdní kolo,Brno-střed,muž,Ne,neděle,srpen,Staré Brno,,,,,,,,lehké zranění,"s přilbou (pouze u motocyklistů, příp. cyklistů)",řidičem nemotorového vozidla,"ve dne, viditelnost nezhoršená vlivem povětrnostních podmínek",na jízdním pruhu,řidič,dobrý -žádné nepříznivé okolnosti nebyly zjiště,den,,1,71935,1,71935,1,71935,7,79,1,1941,1,41,2020,0,0,1,0,0,1,11,1,1124,8,-1161580.437,-599217.751,60206201409,2020/08/16 00:00:00+00,5000,0,222bb29b-ebf9-40fa-bf24-9d2dfb7504c4
-597763.780000001,-1160760.189,267,Brno-střed,ne,nesprávný způsob jízdy,srážka s pevnou překážkou,nehoda pouze s hmotnou škodou,řidič se plně nevěnoval řízení vozidla,"povrch suchý, neznečistěný",neztížené,dobré,žádné nebo žádné z uvedených,komunikace místní,,,jízdní kolo,Brno-střed,muž,Ne,pátek,srpen,Město Brno,,,,,,,,bez zraněn,"bez přilby (pouze u motocyklistů, příp. cyklistů)",řidičem nemotorového vozidla,"ve dne, zhoršená viditelnost (svítání, soumrak)",žádné z uvedenýc,řidič,dobrý -žádné nepříznivé okolnosti nebyly zjiště,den,,0,71940,1,71940,1,71940,5,20,1,2000,3,0,2020,0,0,0,0,0,1,20,1,2015,8,-1160760.189,-597763.78,60206201450,2020/08/21 00:00:00+00,5000,0,f2062d54-79a2-4c02-9149-24c101060322