X,Y,objectid_1,zuj,alkohol_vinik,hlavni_pricina,srazka,nasledky,pricina,stav_vozovky,povetrnostni_podm,rozhled,misto_nehody,druh_komun,pneumatiky,druh_pohonu,druh_vozidla,mestska_cast,pohlavi,alkohol,den_v_tydnu,mesic_t,katastr,chovani_chodce,stav_chodce,drogy_chodec,alkohol_chodec,osobni_prepravnik,reflexni_prvky,kategorie_chodce,nasledek,ozn_osoba,zavineni,viditelnost,situovani,osoba,stav_ridic,doba,smrt_po,lz,target_fid_1,join_count_1,objectid,join_count,target_fid,den,vek,smrt_dny,rok_nar,p48a,p59d,rok,tz,smrt,lehce_zran_os,tezce_zran_os,usmrceno_os,id_vozidla,hodina,ovlivneni_ridice,cas,mesic,e,d,id_nehody,datum,hmotna_skoda_1,skoda_vozidlo,globalid
-599421.272999998,-1162092.073,268,Brno-střed,ne,nepřiměřená rychlost jízdy,havárie,nehoda s následky na životě nebo zdraví,nepřizpůsobení rychlosti vlastnostem vozidla a nákladu,"povrch suchý, neznečistěný",neztížené,dobré,žádné nebo žádné z uvedených,komunikace místní,,,jízdní kolo,Brno-střed,muž,Ne,pátek,srpen,Štýřice,,,,,,,,lehké zranění,"bez přilby (pouze u motocyklistů, příp. cyklistů)",řidičem nemotorového vozidla,"v noci - s veřejným osvětlením, viditelnost nezhoršená vlivem povětrnostních podmínek",na jízdním pruhu,řidič,dobrý -žádné nepříznivé okolnosti nebyly zjiště,den,,1,71944,1,71944,1,71944,5,41,1,1979,3,79,2020,0,0,1,0,0,1,18,1,1844,8,-1162092.073,-599421.273,60206201494,2020/08/28 00:00:00+00,2000,2000,2adae720-28ed-4f9d-94b6-0b4016fdd060
-597590.427999999,-1160698.807,269,Brno-střed,ne,nesprávný způsob jízdy,srážka s jedoucím nekolejovým vozidlem,nehoda s následky na životě nebo zdraví,řidič se plně nevěnoval řízení vozidla,povrch mokrý,neztížené,dobré,žádné nebo žádné z uvedených,komunikace sledovaná (ve vybraných městech),,,jízdní kolo,Brno-střed,muž,Ne,úterý,září,Zábrdovice,,,,,,,,lehké zranění,"s přilbou (pouze u motocyklistů, příp. cyklistů)",řidičem nemotorového vozidla,"ve dne, viditelnost nezhoršená vlivem povětrnostních podmínek",na jízdním pruhu,řidič,dobrý -žádné nepříznivé okolnosti nebyly zjiště,den,,1,71949,1,71949,1,71949,2,22,1,1998,1,98,2020,0,0,1,0,0,1,15,1,1559,9,-1160698.807,-597590.428,60206201514,2020/09/01 00:00:00+00,22000,20000,86600c62-c585-47da-b9ba-fb67d6997266
-597535.357999999,-1160078.05,270,Brno-sever,nezjišťováno,nesprávný způsob jízdy,jiný druh nehody,nehoda s následky na životě nebo zdraví,řidič se plně nevěnoval řízení vozidla,"povrch suchý, neznečistěný",neztížené,dobré,v blízkosti přechodu pro chodce (do vzdálenosti 20 m),uzel (křižovatka sledovaná ve vybraných městech),,,jízdní kolo,Brno-sever,muž,Nezjišťován,pátek,září,Černá Pole,,,,,,,,bez zraněn,"bez přilby (pouze u motocyklistů, příp. cyklistů)",řidičem nemotorového vozidla,"ve dne, viditelnost nezhoršená vlivem povětrnostních podmínek",na jízdním pruhu,řidič,dobrý -žádné nepříznivé okolnosti nebyly zjiště,den,,0,71951,1,71951,1,71951,5,36,1,1984,1,84,2020,0,0,0,1,0,1,16,1,1630,9,-1160078.05,-597535.358,60206201549,2020/09/04 00:00:00+00,5000,4000,b00540ba-4360-429b-87ed-c128951167f5
-597535.357999999,-1160078.05,271,Brno-sever,nezjišťováno,nesprávný způsob jízdy,jiný druh nehody,nehoda s následky na životě nebo zdraví,řidič se plně nevěnoval řízení vozidla,"povrch suchý, neznečistěný",neztížené,dobré,v blízkosti přechodu pro chodce (do vzdálenosti 20 m),uzel (křižovatka sledovaná ve vybraných městech),,,jízdní kolo,Brno-sever,muž,Nezjišťován,pátek,září,Černá Pole,,,,,,,,těžké zranění,"s přilbou (pouze u motocyklistů, příp. cyklistů)",řidičem nemotorového vozidla,"ve dne, viditelnost nezhoršená vlivem povětrnostních podmínek",na jízdním pruhu,řidič,dobrý -žádné nepříznivé okolnosti nebyly zjiště,den,,0,71952,1,71952,1,71952,5,25,1,1995,1,95,2020,1,0,0,1,0,2,16,1,1630,9,-1160078.05,-597535.358,60206201549,2020/09/04 00:00:00+00,5000,4000,6d9d7594-b7ad-4f6f-9364-236020811091
-599524.752,-1160182.27,272,Brno-střed,ano,nesprávný způsob jízdy,havárie,nehoda s následky na životě nebo zdraví,řidič se plně nevěnoval řízení vozidla,"povrch suchý, neznečistěný",neztížené,dobré,"zastávka autobusu, trolejbusu, tramvaje s nástup. ostrůvkem",komunikace sledovaná (ve vybraných městech),,,jízdní kolo,Brno-střed,muž,"Ano, obsah alkoholu v krvi od 1,0‰ do 1,5‰",pátek,září,Veveří,,,,,,,,lehké zranění,"bez přilby (pouze u motocyklistů, příp. cyklistů)",řidičem nemotorového vozidla,"v noci - s veřejným osvětlením, viditelnost nezhoršená vlivem povětrnostních podmínek",na jízdním pruhu,řidič,pod vlivem alkoholu obsah alkoholu v krvi 1 ‰ a víc,noc,,1,71955,1,71955,1,71955,5,39,1,1981,1,81,2020,0,0,1,0,0,1,22,1,2225,9,-1160182.27,-599524.752,60206201595,2020/09/11 00:00:00+00,1000,1000,0a2aac81-c65a-4dc6-8c2b-33ce1376b3d9
-598091.932999998,-1160317.902,273,Brno-střed,ne,nedání přenosti v jízdě,srážka s jedoucím nekolejovým vozidlem,nehoda s následky na životě nebo zdraví,proti příkazu dopravní značky DEJ PŘEDNOST,"povrch suchý, neznečistěný",neztížené,dobré,v blízkosti přechodu pro chodce (do vzdálenosti 20 m),uzel (křižovatka sledovaná ve vybraných městech),,,jízdní kolo,Brno-střed,žena,Ne,středa,říjen,Město Brno,,,,,,,,lehké zranění,"bez přilby (pouze u motocyklistů, příp. cyklistů)",řidičem nemotorového vozidla,"v noci - s veřejným osvětlením, viditelnost nezhoršená vlivem povětrnostních podmínek",na jízdním pruhu,řidič,dobrý -žádné nepříznivé okolnosti nebyly zjiště,noc,,1,71962,1,71962,1,71962,3,25,1,1995,1,95,2020,0,0,1,0,0,1,21,1,2100,10,-1160317.902,-598091.933,60206201781,2020/10/07 00:00:00+00,4000,1000,65c1cdf2-7405-4e0d-8b35-d453149f9ee5
-598484.463,-1162117.517,274,Brno-střed,nezjišťováno,nesprávný způsob jízdy,jiný druh nehody,nehoda s následky na životě nebo zdraví,řidič se plně nevěnoval řízení vozidla,"povrch suchý, neznečistěný",neztížené,dobré,"most, nadjezd, podjezd, tunel",komunikace místní,,,jízdní kolo,Brno-střed,muž,Nezjišťován,středa,říjen,Štýřice,,,,,,,,lehké zranění,"bez přilby (pouze u motocyklistů, příp. cyklistů)",řidičem nemotorového vozidla,"ve dne, viditelnost nezhoršená vlivem povětrnostních podmínek",na stezce pro cyklisty,řidič,dobrý -žádné nepříznivé okolnosti nebyly zjiště,den,,1,71967,1,71967,1,71967,3,35,1,1985,3,85,2020,0,0,1,0,0,2,14,1,1415,10,-1162117.517,-598484.463,60206201913,2020/10/28 00:00:00+00,2000,0,d0a305ff-92e9-403f-b727-824ba85c7f85
-598214.103,-1161442.5,275,Brno-střed,ne,nedání přenosti v jízdě,srážka s jedoucím nekolejovým vozidlem,nehoda s následky na životě nebo zdraví,při odbočování vlevo,"povrch suchý, neznečistěný",neztížené,dobré,žádné nebo žádné z uvedených,uzel (křižovatka sledovaná ve vybraných městech),,,jízdní kolo,Brno-střed,žena,Ne,pátek,listopad,Staré Brno,,,,,,,,lehké zranění,"s přilbou (pouze u motocyklistů, příp. cyklistů)",řidičem motorového vozidla,"ve dne, viditelnost nezhoršená vlivem povětrnostních podmínek",na jízdním pruhu,řidič,dobrý -žádné nepříznivé okolnosti nebyly zjiště,den,,1,71973,1,71973,1,71973,5,25,1,1995,1,95,2020,0,0,1,0,0,2,12,1,1227,11,-1161442.5,-598214.103,60206202101,2020/11/27 00:00:00+00,30000,10000,ccae5dc8-3604-4676-b6a2-1b1275f67726
-599624.379999999,-1160127.623,276,Brno-střed,ne,nepřiměřená rychlost jízdy,havárie,nehoda s následky na životě nebo zdraví,"nepřizpůsobení rychlosti stavu vozovky (náledí, výtluky, bláto, mokrý povrch apod.)",povrch mokrý,"na počátku deště, slabý déšť, mrholení apod.",dobré,parkoviště přiléhající ke komunikaci,komunikace sledovaná (ve vybraných městech),,,jízdní kolo,Brno-střed,muž,Ne,úterý,duben,Veveří,,,,,,,,lehké zranění,"s přilbou (pouze u motocyklistů, příp. cyklistů)",řidičem nemotorového vozidla,"ve dne, viditelnost nezhoršená vlivem povětrnostních podmínek",na jízdním pruhu,řidič,dobrý -žádné nepříznivé okolnosti nebyly zjiště,den,,1,71983,1,71983,1,71983,2,56,1,1965,1,65,2021,0,0,1,0,0,1,9,1,955,4,-1160127.623,-599624.38,60206210445,2021/04/13 00:00:00+00,5000,5000,e9a7b5a9-45a9-410d-b7ef-a267344105a7
-599034.943999998,-1161620.812,277,Brno-střed,nezjišťováno,nedání přenosti v jízdě,srážka s jedoucím nekolejovým vozidlem,nehoda pouze s hmotnou škodou,při odbočování vlevo,"povrch suchý, neznečistěný",neztížené,dobré,v blízkosti přechodu pro chodce (do vzdálenosti 20 m),komunikace sledovaná (ve vybraných městech),,,jízdní kolo,Brno-střed,muž,Nezjišťován,úterý,duben,Staré Brno,,,,,,,,bez zraněn,"bez přilby (pouze u motocyklistů, příp. cyklistů)",řidičem nemotorového vozidla,"ve dne, viditelnost nezhoršená vlivem povětrnostních podmínek",na jízdním pruhu,řidič,dobrý -žádné nepříznivé okolnosti nebyly zjiště,den,,0,71985,1,71985,1,71985,2,47,1,1974,1,74,2021,0,0,0,0,0,1,16,1,1600,4,-1161620.812,-599034.944,60206210486,2021/04/20 00:00:00+00,10000,0,8b82feb5-4f39-4bb9-83d9-cd019d744d0a
-599586.509,-1161417.78,278,Brno-střed,ne,nedání přenosti v jízdě,srážka s jedoucím nekolejovým vozidlem,nehoda s následky na životě nebo zdraví,při vjíždění na silnici,"povrch suchý, neznečistěný",neztížené,dobré,"výjezd z parkoviště, lesní cesty apod. (pol.36=7,8)",komunikace místní,,,jízdní kolo,Brno-střed,žena,Ne,čtvrtek,duben,Staré Brno,,,,,,,,těžké zranění,"bez přilby (pouze u motocyklistů, příp. cyklistů)",řidičem motorového vozidla,"ve dne, viditelnost nezhoršená vlivem povětrnostních podmínek",na jízdním pruhu,řidič,dobrý -žádné nepříznivé okolnosti nebyly zjiště,den,,0,71987,1,71987,1,71987,4,78,1,1943,1,43,2021,1,0,0,1,0,2,15,1,1515,4,-1161417.78,-599586.509,60206210497,2021/04/22 00:00:00+00,2000,1000,f2bab759-5739-4861-8692-a838cf5b73ca
-598474.57,-1160860.864,279,Brno-střed,ano,nepřiměřená rychlost jízdy,havárie,nehoda s následky na životě nebo zdraví,nepřizpůsobení rychlosti vlastnostem vozidla a nákladu,"povrch suchý, neznečistěný",neztížené,dobré,žádné nebo žádné z uvedených,komunikace místní,,,jízdní kolo,Brno-střed,muž,"Ano, obsah alkoholu v krvi od 1,0‰ do 1,5‰",čtvrtek,květen,Město Brno,,,,,,,,lehké zranění,"bez přilby (pouze u motocyklistů, příp. cyklistů)",řidičem nemotorového vozidla,"ve dne, viditelnost nezhoršená vlivem povětrnostních podmínek",žádné z uvedenýc,řidič,pod vlivem alkoholu obsah alkoholu v krvi 1 ‰ a víc,den,,1,71989,1,71989,1,71989,4,30,1,1991,1,91,2021,0,0,1,0,0,1,18,1,1840,5,-1160860.864,-598474.57,60206210589,2021/05/06 00:00:00+00,500,500,1a74a2e3-1f8c-4610-9eda-c60e926aac36
-597708.701000001,-1161185.375,280,Brno-střed,ano,nesprávný způsob jízdy,srážka s tramvají,nehoda s následky na životě nebo zdraví,řidič se plně nevěnoval řízení vozidla,"povrch suchý, neznečistěný",neztížené,dobré,v blízkosti přechodu pro chodce (do vzdálenosti 20 m),komunikace sledovaná (ve vybraných městech),,,jízdní kolo,Brno-střed,muž,"Ano, obsah alkoholu v krvi 1,5‰ a více",úterý,květen,Trnitá,,,,,,,,lehké zranění,"bez přilby (pouze u motocyklistů, příp. cyklistů)",řidičem nemotorového vozidla,"ve dne, viditelnost nezhoršená vlivem povětrnostních podmínek",na kolejích tramvaje,řidič,pod vlivem alkoholu obsah alkoholu v krvi 1 ‰ a víc,den,,1,71998,1,71998,1,71998,2,62,1,1959,1,59,2021,0,0,1,0,0,1,12,1,1255,5,-1161185.375,-597708.701,60206210713,2021/05/25 00:00:00+00,0,0,9b0feaf2-8541-427f-9efd-774055a1b6ca
-597766.394000001,-1161044.915,281,Brno-střed,ano,nesprávný způsob jízdy,havárie,nehoda s následky na životě nebo zdraví,řidič se plně nevěnoval řízení vozidla,"povrch suchý, neznečistěný",neztížené,dobré,žádné nebo žádné z uvedených,komunikace sledovaná (ve vybraných městech),,,jízdní kolo,Brno-střed,muž,"Ano, obsah alkoholu v krvi 1,5‰ a více",sobota,květen,Město Brno,,,,,,,,lehké zranění,"bez přilby (pouze u motocyklistů, příp. cyklistů)",řidičem nemotorového vozidla,"ve dne, viditelnost nezhoršená vlivem povětrnostních podmínek",na kolejích tramvaje,řidič,pod vlivem alkoholu obsah alkoholu v krvi 1 ‰ a víc,den,,1,71999,1,71999,1,71999,6,37,1,1984,1,84,2021,0,0,1,0,0,1,20,1,2035,5,-1161044.915,-597766.394,60206210750,2021/05/29 00:00:00+00,0,0,cf2baa3e-cf76-423f-839c-3907e0ba8be1
-599372.511999998,-1161112.659,282,Brno-střed,ne,nedání přenosti v jízdě,srážka s jedoucím nekolejovým vozidlem,nehoda s následky na životě nebo zdraví,při otáčení nebo couvání,"povrch suchý, neznečistěný",neztížené,dobré,žádné nebo žádné z uvedených,komunikace sledovaná (ve vybraných městech),,,jízdní kolo,Brno-střed,muž,Ne,úterý,červen,Staré Brno,,,,,,,,lehké zranění,"s přilbou (pouze u motocyklistů, příp. cyklistů)",řidičem motorového vozidla,"ve dne, viditelnost nezhoršená vlivem povětrnostních podmínek",na jízdním pruhu,řidič,dobrý -žádné nepříznivé okolnosti nebyly zjiště,den,,1,72000,1,72000,1,72000,2,62,1,1959,1,59,2021,0,0,1,0,0,2,16,1,1619,6,-1161112.659,-599372.512,60206210761,2021/06/01 00:00:00+00,15000,15000,596de022-b7e5-49ca-870a-9af56d4aecf4
-599673.642999999,-1161683.96,283,Brno-střed,ne,nepřiměřená rychlost jízdy,havárie,nehoda s následky na životě nebo zdraví,nepřizpůsobení rychlosti vlastnostem vozidla a nákladu,"povrch suchý, neznečistěný",neztížené,dobré,žádné nebo žádné z uvedených,komunikace místní,,,jízdní kolo,Brno-střed,muž,Ne,sobota,červen,Štýřice,,,,,,,,lehké zranění,"s přilbou (pouze u motocyklistů, příp. cyklistů)",řidičem nemotorového vozidla,"ve dne, viditelnost nezhoršená vlivem povětrnostních podmínek",na stezce pro cyklisty,řidič,dobrý -žádné nepříznivé okolnosti nebyly zjiště,den,,1,72003,1,72003,1,72003,6,44,1,1977,1,77,2021,0,0,1,0,0,1,12,1,1205,6,-1161683.96,-599673.643,60206210790,2021/06/05 00:00:00+00,3000,2000,396606b1-9d09-48c3-a133-ee1bd39efbff
-597968.256000001,-1161212.923,284,Brno-střed,ne,nesprávný způsob jízdy,havárie,nehoda s následky na životě nebo zdraví,řidič se plně nevěnoval řízení vozidla,"povrch suchý, neznečistěný",neztížené,dobré,žádné nebo žádné z uvedených,komunikace sledovaná (ve vybraných městech),,,jízdní kolo,Brno-střed,muž,Ne,pondělí,červen,Město Brno,,,,,,,,lehké zranění,"bez přilby (pouze u motocyklistů, příp. cyklistů)",řidičem nemotorového vozidla,"ve dne, viditelnost nezhoršená vlivem povětrnostních podmínek",na kolejích tramvaje,řidič,dobrý -žádné nepříznivé okolnosti nebyly zjiště,den,,1,72009,1,72009,1,72009,1,28,1,1993,1,93,2021,0,0,1,0,0,1,6,1,650,6,-1161212.923,-597968.256,60206210802,2021/06/07 00:00:00+00,5000,0,7f55934f-d187-4b11-973b-f5d3d690a0c3
-598871.072000001,-1161332.842,285,Brno-střed,ne,nepřiměřená rychlost jízdy,havárie,nehoda s následky na životě nebo zdraví,nepřizpůsobení rychlosti vlastnostem vozidla a nákladu,"povrch suchý, neznečistěný",neztížené,dobré,žádné nebo žádné z uvedených,komunikace místní,,,jízdní kolo,Brno-střed,muž,Ne,úterý,červen,Staré Brno,,,,,,,,lehké zranění,"bez přilby (pouze u motocyklistů, příp. cyklistů)",řidičem nemotorového vozidla,"v noci - s veřejným osvětlením, viditelnost nezhoršená vlivem povětrnostních podmínek",na jízdním pruhu,řidič,dobrý -žádné nepříznivé okolnosti nebyly zjiště,noc,,1,72010,1,72010,1,72010,2,20,1,2001,3,1,2021,0,0,1,0,0,1,23,1,2330,6,-1161332.842,-598871.072,60206210825,2021/06/08 00:00:00+00,0,0,15da8a14-a12a-49e0-8a2e-5609d504692c
-599132.221000001,-1160546.951,286,Brno-střed,ne,nesprávný způsob jízdy,havárie,nehoda s následky na životě nebo zdraví,řidič se plně nevěnoval řízení vozidla,"povrch suchý, neznečistěný",neztížené,dobré,žádné nebo žádné z uvedených,komunikace sledovaná (ve vybraných městech),,,jízdní kolo,Brno-střed,muž,Ne,čtvrtek,červen,Staré Brno,,,,,,,,lehké zranění,"bez přilby (pouze u motocyklistů, příp. cyklistů)",řidičem nemotorového vozidla,"ve dne, viditelnost nezhoršená vlivem povětrnostních podmínek",na chodníku nebo ostrůvku,řidič,dobrý -žádné nepříznivé okolnosti nebyly zjiště,den,,1,72018,1,72018,1,72018,4,21,1,2000,3,0,2021,0,0,1,0,0,1,16,1,1655,6,-1160546.951,-599132.221,60206210851,2021/06/10 00:00:00+00,2000,2000,7b32ef0a-dbde-4cb2-8a66-2b4fcb7b8699
-599291.219999999,-1160448.184,287,Brno-střed,ne,nedání přenosti v jízdě,srážka s jedoucím nekolejovým vozidlem,nehoda s následky na životě nebo zdraví,při odbočování vlevo,"povrch suchý, neznečistěný",neztížené,dobré,žádné nebo žádné z uvedených,komunikace sledovaná (ve vybraných městech),,,jízdní kolo,Brno-střed,muž,Ne,středa,červen,Staré Brno,,,,,,,,lehké zranění,"s přilbou (pouze u motocyklistů, příp. cyklistů)",řidičem motorového vozidla,"ve dne, viditelnost nezhoršená vlivem povětrnostních podmínek",na jízdním pruhu,řidič,dobrý -žádné nepříznivé okolnosti nebyly zjiště,den,,1,72030,1,72030,1,72030,3,38,1,1983,1,83,2021,0,0,1,0,0,2,9,1,914,6,-1160448.184,-599291.22,60206210936,2021/06/23 00:00:00+00,65000,3000,e8b96d41-3eee-49e6-97ce-47d3a23779a6
-597352.006999999,-1161222.217,288,Brno-střed,ano,nesprávný způsob jízdy,srážka s jedoucím nekolejovým vozidlem,nehoda s následky na životě nebo zdraví,řidič se plně nevěnoval řízení vozidla,"povrch suchý, neznečistěný",neztížené,dobré,v blízkosti přechodu pro chodce (do vzdálenosti 20 m),uzel (křižovatka sledovaná ve vybraných městech),,,jízdní kolo,Brno-střed,muž,"Ano, obsah alkoholu v krvi 1,5‰ a více",sobota,červen,Trnitá,,,,,,,,lehké zranění,"s přilbou (pouze u motocyklistů, příp. cyklistů)",řidičem nemotorového vozidla,"ve dne, viditelnost nezhoršená vlivem povětrnostních podmínek",na jízdním pruhu,řidič,pod vlivem alkoholu obsah alkoholu v krvi 1 ‰ a víc,den,,1,72033,1,72033,1,72033,6,36,1,1985,1,85,2021,0,0,1,0,0,1,19,1,1950,6,-1161222.217,-597352.007,60206210963,2021/06/26 00:00:00+00,12000,2000,5f04e6fa-5e15-400d-84a0-c95f6ad64c0c
-597733.892000001,-1160166.127,289,Brno-střed,nezjišťováno,nezaviněno řidičem,srážka s chodcem,nehoda s následky na životě nebo zdraví,nezaviněná řidičem,"povrch suchý, neznečistěný",neztížené,dobré,žádné nebo žádné z uvedených,komunikace sledovaná (ve vybraných městech),,,jízdní kolo,Brno-střed,muž,Nezjišťován,středa,červen,Černá Pole,,,,,,,,lehké zranění,"s přilbou (pouze u motocyklistů, příp. cyklistů)",chodcem,"ve dne, viditelnost nezhoršená vlivem povětrnostních podmínek",na jízdním pruhu,řidič,dobrý -žádné nepříznivé okolnosti nebyly zjiště,den,,1,72036,1,72036,1,72036,3,27,1,1994,1,94,2021,0,0,1,0,0,1,12,1,1220,6,-1160166.127,-597733.892,60206210993,2021/06/30 00:00:00+00,3000,2000,1fdcc75a-0cce-4942-820e-d1c3b1f5ba12
-598162.436999999,-1160714.418,290,Brno-střed,ne,nesprávný způsob jízdy,havárie,nehoda s následky na životě nebo zdraví,řidič se plně nevěnoval řízení vozidla,"povrch suchý, neznečistěný",neztížené,dobré,žádné nebo žádné z uvedených,komunikace sledovaná (ve vybraných městech),,,jízdní kolo,Brno-střed,žena,Ne,čtvrtek,červenec,Město Brno,,,,,,,,lehké zranění,"bez přilby (pouze u motocyklistů, příp. cyklistů)",řidičem nemotorového vozidla,"ve dne, viditelnost nezhoršená vlivem povětrnostních podmínek",na kolejích tramvaje,řidič,dobrý -žádné nepříznivé okolnosti nebyly zjiště,den,,1,72037,1,72037,1,72037,4,27,1,1994,1,94,2021,0,0,1,0,0,1,11,1,1145,7,-1160714.418,-598162.437,60206210998,2021/07/01 00:00:00+00,1000,1000,1766459b-4af9-4da6-a995-f04f1cd7fe63
-598019.620999999,-1161142.159,291,Brno-střed,ano,nepřiměřená rychlost jízdy,havárie,nehoda s následky na životě nebo zdraví,nepřizpůsobení rychlosti vlastnostem vozidla a nákladu,"povrch suchý, neznečistěný",neztížené,dobré,žádné nebo žádné z uvedených,komunikace sledovaná (ve vybraných městech),,,jízdní kolo,Brno-střed,muž,"Ano, obsah alkoholu v krvi 1,5‰ a více",pátek,červenec,Město Brno,,,,,,,,lehké zranění,"bez přilby (pouze u motocyklistů, příp. cyklistů)",řidičem nemotorového vozidla,"v noci - s veřejným osvětlením, viditelnost nezhoršená vlivem povětrnostních podmínek",na jízdním pruhu,řidič,pod vlivem alkoholu obsah alkoholu v krvi 1 ‰ a víc,noc,,1,72050,1,72050,1,72050,5,30,1,1991,1,91,2021,0,0,1,0,0,1,3,1,328,7,-1161142.159,-598019.621,60206211201,2021/07/30 00:00:00+00,1000,1000,9745e8a1-d665-4cd7-9e80-25efcff5a95f
-598062.734999999,-1161309.758,292,Brno-střed,ne,nesprávný způsob jízdy,havárie,nehoda s následky na životě nebo zdraví,řidič se plně nevěnoval řízení vozidla,"povrch suchý, neznečistěný",neztížené,dobré,v blízkosti přechodu pro chodce (do vzdálenosti 20 m),komunikace sledovaná (ve vybraných městech),,,jízdní kolo,Brno-střed,žena,Ne,úterý,srpen,Město Brno,,,,,,,,lehké zranění,"bez přilby (pouze u motocyklistů, příp. cyklistů)",řidičem nemotorového vozidla,"ve dne, viditelnost nezhoršená vlivem povětrnostních podmínek",na chodníku nebo ostrůvku,řidič,dobrý -žádné nepříznivé okolnosti nebyly zjiště,den,,1,72052,1,72052,1,72052,2,27,1,1994,3,94,2021,0,0,1,0,0,1,8,1,823,8,-1161309.758,-598062.735,60206211229,2021/08/03 00:00:00+00,0,0,19d83222-439d-4217-8848-2b483a67dc8e
-599103.105,-1161047.764,293,Brno-střed,ano,nepřiměřená rychlost jízdy,havárie,nehoda s následky na životě nebo zdraví,"nepřizpůsobení rychlosti dopravně technickému stavu vozovky (zatáčka, klesání, stoupání, šířka vozovky apod.)",povrch mokrý,"na počátku deště, slabý déšť, mrholení apod.",dobré,v blízkosti přechodu pro chodce (do vzdálenosti 20 m),uzel (křižovatka sledovaná ve vybraných městech),,,jízdní kolo,Brno-střed,muž,"Ano, obsah alkoholu v krvi 1,5‰ a více",středa,srpen,Staré Brno,,,,,,,,lehké zranění,"bez přilby (pouze u motocyklistů, příp. cyklistů)",řidičem nemotorového vozidla,"v noci - s veřejným osvětlením, viditelnost nezhoršená vlivem povětrnostních podmínek",na jízdním pruhu,řidič,pod vlivem alkoholu obsah alkoholu v krvi 1 ‰ a víc,noc,,1,72055,1,72055,1,72055,3,26,1,1995,3,95,2021,0,0,1,0,0,1,23,1,2312,8,-1161047.764,-599103.105,60206211247,2021/08/04 00:00:00+00,0,0,b6a8ed9d-1a01-4c62-9b47-c7237d962641
-598297.348000001,-1160301.954,294,Brno-střed,ano,nedání přenosti v jízdě,srážka s jedoucím nekolejovým vozidlem,nehoda pouze s hmotnou škodou,"jízda na ""červenou"" 3-barevného semaforu","povrch suchý, neznečistěný",neztížené,dobré,v blízkosti přechodu pro chodce (do vzdálenosti 20 m),uzel (křižovatka sledovaná ve vybraných městech),,,jízdní kolo,Brno-střed,muž,"Ano, obsah alkoholu v krvi 1,5‰ a více",sobota,srpen,Město Brno,,,,,,,,bez zraněn,"bez přilby (pouze u motocyklistů, příp. cyklistů)",řidičem nemotorového vozidla,"v noci - s veřejným osvětlením, viditelnost nezhoršená vlivem povětrnostních podmínek",na jízdním pruhu,řidič,pod vlivem alkoholu obsah alkoholu v krvi 1 ‰ a víc,noc,,0,72056,1,72056,1,72056,6,21,1,2000,3,0,2021,0,0,0,0,0,1,22,1,2225,8,-1160301.954,-598297.348,60206211265,2021/08/07 00:00:00+00,45000,5000,8d2dc97e-46cd-414d-bd66-94af2ff3a49b
-599551.149,-1161167.243,295,Brno-střed,nezjišťováno,nesprávný způsob jízdy,jiný druh nehody,nehoda s následky na životě nebo zdraví,řidič se plně nevěnoval řízení vozidla,"povrch suchý, neznečistěný",neztížené,dobré,žádné nebo žádné z uvedených,komunikace sledovaná (ve vybraných městech),,,jízdní kolo,Brno-střed,žena,Nezjišťován,úterý,srpen,Staré Brno,,,,,,,,lehké zranění,"bez přilby (pouze u motocyklistů, příp. cyklistů)",řidičem motorového vozidla,"ve dne, viditelnost nezhoršená vlivem povětrnostních podmínek",na jízdním pruhu,řidič,dobrý -žádné nepříznivé okolnosti nebyly zjiště,den,,1,72064,1,72064,1,72064,2,39,1,1982,1,82,2021,0,0,1,0,0,2,7,1,700,8,-1161167.243,-599551.149,60206211378,2021/08/24 00:00:00+00,5000,0,322ed64d-4e0c-4f60-a8f6-cd86b83eb334
-598824.285999998,-1162206.035,296,Brno-střed,nezjišťováno,nepřiměřená rychlost jízdy,havárie,nehoda s následky na životě nebo zdraví,nepřizpůsobení rychlosti vlastnostem vozidla a nákladu,povrch mokrý,déšť,dobré,žádné nebo žádné z uvedených,komunikace sledovaná (ve vybraných městech),,,jízdní kolo,Brno-střed,muž,Nezjišťován,sobota,září,Štýřice,,,,,,,,lehké zranění,"bez přilby (pouze u motocyklistů, příp. cyklistů)",řidičem nemotorového vozidla,"v noci - s veřejným osvětlením, viditelnost nezhoršená vlivem povětrnostních podmínek",na jízdním pruhu,řidič,dobrý -žádné nepříznivé okolnosti nebyly zjiště,noc,,1,72073,1,72073,1,72073,6,34,1,1987,3,87,2021,0,0,1,0,0,1,23,1,2335,9,-1162206.035,-598824.286,60206211541,2021/09/11 00:00:00+00,0,0,c7810c03-9bd7-433e-9b49-c1c137265024