X,Y,objectid_1,zuj,alkohol_vinik,hlavni_pricina,srazka,nasledky,pricina,stav_vozovky,povetrnostni_podm,rozhled,misto_nehody,druh_komun,pneumatiky,druh_pohonu,druh_vozidla,mestska_cast,pohlavi,alkohol,den_v_tydnu,mesic_t,katastr,chovani_chodce,stav_chodce,drogy_chodec,alkohol_chodec,osobni_prepravnik,reflexni_prvky,kategorie_chodce,nasledek,ozn_osoba,zavineni,viditelnost,situovani,osoba,stav_ridic,doba,smrt_po,lz,target_fid_1,join_count_1,objectid,join_count,target_fid,den,vek,smrt_dny,rok_nar,p48a,p59d,rok,tz,smrt,lehce_zran_os,tezce_zran_os,usmrceno_os,id_vozidla,hodina,ovlivneni_ridice,cas,mesic,e,d,id_nehody,datum,hmotna_skoda_1,skoda_vozidlo,globalid
-598075.155999999,-1161271.391,297,Brno-střed,nezjišťováno,nezaviněno řidičem,"srážka s vozidlem zaparkovaným, odstaveným",nehoda s následky na životě nebo zdraví,nezaviněná řidičem,povrch mokrý,déšť,dobré,parkoviště přiléhající ke komunikaci,komunikace místní,,,jízdní kolo,Brno-střed,žena,Nezjišťován,pátek,září,Město Brno,,,,,,,,lehké zranění,"s přilbou (pouze u motocyklistů, příp. cyklistů)",jiné zaviněn,"ve dne, viditelnost nezhoršená vlivem povětrnostních podmínek",na jízdním pruhu,řidič,dobrý -žádné nepříznivé okolnosti nebyly zjiště,den,,1,72081,1,72081,1,72081,5,36,1,1985,1,85,2021,0,0,1,0,0,2,18,1,1850,9,-1161271.391,-598075.156,60206211589,2021/09/17 00:00:00+00,6000,5000,348583e3-296a-4147-9f0e-bb632139cdd0
-598597.719999999,-1161309.401,298,Brno-střed,ano,nesprávný způsob jízdy,havárie,nehoda s následky na životě nebo zdraví,řidič se plně nevěnoval řízení vozidla,"povrch suchý, neznečistěný",neztížené,dobré,žádné nebo žádné z uvedených,komunikace sledovaná (ve vybraných městech),,,jízdní kolo,Brno-střed,žena,"Ano, obsah alkoholu v krvi 1,5‰ a více",úterý,září,Staré Brno,,,,,,,,lehké zranění,"bez přilby (pouze u motocyklistů, příp. cyklistů)",řidičem nemotorového vozidla,"v noci - s veřejným osvětlením, viditelnost nezhoršená vlivem povětrnostních podmínek",na kolejích tramvaje,řidič,pod vlivem alkoholu obsah alkoholu v krvi 1 ‰ a víc,noc,,1,72082,1,72082,1,72082,2,29,1,1992,1,92,2021,0,0,1,0,0,1,1,1,10,9,-1161309.401,-598597.72,60206211607,2021/09/21 00:00:00+00,0,0,07175f5d-4386-4f99-a041-bb7037748bcc
-597463.068999998,-1161190.316,299,Brno-střed,ne,nesprávný způsob jízdy,jiný druh nehody,nehoda s následky na životě nebo zdraví,řidič se plně nevěnoval řízení vozidla,"povrch suchý, neznečistěný",neztížené,dobré,přechod pro chodce,komunikace sledovaná (ve vybraných městech),,,jízdní kolo,Brno-střed,muž,Ne,sobota,říjen,Trnitá,,,,,,,,lehké zranění,"bez přilby (pouze u motocyklistů, příp. cyklistů)",řidičem nemotorového vozidla,"v noci - s veřejným osvětlením, viditelnost nezhoršená vlivem povětrnostních podmínek",na jízdním pruhu,řidič,dobrý -žádné nepříznivé okolnosti nebyly zjiště,noc,,1,72089,1,72089,1,72089,6,17,1,2004,3,4,2021,0,0,1,0,0,1,23,1,2330,10,-1161190.316,-597463.069,60206211687,2021/10/02 00:00:00+00,0,0,2efc0830-7804-45d4-85a1-0a55588275e7
-599229.780999999,-1161797.818,300,Brno-střed,ne,nesprávný způsob jízdy,srážka s tramvají,nehoda s následky na životě nebo zdraví,řidič se plně nevěnoval řízení vozidla,"povrch suchý, neznečistěný",neztížené,dobré,žádné nebo žádné z uvedených,komunikace sledovaná (ve vybraných městech),,,jízdní kolo,Brno-střed,žena,Ne,čtvrtek,říjen,Štýřice,,,,,,,,lehké zranění,"bez přilby (pouze u motocyklistů, příp. cyklistů)",řidičem nemotorového vozidla,"v noci - s veřejným osvětlením, viditelnost nezhoršená vlivem povětrnostních podmínek",na kolejích tramvaje,řidič,dobrý -žádné nepříznivé okolnosti nebyly zjiště,den,,1,72093,1,72093,1,72093,4,37,1,1984,1,84,2021,0,0,1,0,0,1,18,1,1851,10,-1161797.818,-599229.781,60206211730,2021/10/07 00:00:00+00,6000,1000,16d4a8d6-18d8-4b86-832b-88e238d1e183
-598561.405999999,-1160187.819,301,Brno-střed,ne,nesprávný způsob jízdy,"srážka s vozidlem zaparkovaným, odstaveným",nehoda s následky na životě nebo zdraví,řidič se plně nevěnoval řízení vozidla,"povrch suchý, neznečistěný",neztížené,dobré,přechod pro chodce,komunikace sledovaná (ve vybraných městech),,,jízdní kolo,Brno-střed,muž,Ne,středa,říjen,Veveří,,,,,,,,lehké zranění,"bez přilby (pouze u motocyklistů, příp. cyklistů)",řidičem motorového vozidla,"ve dne, viditelnost nezhoršená vlivem povětrnostních podmínek",na jízdním pruhu,řidič,dobrý -žádné nepříznivé okolnosti nebyly zjiště,den,,1,72100,1,72100,1,72100,3,25,1,1996,1,96,2021,0,0,1,0,0,2,8,1,840,10,-1160187.819,-598561.406,60206211834,2021/10/20 00:00:00+00,11000,10000,0a730201-aed7-4677-9224-ed11456f2d0c
-598007.901999999,-1160997.789,302,Brno-střed,ne,nesprávný způsob jízdy,havárie,nehoda s následky na životě nebo zdraví,řidič se plně nevěnoval řízení vozidla,"povrch suchý, neznečistěný",neztížené,dobré,žádné nebo žádné z uvedených,uzel (křižovatka sledovaná ve vybraných městech),,,jízdní kolo,Brno-střed,muž,Ne,úterý,listopad,Město Brno,,,,,,,,lehké zranění,"s přilbou (pouze u motocyklistů, příp. cyklistů)",řidičem nemotorového vozidla,"ve dne, viditelnost nezhoršená vlivem povětrnostních podmínek",na jízdním pruhu,řidič,dobrý -žádné nepříznivé okolnosti nebyly zjiště,den,,1,72106,1,72106,1,72106,2,25,1,1996,1,96,2021,0,0,1,0,0,1,12,1,1245,11,-1160997.789,-598007.902,60206211931,2021/11/02 00:00:00+00,0,0,6cc0a674-ae5e-42e3-8b4f-5ec423cb6c8a
-598797.857999999,-1160334.714,303,Brno-střed,ne,nepřiměřená rychlost jízdy,havárie,nehoda s následky na životě nebo zdraví,"nepřizpůsobení rychlosti stavu vozovky (náledí, výtluky, bláto, mokrý povrch apod.)","povrch suchý, neznečistěný",neztížené,dobré,žádné nebo žádné z uvedených,komunikace sledovaná (ve vybraných městech),,,jízdní kolo,Brno-střed,muž,Ne,pátek,listopad,Veveří,,,,,,,,lehké zranění,"s přilbou (pouze u motocyklistů, příp. cyklistů)",řidičem nemotorového vozidla,"ve dne, viditelnost nezhoršená vlivem povětrnostních podmínek",na jízdním pruhu,řidič,dobrý -žádné nepříznivé okolnosti nebyly zjiště,den,,1,72108,1,72108,1,72108,5,46,1,1975,1,75,2021,0,0,1,0,0,1,8,1,800,11,-1160334.714,-598797.858,60206211957,2021/11/05 00:00:00+00,4000,3000,e73a8bfd-7648-45fc-8d94-e50614e68aec
-597646.719000001,-1161193.86,304,Brno-střed,ano,nesprávný způsob jízdy,havárie,nehoda s následky na životě nebo zdraví,řidič se plně nevěnoval řízení vozidla,"povrch suchý, neznečistěný",neztížené,dobré,žádné nebo žádné z uvedených,komunikace sledovaná (ve vybraných městech),,,jízdní kolo,Brno-střed,muž,"Ano, obsah alkoholu v krvi 1,5‰ a více",úterý,listopad,Trnitá,,,,,,,,lehké zranění,"bez přilby (pouze u motocyklistů, příp. cyklistů)",řidičem nemotorového vozidla,"v noci - s veřejným osvětlením, viditelnost nezhoršená vlivem povětrnostních podmínek",na jízdním pruhu,řidič,pod vlivem alkoholu obsah alkoholu v krvi 1 ‰ a víc,den,,1,72109,1,72109,1,72109,2,39,1,1982,1,82,2021,0,0,1,0,0,1,20,1,2018,11,-1161193.86,-597646.719,60206211984,2021/11/09 00:00:00+00,1000,1000,6d9be99e-cf87-4d1c-8b46-896df6d8bcfc
-599130.835999999,-1161312.663,305,Brno-střed,ne,nesprávný způsob jízdy,srážka s jedoucím nekolejovým vozidlem,nehoda pouze s hmotnou škodou,řidič se plně nevěnoval řízení vozidla,"povrch suchý, neznečistěný",neztížené,dobré,žádné nebo žádné z uvedených,komunikace sledovaná (ve vybraných městech),,,jízdní kolo,Brno-střed,muž,Ne,pátek,listopad,Staré Brno,,,,,,,,bez zraněn,"bez přilby (pouze u motocyklistů, příp. cyklistů)",řidičem nemotorového vozidla,"ve dne, viditelnost nezhoršená vlivem povětrnostních podmínek",na jízdním pruhu,řidič,dobrý -žádné nepříznivé okolnosti nebyly zjiště,den,,0,72111,1,72111,1,72111,5,36,1,1985,1,85,2021,0,0,0,0,0,1,15,1,1550,11,-1161312.663,-599130.836,60206212045,2021/11/19 00:00:00+00,10000,0,dee15925-65ca-44b9-94c4-fd7ed894cb9c
-597786.798,-1161015.977,306,Brno-střed,ano,nesprávný způsob jízdy,havárie,nehoda s následky na životě nebo zdraví,nezvládnutí řízení vozidla,"povrch suchý, neznečistěný",neztížené,dobré,žádné nebo žádné z uvedených,komunikace sledovaná (ve vybraných městech),,,jízdní kolo,Brno-střed,muž,"Ano, obsah alkoholu v krvi 1,5‰ a více",úterý,listopad,Město Brno,,,,,,,,lehké zranění,"s přilbou (pouze u motocyklistů, příp. cyklistů)",řidičem nemotorového vozidla,"v noci - s veřejným osvětlením, viditelnost nezhoršená vlivem povětrnostních podmínek",na jízdním pruhu,řidič,pod vlivem alkoholu obsah alkoholu v krvi 1 ‰ a víc,noc,,1,72112,1,72112,1,72112,2,32,1,1989,1,89,2021,0,0,1,0,0,1,5,1,55,11,-1161015.977,-597786.798,60206212066,2021/11/23 00:00:00+00,0,0,83e48798-1638-4966-9dfc-545088df3e3e
-597666.539000001,-1160383.898,307,Brno-střed,ne,nesprávný způsob jízdy,srážka s jedoucím nekolejovým vozidlem,nehoda s následky na životě nebo zdraví,řidič se plně nevěnoval řízení vozidla,"povrch suchý, neznečistěný",neztížené,dobré,žádné nebo žádné z uvedených,komunikace sledovaná (ve vybraných městech),,,jízdní kolo,Brno-střed,muž,Ne,středa,prosinec,Zábrdovice,,,,,,,,lehké zranění,"bez přilby (pouze u motocyklistů, příp. cyklistů)",řidičem motorového vozidla,"ve dne, viditelnost nezhoršená vlivem povětrnostních podmínek",na jízdním pruhu,řidič,dobrý -žádné nepříznivé okolnosti nebyly zjiště,den,,1,72115,1,72115,1,72115,3,41,1,1980,1,80,2021,0,0,1,0,0,2,13,1,1317,12,-1160383.898,-597666.539,60206212213,2021/12/15 00:00:00+00,7000,0,567f9e6e-5f1e-4407-8c15-f56083b97376
-598088.085999999,-1160950.196,308,Brno-střed,ne,nesprávný způsob jízdy,srážka s chodcem,nehoda s následky na životě nebo zdraví,vyhýbání bez dostatečného bočního odstupu (vůle),"povrch suchý, neznečistěný",neztížené,dobré,žádné nebo žádné z uvedených,komunikace sledovaná (ve vybraných městech),,,jízdní kolo,Brno-střed,muž,Ne,úterý,duben,Město Brno,,,,,,,,lehké zranění,"s přilbou (pouze u motocyklistů, příp. cyklistů)",řidičem nemotorového vozidla,"ve dne, viditelnost nezhoršená vlivem povětrnostních podmínek",na kolejích tramvaje,řidič,dobrý -žádné nepříznivé okolnosti nebyly zjiště,den,,1,72134,1,72134,1,72134,2,27,1,1995,1,95,2022,0,0,2,0,0,1,11,1,1136,4,-1160950.196,-598088.086,60206220594,2022/04/12 00:00:00+00,2000,2000,9343fc0e-3e54-4c78-86aa-b7f7f1e27c82
-599079.671999998,-1160205.208,309,Brno-střed,ano,nesprávný způsob jízdy,havárie,nehoda s následky na životě nebo zdraví,řidič se plně nevěnoval řízení vozidla,"povrch suchý, neznečistěný",neztížené,dobré,žádné nebo žádné z uvedených,komunikace místní,,,jízdní kolo,Brno-střed,muž,"Ano, obsah alkoholu v krvi 1,5‰ a více",pondělí,duben,Veveří,,,,,,,,lehké zranění,"bez přilby (pouze u motocyklistů, příp. cyklistů)",řidičem nemotorového vozidla,"ve dne, viditelnost nezhoršená vlivem povětrnostních podmínek",na jízdním pruhu,řidič,pod vlivem alkoholu obsah alkoholu v krvi 1 ‰ a víc,den,,1,72135,1,72135,1,72135,1,35,1,1987,1,87,2022,0,0,1,0,0,1,16,1,1645,4,-1160205.208,-599079.672,60206220627,2022/04/18 00:00:00+00,2000,2000,2ab29661-e934-4757-bb06-988207e39692
-597694.967999998,-1160862.142,310,Brno-střed,ne,nesprávný způsob jízdy,"srážka s vozidlem zaparkovaným, odstaveným",nehoda s následky na životě nebo zdraví,řidič se plně nevěnoval řízení vozidla,povrch mokrý,"na počátku deště, slabý déšť, mrholení apod.",dobré,parkoviště přiléhající ke komunikaci,komunikace sledovaná (ve vybraných městech),,,jízdní kolo,Brno-střed,žena,Ne,pátek,duben,Město Brno,,,,,,,,lehké zranění,"bez přilby (pouze u motocyklistů, příp. cyklistů)",řidičem nemotorového vozidla,"ve dne, viditelnost nezhoršená vlivem povětrnostních podmínek",na jízdním pruhu,řidič,dobrý -žádné nepříznivé okolnosti nebyly zjiště,den,,1,72137,1,72137,1,72137,5,21,1,2001,3,1,2022,0,0,1,0,0,1,18,1,1810,4,-1160862.142,-597694.968,60206220656,2022/04/22 00:00:00+00,22000,20000,bb505f29-ab8c-4ed5-860e-37d622c755cf
-599701.403000001,-1161301.369,311,Brno-střed,ne,nedání přenosti v jízdě,srážka s jedoucím nekolejovým vozidlem,nehoda s následky na životě nebo zdraví,proti příkazu dopravní značky DEJ PŘEDNOST,"povrch suchý, neznečistěný",neztížené,dobré,v blízkosti přechodu pro chodce (do vzdálenosti 20 m),komunikace sledovaná (ve vybraných městech),,,jízdní kolo,Brno-střed,muž,Ne,středa,duben,Pisárky,,,,,,,,lehké zranění,"s přilbou (pouze u motocyklistů, příp. cyklistů)",řidičem motorového vozidla,"ve dne, viditelnost nezhoršená vlivem povětrnostních podmínek",na jízdním pruhu,řidič,dobrý -žádné nepříznivé okolnosti nebyly zjiště,den,,1,72139,1,72139,1,72139,3,21,1,2001,1,1,2022,0,0,1,0,0,2,17,1,1700,4,-1161301.369,-599701.403,60206220691,2022/04/27 00:00:00+00,10000,5000,a050e2e6-4f0d-4c55-9af4-16bca0fc366d
-598335.969000001,-1161515.229,312,Brno-střed,ano,nesprávný způsob jízdy,havárie,nehoda s následky na životě nebo zdraví,řidič se plně nevěnoval řízení vozidla,povrch mokrý,neztížené,dobré,v blízkosti přechodu pro chodce (do vzdálenosti 20 m),komunikace sledovaná (ve vybraných městech),,,jízdní kolo,Brno-střed,muž,"Ano, obsah alkoholu v krvi 1,5‰ a více",neděle,květen,Staré Brno,,,,,,,,lehké zranění,"bez přilby (pouze u motocyklistů, příp. cyklistů)",řidičem nemotorového vozidla,"ve dne, zhoršená viditelnost (svítání, soumrak)",na chodníku nebo ostrůvku,řidič,pod vlivem alkoholu obsah alkoholu v krvi 1 ‰ a víc,den,,1,72140,1,72140,1,72140,7,41,1,1981,1,81,2022,0,0,1,0,0,1,20,1,2020,5,-1161515.229,-598335.969,60206220710,2022/05/01 00:00:00+00,1000,1000,516f8010-05f5-4f9b-a26f-8a069ae2504e
-598232.511,-1160382.903,313,Brno-střed,ne,nesprávný způsob jízdy,srážka s jedoucím nekolejovým vozidlem,nehoda s následky na životě nebo zdraví,nesprávné otáčení nebo couvání,"povrch suchý, neznečistěný",neztížené,výhled zakryt stojícím vozidlem,žádné nebo žádné z uvedených,komunikace sledovaná (ve vybraných městech),,,jízdní kolo,Brno-střed,muž,Ne,úterý,květen,Město Brno,,,,,,,,lehké zranění,"bez přilby (pouze u motocyklistů, příp. cyklistů)",řidičem motorového vozidla,"ve dne, viditelnost nezhoršená vlivem povětrnostních podmínek",na jízdním pruhu,řidič,dobrý -žádné nepříznivé okolnosti nebyly zjiště,den,,1,72141,1,72141,1,72141,2,28,1,1994,1,94,2022,0,0,1,0,0,2,10,1,1056,5,-1160382.903,-598232.511,60206220726,2022/05/03 00:00:00+00,6000,1000,871d0e6f-3b97-4d20-ada7-397dd389d50f
-597663.116,-1161175.225,314,Brno-střed,ano,nesprávný způsob jízdy,havárie,nehoda s následky na životě nebo zdraví,řidič se plně nevěnoval řízení vozidla,"povrch suchý, neznečistěný",neztížené,dobré,žádné nebo žádné z uvedených,uzel (křižovatka sledovaná ve vybraných městech),,,jízdní kolo,Brno-střed,muž,"Ano, obsah alkoholu v krvi 1,5‰ a více",pondělí,květen,Trnitá,,,,,,,,lehké zranění,"bez přilby (pouze u motocyklistů, příp. cyklistů)",řidičem nemotorového vozidla,"v noci - s veřejným osvětlením, viditelnost nezhoršená vlivem povětrnostních podmínek",na chodníku nebo ostrůvku,řidič,pod vlivem alkoholu obsah alkoholu v krvi 1 ‰ a víc,noc,,1,72142,1,72142,1,72142,1,48,1,1974,1,74,2022,0,0,1,0,0,1,21,1,2111,5,-1161175.225,-597663.116,60206220776,2022/05/09 00:00:00+00,0,0,2ad8d058-7010-45ea-8ad9-ab5dada40d8e
-598073.425000001,-1160973.928,315,Brno-střed,ne,nesprávný způsob jízdy,havárie,nehoda s následky na životě nebo zdraví,řidič se plně nevěnoval řízení vozidla,"povrch suchý, neznečistěný",neztížené,dobré,"zastávka tramvaje, autobusu, trolejbusu bez nástup. ostrůvku",komunikace sledovaná (ve vybraných městech),,,jízdní kolo,Brno-střed,muž,Ne,středa,květen,Město Brno,,,,,,,,lehké zranění,"s přilbou (pouze u motocyklistů, příp. cyklistů)",řidičem nemotorového vozidla,"ve dne, viditelnost nezhoršená vlivem povětrnostních podmínek",na kolejích tramvaje,řidič,dobrý -žádné nepříznivé okolnosti nebyly zjiště,den,,1,72146,1,72146,1,72146,3,69,1,1953,1,53,2022,0,0,1,0,0,1,11,1,1140,5,-1160973.928,-598073.425,60206220785,2022/05/11 00:00:00+00,0,0,176c9432-4dec-4f5c-9ba0-12770332cb1d
-598222.903999999,-1160390.318,316,Brno-střed,ne,nedání přenosti v jízdě,srážka s jedoucím nekolejovým vozidlem,nehoda pouze s hmotnou škodou,při odbočování vlevo,"povrch suchý, neznečistěný",neztížené,dobré,žádné nebo žádné z uvedených,komunikace sledovaná (ve vybraných městech),,,jízdní kolo,Brno-střed,žena,Ne,pátek,květen,Město Brno,,,,,,,,bez zraněn,"s přilbou (pouze u motocyklistů, příp. cyklistů)",řidičem motorového vozidla,"ve dne, viditelnost nezhoršená vlivem povětrnostních podmínek",na jízdním pruhu,řidič,dobrý -žádné nepříznivé okolnosti nebyly zjiště,den,,0,72150,1,72150,1,72150,5,26,1,1996,1,96,2022,0,0,0,0,0,2,13,1,1305,5,-1160390.318,-598222.904,60206220807,2022/05/13 00:00:00+00,11000,5000,119faf73-5fb5-4ef4-8d08-eb0fdc3b793f
-598411.837000001,-1161555.795,317,Brno-střed,ne,nesprávný způsob jízdy,srážka s jedoucím nekolejovým vozidlem,nehoda pouze s hmotnou škodou,řidič se plně nevěnoval řízení vozidla,"povrch suchý, neznečistěný",neztížené,dobré,žádné nebo žádné z uvedených,komunikace sledovaná (ve vybraných městech),,,jízdní kolo,Brno-střed,muž,Ne,pátek,květen,Staré Brno,,,,,,,,bez zraněn,"s přilbou (pouze u motocyklistů, příp. cyklistů)",řidičem nemotorového vozidla,"ve dne, viditelnost nezhoršená vlivem povětrnostních podmínek",na jízdním pruhu,řidič,dobrý -žádné nepříznivé okolnosti nebyly zjiště,den,,0,72151,1,72151,1,72151,5,46,1,1976,1,76,2022,0,0,0,0,0,1,14,1,1415,5,-1161555.795,-598411.837,60206220810,2022/05/13 00:00:00+00,20000,20000,490287de-5dea-4fb8-a522-8bb3fea0e229
-597860.293000001,-1160664.303,318,Brno-střed,ne,nepřiměřená rychlost jízdy,havárie,nehoda s následky na životě nebo zdraví,nepřizpůsobení rychlosti vlastnostem vozidla a nákladu,"povrch suchý, neznečistěný",neztížené,dobré,v blízkosti přechodu pro chodce (do vzdálenosti 20 m),uzel (křižovatka sledovaná ve vybraných městech),,,jízdní kolo,Brno-střed,muž,Ne,úterý,květen,Město Brno,,,,,,,,lehké zranění,"bez přilby (pouze u motocyklistů, příp. cyklistů)",řidičem nemotorového vozidla,"ve dne, viditelnost nezhoršená vlivem povětrnostních podmínek",na jízdním pruhu,řidič,dobrý -žádné nepříznivé okolnosti nebyly zjiště,den,,1,72152,1,72152,1,72152,2,39,1,1983,1,83,2022,0,0,1,0,0,1,14,1,1430,5,-1160664.303,-597860.293,60206220837,2022/05/17 00:00:00+00,1000,1000,bcac8a3b-fd4e-48e8-910a-0b1cc468b464
-599125.173999999,-1160580.597,319,Brno-střed,ne,nedání přenosti v jízdě,srážka s jedoucím nekolejovým vozidlem,nehoda s následky na životě nebo zdraví,proti příkazu dopravní značky DEJ PŘEDNOST,"povrch suchý, neznečistěný",neztížené,dobré,žádné nebo žádné z uvedených,komunikace sledovaná (ve vybraných městech),,,jízdní kolo,Brno-střed,muž,Ne,úterý,květen,Staré Brno,,,,,,,,lehké zranění,"s přilbou (pouze u motocyklistů, příp. cyklistů)",řidičem motorového vozidla,"ve dne, viditelnost nezhoršená vlivem povětrnostních podmínek",na jízdním pruhu,řidič,dobrý -žádné nepříznivé okolnosti nebyly zjiště,den,,1,72162,1,72162,1,72162,2,27,1,1995,1,95,2022,0,0,1,0,0,2,7,1,745,5,-1160580.597,-599125.174,60206220930,2022/05/31 00:00:00+00,40000,5000,036f8726-c4b5-4bf6-8bf1-9789f266bb30
-598009.214000002,-1161267.668,320,Brno-střed,ne,nepřiměřená rychlost jízdy,srážka s chodcem,nehoda s následky na životě nebo zdraví,"nepřizpůsobení rychlosti stavu vozovky (náledí, výtluky, bláto, mokrý povrch apod.)",povrch mokrý,"na počátku deště, slabý déšť, mrholení apod.",dobré,žádné nebo žádné z uvedených,komunikace sledovaná (ve vybraných městech),,,jízdní kolo,Brno-střed,muž,Ne,úterý,červen,Město Brno,,,,,,,,bez zraněn,"s přilbou (pouze u motocyklistů, příp. cyklistů)",řidičem nemotorového vozidla,"ve dne, zhoršená viditelnost vlivem povětrnostních podmínek (mlha, sněžení, déšť apod.)",na jízdním pruhu,řidič,dobrý -žádné nepříznivé okolnosti nebyly zjiště,den,,0,72171,1,72171,1,72171,2,28,1,1994,1,94,2022,0,0,1,0,0,1,13,1,1355,6,-1161267.668,-598009.214,60206220996,2022/06/07 00:00:00+00,0,0,43137330-81de-496a-a0d9-6b1ff5c63236
-599535.732000001,-1160193.08,321,Brno-střed,ano,nesprávný způsob jízdy,havárie,nehoda s následky na životě nebo zdraví,řidič se plně nevěnoval řízení vozidla,"povrch suchý, neznečistěný",neztížené,dobré,"zastávka autobusu, trolejbusu, tramvaje s nástup. ostrůvkem",komunikace sledovaná (ve vybraných městech),,,jízdní kolo,Brno-střed,žena,"Ano, obsah alkoholu v krvi 1,5‰ a více",čtvrtek,červen,Veveří,,,,,,,,lehké zranění,"bez přilby (pouze u motocyklistů, příp. cyklistů)",řidičem nemotorového vozidla,"v noci - s veřejným osvětlením, viditelnost nezhoršená vlivem povětrnostních podmínek",na kolejích tramvaje,řidič,pod vlivem alkoholu obsah alkoholu v krvi 1 ‰ a víc,noc,,1,72179,1,72179,1,72179,4,22,1,2000,1,0,2022,0,0,1,0,0,1,1,1,15,6,-1160193.08,-599535.732,60206221118,2022/06/23 00:00:00+00,1000,1000,d37f2425-39e1-4f51-8b41-1272987ffc09
-597986.182999998,-1160260.43,322,Brno-střed,ne,nezaviněno řidičem,jiný druh nehody,nehoda s následky na životě nebo zdraví,nezaviněná řidičem,"povrch suchý, neznečistěný",neztížené,dobré,žádné nebo žádné z uvedených,uzel (křižovatka sledovaná ve vybraných městech),,,jízdní kolo,Brno-střed,muž,Ne,úterý,červen,Město Brno,,,,,,,,lehké zranění,"bez přilby (pouze u motocyklistů, příp. cyklistů)",jiným účastníkem silničního provozu,"ve dne, viditelnost nezhoršená vlivem povětrnostních podmínek",na jízdním pruhu,řidič,dobrý -žádné nepříznivé okolnosti nebyly zjiště,den,,1,72185,1,72185,1,72185,2,26,1,1996,1,96,2022,0,0,1,0,0,2,17,1,1705,6,-1160260.43,-597986.183,60206221158,2022/06/28 00:00:00+00,5000,5000,d8dca8dd-1ea2-4678-bd98-ffe2a036dc05
-598170.019000001,-1160592.681,323,Brno-střed,ne,nesprávný způsob jízdy,"srážka s vozidlem zaparkovaným, odstaveným",nehoda s následky na životě nebo zdraví,řidič se plně nevěnoval řízení vozidla,"povrch suchý, neznečistěný",neztížené,dobré,žádné nebo žádné z uvedených,komunikace sledovaná (ve vybraných městech),,,jízdní kolo,Brno-střed,žena,Ne,čtvrtek,červen,Město Brno,,,,,,,,lehké zranění,"bez přilby (pouze u motocyklistů, příp. cyklistů)",řidičem motorového vozidla,"ve dne, viditelnost nezhoršená vlivem povětrnostních podmínek",na jízdním pruhu,řidič,dobrý -žádné nepříznivé okolnosti nebyly zjiště,den,,1,72189,1,72189,1,72189,4,28,1,1994,3,94,2022,0,0,1,0,0,2,13,1,1315,6,-1160592.681,-598170.019,60206221170,2022/06/30 00:00:00+00,0,0,c59b282c-c96b-4998-b606-14c21cd9661a
-597612.436000001,-1160721.73,324,Brno-střed,ano,nesprávný způsob jízdy,havárie,nehoda s následky na životě nebo zdraví,řidič se plně nevěnoval řízení vozidla,"povrch suchý, neznečistěný",neztížené,dobré,žádné nebo žádné z uvedených,komunikace sledovaná (ve vybraných městech),,,jízdní kolo,Brno-střed,žena,"Ano, obsah alkoholu v krvi 1,5‰ a více",neděle,červenec,Město Brno,,,,,,,,lehké zranění,"bez přilby (pouze u motocyklistů, příp. cyklistů)",řidičem nemotorového vozidla,"v noci - s veřejným osvětlením, viditelnost nezhoršená vlivem povětrnostních podmínek",na chodníku nebo ostrůvku,řidič,pod vlivem alkoholu obsah alkoholu v krvi 1 ‰ a víc,noc,,1,72192,1,72192,1,72192,7,29,1,1993,3,93,2022,0,0,1,0,0,1,1,1,108,7,-1160721.73,-597612.436,60206221185,2022/07/03 00:00:00+00,0,0,f48d9e38-c1ad-4ce1-a37f-a46558fb8764
-598461.304000001,-1161598.991,325,Brno-střed,ne,nesprávný způsob jízdy,srážka s jedoucím nekolejovým vozidlem,nehoda s následky na životě nebo zdraví,"bezohledná, agresivní, neohleduplná jízda","povrch suchý, neznečistěný",neztížené,dobré,žádné nebo žádné z uvedených,komunikace sledovaná (ve vybraných městech),,,jízdní kolo,Brno-střed,muž,Ne,pátek,červenec,Staré Brno,,,,,,,,lehké zranění,"bez přilby (pouze u motocyklistů, příp. cyklistů)",řidičem nemotorového vozidla,"ve dne, viditelnost nezhoršená vlivem povětrnostních podmínek",žádné z uvedenýc,řidič,dobrý -žádné nepříznivé okolnosti nebyly zjiště,den,,1,72194,1,72194,1,72194,5,26,1,1996,1,96,2022,0,0,1,0,0,1,16,1,1635,7,-1161598.991,-598461.304,60206221222,2022/07/08 00:00:00+00,12000,10000,4dfefc3c-d90b-440a-8753-a1060f0f7fcc