X,Y,objectid_1,zuj,alkohol_vinik,hlavni_pricina,srazka,nasledky,pricina,stav_vozovky,povetrnostni_podm,rozhled,misto_nehody,druh_komun,pneumatiky,druh_pohonu,druh_vozidla,mestska_cast,pohlavi,alkohol,den_v_tydnu,mesic_t,katastr,chovani_chodce,stav_chodce,drogy_chodec,alkohol_chodec,osobni_prepravnik,reflexni_prvky,kategorie_chodce,nasledek,ozn_osoba,zavineni,viditelnost,situovani,osoba,stav_ridic,doba,smrt_po,lz,target_fid_1,join_count_1,objectid,join_count,target_fid,den,vek,smrt_dny,rok_nar,p48a,p59d,rok,tz,smrt,lehce_zran_os,tezce_zran_os,usmrceno_os,id_vozidla,hodina,ovlivneni_ridice,cas,mesic,e,d,id_nehody,datum,hmotna_skoda_1,skoda_vozidlo,globalid
-599105.339000002,-1161098.865,326,Brno-střed,ano,nesprávný způsob jízdy,havárie,nehoda s následky na životě nebo zdraví,řidič se plně nevěnoval řízení vozidla,povrch mokrý,neztížené,dobré,žádné nebo žádné z uvedených,komunikace sledovaná (ve vybraných městech),,,jízdní kolo,Brno-střed,muž,"Ano, obsah alkoholu v krvi od 1,0‰ do 1,5‰",sobota,červenec,Staré Brno,,,,,,,,lehké zranění,"s přilbou (pouze u motocyklistů, příp. cyklistů)",řidičem nemotorového vozidla,"v noci - s veřejným osvětlením, viditelnost nezhoršená vlivem povětrnostních podmínek",na kolejích tramvaje,řidič,pod vlivem alkoholu obsah alkoholu v krvi 1 ‰ a víc,noc,,1,72195,1,72195,1,72195,6,56,1,1966,1,66,2022,0,0,1,0,0,1,22,1,2206,7,-1161098.865,-599105.339,60206221226,2022/07/09 00:00:00+00,10000,10000,a038369f-810f-4028-978b-61a9aaf0fdf2
-598506.028000001,-1162011.157,327,Brno-střed,ne,nesprávný způsob jízdy,havárie,nehoda s následky na životě nebo zdraví,řidič se plně nevěnoval řízení vozidla,"povrch suchý, neznečistěný",neztížené,dobré,žádné nebo žádné z uvedených,uzel (křižovatka sledovaná ve vybraných městech),,,jízdní kolo,Brno-střed,žena,Ne,neděle,červenec,Staré Brno,,,,,,,,lehké zranění,"bez přilby (pouze u motocyklistů, příp. cyklistů)",řidičem nemotorového vozidla,"ve dne, viditelnost nezhoršená vlivem povětrnostních podmínek",na kolejích tramvaje,řidič,dobrý -žádné nepříznivé okolnosti nebyly zjiště,den,,1,72196,1,72196,1,72196,7,36,1,1986,1,86,2022,0,0,1,0,0,1,13,1,1313,7,-1162011.157,-598506.028,60206221228,2022/07/10 00:00:00+00,2000,2000,ef64d967-0756-4e3b-af22-8ec7f2c841ab
-597297.554000001,-1160129.234,328,Brno-střed,ne,nesprávný způsob jízdy,havárie,nehoda s následky na životě nebo zdraví,řidič se plně nevěnoval řízení vozidla,"povrch suchý, neznečistěný",neztížené,dobré,žádné nebo žádné z uvedených,komunikace sledovaná (ve vybraných městech),,,jízdní kolo,Brno-střed,žena,Ne,čtvrtek,červenec,Zábrdovice,,,,,,,,těžké zranění,"bez přilby (pouze u motocyklistů, příp. cyklistů)",řidičem nemotorového vozidla,"ve dne, viditelnost nezhoršená vlivem povětrnostních podmínek",na jízdním pruhu,řidič,dobrý -žádné nepříznivé okolnosti nebyly zjiště,den,,0,72198,1,72198,1,72198,4,33,1,1989,1,89,2022,1,0,0,1,0,1,7,1,720,7,-1160129.234,-597297.554,60206221253,2022/07/14 00:00:00+00,0,0,f9c3deec-834c-416d-ae66-89b544b39c5c
-598593.280999999,-1160137.613,329,Brno-střed,ano,nesprávný způsob jízdy,"srážka s vozidlem zaparkovaným, odstaveným",nehoda s následky na životě nebo zdraví,řidič se plně nevěnoval řízení vozidla,"povrch suchý, neznečistěný",neztížené,dobré,žádné nebo žádné z uvedených,uzel (křižovatka sledovaná ve vybraných městech),,,jízdní kolo,Brno-střed,muž,"Ano, obsah alkoholu v krvi 1,5‰ a více",pondělí,červenec,Veveří,,,,,,,,lehké zranění,"bez přilby (pouze u motocyklistů, příp. cyklistů)",řidičem nemotorového vozidla,"ve dne, zhoršená viditelnost (svítání, soumrak)",na jízdním pruhu,řidič,pod vlivem alkoholu obsah alkoholu v krvi 1 ‰ a víc,noc,,1,72201,1,72201,1,72201,1,34,1,1988,3,88,2022,0,0,1,0,0,1,21,1,2125,7,-1160137.613,-598593.281,60206221281,2022/07/18 00:00:00+00,11000,1000,76390dc7-3e60-492e-a580-91d2f7e7a43d
-600176.677000001,-1161076.827,330,Brno-střed,ne,nesprávný způsob jízdy,"srážka s vozidlem zaparkovaným, odstaveným",nehoda pouze s hmotnou škodou,řidič se plně nevěnoval řízení vozidla,"povrch suchý, neznečistěný",neztížené,dobré,parkoviště přiléhající ke komunikaci,komunikace sledovaná (ve vybraných městech),,,jízdní kolo,Brno-střed,žena,Ne,úterý,červenec,Pisárky,,,,,,,,bez zraněn,"s přilbou (pouze u motocyklistů, příp. cyklistů)",řidičem nemotorového vozidla,"ve dne, viditelnost nezhoršená vlivem povětrnostních podmínek",na jízdním pruhu,řidič,dobrý -žádné nepříznivé okolnosti nebyly zjiště,den,,0,72202,1,72202,1,72202,2,50,1,1972,1,72,2022,0,0,0,0,0,1,11,1,1105,7,-1161076.827,-600176.677,60206221284,2022/07/19 00:00:00+00,2000,1000,0b16c034-75a2-4bff-8161-9465516c348e
-598173.73,-1160777.514,331,Brno-střed,ano,nesprávný způsob jízdy,havárie,nehoda s následky na životě nebo zdraví,nezvládnutí řízení vozidla,"povrch suchý, neznečistěný",neztížené,dobré,žádné nebo žádné z uvedených,uzel (křižovatka sledovaná ve vybraných městech),,,jízdní kolo,Brno-střed,muž,"Ano, obsah alkoholu v krvi 1,5‰ a více",středa,srpen,Město Brno,,,,,,,,lehké zranění,"bez přilby (pouze u motocyklistů, příp. cyklistů)",řidičem nemotorového vozidla,"v noci - s veřejným osvětlením, viditelnost nezhoršená vlivem povětrnostních podmínek",žádné z uvedenýc,řidič,pod vlivem alkoholu obsah alkoholu v krvi 1 ‰ a víc,noc,,1,72212,1,72212,1,72212,3,20,1,2002,1,2,2022,0,0,1,0,0,1,1,0,123,8,-1160777.514,-598173.73,60206221429,2022/08/10 00:00:00+00,1000,1000,ba2238c0-4af9-45ce-b289-ce2452538af3
-598285.596000001,-1160317.319,332,Brno-střed,nezjišťováno,nedání přenosti v jízdě,srážka s jedoucím nekolejovým vozidlem,nehoda s následky na životě nebo zdraví,při odbočování vlevo,"povrch suchý, neznečistěný",neztížené,dobré,v blízkosti přechodu pro chodce (do vzdálenosti 20 m),uzel (křižovatka sledovaná ve vybraných městech),,,jízdní kolo,Brno-střed,muž,Nezjišťován,pátek,srpen,Město Brno,,,,,,,,lehké zranění,"bez přilby (pouze u motocyklistů, příp. cyklistů)",řidičem motorového vozidla,"ve dne, viditelnost nezhoršená vlivem povětrnostních podmínek",na jízdním pruhu,řidič,dobrý -žádné nepříznivé okolnosti nebyly zjiště,den,,1,72215,1,72215,1,72215,5,63,1,1959,1,59,2022,0,0,1,0,0,2,20,1,2020,8,-1160317.319,-598285.596,60206221459,2022/08/12 00:00:00+00,1000,1000,50d364f3-a09f-4f8b-897f-02e689c94463
-598144.818,-1160737.911,333,Brno-střed,ne,nesprávný způsob jízdy,havárie,nehoda s následky na životě nebo zdraví,řidič se plně nevěnoval řízení vozidla,"povrch suchý, neznečistěný",neztížené,dobré,žádné nebo žádné z uvedených,komunikace sledovaná (ve vybraných městech),,,jízdní kolo,Brno-střed,muž,Ne,čtvrtek,srpen,Město Brno,,,,,,,,lehké zranění,"bez přilby (pouze u motocyklistů, příp. cyklistů)",řidičem nemotorového vozidla,"ve dne, viditelnost nezhoršená vlivem povětrnostních podmínek",na kolejích tramvaje,řidič,dobrý -žádné nepříznivé okolnosti nebyly zjiště,den,,1,72217,1,72217,1,72217,4,34,1,1988,3,88,2022,0,0,1,0,0,1,6,1,625,8,-1160737.911,-598144.818,60206221484,2022/08/18 00:00:00+00,0,0,e196e012-6c42-4edd-8ed8-48873b411a6e
-598528.767000001,-1160180.164,334,Brno-střed,ne,nesprávný způsob jízdy,havárie,nehoda s následky na životě nebo zdraví,řidič se plně nevěnoval řízení vozidla,povrch mokrý,"na počátku deště, slabý déšť, mrholení apod.",dobré,v blízkosti přechodu pro chodce (do vzdálenosti 20 m),komunikace sledovaná (ve vybraných městech),,,jízdní kolo,Brno-střed,muž,Ne,pátek,srpen,Veveří,,,,,,,,lehké zranění,"s přilbou (pouze u motocyklistů, příp. cyklistů)",řidičem nemotorového vozidla,"ve dne, viditelnost nezhoršená vlivem povětrnostních podmínek",na jízdním pruhu,řidič,dobrý -žádné nepříznivé okolnosti nebyly zjiště,den,,1,72219,1,72219,1,72219,5,25,1,1997,1,97,2022,0,0,1,0,0,1,17,1,1730,8,-1160180.164,-598528.767,60206221497,2022/08/19 00:00:00+00,5000,5000,0d6d5fde-f73d-4ede-ba2c-962f3b03eb92
-599607.502999999,-1161759.697,335,Brno-střed,ne,nesprávný způsob jízdy,havárie,nehoda s následky na životě nebo zdraví,řidič se plně nevěnoval řízení vozidla,"povrch suchý, neznečistěný",neztížené,dobré,žádné nebo žádné z uvedených,komunikace místní,,,jízdní kolo,Brno-střed,muž,Ne,pondělí,srpen,Štýřice,,,,,,,,lehké zranění,"s přilbou (pouze u motocyklistů, příp. cyklistů)",řidičem nemotorového vozidla,"ve dne, viditelnost nezhoršená vlivem povětrnostních podmínek",na jízdním pruhu,řidič,dobrý -žádné nepříznivé okolnosti nebyly zjiště,den,,1,72225,1,72225,1,72225,1,75,1,1947,1,47,2022,0,0,1,0,0,1,17,1,1720,8,-1161759.697,-599607.503,60206221559,2022/08/29 00:00:00+00,10000,10000,f0515274-7503-457d-8ddd-be7383515e08
-598312.326000001,-1161000.336,336,Brno-střed,ne,nesprávný způsob jízdy,srážka s chodcem,nehoda s následky na životě nebo zdraví,řidič se plně nevěnoval řízení vozidla,povrch mokrý,"na počátku deště, slabý déšť, mrholení apod.",dobré,žádné nebo žádné z uvedených,komunikace sledovaná (ve vybraných městech),,,jízdní kolo,Brno-střed,muž,Ne,pondělí,září,Město Brno,,,,,,,,bez zraněn,"bez přilby (pouze u motocyklistů, příp. cyklistů)",řidičem nemotorového vozidla,"ve dne, viditelnost nezhoršená vlivem povětrnostních podmínek",na jízdním pruhu,řidič,dobrý -žádné nepříznivé okolnosti nebyly zjiště,den,,0,72240,1,72240,1,72240,1,31,1,1991,1,91,2022,0,0,1,0,0,1,12,1,1200,9,-1161000.336,-598312.326,60206221668,2022/09/19 00:00:00+00,0,0,679e2701-880e-4018-a317-dd08815c14f6
-598457.708000001,-1161392.891,337,Brno-střed,ano,nepřiměřená rychlost jízdy,havárie,nehoda s následky na životě nebo zdraví,nepřizpůsobení rychlosti vlastnostem vozidla a nákladu,"povrch suchý, neznečistěný",neztížené,dobré,žádné nebo žádné z uvedených,komunikace sledovaná (ve vybraných městech),,,jízdní kolo,Brno-střed,muž,"Ano, obsah alkoholu v krvi 1,5‰ a více",pondělí,září,Staré Brno,,,,,,,,lehké zranění,"s přilbou (pouze u motocyklistů, příp. cyklistů)",řidičem nemotorového vozidla,"v noci - s veřejným osvětlením, viditelnost nezhoršená vlivem povětrnostních podmínek",na jízdním pruhu,řidič,pod vlivem alkoholu obsah alkoholu v krvi 1 ‰ a víc,noc,,1,72244,1,72244,1,72244,1,31,1,1991,1,91,2022,0,0,1,0,0,1,23,1,2335,9,-1161392.891,-598457.708,60206221724,2022/09/26 00:00:00+00,1000,1000,edc36aa7-b3c1-4f2f-ad4b-001f7c490730
-597307.892000001,-1161215.571,338,Brno-střed,ne,nesprávný způsob jízdy,srážka s jedoucím nekolejovým vozidlem,nehoda pouze s hmotnou škodou,řidič se plně nevěnoval řízení vozidla,"povrch suchý, neznečistěný",neztížené,dobré,v blízkosti přechodu pro chodce (do vzdálenosti 20 m),uzel (křižovatka sledovaná ve vybraných městech),,,jízdní kolo,Brno-střed,muž,Ne,pátek,září,Trnitá,,,,,,,,bez zraněn,"bez přilby (pouze u motocyklistů, příp. cyklistů)",řidičem nemotorového vozidla,"ve dne, viditelnost nezhoršená vlivem povětrnostních podmínek",na jízdním pruhu,řidič,dobrý -žádné nepříznivé okolnosti nebyly zjiště,den,,0,72246,1,72246,1,72246,5,23,1,1999,1,99,2022,0,0,0,0,0,1,18,1,1800,9,-1161215.571,-597307.892,60206221755,2022/09/30 00:00:00+00,21000,1000,2ccb6082-e3a9-4f83-84de-244d1e3cd58b
-597307.892000001,-1161215.571,339,Brno-střed,ne,nesprávný způsob jízdy,srážka s jedoucím nekolejovým vozidlem,nehoda pouze s hmotnou škodou,řidič se plně nevěnoval řízení vozidla,"povrch suchý, neznečistěný",neztížené,dobré,v blízkosti přechodu pro chodce (do vzdálenosti 20 m),uzel (křižovatka sledovaná ve vybraných městech),,,jízdní kolo,Brno-střed,muž,Ne,pátek,září,Trnitá,,,,,,,,bez zraněn,"bez přilby (pouze u motocyklistů, příp. cyklistů)",řidičem nemotorového vozidla,"ve dne, viditelnost nezhoršená vlivem povětrnostních podmínek",na jízdním pruhu,řidič,pod vlivem alkoholu obsah alkoholu v krvi 1 ‰ a víc,den,,0,72247,1,72247,1,72247,5,49,1,1973,1,73,2022,0,0,0,0,0,2,18,1,1800,9,-1161215.571,-597307.892,60206221755,2022/09/30 00:00:00+00,21000,1000,177d4ae1-e986-4529-bfd9-c6b364e56492
-598974.234000001,-1160307.79,340,Brno-střed,ne,nesprávný způsob jízdy,srážka s jedoucím nekolejovým vozidlem,nehoda s následky na životě nebo zdraví,řidič se plně nevěnoval řízení vozidla,"povrch suchý, neznečistěný",neztížené,dobré,žádné nebo žádné z uvedených,komunikace sledovaná (ve vybraných městech),,,jízdní kolo,Brno-střed,muž,Ne,neděle,říjen,Veveří,,,,,,,,lehké zranění,"bez přilby (pouze u motocyklistů, příp. cyklistů)",řidičem nemotorového vozidla,"v noci - s veřejným osvětlením, viditelnost nezhoršená vlivem povětrnostních podmínek",na jízdním pruhu,řidič,pod vlivem alkoholu obsah alkoholu v krvi 1 ‰ a víc,den,,1,72248,1,72248,1,72248,7,29,1,1993,3,93,2022,0,0,1,0,0,1,9,1,9,10,-1160307.79,-598974.234,60206221762,2022/10/02 00:00:00+00,11000,10000,df85250c-4f21-4131-bbaf-5b9c0c76c021
-599357.956,-1160249.563,341,Brno-střed,ne,nesprávný způsob jízdy,havárie,nehoda s následky na životě nebo zdraví,řidič se plně nevěnoval řízení vozidla,"povrch suchý, neznečistěný",neztížené,dobré,žádné nebo žádné z uvedených,komunikace sledovaná (ve vybraných městech),,,jízdní kolo,Brno-střed,muž,Ne,středa,říjen,Veveří,,,,,,,,lehké zranění,"s přilbou (pouze u motocyklistů, příp. cyklistů)",řidičem nemotorového vozidla,"ve dne, viditelnost nezhoršená vlivem povětrnostních podmínek",na jízdním pruhu,řidič,dobrý -žádné nepříznivé okolnosti nebyly zjiště,den,,1,72254,1,72254,1,72254,3,26,1,1996,1,96,2022,0,0,1,0,0,1,8,1,840,10,-1160249.563,-599357.956,60206221837,2022/10/12 00:00:00+00,1000,1000,ab03bf5f-a8b6-4385-af13-809198ed3274
-597355.065000001,-1161402.645,342,Brno-střed,ne,nezaviněno řidičem,srážka s chodcem,nehoda s následky na životě nebo zdraví,nezaviněná řidičem,"povrch suchý, neznečistěný",neztížené,dobré,žádné nebo žádné z uvedených,komunikace místní,,,jízdní kolo,Brno-střed,muž,Ne,čtvrtek,říjen,Trnitá,,,,,,,,lehké zranění,"s přilbou (pouze u motocyklistů, příp. cyklistů)",chodcem,"v noci - s veřejným osvětlením, viditelnost nezhoršená vlivem povětrnostních podmínek",na jízdním pruhu,řidič,dobrý -žádné nepříznivé okolnosti nebyly zjiště,den,,1,72256,1,72256,1,72256,4,30,1,1992,1,92,2022,0,0,1,0,0,1,6,1,638,10,-1161402.645,-597355.065,60206221894,2022/10/20 00:00:00+00,1000,1000,dad2bedf-62c4-4a52-8af9-53a76e67d083
-597744,-1161431,343,Brno-střed,ne,nedání přenosti v jízdě,srážka s jedoucím nekolejovým vozidlem,nehoda s následky na životě nebo zdraví,při odbočování vlevo,"povrch suchý, neznečistěný",neztížené,dobré,přechod pro chodce,uzel (křižovatka sledovaná ve vybraných městech),,,jízdní kolo,Brno-střed,muž,Ne,pondělí,listopad,Trnitá,,,,,,,,lehké zranění,"s přilbou (pouze u motocyklistů, příp. cyklistů)",řidičem motorového vozidla,"ve dne, viditelnost nezhoršená vlivem povětrnostních podmínek",na jízdním pruhu,řidič,dobrý -žádné nepříznivé okolnosti nebyly zjiště,den,,1,72260,1,72260,1,72260,1,28,1,1994,1,94,2022,0,0,1,0,0,2,13,1,1310,11,-1161431,-597744,60223227296,2022/11/14 00:00:00+00,25000,10000,982abb9d-ef95-4182-a4d3-ea8fa8b74490
-597758,-1160762,344,Brno-střed,ne,nezaviněno řidičem,srážka s chodcem,nehoda s následky na životě nebo zdraví,nezaviněná řidičem,"povrch suchý, neznečistěný",neztížené,dobré,žádné nebo žádné z uvedených,komunikace sledovaná (ve vybraných městech),,,jízdní kolo,Brno-střed,muž,Ne,neděle,listopad,Město Brno,,,,,,,,lehké zranění,"s přilbou (pouze u motocyklistů, příp. cyklistů)",chodcem,"ve dne, viditelnost nezhoršená vlivem povětrnostních podmínek",na kolejích tramvaje,řidič,dobrý -žádné nepříznivé okolnosti nebyly zjiště,den,,1,72264,1,72264,1,72264,7,43,1,1979,1,79,2022,0,0,2,0,0,1,11,1,1146,11,-1160762,-597758,60224225772,2022/11/27 00:00:00+00,0,0,002d8d8c-212e-49bc-96a2-d998d0744f93
-590529,-1159896,345,Brno-Líšeň,ne,nepřiměřená rychlost jízdy,havárie,nehoda s následky na životě nebo zdraví,"nepřizpůsobení rychlosti stavu vozovky (náledí, výtluky, bláto, mokrý povrch apod.)","na vozovce je náledí, ujetý sníh - neposypané",neztížené,dobré,žádné nebo žádné z uvedených,komunikace místní,,nezjištěno/žádné,jízdní kolo,Brno-Líšeň,žena,Ne,neděle,leden,Líšeň,,,,,,,,lehké zranění,"s přilbou (pouze u motocyklistů, příp. cyklistů)",řidičem nemotorového vozidla,"ve dne, viditelnost nezhoršená vlivem povětrnostních podmínek",na jízdním pruhu,řidič,dobrý -žádné nepříznivé okolnosti nebyly zjiště,den,,1,3955,1,3955,1,3955,7,57,,1957,1,57,2023,0,0,1,0,0,1,14,1,1420,1,-1159896,-590529,60223000002,2023/01/01 00:00:00+00,0,0,1cdaaebe-b91c-487a-bf51-f50bc0c591c3
-602993,-1156965,346,Brno-Komín,ne,nedání přenosti v jízdě,srážka s jedoucím nekolejovým vozidlem,nehoda s následky na životě nebo zdraví,proti příkazu dopravní značky DEJ PŘEDNOST,povrch mokrý,déšť,dobré,přechod pro chodce,komunikace místní,,nezjištěno/žádné,jízdní kolo,Brno-Komín,muž,Ne,pondělí,leden,Komín,,,,,,,,lehké zranění,"bez přilby (pouze u motocyklistů, příp. cyklistů)",řidičem motorového vozidla,"v noci - s veřejným osvětlením, zhoršená viditelnost vlivem povětrnostních podmínek (mlha, déšť, sněžení apod.)",na jízdním pruhu,řidič,dobrý -žádné nepříznivé okolnosti nebyly zjiště,den,,1,3956,1,3956,1,3956,1,26,,1926,1,26,2023,0,0,1,0,0,2,17,0,1750,1,-1156965,-602993,60223000070,2023/01/16 00:00:00+00,40000,30000,bdfb5401-d3bc-44f8-b93d-d4d8e3576116
-596933,-1157587,347,Brno-sever,ne,nedání přenosti v jízdě,srážka s jedoucím nekolejovým vozidlem,nehoda s následky na životě nebo zdraví,při odbočování vlevo,povrch mokrý,neztížené,dobré,žádné nebo žádné z uvedených,komunikace místní,,nezjištěno/žádné,jízdní kolo,Brno-sever,muž,Ne,úterý,leden,Lesná,,,,,,,,lehké zranění,"s přilbou (pouze u motocyklistů, příp. cyklistů)",řidičem motorového vozidla,"v noci - s veřejným osvětlením, viditelnost nezhoršená vlivem povětrnostních podmínek",na jízdním pruhu,řidič,dobrý -žádné nepříznivé okolnosti nebyly zjiště,den,,1,3957,1,3957,1,3957,2,21,,1921,1,21,2023,0,0,1,0,0,2,17,1,1715,1,-1157587,-596933,60223000094,2023/01/24 00:00:00+00,85000,80000,577be3fd-3f89-4b9a-813c-cf492b130e64
-600969,-1160572,348,Brno-střed,ne,nedání přenosti v jízdě,srážka s jedoucím nekolejovým vozidlem,nehoda s následky na životě nebo zdraví,při odbočování vlevo,"povrch suchý, neznečistěný",neztížené,dobré,přechod pro chodce,komunikace místní,,nezjištěno/žádné,jízdní kolo,Brno-střed,muž,Ne,úterý,únor,Pisárky,,,,,,,,lehké zranění,"s přilbou (pouze u motocyklistů, příp. cyklistů)",řidičem motorového vozidla,"v noci - s veřejným osvětlením, viditelnost nezhoršená vlivem povětrnostních podmínek",na jízdním pruhu,řidič,dobrý -žádné nepříznivé okolnosti nebyly zjiště,den,,1,3959,1,3959,1,3959,2,35,,1935,0,35,2023,0,0,1,0,0,2,17,1,1745,2,-1160572,-600969,60223000172,2023/02/14 00:00:00+00,11000,1000,2c48503c-51c8-4770-8ee1-3dbc01f0e58f
-601487,-1162285,349,Brno-Bohunice,ne,nedání přenosti v jízdě,srážka s jedoucím nekolejovým vozidlem,nehoda s následky na životě nebo zdraví,při odbočování vlevo,"povrch suchý, neznečistěný",neztížené,dobré,žádné nebo žádné z uvedených,komunikace místní,,nezjištěno/žádné,jízdní kolo,Brno-Bohunice,muž,Ne,středa,březen,Bohunice,,,,,,,,těžké zranění,"s přilbou (pouze u motocyklistů, příp. cyklistů)",řidičem motorového vozidla,"ve dne, zhoršená viditelnost (svítání, soumrak)",na jízdním pruhu,řidič,dobrý -žádné nepříznivé okolnosti nebyly zjiště,den,,0,3960,1,3960,1,3960,3,36,,1936,1,36,2023,1,0,0,1,0,2,6,1,607,3,-1162285,-601487,60223000239,2023/03/01 00:00:00+00,15000,10000,5ecc8632-95a2-4ff9-8172-e44fac587313
-596923,-1161695,350,Brno-střed,ne,nesprávný způsob jízdy,srážka s jedoucím nekolejovým vozidlem,nehoda s následky na životě nebo zdraví,"bezohledná, agresivní, neohleduplná jízda","povrch suchý, neznečistěný",neztížené,dobré,přechod pro chodce,komunikace místní,,nezjištěno/žádné,jízdní kolo,Brno-střed,muž,Ne,úterý,březen,Trnitá,,,,,,,,lehké zranění,"bez přilby (pouze u motocyklistů, příp. cyklistů)",řidičem motorového vozidla,"ve dne, viditelnost nezhoršená vlivem povětrnostních podmínek",na jízdním pruhu,řidič,dobrý -žádné nepříznivé okolnosti nebyly zjiště,den,,1,3963,1,3963,1,3963,2,18,,2018,1,18,2023,0,0,1,0,0,2,14,1,1408,3,-1161695,-596923,60223000345,2023/03/21 00:00:00+00,25000,20000,b077fed7-37e7-440e-9d68-84e714361508
-592569,-1164383,351,Brno-Slatina,ne,nedání přenosti v jízdě,srážka s jedoucím nekolejovým vozidlem,nehoda s následky na životě nebo zdraví,proti příkazu dopravní značky DEJ PŘEDNOST,povrch mokrý,neztížené,dobré,žádné nebo žádné z uvedených,komunikace místní,,nezjištěno/žádné,jízdní kolo,Brno-Slatina,muž,Ne,pátek,březen,Slatina,,,,,,,,lehké zranění,"s přilbou (pouze u motocyklistů, příp. cyklistů)",řidičem motorového vozidla,"v noci - bez veřejného osvětlení, viditelnost nezhoršená vlivem povětrnostních podmínek",na jízdním pruhu,řidič,"pod vlivem alkoholu, obsah alkoholu v krvi do 0,99 ‰",noc,,1,3965,1,3965,1,3965,5,31,,1931,1,31,2023,0,0,1,0,0,2,21,1,2130,3,-1164383,-592569,60223000407,2023/03/31 00:00:00+00,25000,10000,bd575ad9-718f-486b-8c93-7c3083b64d44
-596121,-1157425,352,Brno-sever,ne,nedání přenosti v jízdě,srážka s jedoucím nekolejovým vozidlem,nehoda s následky na životě nebo zdraví,proti příkazu dopravní značky DEJ PŘEDNOST,"povrch suchý, neznečistěný",neztížené,dobré,žádné nebo žádné z uvedených,komunikace místní,,nezjištěno/žádné,jízdní kolo,Brno-sever,muž,Ne,pondělí,duben,Lesná,,,,,,,,lehké zranění,"s přilbou (pouze u motocyklistů, příp. cyklistů)",řidičem motorového vozidla,"ve dne, viditelnost nezhoršená vlivem povětrnostních podmínek",na jízdním pruhu,řidič,dobrý -žádné nepříznivé okolnosti nebyly zjiště,den,,1,3966,1,3966,1,3966,1,42,,1942,1,42,2023,0,0,1,0,0,2,17,1,1700,4,-1157425,-596121,60223000419,2023/04/03 00:00:00+00,20000,10000,4d638a83-9d80-4122-83d0-88647fad52c3
-596610,-1164548,353,Brno-Tuřany,ne,nedání přenosti v jízdě,srážka s jedoucím nekolejovým vozidlem,nehoda s následky na životě nebo zdraví,při odbočování vlevo,"povrch suchý, neznečistěný",neztížené,dobré,,komunikace místní,,nezjištěno/žádné,jízdní kolo,Brno-Tuřany,muž,Ne,čtvrtek,duben,Brněnské Ivanovice,,,,,,,,lehké zranění,"s přilbou (pouze u motocyklistů, příp. cyklistů)",řidičem nemotorového vozidla,"ve dne, viditelnost nezhoršená vlivem povětrnostních podmínek",na jízdním pruhu,řidič,dobrý -žádné nepříznivé okolnosti nebyly zjiště,den,,1,3967,1,3967,1,3967,4,28,,1928,1,28,2023,0,0,1,0,0,1,15,1,1530,4,-1164548,-596610,60223000429,2023/04/06 00:00:00+00,5000,0,197d4fa2-801f-4e17-a4dd-a71989bfe374
-598840,-1159825,354,Brno-střed,ne,nedání přenosti v jízdě,srážka s jedoucím nekolejovým vozidlem,nehoda s následky na životě nebo zdraví,proti příkazu dopravní značky DEJ PŘEDNOST,"povrch suchý, neznečistěný",neztížené,dobré,"zastávka tramvaje, autobusu, trolejbusu bez nástup. ostrůvku",komunikace místní,,nezjištěno/žádné,jízdní kolo,Brno-střed,žena,Ne,středa,duben,Veveří,,,,,,,,lehké zranění,"s přilbou (pouze u motocyklistů, příp. cyklistů)",řidičem motorového vozidla,"ve dne, viditelnost nezhoršená vlivem povětrnostních podmínek",na jízdním pruhu,řidič,dobrý -žádné nepříznivé okolnosti nebyly zjiště,den,,1,3969,1,3969,1,3969,3,25,,1925,1,25,2023,0,0,1,0,0,2,10,1,1015,4,-1159825,-598840,60223000487,2023/04/19 00:00:00+00,7000,5000,72835784-3b32-4a4f-ae29-59f3834b2bd3
-598722,-1153480,355,Brno-Řečkovice a Mokrá Hora,ne,nesprávný způsob jízdy,"srážka s vozidlem zaparkovaným, odstaveným",nehoda s následky na životě nebo zdraví,řidič se plně nevěnoval řízení vozidla,"povrch suchý, neznečistěný",neztížené,dobré,žádné nebo žádné z uvedených,komunikace místní,,nezjištěno/žádné,jízdní kolo,Brno-Řečkovice a Mokrá Hora,žena,Ne,čtvrtek,duben,Mokrá Hora,,,,,,,,lehké zranění,"s přilbou (pouze u motocyklistů, příp. cyklistů)",řidičem motorového vozidla,"ve dne, viditelnost nezhoršená vlivem povětrnostních podmínek",na jízdním pruhu,řidič,dobrý -žádné nepříznivé okolnosti nebyly zjiště,den,,1,3970,1,3970,1,3970,4,52,,1952,1,52,2023,0,0,1,0,0,2,16,1,1610,4,-1153480,-598722,60223000494,2023/04/20 00:00:00+00,7000,5000,6870a127-3fee-4570-9fc2-33866ff60d37