X,Y,objectid_1,zuj,alkohol_vinik,hlavni_pricina,srazka,nasledky,pricina,stav_vozovky,povetrnostni_podm,rozhled,misto_nehody,druh_komun,pneumatiky,druh_pohonu,druh_vozidla,mestska_cast,pohlavi,alkohol,den_v_tydnu,mesic_t,katastr,chovani_chodce,stav_chodce,drogy_chodec,alkohol_chodec,osobni_prepravnik,reflexni_prvky,kategorie_chodce,nasledek,ozn_osoba,zavineni,viditelnost,situovani,osoba,stav_ridic,doba,smrt_po,lz,target_fid_1,join_count_1,objectid,join_count,target_fid,den,vek,smrt_dny,rok_nar,p48a,p59d,rok,tz,smrt,lehce_zran_os,tezce_zran_os,usmrceno_os,id_vozidla,hodina,ovlivneni_ridice,cas,mesic,e,d,id_nehody,datum,hmotna_skoda_1,skoda_vozidlo,globalid
-596696,-1161052,356,Brno-střed,nezjišťováno,nesprávný způsob jízdy,jiný druh nehody,nehoda s následky na životě nebo zdraví,řidič se plně nevěnoval řízení vozidla,jiný stav povrchu vozovky v době nehod,neztížené,jiné špatn,žádné nebo žádné z uvedených,komunikace místní,,nezjištěno/žádné,jízdní kolo,Brno-střed,muž,Nezjišťován,neděle,duben,Trnitá,,,,,,,,lehké zranění,"s přilbou (pouze u motocyklistů, příp. cyklistů)",řidičem nemotorového vozidla,"ve dne, viditelnost nezhoršená vlivem povětrnostních podmínek",žádné z uvedenýc,řidič,dobrý -žádné nepříznivé okolnosti nebyly zjiště,den,,1,3971,1,3971,1,3971,7,35,,1935,1,35,2023,0,0,1,0,0,1,14,1,1405,4,-1161052,-596696,60223000506,2023/04/23 00:00:00+00,21000,20000,c7ecaff7-4de6-44fd-b962-e812079e2757
-597400,-1160030,357,Brno-sever,ano,nesprávný způsob jízdy,srážka s chodcem,nehoda s následky na životě nebo zdraví,nezvládnutí řízení vozidla,"povrch suchý, neznečistěný",neztížené,dobré,žádné nebo žádné z uvedených,komunikace místní,,elektro,jízdní kolo,Brno-sever,muž,"Ano, obsah alkoholu v krvi od 0,5‰ do 0,8‰",čtvrtek,duben,Zábrdovice,,,,,,,,bez zraněn,"bez přilby (pouze u motocyklistů, příp. cyklistů)",řidičem nemotorového vozidla,"ve dne, viditelnost nezhoršená vlivem povětrnostních podmínek",na chodníku nebo ostrůvku,řidič,"pod vlivem alkoholu, obsah alkoholu v krvi do 0,99 ‰",den,,0,3972,1,3972,1,3972,4,25,,1925,0,25,2023,0,0,0,1,0,1,20,1,2025,4,-1160030,-597400,60223000537,2023/04/27 00:00:00+00,0,0,8767879b-6c95-45b0-8736-cbad2175374a
-591597,-1159821,358,Brno-Líšeň,nezjišťováno,nepřiměřená rychlost jízdy,havárie,nehoda s následky na životě nebo zdraví,nepřizpůsobení rychlosti vlastnostem vozidla a nákladu,"povrch suchý, neznečistěný",neztížené,dobré,"zastávka tramvaje, autobusu, trolejbusu bez nástup. ostrůvku",komunikace místní,,nezjištěno/žádné,jízdní kolo,Brno-Líšeň,muž,Nezjišťován,pátek,duben,Líšeň,,,,,,,,lehké zranění,"s přilbou (pouze u motocyklistů, příp. cyklistů)",řidičem nemotorového vozidla,"v noci - s veřejným osvětlením, viditelnost nezhoršená vlivem povětrnostních podmínek",na jízdním pruhu,řidič,dobrý -žádné nepříznivé okolnosti nebyly zjiště,noc,,1,3973,1,3973,1,3973,5,48,,1948,1,48,2023,0,0,1,0,0,1,22,1,2250,4,-1159821,-591597,60223000543,2023/04/28 00:00:00+00,1000,1000,4d8b9f6f-774b-4c1d-aa1e-671fff8ddb29
-598252,-1159331,359,Brno-Královo Pole,ne,nedání přenosti v jízdě,srážka s jedoucím nekolejovým vozidlem,nehoda s následky na životě nebo zdraví,"jízda na ""červenou"" 3-barevného semaforu","povrch suchý, neznečistěný",neztížené,dobré,přechod pro chodce,komunikace místní,,elektro,koloběžka,Brno-Královo Pole,muž,Ne,středa,květen,Ponava,,,,,,,,těžké zranění,"s přilbou (pouze u motocyklistů, příp. cyklistů)",řidičem nemotorového vozidla,"ve dne, viditelnost nezhoršená vlivem povětrnostních podmínek",žádné z uvedenýc,řidič,"pod vlivem léků, narkoti",den,,0,3975,1,3975,1,3975,3,35,,1935,3,35,2023,1,0,0,1,0,1,16,1,1658,5,-1159331,-598252,60223000563,2023/05/03 00:00:00+00,50000,20000,bbdff3af-3ae9-4322-9b8a-5ddb5531f95d
-596182,-1156561,360,Brno-sever,ne,nedání přenosti v jízdě,srážka s jedoucím nekolejovým vozidlem,nehoda s následky na životě nebo zdraví,při otáčení nebo couvání,"povrch suchý, neznečistěný",neztížené,dobré,v blízkosti přechodu pro chodce (do vzdálenosti 20 m),komunikace místní,,nezjištěno/žádné,jízdní kolo,Brno-sever,žena,Ne,pondělí,květen,Lesná,,,,,,,,lehké zranění,"s přilbou (pouze u motocyklistů, příp. cyklistů)",řidičem motorového vozidla,"ve dne, viditelnost nezhoršená vlivem povětrnostních podmínek",na jízdním pruhu,řidič,dobrý -žádné nepříznivé okolnosti nebyly zjiště,den,,1,3977,1,3977,1,3977,1,52,,1952,1,52,2023,0,0,1,0,0,2,11,1,1140,5,-1156561,-596182,60223000583,2023/05/08 00:00:00+00,35000,15000,b4f8c0a9-f163-4977-a1b5-0b67db0bb6ec
-599251,-1154422,361,Brno-Řečkovice a Mokrá Hora,ne,nesprávný způsob jízdy,srážka s jedoucím nekolejovým vozidlem,nehoda s následky na životě nebo zdraví,"jízda po nesprávné straně vozovky, vjetí do protisměru","povrch suchý, neznečistěný",neztížené,dobré,žádné nebo žádné z uvedených,komunikace místní,,nezjištěno/žádné,jízdní kolo,Brno-Řečkovice a Mokrá Hora,muž,Ne,pondělí,květen,Řečkovice,,,,,,,,lehké zranění,"s přilbou (pouze u motocyklistů, příp. cyklistů)",řidičem nemotorového vozidla,"ve dne, viditelnost nezhoršená vlivem povětrnostních podmínek",na jízdním pruhu,řidič,dobrý -žádné nepříznivé okolnosti nebyly zjiště,den,,1,3978,1,3978,1,3978,1,22,,1922,1,22,2023,0,0,1,0,0,1,18,1,1800,5,-1154422,-599251,60223000586,2023/05/08 00:00:00+00,7000,2000,6f30448b-90c4-463d-b586-be17e5d3f590
-595914,-1160320,362,Brno-Židenice,ne,nedání přenosti v jízdě,srážka s tramvají,nehoda s následky na životě nebo zdraví,při odbočování vlevo souběžně jedoucímu vozidlu,"povrch suchý, neznečistěný",neztížené,"špatné - vlivem průběhu komunikace, nebo podélného profilu nebo trasování (nepřehledný vrchol stoupání, zářez komunikace apod.)",přechod pro chodce,komunikace místní,,nezjištěno/žádné,jízdní kolo,Brno-Židenice,muž,Ne,pátek,květen,Židenice,,,,,,,,lehké zranění,"s přilbou (pouze u motocyklistů, příp. cyklistů)",řidičem nemotorového vozidla,"ve dne, viditelnost nezhoršená vlivem povětrnostních podmínek",na kolejích tramvaje,řidič,dobrý -žádné nepříznivé okolnosti nebyly zjiště,den,,1,3979,1,3979,1,3979,5,54,,1954,1,54,2023,0,0,1,0,0,1,11,1,1130,5,-1160320,-595914,60223000611,2023/05/12 00:00:00+00,16000,10000,ffde17bf-182e-46c5-8b2f-521a7aaf523c
-601560,-1157272,363,Brno-Komín,ne,nesprávný způsob jízdy,srážka s jedoucím nekolejovým vozidlem,nehoda pouze s hmotnou škodou,řidič se plně nevěnoval řízení vozidla,"povrch suchý, neznečistěný",neztížené,dobré,přechod pro chodce,komunikace místní,,elektro,koloběžka,Brno-Komín,muž,Ne,pátek,květen,Komín,,,,,,,,bez zraněn,"bez přilby (pouze u motocyklistů, příp. cyklistů)",řidičem motorového vozidla,"ve dne, viditelnost nezhoršená vlivem povětrnostních podmínek",na jízdním pruhu,řidič,pod vlivem alkoholu obsah alkoholu v krvi 1 ‰ a víc,den,,0,3980,1,3980,1,3980,5,58,,1958,1,58,2023,0,0,0,0,0,2,14,1,1443,5,-1157272,-601560,60223000613,2023/05/12 00:00:00+00,15000,5000,12a2a49e-f85c-465e-bc45-13dea380e78a
-595796,-1165330,364,Brno-Tuřany,ne,nedání přenosti v jízdě,srážka s jedoucím nekolejovým vozidlem,nehoda s následky na životě nebo zdraví,při odbočování vlevo,"povrch suchý, neznečistěný",neztížené,dobré,přechod pro chodce,komunikace místní,,nezjištěno/žádné,jízdní kolo,Brno-Tuřany,muž,Ne,pátek,květen,Brněnské Ivanovice,,,,,,,,lehké zranění,"s přilbou (pouze u motocyklistů, příp. cyklistů)",řidičem motorového vozidla,"ve dne, viditelnost nezhoršená vlivem povětrnostních podmínek",žádné z uvedenýc,řidič,dobrý -žádné nepříznivé okolnosti nebyly zjiště,den,,1,3983,1,3983,1,3983,5,39,,1939,1,39,2023,0,0,1,0,0,2,8,1,825,5,-1165330,-595796,60223000686,2023/05/26 00:00:00+00,25000,20000,ea5c99d1-4134-4a2c-84be-874463a04f86
-599946,-1158670,365,Brno-Žabovřesky,ano,nesprávný způsob jízdy,havárie,nehoda s následky na životě nebo zdraví,nezvládnutí řízení vozidla,"povrch suchý, neznečistěný",neztížené,dobré,žádné nebo žádné z uvedených,komunikace místní,nezjišťováno,elektro,koloběžka,Brno-Žabovřesky,žena,"Ano, obsah alkoholu v krvi 1,5‰ a více",neděle,květen,Žabovřesky,,,,,,,,lehké zranění,"bez přilby (pouze u motocyklistů, příp. cyklistů)",řidičem nemotorového vozidla,"v noci - s veřejným osvětlením, viditelnost nezhoršená vlivem povětrnostních podmínek",na jízdním pruhu,řidič,pod vlivem alkoholu obsah alkoholu v krvi 1 ‰ a víc,noc,,1,3984,1,3984,1,3984,7,16,,2016,3,16,2023,0,0,2,0,0,1,2,1,218,5,-1158670,-599946,60223000693,2023/05/28 00:00:00+00,0,0,acba9a95-67fc-4c7c-95bf-a37fc6b3c162
-599946,-1158670,366,Brno-Žabovřesky,ano,nesprávný způsob jízdy,havárie,nehoda s následky na životě nebo zdraví,nezvládnutí řízení vozidla,"povrch suchý, neznečistěný",neztížené,dobré,žádné nebo žádné z uvedených,komunikace místní,nezjišťováno,elektro,koloběžka,Brno-Žabovřesky,žena,"Ano, obsah alkoholu v krvi 1,5‰ a více",neděle,květen,Žabovřesky,,,,,,,,lehké zranění,"bez přilby (pouze u motocyklistů, příp. cyklistů)",řidičem nemotorového vozidla,"v noci - s veřejným osvětlením, viditelnost nezhoršená vlivem povětrnostních podmínek",na jízdním pruhu,řidič,pod vlivem alkoholu obsah alkoholu v krvi 1 ‰ a víc,noc,,1,3985,1,3985,1,3985,7,16,,2016,3,16,2023,0,0,2,0,0,1,2,1,218,5,-1158670,-599946,60223000693,2023/05/28 00:00:00+00,0,0,bfa1fa94-684e-43b4-b2fa-e15d2c9a0882
-603236,-1160288,367,Brno-Kohoutovice,ne,nesprávný způsob jízdy,srážka s jedoucím nekolejovým vozidlem,nehoda s následky na životě nebo zdraví,řidič se plně nevěnoval řízení vozidla,"povrch suchý, neznečistěný",neztížené,dobré,žádné nebo žádné z uvedených,komunikace místní,,elektro,koloběžka,Brno-Kohoutovice,muž,Ne,středa,květen,Kohoutovice,,,,,,,,bez zraněn,"bez přilby (pouze u motocyklistů, příp. cyklistů)",řidičem nemotorového vozidla,"ve dne, viditelnost nezhoršená vlivem povětrnostních podmínek",na jízdním pruhu,řidič,dobrý -žádné nepříznivé okolnosti nebyly zjiště,den,,0,3986,1,3986,1,3986,3,48,,1948,1,48,2023,0,0,0,1,0,1,12,1,1205,5,-1160288,-603236,60223000709,2023/05/31 00:00:00+00,10000,0,35432654-25ae-4438-ba07-c14f3ae49f62
-603236,-1160288,368,Brno-Kohoutovice,ne,nesprávný způsob jízdy,srážka s jedoucím nekolejovým vozidlem,nehoda s následky na životě nebo zdraví,řidič se plně nevěnoval řízení vozidla,"povrch suchý, neznečistěný",neztížené,dobré,žádné nebo žádné z uvedených,komunikace místní,,nezjištěno/žádné,jízdní kolo,Brno-Kohoutovice,žena,Ne,středa,květen,Kohoutovice,,,,,,,,těžké zranění,"s přilbou (pouze u motocyklistů, příp. cyklistů)",řidičem nemotorového vozidla,"ve dne, viditelnost nezhoršená vlivem povětrnostních podmínek",na jízdním pruhu,řidič,dobrý -žádné nepříznivé okolnosti nebyly zjiště,den,,0,3987,1,3987,1,3987,3,33,,1933,1,33,2023,1,0,0,1,0,2,12,1,1205,5,-1160288,-603236,60223000709,2023/05/31 00:00:00+00,10000,0,fe94591d-eca1-44a0-b0d8-ea232d715465
-606895,-1158249,369,Brno-Žebětín,nezjišťováno,nesprávný způsob jízdy,havárie,nehoda s následky na životě nebo zdraví,řidič se plně nevěnoval řízení vozidla,"povrch suchý, neznečistěný",neztížené,dobré,žádné nebo žádné z uvedených,komunikace místní,,nezjištěno/žádné,jízdní kolo,Brno-Žebětín,muž,Nezjišťován,sobota,červen,Žebětín,,,,,,,,těžké zranění,"bez přilby (pouze u motocyklistů, příp. cyklistů)",řidičem nemotorového vozidla,"ve dne, viditelnost nezhoršená vlivem povětrnostních podmínek",na jízdním pruhu,řidič,dobrý -žádné nepříznivé okolnosti nebyly zjiště,den,,0,3988,1,3988,1,3988,6,50,,1950,1,50,2023,1,0,0,1,0,1,13,1,1355,6,-1158249,-606895,60223000725,2023/06/03 00:00:00+00,1000,1000,eb39a488-608c-47cb-a98d-278d5ea685ef
-599166,-1152737,370,Brno-Řečkovice a Mokrá Hora,ano,nepřiměřená rychlost jízdy,srážka s jedoucím nekolejovým vozidlem,nehoda s následky na životě nebo zdraví,"nepřizpůsobení rychlosti dopravně technickému stavu vozovky (zatáčka, klesání, stoupání, šířka vozovky apod.)","povrch suchý, neznečistěný",neztížené,dobré,žádné nebo žádné z uvedených,komunikace místní,,nezjištěno/žádné,jízdní kolo,Brno-Řečkovice a Mokrá Hora,muž,"Ano, obsah alkoholu v krvi do 0,24 ‰",pondělí,červen,Mokrá Hora,,,,,,,,lehké zranění,"bez přilby (pouze u motocyklistů, příp. cyklistů)",řidičem nemotorového vozidla,"ve dne, viditelnost nezhoršená vlivem povětrnostních podmínek",na jízdním pruhu,řidič,"pod vlivem alkoholu, obsah alkoholu v krvi do 0,99 ‰",den,,1,3989,1,3989,1,3989,1,59,,1959,1,59,2023,0,0,1,0,0,1,16,1,1625,6,-1152737,-599166,60223000735,2023/06/05 00:00:00+00,25000,15000,516ec29e-8ae8-4fe7-a6a6-fe19d7189501
-599166,-1152737,371,Brno-Řečkovice a Mokrá Hora,ano,nepřiměřená rychlost jízdy,srážka s jedoucím nekolejovým vozidlem,nehoda s následky na životě nebo zdraví,"nepřizpůsobení rychlosti dopravně technickému stavu vozovky (zatáčka, klesání, stoupání, šířka vozovky apod.)","povrch suchý, neznečistěný",neztížené,dobré,žádné nebo žádné z uvedených,komunikace místní,,nezjištěno/žádné,jízdní kolo,Brno-Řečkovice a Mokrá Hora,muž,"Ano, obsah alkoholu v krvi do 0,24 ‰",pondělí,červen,Mokrá Hora,,,,,,,,bez zraněn,"s přilbou (pouze u motocyklistů, příp. cyklistů)",řidičem nemotorového vozidla,"ve dne, viditelnost nezhoršená vlivem povětrnostních podmínek",na jízdním pruhu,řidič,dobrý -žádné nepříznivé okolnosti nebyly zjiště,den,,0,3990,1,3990,1,3990,1,38,,1938,1,38,2023,0,0,1,0,0,2,16,1,1625,6,-1152737,-599166,60223000735,2023/06/05 00:00:00+00,25000,15000,49020341-c39a-4b94-a0ac-3303bdfe794d
-594947,-1161015,372,Brno-Židenice,ne,nedání přenosti v jízdě,srážka s jedoucím nekolejovým vozidlem,nehoda s následky na životě nebo zdraví,proti příkazu dopravní značky DEJ PŘEDNOST,"povrch suchý, neznečistěný",neztížené,dobré,přechod pro chodce,komunikace místní,,nezjištěno/žádné,jízdní kolo,Brno-Židenice,muž,Ne,pondělí,červen,Židenice,,,,,,,,lehké zranění,"bez přilby (pouze u motocyklistů, příp. cyklistů)",řidičem motorového vozidla,"ve dne, viditelnost nezhoršená vlivem povětrnostních podmínek",na jízdním pruhu,řidič,dobrý -žádné nepříznivé okolnosti nebyly zjiště,den,,1,3991,1,3991,1,3991,1,24,,1924,1,24,2023,0,0,1,0,0,2,16,1,1655,6,-1161015,-594947,60223000737,2023/06/05 00:00:00+00,6000,5000,892ac663-ad5d-4f97-9c59-05a82a72a598
-596696,-1161051,373,Brno-střed,ano,nesprávný způsob jízdy,havárie,nehoda s následky na životě nebo zdraví,řidič se plně nevěnoval řízení vozidla,povrch mokrý,neztížené,dobré,žádné nebo žádné z uvedených,komunikace místní,,nezjištěno/žádné,jízdní kolo,Brno-střed,žena,"Ano, obsah alkoholu v krvi do 0,24 ‰",pátek,červen,Trnitá,,,,,,,,lehké zranění,"bez přilby (pouze u motocyklistů, příp. cyklistů)",řidičem nemotorového vozidla,"ve dne, viditelnost nezhoršená vlivem povětrnostních podmínek",na stezce pro cyklisty,řidič,"pod vlivem alkoholu, obsah alkoholu v krvi do 0,99 ‰",den,,1,3993,1,3993,1,3993,5,38,,1938,1,38,2023,0,0,1,0,0,1,12,1,1245,6,-1161051,-596696,60223000756,2023/06/09 00:00:00+00,0,0,16678424-a0ee-4fa0-b1bd-f89d74ba4778
-594741,-1162371,374,Brno-Černovice,ne,nedání přenosti v jízdě,srážka s jedoucím nekolejovým vozidlem,nehoda s následky na životě nebo zdraví,proti příkazu dopravní značky DEJ PŘEDNOST,"povrch suchý, neznečistěný",neztížené,dobré,žádné nebo žádné z uvedených,komunikace místní,,elektro,jízdní kolo,Brno-Černovice,muž,Ne,pondělí,červen,Černovice,,,,,,,,těžké zranění,"s přilbou (pouze u motocyklistů, příp. cyklistů)",řidičem motorového vozidla,"ve dne, viditelnost nezhoršená vlivem povětrnostních podmínek",na jízdním pruhu,řidič,dobrý -žádné nepříznivé okolnosti nebyly zjiště,den,,0,3994,1,3994,1,3994,1,24,,1924,1,24,2023,1,0,0,1,0,2,13,1,1305,6,-1162371,-594741,60223000775,2023/06/12 00:00:00+00,20000,10000,62735faa-40a3-43ce-8828-8be4db0f9c7e
-597042,-1160450,375,Brno-sever,ne,nepřiměřená rychlost jízdy,srážka s jedoucím nekolejovým vozidlem,nehoda s následky na životě nebo zdraví,nepřizpůsobení rychlosti vlastnostem vozidla a nákladu,"povrch suchý, neznečistěný",neztížené,dobré,žádné nebo žádné z uvedených,komunikace místní,,nezjištěno/žádné,jízdní kolo,Brno-sever,muž,Ne,pátek,červen,Zábrdovice,,,,,,,,lehké zranění,"s přilbou (pouze u motocyklistů, příp. cyklistů)",řidičem motorového vozidla,"ve dne, viditelnost nezhoršená vlivem povětrnostních podmínek",na jízdním pruhu,řidič,dobrý -žádné nepříznivé okolnosti nebyly zjiště,den,,1,3997,1,3997,1,3997,5,26,,1926,1,26,2023,0,0,1,0,0,2,18,1,1805,6,-1160450,-597042,60223000804,2023/06/16 00:00:00+00,10000,5000,f985c096-4dfb-4bc6-86e3-82d4181e7a9a
-604693,-1159598,376,Brno-Žebětín,ne,nesprávný způsob jízdy,havárie,nehoda s následky na životě nebo zdraví,řidič se plně nevěnoval řízení vozidla,"povrch suchý, neznečistěný",neztížené,dobré,"zastávka autobusu, trolejbusu, tramvaje s nástup. ostrůvkem",komunikace místní,,elektro,koloběžka,Brno-Žebětín,muž,Ne,neděle,červen,Žebětín,,,,,,,,lehké zranění,"bez přilby (pouze u motocyklistů, příp. cyklistů)",řidičem motorového vozidla,"v noci - s veřejným osvětlením, viditelnost nezhoršená vlivem povětrnostních podmínek",žádné z uvedenýc,řidič,dobrý -žádné nepříznivé okolnosti nebyly zjiště,noc,,1,3998,1,3998,1,3998,7,35,,1935,1,35,2023,0,0,1,0,0,1,3,1,30,6,-1159598,-604693,60223000813,2023/06/18 00:00:00+00,10000,10000,87d4adbd-6f09-4238-a332-29781ca99706
-596831,-1159943,377,Brno-sever,ne,nesprávný způsob jízdy,havárie,nehoda s následky na životě nebo zdraví,řidič se plně nevěnoval řízení vozidla,"povrch suchý, neznečistěný",neztížené,dobré,žádné nebo žádné z uvedených,komunikace místní,,nezjištěno/žádné,jízdní kolo,Brno-sever,muž,Ne,neděle,červen,Zábrdovice,,,,,,,,lehké zranění,"s přilbou (pouze u motocyklistů, příp. cyklistů)",řidičem nemotorového vozidla,"ve dne, viditelnost nezhoršená vlivem povětrnostních podmínek",na jízdním pruhu,řidič,dobrý -žádné nepříznivé okolnosti nebyly zjiště,den,,1,3999,1,3999,1,3999,7,29,,1929,1,29,2023,0,0,1,0,0,1,14,1,1415,6,-1159943,-596831,60223000815,2023/06/18 00:00:00+00,0,0,8bfea6a1-7a25-467b-b0e9-897ca529ab84
-592410,-1164615,378,Brno-Slatina,ne,nedání přenosti v jízdě,srážka s jedoucím nekolejovým vozidlem,nehoda s následky na životě nebo zdraví,proti příkazu dopravní značky DEJ PŘEDNOST,"povrch suchý, neznečistěný",neztížené,dobré,žádné nebo žádné z uvedených,komunikace místní,,nezjištěno/žádné,jízdní kolo,Brno-Slatina,muž,Ne,sobota,červen,Slatina,,,,,,,,lehké zranění,"s přilbou (pouze u motocyklistů, příp. cyklistů)",řidičem motorového vozidla,"ve dne, viditelnost nezhoršená vlivem povětrnostních podmínek",na jízdním pruhu,řidič,dobrý -žádné nepříznivé okolnosti nebyly zjiště,den,,1,4000,1,4000,1,4000,6,26,,1926,1,26,2023,0,0,1,0,0,2,14,1,1430,6,-1164615,-592410,60223000846,2023/06/24 00:00:00+00,10000,5000,9236fd1b-1a2c-4edc-956d-fb4e30e9ccec
-595716,-1161912,379,Brno-Černovice,ne,nedání přenosti v jízdě,srážka s jedoucím nekolejovým vozidlem,nehoda pouze s hmotnou škodou,vozidlu přijíždějícímu zprava,"povrch suchý, neznečistěný",neztížené,dobré,žádné nebo žádné z uvedených,komunikace místní,,nezjištěno/žádné,jízdní kolo,Brno-Černovice,chlapec (do 15 let),Ne,neděle,červen,Černovice,,,,,,,,bez zraněn,"s přilbou (pouze u motocyklistů, příp. cyklistů)",řidičem nemotorového vozidla,"v noci - bez veřejného osvětlení, viditelnost nezhoršená vlivem povětrnostních podmínek",na jízdním pruhu,řidič,dobrý -žádné nepříznivé okolnosti nebyly zjiště,den,,0,4001,1,4001,1,4001,7,13,,2013,1,13,2023,0,0,0,0,0,1,20,1,2023,6,-1161912,-595716,60223000854,2023/06/25 00:00:00+00,21000,20000,b3cab0e8-4991-455f-9c44-f56fad199f29
-597964,-1159212,380,Brno-Královo Pole,nezjišťováno,nezaviněno řidičem,srážka s chodcem,nehoda s následky na životě nebo zdraví,nezaviněná řidičem,"povrch suchý, neznečistěný",neztížené,dobré,v blízkosti přechodu pro chodce (do vzdálenosti 20 m),komunikace místní,,elektro,jízdní kolo,Brno-Královo Pole,muž,Nezjišťován,pondělí,červen,Ponava,,,,,,,,lehké zranění,"s přilbou (pouze u motocyklistů, příp. cyklistů)",chodcem,"ve dne, viditelnost nezhoršená vlivem povětrnostních podmínek",na jízdním pruhu,řidič,dobrý -žádné nepříznivé okolnosti nebyly zjiště,den,,1,4002,1,4002,1,4002,1,48,,1948,1,48,2023,0,0,1,0,0,2,11,1,1155,6,-1159212,-597964,60223000859,2023/06/26 00:00:00+00,10000,10000,b46ed0db-2bce-4eb7-b47c-d54dbd02295b
-596548,-1160087,381,Brno-Židenice,ne,nedání přenosti v jízdě,srážka s jedoucím nekolejovým vozidlem,nehoda s následky na životě nebo zdraví,při odbočování vlevo,"povrch suchý, neznečistěný",neztížené,dobré,žádné nebo žádné z uvedených,komunikace místní,,nezjištěno/žádné,jízdní kolo,Brno-Židenice,muž,Ne,čtvrtek,červen,Zábrdovice,,,,,,,,těžké zranění,"s přilbou (pouze u motocyklistů, příp. cyklistů)",řidičem motorového vozidla,"ve dne, viditelnost nezhoršená vlivem povětrnostních podmínek",na jízdním pruhu,řidič,dobrý -žádné nepříznivé okolnosti nebyly zjiště,den,,0,4003,1,4003,1,4003,4,27,,1927,1,27,2023,1,0,0,1,0,2,19,1,1917,6,-1160087,-596548,60223000883,2023/06/29 00:00:00+00,60000,50000,df2be728-1394-4a91-a19e-7bfa7ce74405
-599083,-1162420,382,Brno-střed,ne,nesprávný způsob jízdy,srážka s chodcem,nehoda s následky na životě nebo zdraví,řidič se plně nevěnoval řízení vozidla,"povrch suchý, neznečistěný",neztížené,dobré,žádné nebo žádné z uvedených,komunikace místní,,nezjištěno/žádné,jízdní kolo,Brno-střed,muž,Ne,pátek,červen,Štýřice,,,,,,,,bez zraněn,"s přilbou (pouze u motocyklistů, příp. cyklistů)",řidičem nemotorového vozidla,"ve dne, viditelnost nezhoršená vlivem povětrnostních podmínek",na chodníku nebo ostrůvku,řidič,dobrý -žádné nepříznivé okolnosti nebyly zjiště,den,,0,4004,1,4004,1,4004,5,30,,1930,1,30,2023,0,0,1,0,0,1,19,1,1920,6,-1162420,-599083,60223000888,2023/06/30 00:00:00+00,0,0,2d3c1e2b-7485-439d-ad43-ba676526c59e
-596696,-1157693,383,Brno-sever,ano,nesprávný způsob jízdy,srážka s jedoucím nekolejovým vozidlem,nehoda pouze s hmotnou škodou,řidič se plně nevěnoval řízení vozidla,"povrch suchý, neznečistěný",neztížené,dobré,žádné nebo žádné z uvedených,komunikace místní,,elektro,koloběžka,Brno-sever,muž,"Ano, obsah alkoholu v krvi od 0,5‰ do 0,8‰",úterý,červenec,Lesná,,,,,,,,bez zraněn,"bez přilby (pouze u motocyklistů, příp. cyklistů)",řidičem nemotorového vozidla,"ve dne, viditelnost nezhoršená vlivem povětrnostních podmínek",na jízdním pruhu,řidič,"pod vlivem alkoholu, obsah alkoholu v krvi do 0,99 ‰",den,,0,4007,1,4007,1,4007,2,29,,1929,1,29,2023,0,0,0,0,0,1,14,1,1445,7,-1157693,-596696,60223000903,2023/07/04 00:00:00+00,32000,2000,60c2f4df-beeb-4abf-9f21-148c80b7b932
-601207,-1160633,384,Brno-střed,ne,nedání přenosti v jízdě,srážka s jedoucím nekolejovým vozidlem,nehoda s následky na životě nebo zdraví,jiné nedání přednosti,"povrch suchý, neznečistěný",neztížené,dobré,v blízkosti přechodu pro chodce (do vzdálenosti 20 m),komunikace místní,,nezjištěno/žádné,jízdní kolo,Brno-střed,muž,Ne,sobota,červenec,Pisárky,,,,,,,,lehké zranění,"bez přilby (pouze u motocyklistů, příp. cyklistů)",řidičem nemotorového vozidla,"ve dne, viditelnost nezhoršená vlivem povětrnostních podmínek",na jízdním pruhu,řidič,dobrý -žádné nepříznivé okolnosti nebyly zjiště,den,,1,4008,1,4008,1,4008,6,36,,1936,1,36,2023,0,0,1,0,0,2,11,1,1100,7,-1160633,-601207,60223000918,2023/07/08 00:00:00+00,20000,10000,35c5b186-0221-4c97-b46c-4ffa6924e47a
-596580,-1157856,385,Brno-sever,ne,nesprávný způsob jízdy,srážka s jedoucím nekolejovým vozidlem,nehoda s následky na životě nebo zdraví,řidič se plně nevěnoval řízení vozidla,"povrch suchý, neznečistěný",neztížené,dobré,přechod pro chodce,komunikace místní,,elektro,jízdní kolo,Brno-sever,žena,Ne,čtvrtek,červenec,Lesná,,,,,,,,těžké zranění,"bez přilby (pouze u motocyklistů, příp. cyklistů)",řidičem motorového vozidla,"ve dne, viditelnost nezhoršená vlivem povětrnostních podmínek",na jízdním pruhu,řidič,dobrý -žádné nepříznivé okolnosti nebyly zjiště,den,,0,4009,1,4009,1,4009,4,32,,1932,1,32,2023,1,0,0,1,0,2,9,1,932,7,-1157856,-596580,60223000938,2023/07/13 00:00:00+00,34000,20000,68c79182-d7a9-4b20-ba18-69cbd5cee427
-598853,-1157473,386,Brno-Královo Pole,ano,nesprávé předjíždění,srážka s jedoucím nekolejovým vozidlem,nehoda s následky na životě nebo zdraví,předjíždění vlevo vozidla odbočujícího vlevo,"povrch suchý, neznečistěný",neztížené,dobré,žádné nebo žádné z uvedených,komunikace místní,,nezjištěno/žádné,jízdní kolo,Brno-Královo Pole,muž,"Ano, obsah alkoholu v krvi od 0,8‰ do 1,0‰",pátek,červenec,Královo Pole,,,,,,,,lehké zranění,"s přilbou (pouze u motocyklistů, příp. cyklistů)",řidičem nemotorového vozidla,"ve dne, viditelnost nezhoršená vlivem povětrnostních podmínek",na jízdním pruhu,řidič,"pod vlivem alkoholu, obsah alkoholu v krvi do 0,99 ‰",den,,1,4010,1,4010,1,4010,5,39,,1939,1,39,2023,0,0,1,0,0,1,6,1,630,7,-1157473,-598853,60223000945,2023/07/14 00:00:00+00,25000,5000,3772e50f-7aeb-41b2-a3b5-ea942aa432e2