X,Y,objectid_1,zuj,alkohol_vinik,hlavni_pricina,srazka,nasledky,pricina,stav_vozovky,povetrnostni_podm,rozhled,misto_nehody,druh_komun,pneumatiky,druh_pohonu,druh_vozidla,mestska_cast,pohlavi,alkohol,den_v_tydnu,mesic_t,katastr,chovani_chodce,stav_chodce,drogy_chodec,alkohol_chodec,osobni_prepravnik,reflexni_prvky,kategorie_chodce,nasledek,ozn_osoba,zavineni,viditelnost,situovani,osoba,stav_ridic,doba,smrt_po,lz,target_fid_1,join_count_1,objectid,join_count,target_fid,den,vek,smrt_dny,rok_nar,p48a,p59d,rok,tz,smrt,lehce_zran_os,tezce_zran_os,usmrceno_os,id_vozidla,hodina,ovlivneni_ridice,cas,mesic,e,d,id_nehody,datum,hmotna_skoda_1,skoda_vozidlo,globalid
-595877,-1158877,387,Brno-sever,ne,nesprávný způsob jízdy,srážka s chodcem,nehoda s následky na životě nebo zdraví,"bezohledná, agresivní, neohleduplná jízda","povrch suchý, neznečistěný",neztížené,dobré,v blízkosti přechodu pro chodce (do vzdálenosti 20 m),komunikace místní,,nezjištěno/žádné,jízdní kolo,Brno-sever,muž,Ne,pátek,červenec,Husovice,,,,,,,,bez zraněn,"bez přilby (pouze u motocyklistů, příp. cyklistů)",řidičem nemotorového vozidla,"ve dne, viditelnost nezhoršená vlivem povětrnostních podmínek",na chodníku nebo ostrůvku,řidič,dobrý -žádné nepříznivé okolnosti nebyly zjiště,den,,0,4011,1,4011,1,4011,5,26,,1926,1,26,2023,0,0,1,0,0,1,9,1,905,7,-1158877,-595877,60223000947,2023/07/14 00:00:00+00,0,0,4d6e7266-0bd4-4e09-ac1c-08255c848d06
-597772,-1159815,388,Brno-střed,ne,nedání přenosti v jízdě,srážka s jedoucím nekolejovým vozidlem,nehoda s následky na životě nebo zdraví,vozidlu přijíždějícímu zprava,"povrch suchý, neznečistěný",neztížené,dobré,žádné nebo žádné z uvedených,komunikace místní,,nezjištěno/žádné,jízdní kolo,Brno-střed,žena,Ne,pátek,červenec,Černá Pole,,,,,,,,lehké zranění,"s přilbou (pouze u motocyklistů, příp. cyklistů)",řidičem nemotorového vozidla,"ve dne, viditelnost nezhoršená vlivem povětrnostních podmínek",na jízdním pruhu,řidič,dobrý -žádné nepříznivé okolnosti nebyly zjiště,den,,1,4012,1,4012,1,4012,5,36,,1936,1,36,2023,0,0,1,0,0,1,15,1,1515,7,-1159815,-597772,60223000951,2023/07/14 00:00:00+00,25000,20000,493028bd-b58f-475e-af47-088e87821b98
-601309,-1163655,389,Brno-Starý Lískovec,ne,nedání přenosti v jízdě,srážka s jedoucím nekolejovým vozidlem,nehoda s následky na životě nebo zdraví,při odbočování vlevo,"povrch suchý, neznečistěný",neztížené,dobré,žádné nebo žádné z uvedených,komunikace místní,,elektro,jízdní kolo,Brno-Starý Lískovec,muž,Ne,středa,červenec,Starý Lískovec,,,,,,,,těžké zranění,"s přilbou (pouze u motocyklistů, příp. cyklistů)",řidičem motorového vozidla,"ve dne, viditelnost nezhoršená vlivem povětrnostních podmínek",na jízdním pruhu,řidič,dobrý -žádné nepříznivé okolnosti nebyly zjiště,den,,0,4015,1,4015,1,4015,3,40,,1940,1,40,2023,1,0,0,1,0,2,12,1,1248,7,-1163655,-601309,60223000980,2023/07/19 00:00:00+00,200000,150000,037af8c5-7f4d-4ac6-8139-8261b995c08a
-602369,-1157675,390,Brno-Komín,ne,nesprávný způsob jízdy,havárie,nehoda s následky na životě nebo zdraví,řidič se plně nevěnoval řízení vozidla,"povrch suchý, neznečistěný",neztížené,dobré,žádné nebo žádné z uvedených,komunikace místní,,elektro,jízdní kolo,Brno-Komín,muž,Ne,neděle,červenec,Komín,,,,,,,,těžké zranění,"s přilbou (pouze u motocyklistů, příp. cyklistů)",řidičem nemotorového vozidla,"ve dne, viditelnost nezhoršená vlivem povětrnostních podmínek",na stezce pro cyklisty,řidič,dobrý -žádné nepříznivé okolnosti nebyly zjiště,den,,0,4017,1,4017,1,4017,7,81,,1981,1,81,2023,1,0,0,1,0,1,15,1,1555,7,-1157675,-602369,60223001001,2023/07/23 00:00:00+00,10000,10000,ec886164-5897-4412-8975-b92b6909339c
-600571,-1153974,391,Brno-Řečkovice a Mokrá Hora,ano,nesprávný způsob jízdy,srážka s chodcem,nehoda s následky na životě nebo zdraví,nezvládnutí řízení vozidla,"povrch suchý, neznečistěný",neztížené,dobré,žádné nebo žádné z uvedených,komunikace místní,,elektro,jízdní kolo,Brno-Řečkovice a Mokrá Hora,muž,"Ano, obsah alkoholu v krvi 1,5‰ a více",neděle,červenec,Řečkovice,,,,,,,,těžké zranění,"bez přilby (pouze u motocyklistů, příp. cyklistů)",řidičem nemotorového vozidla,"v noci - bez veřejného osvětlení, viditelnost nezhoršená vlivem povětrnostních podmínek",na jízdním pruhu,řidič,pod vlivem alkoholu obsah alkoholu v krvi 1 ‰ a víc,den,,0,4018,1,4018,1,4018,7,48,,1948,1,48,2023,1,0,1,1,0,1,20,1,2045,7,-1153974,-600571,60223001004,2023/07/23 00:00:00+00,1000,1000,92f878ae-01fd-4281-b273-57021c7b1eb7
-596263,-1160082,392,Brno-Židenice,ano,nedání přenosti v jízdě,srážka s jedoucím nekolejovým vozidlem,nehoda s následky na životě nebo zdraví,proti příkazu dopravní značky DEJ PŘEDNOST,"povrch suchý, neznečistěný",neztížené,dobré,žádné nebo žádné z uvedených,komunikace místní,,nezjištěno/žádné,jízdní kolo,Brno-Židenice,muž,"Ano, obsah alkoholu v krvi 1,5‰ a více",úterý,červenec,Zábrdovice,,,,,,,,lehké zranění,"s přilbou (pouze u motocyklistů, příp. cyklistů)",řidičem nemotorového vozidla,"ve dne, viditelnost nezhoršená vlivem povětrnostních podmínek",na jízdním pruhu,řidič,pod vlivem alkoholu obsah alkoholu v krvi 1 ‰ a víc,den,,1,4019,1,4019,1,4019,2,50,,1950,1,50,2023,0,0,1,0,0,1,20,1,2025,7,-1160082,-596263,60223001009,2023/07/25 00:00:00+00,15000,10000,33215d5b-b3cb-4037-ba9a-6393e184821e
-598121,-1159940,393,Brno-střed,ne,nesprávný způsob jízdy,srážka s jedoucím nekolejovým vozidlem,nehoda s následky na životě nebo zdraví,řidič se plně nevěnoval řízení vozidla,"povrch suchý, neznečistěný",neztížené,dobré,žádné nebo žádné z uvedených,komunikace místní,,nezjištěno/žádné,jízdní kolo,Brno-střed,žena,Ne,středa,červenec,Veveří,,,,,,,,lehké zranění,"bez přilby (pouze u motocyklistů, příp. cyklistů)",řidičem motorového vozidla,"ve dne, viditelnost nezhoršená vlivem povětrnostních podmínek",na jízdním pruhu,řidič,dobrý -žádné nepříznivé okolnosti nebyly zjiště,den,,1,4020,1,4020,1,4020,3,22,,1922,1,22,2023,0,0,1,0,0,2,17,1,1710,7,-1159940,-598121,60223001013,2023/07/26 00:00:00+00,0,0,432ac996-86d2-41ec-be7c-24113bc3d043
-597382,-1166841,394,Brno-jih,ne,nepřiměřená rychlost jízdy,havárie,nehoda s následky na životě nebo zdraví,"nepřizpůsobení rychlosti dopravně technickému stavu vozovky (zatáčka, klesání, stoupání, šířka vozovky apod.)","povrch suchý, neznečistěný",neztížené,dobré,žádné nebo žádné z uvedených,komunikace místní,,elektro,jízdní kolo,Brno-jih,žena,Ne,čtvrtek,červenec,Přízřenice,,,,,,,,lehké zranění,"s přilbou (pouze u motocyklistů, příp. cyklistů)",řidičem nemotorového vozidla,"ve dne, viditelnost nezhoršená vlivem povětrnostních podmínek",na stezce pro cyklisty,řidič,dobrý -žádné nepříznivé okolnosti nebyly zjiště,den,,1,4021,1,4021,1,4021,4,58,,1958,1,58,2023,0,0,1,0,0,1,13,1,1325,7,-1166841,-597382,60223001019,2023/07/27 00:00:00+00,6000,5000,0954d0a9-b56d-4248-8f5e-358d6a0c50f4
-596609,-1164551,395,Brno-Tuřany,ne,nedání přenosti v jízdě,srážka s jedoucím nekolejovým vozidlem,nehoda s následky na životě nebo zdraví,při vjíždění na silnici,"povrch suchý, neznečistěný",neztížené,dobré,,komunikace místní,,nezjištěno/žádné,jízdní kolo,Brno-Tuřany,muž,Ne,čtvrtek,červenec,Brněnské Ivanovice,,,,,,,,lehké zranění,"s přilbou (pouze u motocyklistů, příp. cyklistů)",řidičem nemotorového vozidla,"ve dne, viditelnost nezhoršená vlivem povětrnostních podmínek",na jízdním pruhu,řidič,dobrý -žádné nepříznivé okolnosti nebyly zjiště,den,,1,4022,1,4022,1,4022,4,30,,1930,1,30,2023,0,0,1,0,0,1,16,1,1610,7,-1164551,-596609,60223001021,2023/07/27 00:00:00+00,25000,5000,9ff2835c-cfcc-486d-85fd-bf8133e2ca92
-596321,-1159253,396,Brno-sever,ne,nedání přenosti v jízdě,srážka s jedoucím nekolejovým vozidlem,nehoda s následky na životě nebo zdraví,při vjíždění na silnici,"povrch suchý, neznečistěný",neztížené,dobré,parkoviště přiléhající ke komunikaci,komunikace místní,,nezjištěno/žádné,jízdní kolo,Brno-sever,chlapec (do 15 let),Ne,středa,srpen,Husovice,,,,,,,,lehké zranění,"bez přilby (pouze u motocyklistů, příp. cyklistů)",řidičem nemotorového vozidla,"ve dne, viditelnost nezhoršená vlivem povětrnostních podmínek",na chodníku nebo ostrůvku,řidič,dobrý -žádné nepříznivé okolnosti nebyly zjiště,den,,1,4023,1,4023,1,4023,3,12,,2012,1,12,2023,0,0,1,0,0,1,15,1,1515,8,-1159253,-596321,60223001043,2023/08/02 00:00:00+00,41000,1000,13f5180c-e331-4f94-99df-72ef63c4e8e0
-601191,-1160626,397,Brno-střed,ne,nedání přenosti v jízdě,srážka s jedoucím nekolejovým vozidlem,nehoda s následky na životě nebo zdraví,jiné nedání přednosti,povrch mokrý,neztížené,dobré,přechod pro chodce,komunikace místní,,nezjištěno/žádné,jízdní kolo,Brno-střed,žena,Ne,čtvrtek,srpen,Pisárky,,,,,,,,lehké zranění,"s přilbou (pouze u motocyklistů, příp. cyklistů)",řidičem motorového vozidla,"ve dne, viditelnost nezhoršená vlivem povětrnostních podmínek",na jízdním pruhu,řidič,dobrý -žádné nepříznivé okolnosti nebyly zjiště,den,,1,4024,1,4024,1,4024,4,53,,1953,1,53,2023,0,0,1,0,0,2,7,1,728,8,-1160626,-601191,60223001046,2023/08/03 00:00:00+00,25000,20000,dd46d9a1-82a7-4203-b6a3-99529a713341
-594669,-1160987,398,Brno-Židenice,ano,nepřiměřená rychlost jízdy,havárie,nehoda s následky na životě nebo zdraví,"nepřizpůsobení rychlosti dopravně technickému stavu vozovky (zatáčka, klesání, stoupání, šířka vozovky apod.)","povrch suchý, neznečistěný",neztížené,dobré,"zastávka tramvaje, autobusu, trolejbusu bez nástup. ostrůvku",komunikace místní,,elektro,koloběžka,Brno-Židenice,muž,"Ano, obsah alkoholu v krvi 1,5‰ a více",čtvrtek,srpen,Židenice,,,,,,,,lehké zranění,"bez přilby (pouze u motocyklistů, příp. cyklistů)",řidičem nemotorového vozidla,"v noci - s veřejným osvětlením, viditelnost nezhoršená vlivem povětrnostních podmínek",na jízdním pruhu,řidič,pod vlivem alkoholu obsah alkoholu v krvi 1 ‰ a víc,noc,,1,4025,1,4025,1,4025,4,52,,1952,1,52,2023,0,0,1,0,0,1,23,1,2355,8,-1160987,-594669,60223001049,2023/08/03 00:00:00+00,1000,1000,6b2b5d9f-81d9-4ad0-bfad-c350c11ee644
-595766,-1158759,399,Brno-sever,ne,nesprávný způsob jízdy,"srážka s vozidlem zaparkovaným, odstaveným",nehoda s následky na životě nebo zdraví,řidič se plně nevěnoval řízení vozidla,"povrch suchý, neznečistěný",neztížené,dobré,žádné nebo žádné z uvedených,komunikace místní,,nezjištěno/žádné,jízdní kolo,Brno-sever,muž,Ne,úterý,srpen,Husovice,,,,,,,,lehké zranění,"s přilbou (pouze u motocyklistů, příp. cyklistů)",řidičem nemotorového vozidla,"ve dne, viditelnost nezhoršená vlivem povětrnostních podmínek",na jízdním pruhu,řidič,dobrý -žádné nepříznivé okolnosti nebyly zjiště,den,,1,4026,1,4026,1,4026,2,48,,1948,1,48,2023,0,0,1,0,0,1,6,1,640,8,-1158759,-595766,60223001068,2023/08/08 00:00:00+00,31000,1000,39f5e4e2-6354-47ea-9f69-65fe90bece17
-597090,-1160458,400,Brno-sever,ne,nedání přenosti v jízdě,srážka s jedoucím nekolejovým vozidlem,nehoda s následky na životě nebo zdraví,při odbočování vlevo,"povrch suchý, neznečistěný",neztížené,dobré,žádné nebo žádné z uvedených,komunikace místní,,elektro,jízdní kolo,Brno-sever,muž,Ne,úterý,srpen,Zábrdovice,,,,,,,,lehké zranění,"bez přilby (pouze u motocyklistů, příp. cyklistů)",řidičem motorového vozidla,"ve dne, viditelnost nezhoršená vlivem povětrnostních podmínek",na jízdním pruhu,řidič,dobrý -žádné nepříznivé okolnosti nebyly zjiště,den,,1,4027,1,4027,1,4027,2,38,,1938,1,38,2023,0,0,1,0,0,2,15,1,1530,8,-1160458,-597090,60223001074,2023/08/08 00:00:00+00,1005000,5000,996f5e98-017c-4a42-b465-6e5371dfa23f
-596657,-1164499,401,Brno-jih,ne,nesprávný způsob jízdy,srážka s jedoucím nekolejovým vozidlem,nehoda s následky na životě nebo zdraví,řidič se plně nevěnoval řízení vozidla,"povrch suchý, neznečistěný",neztížené,dobré,žádné nebo žádné z uvedených,komunikace místní,,nezjištěno/žádné,jízdní kolo,Brno-jih,chlapec (do 15 let),Ne,čtvrtek,srpen,Horní Heršpice,,,,,,,,lehké zranění,"bez přilby (pouze u motocyklistů, příp. cyklistů)",řidičem nemotorového vozidla,"ve dne, viditelnost nezhoršená vlivem povětrnostních podmínek",na jízdním pruhu,řidič,dobrý -žádné nepříznivé okolnosti nebyly zjiště,den,,1,4028,1,4028,1,4028,4,14,,2014,1,14,2023,0,0,1,0,0,1,15,1,1535,8,-1164499,-596657,60223001082,2023/08/10 00:00:00+00,35000,30000,36cda2b5-5c12-473e-9c26-1f8edbd784b3
-599629,-1157235,402,Brno-Královo Pole,nezjišťováno,nesprávný způsob jízdy,havárie,nehoda s následky na životě nebo zdraví,řidič se plně nevěnoval řízení vozidla,"povrch suchý, neznečistěný",neztížené,dobré,"zastávka tramvaje, autobusu, trolejbusu bez nástup. ostrůvku",komunikace místní,,elektro,jízdní kolo,Brno-Královo Pole,žena,Nezjišťován,čtvrtek,srpen,Královo Pole,,,,,,,,lehké zranění,"s přilbou (pouze u motocyklistů, příp. cyklistů)",řidičem nemotorového vozidla,"ve dne, viditelnost nezhoršená vlivem povětrnostních podmínek",na kolejích tramvaje,řidič,dobrý -žádné nepříznivé okolnosti nebyly zjiště,den,,1,4029,1,4029,1,4029,4,67,,1967,1,67,2023,0,0,1,0,0,1,17,1,1735,8,-1157235,-599629,60223001084,2023/08/10 00:00:00+00,2000,2000,21005a4e-a230-4bf2-889e-f1f897525947
-590267,-1157073,403,Brno-Líšeň,ne,nesprávný způsob jízdy,srážka s jedoucím nekolejovým vozidlem,nehoda s následky na životě nebo zdraví,vyhýbání bez dostatečného bočního odstupu (vůle),"povrch suchý, neznečistěný",neztížené,dobré,žádné nebo žádné z uvedených,komunikace místní,,elektro,jízdní kolo,Brno-Líšeň,muž,Ne,neděle,srpen,Líšeň,,,,,,,,lehké zranění,"s přilbou (pouze u motocyklistů, příp. cyklistů)",řidičem motorového vozidla,"ve dne, viditelnost nezhoršená vlivem povětrnostních podmínek",žádné z uvedenýc,řidič,dobrý -žádné nepříznivé okolnosti nebyly zjiště,den,,1,4030,1,4030,1,4030,7,49,,1949,1,49,2023,0,0,1,0,0,2,9,1,930,8,-1157073,-590267,60223001093,2023/08/13 00:00:00+00,31000,1000,e3a3fafb-a12b-4707-ac24-35db69d6456a
-599082,-1153724,404,Brno-Řečkovice a Mokrá Hora,ne,nesprávný způsob jízdy,srážka s jedoucím nekolejovým vozidlem,nehoda s následky na životě nebo zdraví,řidič se plně nevěnoval řízení vozidla,"povrch suchý, neznečistěný",neztížené,dobré,žádné nebo žádné z uvedených,komunikace místní,,nezjištěno/žádné,jízdní kolo,Brno-Řečkovice a Mokrá Hora,muž,Ne,pondělí,srpen,Řečkovice,,,,,,,,lehké zranění,"s přilbou (pouze u motocyklistů, příp. cyklistů)",řidičem motorového vozidla,"ve dne, viditelnost nezhoršená vlivem povětrnostních podmínek",žádné z uvedenýc,řidič,dobrý -žádné nepříznivé okolnosti nebyly zjiště,den,,1,4031,1,4031,1,4031,1,67,,1967,1,67,2023,0,0,1,0,0,2,18,1,1820,8,-1153724,-599082,60223001098,2023/08/14 00:00:00+00,55000,50000,a1ca7d6a-1bbf-47d9-8ea3-680f26920186
-601917,-1162725,405,Brno-Starý Lískovec,ne,nesprávný způsob jízdy,srážka s jedoucím nekolejovým vozidlem,nehoda s následky na životě nebo zdraví,řidič se plně nevěnoval řízení vozidla,"povrch suchý, neznečistěný",neztížené,dobré,žádné nebo žádné z uvedených,komunikace místní,,nezjištěno/žádné,jízdní kolo,Brno-Starý Lískovec,muž,Ne,středa,srpen,Starý Lískovec,,,,,,,,lehké zranění,"s přilbou (pouze u motocyklistů, příp. cyklistů)",řidičem motorového vozidla,"ve dne, viditelnost nezhoršená vlivem povětrnostních podmínek",na jízdním pruhu,řidič,dobrý -žádné nepříznivé okolnosti nebyly zjiště,den,,1,4032,1,4032,1,4032,3,48,,1948,1,48,2023,0,0,2,0,0,2,10,1,1025,8,-1162725,-601917,60223001104,2023/08/16 00:00:00+00,40000,20000,05080edd-321a-4a91-babe-8cda3e10fc3d
-598564,-1157584,406,Brno-Královo Pole,ne,nesprávný způsob jízdy,havárie,nehoda s následky na životě nebo zdraví,řidič se plně nevěnoval řízení vozidla,"povrch suchý, neznečistěný",neztížené,dobré,žádné nebo žádné z uvedených,komunikace místní,,elektro,jízdní kolo,Brno-Královo Pole,žena,Ne,pátek,srpen,Královo Pole,,,,,,,,lehké zranění,"s přilbou (pouze u motocyklistů, příp. cyklistů)",řidičem nemotorového vozidla,"ve dne, viditelnost nezhoršená vlivem povětrnostních podmínek",na jízdním pruhu,řidič,dobrý -žádné nepříznivé okolnosti nebyly zjiště,den,,1,4033,1,4033,1,4033,5,49,,1949,1,49,2023,0,0,1,0,0,1,14,1,1400,8,-1157584,-598564,60223001113,2023/08/11 00:00:00+00,5000,5000,78c34bc8-7811-4b3f-a856-a805f9a41f97
-595102,-1161050,407,Brno-Židenice,ne,nepřiměřená rychlost jízdy,havárie,nehoda s následky na životě nebo zdraví,"nepřizpůsobení rychlosti dopravně technickému stavu vozovky (zatáčka, klesání, stoupání, šířka vozovky apod.)","povrch suchý, neznečistěný",neztížené,dobré,žádné nebo žádné z uvedených,komunikace místní,,nezjištěno/žádné,jízdní kolo,Brno-Židenice,žena,Ne,sobota,srpen,Židenice,,,,,,,,lehké zranění,"bez přilby (pouze u motocyklistů, příp. cyklistů)",řidičem nemotorového vozidla,"ve dne, viditelnost nezhoršená vlivem povětrnostních podmínek",na jízdním pruhu,řidič,dobrý -žádné nepříznivé okolnosti nebyly zjiště,den,,1,4035,1,4035,1,4035,6,45,,1945,1,45,2023,0,0,1,0,0,1,17,1,1748,8,-1161050,-595102,60223001120,2023/08/19 00:00:00+00,0,0,e0e3c431-67fb-4415-9bac-e5f6763e5166
-600363,-1157920,408,Brno-Žabovřesky,ne,nedání přenosti v jízdě,srážka s jedoucím nekolejovým vozidlem,nehoda s následky na životě nebo zdraví,při odbočování vlevo,"povrch suchý, neznečistěný",neztížené,"špatné - vlivem okolní zástavby (budovy, plné zábradlí apod.)",přechod pro chodce,komunikace místní,,nezjištěno/žádné,jízdní kolo,Brno-Žabovřesky,žena,Ne,neděle,srpen,Žabovřesky,,,,,,,,lehké zranění,"s přilbou (pouze u motocyklistů, příp. cyklistů)",řidičem motorového vozidla,"ve dne, viditelnost nezhoršená vlivem povětrnostních podmínek",na jízdním pruhu,řidič,dobrý -žádné nepříznivé okolnosti nebyly zjiště,den,,1,4036,1,4036,1,4036,7,50,,1950,1,50,2023,0,0,1,0,0,2,17,1,1708,8,-1157920,-600363,60223001124,2023/08/20 00:00:00+00,12000,10000,8e317dee-f9da-459a-a429-47b457dcae12
-594200,-1166286,409,Brno-Tuřany,ne,nedání přenosti v jízdě,srážka s jedoucím nekolejovým vozidlem,nehoda s následky na životě nebo zdraví,proti příkazu dopravní značky STŮJ DEJ PŘEDNOST,"povrch suchý, neznečistěný",neztížené,dobré,žádné nebo žádné z uvedených,komunikace místní,,elektro,jízdní kolo,Brno-Tuřany,muž,Ne,středa,srpen,Tuřany,,,,,,,,lehké zranění,"bez přilby (pouze u motocyklistů, příp. cyklistů)",řidičem motorového vozidla,"ve dne, viditelnost nezhoršená vlivem povětrnostních podmínek",na jízdním pruhu,řidič,dobrý -žádné nepříznivé okolnosti nebyly zjiště,den,,1,4037,1,4037,1,4037,3,32,,1932,1,32,2023,0,0,2,0,0,2,16,1,1645,8,-1166286,-594200,60223001141,2023/08/23 00:00:00+00,70000,50000,e5756f47-ec1b-4790-8b34-c6948817df10
-599163,-1165437,410,Brno-jih,ne,nedání přenosti v jízdě,srážka s jedoucím nekolejovým vozidlem,nehoda s následky na životě nebo zdraví,při odbočování vlevo,"povrch suchý, neznečistěný",neztížené,dobré,žádné nebo žádné z uvedených,komunikace místní,,nezjištěno/žádné,jízdní kolo,Brno-jih,žena,Ne,pondělí,srpen,Dolní Heršpice,,,,,,,,lehké zranění,"s přilbou (pouze u motocyklistů, příp. cyklistů)",řidičem motorového vozidla,"ve dne, viditelnost nezhoršená vlivem povětrnostních podmínek",na jízdním pruhu,řidič,dobrý -žádné nepříznivé okolnosti nebyly zjiště,noc,,1,4039,1,4039,1,4039,1,46,,1946,1,46,2023,0,0,1,0,0,2,5,1,535,8,-1165437,-599163,60223001160,2023/08/28 00:00:00+00,20000,10000,776dbf30-ff17-4a6b-b1c2-c0c790b0cab1
-596481,-1162954,411,Brno-Černovice,ne,nedání přenosti v jízdě,srážka s jedoucím nekolejovým vozidlem,nehoda s následky na životě nebo zdraví,při vjíždění na silnici,"povrch suchý, neznečistěný",neztížené,dobré,parkoviště přiléhající ke komunikaci,komunikace místní,,elektro,jízdní kolo,Brno-Černovice,muž,Ne,sobota,září,Černovice,,,,,,,,těžké zranění,"bez přilby (pouze u motocyklistů, příp. cyklistů)",řidičem motorového vozidla,"ve dne, viditelnost nezhoršená vlivem povětrnostních podmínek",na jízdním pruhu,řidič,dobrý -žádné nepříznivé okolnosti nebyly zjiště,den,,0,4040,1,4040,1,4040,6,43,,1943,1,43,2023,1,0,0,1,0,2,16,1,1630,9,-1162954,-596481,60223001188,2023/09/02 00:00:00+00,40000,30000,769d15d7-f07e-4ff0-b7b2-cc03d319c266
-605622,-1160990,412,Brno-Bosonohy,ne,nedání přenosti v jízdě,srážka s jedoucím nekolejovým vozidlem,nehoda s následky na životě nebo zdraví,při odbočování vlevo,"povrch suchý, neznečistěný",neztížené,dobré,žádné nebo žádné z uvedených,komunikace místní,,nezjištěno/žádné,jízdní kolo,Brno-Bosonohy,muž,Ne,pondělí,září,Bosonohy,,,,,,,,lehké zranění,"s přilbou (pouze u motocyklistů, příp. cyklistů)",řidičem motorového vozidla,"v noci - bez veřejného osvětlení, viditelnost nezhoršená vlivem povětrnostních podmínek",na jízdním pruhu,řidič,dobrý -žádné nepříznivé okolnosti nebyly zjiště,den,,1,4041,1,4041,1,4041,1,23,,1923,1,23,2023,0,0,1,0,0,2,20,1,2012,9,-1160990,-605622,60223001199,2023/09/04 00:00:00+00,70000,40000,93a6a990-8738-4dff-88e4-bfb7ef20552f
-598720,-1159965,413,Brno-střed,ne,nesprávný způsob jízdy,srážka s jedoucím nekolejovým vozidlem,nehoda s následky na životě nebo zdraví,"bezohledná, agresivní, neohleduplná jízda","povrch suchý, neznečistěný",neztížené,"špatné - vlivem okolní zástavby (budovy, plné zábradlí apod.)","výjezd z parkoviště, lesní cesty apod. (pol.36=7,8)",komunikace místní,,elektro,koloběžka,Brno-střed,chlapec (do 15 let),Ne,čtvrtek,září,Veveří,,,,,,,,lehké zranění,"bez přilby (pouze u motocyklistů, příp. cyklistů)",řidičem motorového vozidla,"ve dne, viditelnost nezhoršená vlivem povětrnostních podmínek",na jízdním pruhu,řidič,dobrý -žádné nepříznivé okolnosti nebyly zjiště,den,,1,4043,1,4043,1,4043,4,14,,2014,3,14,2023,0,0,1,0,0,2,17,1,1710,9,-1159965,-598720,60223001220,2023/09/07 00:00:00+00,35000,30000,1b63878f-cf4b-4bef-963e-cdc2ef4326ba
-598720,-1159965,414,Brno-střed,ne,nesprávný způsob jízdy,srážka s jedoucím nekolejovým vozidlem,nehoda s následky na životě nebo zdraví,"bezohledná, agresivní, neohleduplná jízda","povrch suchý, neznečistěný",neztížené,"špatné - vlivem okolní zástavby (budovy, plné zábradlí apod.)","výjezd z parkoviště, lesní cesty apod. (pol.36=7,8)",komunikace místní,,elektro,koloběžka,Brno-střed,muž,Ne,čtvrtek,září,Veveří,,,,,,,,bez zraněn,"bez přilby (pouze u motocyklistů, příp. cyklistů)",řidičem motorového vozidla,"ve dne, viditelnost nezhoršená vlivem povětrnostních podmínek",na jízdním pruhu,"spolucestující na předním sedadle vedle řidiče nebo spolujezdec (cestující) na motocyklu, jízdním kole",dobrý -žádné nepříznivé okolnosti nebyly zjiště,den,,0,4044,1,4044,1,4044,4,16,,2016,3,16,2023,0,0,1,0,0,2,17,1,1710,9,-1159965,-598720,60223001220,2023/09/07 00:00:00+00,35000,30000,2390a4c2-901a-479b-8b48-1803740b4fd5
-598134,-1152232,415,Brno-Jehnice,ano,nepřiměřená rychlost jízdy,havárie,nehoda s následky na životě nebo zdraví,nepřizpůsobení rychlosti vlastnostem vozidla a nákladu,"povrch suchý, neznečistěný",neztížené,dobré,"zastávka tramvaje, autobusu, trolejbusu bez nástup. ostrůvku",komunikace místní,,elektro,jízdní kolo,Brno-Jehnice,muž,"Ano, obsah alkoholu v krvi od 0,24‰ do 0,5‰",sobota,září,Jehnice,,,,,,,,lehké zranění,"bez přilby (pouze u motocyklistů, příp. cyklistů)",řidičem nemotorového vozidla,"ve dne, viditelnost nezhoršená vlivem povětrnostních podmínek",na jízdním pruhu,řidič,"pod vlivem alkoholu, obsah alkoholu v krvi do 0,99 ‰",den,,1,4046,1,4046,1,4046,6,73,,1973,1,73,2023,0,0,1,0,0,1,10,1,1035,9,-1152232,-598134,60223001228,2023/09/09 00:00:00+00,1000,1000,17f71b76-7e82-4b93-94fa-70b56633c92d
-599371,-1154813,416,Brno-Řečkovice a Mokrá Hora,ne,nesprávný způsob jízdy,srážka s jedoucím nekolejovým vozidlem,nehoda s následky na životě nebo zdraví,řidič se plně nevěnoval řízení vozidla,"povrch suchý, neznečistěný",neztížené,dobré,žádné nebo žádné z uvedených,komunikace místní,,elektro,koloběžka,Brno-Řečkovice a Mokrá Hora,muž,Ne,neděle,září,Řečkovice,,,,,,,,lehké zranění,"s přilbou (pouze u motocyklistů, příp. cyklistů)",řidičem nemotorového vozidla,"ve dne, viditelnost nezhoršená vlivem povětrnostních podmínek",na jízdním pruhu,řidič,dobrý -žádné nepříznivé okolnosti nebyly zjiště,den,,1,4047,1,4047,1,4047,7,41,,1941,1,41,2023,0,0,1,0,0,1,9,1,945,9,-1154813,-599371,60223001232,2023/09/10 00:00:00+00,21000,1000,a15e3cfa-b1b8-4de5-b301-67461f903e10