X,Y,objectid_1,zuj,alkohol_vinik,hlavni_pricina,srazka,nasledky,pricina,stav_vozovky,povetrnostni_podm,rozhled,misto_nehody,druh_komun,pneumatiky,druh_pohonu,druh_vozidla,mestska_cast,pohlavi,alkohol,den_v_tydnu,mesic_t,katastr,chovani_chodce,stav_chodce,drogy_chodec,alkohol_chodec,osobni_prepravnik,reflexni_prvky,kategorie_chodce,nasledek,ozn_osoba,zavineni,viditelnost,situovani,osoba,stav_ridic,doba,smrt_po,lz,target_fid_1,join_count_1,objectid,join_count,target_fid,den,vek,smrt_dny,rok_nar,p48a,p59d,rok,tz,smrt,lehce_zran_os,tezce_zran_os,usmrceno_os,id_vozidla,hodina,ovlivneni_ridice,cas,mesic,e,d,id_nehody,datum,hmotna_skoda_1,skoda_vozidlo,globalid
-599969,-1158658,417,Brno-Žabovřesky,ne,nesprávný způsob jízdy,jiný druh nehody,nehoda s následky na životě nebo zdraví,řidič se plně nevěnoval řízení vozidla,"povrch suchý, neznečistěný",neztížené,dobré,parkoviště přiléhající ke komunikaci,komunikace místní,,nezjištěno/žádné,jízdní kolo,Brno-Žabovřesky,muž,Ne,neděle,září,Žabovřesky,,,,,,,,lehké zranění,"s přilbou (pouze u motocyklistů, příp. cyklistů)",řidičem motorového vozidla,"ve dne, viditelnost nezhoršená vlivem povětrnostních podmínek",na jízdním pruhu,řidič,dobrý -žádné nepříznivé okolnosti nebyly zjiště,den,,1,4048,1,4048,1,4048,7,20,,1920,1,20,2023,0,0,1,0,0,2,13,1,1340,9,-1158658,-599969,60223001234,2023/09/10 00:00:00+00,5000,0,79b3a4f1-6146-4cb5-801c-2f74bec4ce42
-593951,-1162517,418,Brno-Slatina,ne,nedání přenosti v jízdě,srážka s jedoucím nekolejovým vozidlem,nehoda s následky na životě nebo zdraví,proti příkazu dopravní značky DEJ PŘEDNOST,"povrch suchý, neznečistěný",neztížené,dobré,žádné nebo žádné z uvedených,komunikace místní,,nezjištěno/žádné,jízdní kolo,Brno-Slatina,muž,Ne,pondělí,září,Slatina,,,,,,,,lehké zranění,"bez přilby (pouze u motocyklistů, příp. cyklistů)",řidičem motorového vozidla,"ve dne, viditelnost nezhoršená vlivem povětrnostních podmínek",na jízdním pruhu,řidič,dobrý -žádné nepříznivé okolnosti nebyly zjiště,den,,1,4049,1,4049,1,4049,1,48,,1948,1,48,2023,0,0,1,0,0,2,6,1,655,9,-1162517,-593951,60223001238,2023/09/11 00:00:00+00,23000,20000,665088a3-f2fd-4653-b27f-b53aa669ad41
-596277,-1160867,419,Brno-Židenice,ano,nepřiměřená rychlost jízdy,havárie,nehoda s následky na životě nebo zdraví,nepřizpůsobení rychlosti vlastnostem vozidla a nákladu,"povrch suchý, neznečistěný",neztížené,dobré,žádné nebo žádné z uvedených,komunikace místní,,elektro,koloběžka,Brno-Židenice,muž,"Ano, obsah alkoholu v krvi 1,5‰ a více",úterý,září,Židenice,,,,,,,,lehké zranění,"bez přilby (pouze u motocyklistů, příp. cyklistů)",řidičem nemotorového vozidla,"v noci - s veřejným osvětlením, viditelnost nezhoršená vlivem povětrnostních podmínek",na jízdním pruhu,řidič,pod vlivem alkoholu obsah alkoholu v krvi 1 ‰ a víc,den,,1,4050,1,4050,1,4050,2,53,,1953,1,53,2023,0,0,1,0,0,1,19,1,1920,9,-1160867,-596277,60223001247,2023/09/12 00:00:00+00,0,0,53fde6fe-7638-4ce8-9d19-711ab16c5528
-596897,-1161320,420,Brno-střed,ne,nedání přenosti v jízdě,srážka s jedoucím nekolejovým vozidlem,nehoda s následky na životě nebo zdraví,při odbočování vlevo,"povrch suchý, neznečistěný",neztížené,dobré,přechod pro chodce,komunikace místní,,nezjištěno/žádné,jízdní kolo,Brno-střed,muž,Ne,pondělí,září,Trnitá,,,,,,,,lehké zranění,"s přilbou (pouze u motocyklistů, příp. cyklistů)",řidičem motorového vozidla,"v noci - s veřejným osvětlením, viditelnost nezhoršená vlivem povětrnostních podmínek",na jízdním pruhu,řidič,dobrý -žádné nepříznivé okolnosti nebyly zjiště,den,,1,4051,1,4051,1,4051,1,22,,1922,1,22,2023,0,0,1,0,0,2,19,1,1915,9,-1161320,-596897,60223001270,2023/09/18 00:00:00+00,11000,1000,1562cc3f-2fd4-47cf-a7b4-7e2af00ef6ab
-608074,-1157746,421,Brno-Žebětín,ne,nezaviněno řidičem,srážka s pevnou překážkou,nehoda s následky na životě nebo zdraví,nezaviněná řidičem,"povrch suchý, neznečistěný",jiné ztížené,dobré,žádné nebo žádné z uvedených,silnice III. třídy,,nezjištěno/žádné,jízdní kolo,Brno-Žebětín,muž,Ne,středa,září,Žebětín,,,,,,,,lehké zranění,"s přilbou (pouze u motocyklistů, příp. cyklistů)",jiné zaviněn,"v noci - bez veřejného osvětlení, viditelnost nezhoršená vlivem povětrnostních podmínek",na jízdním pruhu,řidič,dobrý -žádné nepříznivé okolnosti nebyly zjiště,noc,,1,4052,1,4052,1,4052,3,46,,1946,1,46,2023,0,0,1,0,0,2,5,1,510,9,-1157746,-608074,60223001276,2023/09/20 00:00:00+00,6000,5000,90e9ce28-54e1-4c5f-9818-bdfb55d905a5
-603019,-1157241,422,Brno-Komín,ne,nesprávný způsob jízdy,srážka s jedoucím nekolejovým vozidlem,nehoda s následky na životě nebo zdraví,jiný druh nesprávného způsobu jízdy,"povrch suchý, neznečistěný",neztížené,výhled zakryt stojícím vozidlem,přechod pro chodce,komunikace místní,,nezjištěno/žádné,jízdní kolo,Brno-Komín,žena,Ne,středa,září,Komín,,,,,,,,těžké zranění,"bez přilby (pouze u motocyklistů, příp. cyklistů)",řidičem nemotorového vozidla,"ve dne, viditelnost nezhoršená vlivem povětrnostních podmínek",na jízdním pruhu,řidič,dobrý -žádné nepříznivé okolnosti nebyly zjiště,den,,0,4054,1,4054,1,4054,3,66,,1966,1,66,2023,1,0,0,1,0,1,12,1,1230,9,-1157241,-603019,60223001322,2023/09/27 00:00:00+00,81000,1000,e935ede5-20eb-4918-8f78-a8a05b34e486
-600585,-1158130,423,Brno-Žabovřesky,ne,nepřiměřená rychlost jízdy,srážka s jedoucím nekolejovým vozidlem,nehoda s následky na životě nebo zdraví,nepřizpůsobení rychlosti vlastnostem vozidla a nákladu,"povrch suchý, neznečistěný",neztížené,dobré,žádné nebo žádné z uvedených,komunikace místní,,nezjištěno/žádné,jízdní kolo,Brno-Žabovřesky,žena,Ne,pondělí,říjen,Žabovřesky,,,,,,,,lehké zranění,"s přilbou (pouze u motocyklistů, příp. cyklistů)",řidičem nemotorového vozidla,"v noci - s veřejným osvětlením, viditelnost nezhoršená vlivem povětrnostních podmínek",na jízdním pruhu,řidič,dobrý -žádné nepříznivé okolnosti nebyly zjiště,den,,1,4055,1,4055,1,4055,1,46,,1946,1,46,2023,0,0,1,0,0,1,6,1,623,10,-1158130,-600585,60223001337,2023/10/02 00:00:00+00,4000,3000,dcad7be0-f137-4fa6-b622-34041dafdc50
-600585,-1158130,424,Brno-Žabovřesky,ne,nepřiměřená rychlost jízdy,srážka s jedoucím nekolejovým vozidlem,nehoda s následky na životě nebo zdraví,nepřizpůsobení rychlosti vlastnostem vozidla a nákladu,"povrch suchý, neznečistěný",neztížené,dobré,žádné nebo žádné z uvedených,komunikace místní,,nezjištěno/žádné,jízdní kolo,Brno-Žabovřesky,muž,Ne,pondělí,říjen,Žabovřesky,,,,,,,,bez zraněn,"s přilbou (pouze u motocyklistů, příp. cyklistů)",řidičem nemotorového vozidla,"v noci - s veřejným osvětlením, viditelnost nezhoršená vlivem povětrnostních podmínek",na jízdním pruhu,řidič,dobrý -žádné nepříznivé okolnosti nebyly zjiště,den,,0,4056,1,4056,1,4056,1,48,,1948,1,48,2023,0,0,1,0,0,2,6,1,623,10,-1158130,-600585,60223001337,2023/10/02 00:00:00+00,4000,3000,caddc5c5-db89-49cc-97ba-36d5766a11f2
-598511,-1158438,425,Brno-Královo Pole,ne,nedání přenosti v jízdě,srážka s jedoucím nekolejovým vozidlem,nehoda s následky na životě nebo zdraví,při odbočování vlevo,"povrch suchý, neznečistěný",neztížené,dobré,žádné nebo žádné z uvedených,komunikace místní,,elektro,koloběžka,Brno-Královo Pole,muž,Ne,úterý,říjen,Ponava,,,,,,,,lehké zranění,"s přilbou (pouze u motocyklistů, příp. cyklistů)",řidičem motorového vozidla,"ve dne, viditelnost nezhoršená vlivem povětrnostních podmínek",na jízdním pruhu,řidič,dobrý -žádné nepříznivé okolnosti nebyly zjiště,den,,1,4057,1,4057,1,4057,2,27,,1927,1,27,2023,0,0,1,0,0,2,16,1,1637,10,-1158438,-598511,60223001347,2023/10/03 00:00:00+00,30000,20000,6d19bb5b-7d08-4ed8-81a5-36ad049a1d79
-596776,-1158737,426,Brno-sever,ano,nesprávný způsob jízdy,srážka s jedoucím nekolejovým vozidlem,nehoda pouze s hmotnou škodou,řidič se plně nevěnoval řízení vozidla,"povrch suchý, neznečistěný",neztížené,dobré,žádné nebo žádné z uvedených,komunikace místní,,nezjištěno/žádné,jízdní kolo,Brno-sever,žena,"Ano, obsah alkoholu v krvi od 1,0‰ do 1,5‰",čtvrtek,říjen,Černá Pole,,,,,,,,bez zraněn,"s přilbou (pouze u motocyklistů, příp. cyklistů)",řidičem nemotorového vozidla,"v noci - s veřejným osvětlením, viditelnost nezhoršená vlivem povětrnostních podmínek",na jízdním pruhu,řidič,pod vlivem alkoholu obsah alkoholu v krvi 1 ‰ a víc,noc,,0,4058,1,4058,1,4058,4,31,,1931,1,31,2023,0,0,0,0,0,1,1,0,16,10,-1158737,-596776,60223001354,2023/10/05 00:00:00+00,30000,0,94f8d5ab-5385-47f7-82de-add02545d097
-599379,-1156051,427,Brno-Medlánky,ne,nesprávný způsob jízdy,srážka s jedoucím nekolejovým vozidlem,nehoda s následky na životě nebo zdraví,řidič se plně nevěnoval řízení vozidla,"povrch suchý, neznečistěný",neztížené,dobré,žádné nebo žádné z uvedených,komunikace místní,,elektro,koloběžka,Brno-Medlánky,žena,Ne,čtvrtek,říjen,Medlánky,,,,,,,,lehké zranění,"bez přilby (pouze u motocyklistů, příp. cyklistů)",řidičem motorového vozidla,"v noci - s veřejným osvětlením, viditelnost nezhoršená vlivem povětrnostních podmínek",na jízdním pruhu,řidič,dobrý -žádné nepříznivé okolnosti nebyly zjiště,noc,,1,4059,1,4059,1,4059,4,34,,1934,1,34,2023,0,0,1,0,0,2,5,1,543,10,-1156051,-599379,60223001358,2023/10/05 00:00:00+00,15000,10000,25ab6bf7-0193-47ec-999e-afe4c566bf1a
-594267,-1159157,428,Brno-Maloměřice a Obřany,ne,nedání přenosti v jízdě,srážka s jedoucím nekolejovým vozidlem,nehoda s následky na životě nebo zdraví,při odbočování vlevo,"povrch suchý, neznečistěný",neztížené,dobré,žádné nebo žádné z uvedených,komunikace místní,,nezjištěno/žádné,jízdní kolo,Brno-Maloměřice a Obřany,muž,Ne,středa,říjen,Maloměřice,,,,,,,,lehké zranění,"s přilbou (pouze u motocyklistů, příp. cyklistů)",řidičem motorového vozidla,"ve dne, viditelnost nezhoršená vlivem povětrnostních podmínek",na jízdním pruhu,řidič,dobrý -žádné nepříznivé okolnosti nebyly zjiště,den,,1,4060,1,4060,1,4060,3,44,,1944,1,44,2023,0,0,1,0,0,2,9,1,920,10,-1159157,-594267,60223001389,2023/10/11 00:00:00+00,110000,30000,4b58e957-8a0c-43e0-a0b8-1acb9d881452
-603037,-1156914,429,Brno-Komín,ano,nesprávný způsob jízdy,havárie,nehoda s následky na životě nebo zdraví,řidič se plně nevěnoval řízení vozidla,"povrch suchý, neznečistěný",neztížené,dobré,žádné nebo žádné z uvedených,komunikace místní,,elektro,koloběžka,Brno-Komín,muž,"Ano, obsah alkoholu v krvi 1,5‰ a více",pátek,říjen,Komín,,,,,,,,lehké zranění,"bez přilby (pouze u motocyklistů, příp. cyklistů)",řidičem nemotorového vozidla,"v noci - s veřejným osvětlením, viditelnost nezhoršená vlivem povětrnostních podmínek",na stezce pro cyklisty,řidič,pod vlivem alkoholu obsah alkoholu v krvi 1 ‰ a víc,den,,1,4061,1,4061,1,4061,5,30,,1930,1,30,2023,0,0,1,0,0,1,18,1,1820,10,-1156914,-603037,60223001405,2023/10/13 00:00:00+00,0,0,e89ce099-46f9-4d7d-9803-67541fbad0cf
-597944,-1159718,430,Brno-střed,nezjišťováno,nezaviněno řidičem,srážka s domácím zvířetem,nehoda s následky na životě nebo zdraví,nezaviněná řidičem,"povrch suchý, neznečistěný",neztížené,dobré,žádné nebo žádné z uvedených,komunikace místní,,nezjištěno/žádné,jízdní kolo,Brno-střed,muž,Nezjišťován,pondělí,říjen,Černá Pole,,,,,,,,lehké zranění,"s přilbou (pouze u motocyklistů, příp. cyklistů)","lesní zvěří, domácím zvířectvem","ve dne, viditelnost nezhoršená vlivem povětrnostních podmínek",na jízdním pruhu,řidič,dobrý -žádné nepříznivé okolnosti nebyly zjiště,den,,1,4062,1,4062,1,4062,1,50,,1950,1,50,2023,0,0,1,0,0,2,8,1,820,10,-1159718,-597944,60223001411,2023/10/16 00:00:00+00,5000,5000,52d028e9-f9cc-4bfc-9e85-e0fcf573e6cd
-600960,-1160570,431,Brno-střed,nezjišťováno,nesprávný způsob jízdy,srážka s jedoucím nekolejovým vozidlem,nehoda s následky na životě nebo zdraví,řidič se plně nevěnoval řízení vozidla,"povrch suchý, neznečistěný",neztížené,dobré,v blízkosti přechodu pro chodce (do vzdálenosti 20 m),komunikace místní,,nezjištěno/žádné,jízdní kolo,Brno-střed,žena,Nezjišťován,sobota,říjen,Pisárky,,,,,,,,lehké zranění,"bez přilby (pouze u motocyklistů, příp. cyklistů)",řidičem motorového vozidla,"ve dne, viditelnost nezhoršená vlivem povětrnostních podmínek",na jízdním pruhu,řidič,dobrý -žádné nepříznivé okolnosti nebyly zjiště,den,,1,4064,1,4064,1,4064,6,52,,1952,1,52,2023,0,0,1,0,0,2,13,1,1300,10,-1160570,-600960,60223001438,2023/10/21 00:00:00+00,0,0,c8889b41-6c55-4224-8899-741ec00c9885
-598164,-1159740,432,Brno-střed,ne,nedání přenosti v jízdě,srážka s jedoucím nekolejovým vozidlem,nehoda s následky na životě nebo zdraví,proti příkazu dopravní značky DEJ PŘEDNOST,"povrch suchý, neznečistěný",neztížené,dobré,žádné nebo žádné z uvedených,komunikace místní,,elektro,koloběžka,Brno-střed,muž,Ne,pondělí,říjen,Veveří,,,,,,,,lehké zranění,"bez přilby (pouze u motocyklistů, příp. cyklistů)",řidičem motorového vozidla,"ve dne, viditelnost nezhoršená vlivem povětrnostních podmínek",na jízdním pruhu,řidič,dobrý -žádné nepříznivé okolnosti nebyly zjiště,den,,1,4065,1,4065,1,4065,1,49,,1949,1,49,2023,0,0,1,0,0,2,11,1,1140,10,-1159740,-598164,60223001445,2023/10/23 00:00:00+00,15000,10000,0f0d9480-2e58-4090-a533-73bf061fa0cc
-599689,-1157742,433,Brno-Žabovřesky,ne,nedání přenosti v jízdě,srážka s jedoucím nekolejovým vozidlem,nehoda s následky na životě nebo zdraví,při odbočování vlevo,"povrch suchý, neznečistěný",neztížené,dobré,přechod pro chodce,komunikace místní,,elektro,jízdní kolo,Brno-Žabovřesky,muž,Ne,pondělí,říjen,Žabovřesky,,,,,,,,lehké zranění,"bez přilby (pouze u motocyklistů, příp. cyklistů)",řidičem motorového vozidla,"v noci - s veřejným osvětlením, viditelnost nezhoršená vlivem povětrnostních podmínek",na jízdním pruhu,řidič,dobrý -žádné nepříznivé okolnosti nebyly zjiště,den,,1,4066,1,4066,1,4066,1,24,,1924,1,24,2023,0,0,1,0,0,2,19,1,1900,10,-1157742,-599689,60223001448,2023/10/23 00:00:00+00,20000,10000,c8490a0f-57dd-4fbf-a8ad-60ad62f778c3
-604297,-1157453,434,Brno-Bystrc,ne,nedání přenosti v jízdě,srážka s jedoucím nekolejovým vozidlem,nehoda s následky na životě nebo zdraví,proti příkazu dopravní značky DEJ PŘEDNOST,"povrch suchý, neznečistěný",neztížené,dobré,v blízkosti přechodu pro chodce (do vzdálenosti 20 m),komunikace místní,,nezjištěno/žádné,jízdní kolo,Brno-Bystrc,muž,Ne,úterý,říjen,Bystrc,,,,,,,,lehké zranění,"s přilbou (pouze u motocyklistů, příp. cyklistů)",řidičem motorového vozidla,"v noci - s veřejným osvětlením, viditelnost nezhoršená vlivem povětrnostních podmínek",na jízdním pruhu,řidič,dobrý -žádné nepříznivé okolnosti nebyly zjiště,den,,1,4067,1,4067,1,4067,2,18,,2018,1,18,2023,0,0,1,0,0,2,17,1,1700,10,-1157453,-604297,60223001454,2023/10/24 00:00:00+00,80000,30000,23cc041b-4753-442c-b909-fb1e44cb6948
-595490,-1167840,435,Brno-Chrlice,ne,nedání přenosti v jízdě,srážka s jedoucím nekolejovým vozidlem,nehoda s následky na životě nebo zdraví,při vjíždění na silnici,povrch mokrý,neztížené,"špatné - vlivem okolní zástavby (budovy, plné zábradlí apod.)",žádné nebo žádné z uvedených,komunikace místní,,nezjištěno/žádné,jízdní kolo,Brno-Chrlice,muž,Ne,středa,listopad,Chrlice,,,,,,,,lehké zranění,"bez přilby (pouze u motocyklistů, příp. cyklistů)",řidičem nemotorového vozidla,"ve dne, viditelnost nezhoršená vlivem povětrnostních podmínek",na jízdním pruhu,řidič,dobrý -žádné nepříznivé okolnosti nebyly zjiště,den,,1,4068,1,4068,1,4068,3,50,,1950,1,50,2023,0,0,1,0,0,1,6,1,640,11,-1167840,-595490,60223001479,2023/11/01 00:00:00+00,4000,1000,85d3886e-24ab-4a01-ab46-bcaec7825def
-598219,-1159535,436,Brno-střed,ne,nedání přenosti v jízdě,srážka s jedoucím nekolejovým vozidlem,nehoda s následky na životě nebo zdraví,proti příkazu dopravní značky DEJ PŘEDNOST,"povrch suchý, neznečistěný",neztížené,dobré,v blízkosti přechodu pro chodce (do vzdálenosti 20 m),komunikace místní,,nezjištěno/žádné,jízdní kolo,Brno-střed,muž,Ne,čtvrtek,listopad,Veveří,,,,,,,,lehké zranění,"bez přilby (pouze u motocyklistů, příp. cyklistů)",řidičem motorového vozidla,"ve dne, viditelnost nezhoršená vlivem povětrnostních podmínek",na jízdním pruhu,řidič,dobrý -žádné nepříznivé okolnosti nebyly zjiště,den,,1,4069,1,4069,1,4069,4,33,,1933,1,33,2023,0,0,1,0,0,2,6,1,644,11,-1159535,-598219,60223001486,2023/11/02 00:00:00+00,35000,30000,3910fef9-56d1-406c-9480-76290285abbd
-604895,-1156312,437,Brno-Bystrc,ne,nesprávný způsob jízdy,srážka s chodcem,nehoda s následky na životě nebo zdraví,řidič se plně nevěnoval řízení vozidla,"povrch suchý, neznečistěný",neztížené,dobré,parkoviště přiléhající ke komunikaci,komunikace místní,nezjišťováno,nezjištěno/žádné,jízdní kolo,Brno-Bystrc,muž,Ne,sobota,listopad,Bystrc,,,,,,,,bez zraněn,"bez přilby (pouze u motocyklistů, příp. cyklistů)",řidičem nemotorového vozidla,"ve dne, zhoršená viditelnost (svítání, soumrak)",na jízdním pruhu,řidič,dobrý -žádné nepříznivé okolnosti nebyly zjiště,den,,0,4070,1,4070,1,4070,6,55,,1955,1,55,2023,0,0,1,0,0,1,17,1,1710,11,-1156312,-604895,60223001506,2023/11/04 00:00:00+00,0,0,c31b0c83-744a-4c10-8d67-bace2f4d8154
-601102,-1159877,438,Brno-Jundrov,ano,nesprávný způsob jízdy,srážka s jedoucím nekolejovým vozidlem,nehoda s následky na životě nebo zdraví,řidič se plně nevěnoval řízení vozidla,"povrch suchý, neznečistěný",neztížené,dobré,žádné nebo žádné z uvedených,komunikace místní,,elektro,jízdní kolo,Brno-Jundrov,muž,"Ano, obsah alkoholu v krvi do 0,24 ‰",středa,říjen,Jundrov,,,,,,,,bez zraněn,"s přilbou (pouze u motocyklistů, příp. cyklistů)",řidičem nemotorového vozidla,"ve dne, viditelnost nezhoršená vlivem povětrnostních podmínek",na stezce pro cyklisty,řidič,"pod vlivem alkoholu, obsah alkoholu v krvi do 0,99 ‰",noc,,0,4071,1,4071,1,4071,3,72,,1972,1,72,2023,0,0,0,1,0,2,25,1,2560,10,-1159877,-601102,60223001559,2023/10/04 00:00:00+00,0,0,c09697fb-e67c-4811-a4ad-a0ce4bdb363e
-601102,-1159877,439,Brno-Jundrov,ano,nesprávný způsob jízdy,srážka s jedoucím nekolejovým vozidlem,nehoda s následky na životě nebo zdraví,řidič se plně nevěnoval řízení vozidla,"povrch suchý, neznečistěný",neztížené,dobré,žádné nebo žádné z uvedených,komunikace místní,,elektro,jízdní kolo,Brno-Jundrov,muž,"Ano, obsah alkoholu v krvi do 0,24 ‰",středa,říjen,Jundrov,,,,,,,,těžké zranění,"bez přilby (pouze u motocyklistů, příp. cyklistů)",řidičem nemotorového vozidla,"ve dne, viditelnost nezhoršená vlivem povětrnostních podmínek",na stezce pro cyklisty,řidič,"pod vlivem alkoholu, obsah alkoholu v krvi do 0,99 ‰",noc,,0,4072,1,4072,1,4072,3,73,,1973,1,73,2023,1,0,0,1,0,1,25,1,2560,10,-1159877,-601102,60223001559,2023/10/04 00:00:00+00,0,0,f2b05f60-8ee4-4c05-94f1-74807f17e18f
-599563,-1154906,440,Brno-Řečkovice a Mokrá Hora,ne,nesprávný způsob jízdy,srážka s jedoucím nekolejovým vozidlem,nehoda s následky na životě nebo zdraví,řidič se plně nevěnoval řízení vozidla,"povrch suchý, neznečistěný",neztížené,dobré,žádné nebo žádné z uvedených,komunikace místní,,nezjištěno/žádné,jízdní kolo,Brno-Řečkovice a Mokrá Hora,muž,Ne,úterý,listopad,Řečkovice,,,,,,,,těžké zranění,"s přilbou (pouze u motocyklistů, příp. cyklistů)",řidičem motorového vozidla,"ve dne, viditelnost nezhoršená vlivem povětrnostních podmínek",na jízdním pruhu,řidič,dobrý -žádné nepříznivé okolnosti nebyly zjiště,den,,0,4073,1,4073,1,4073,2,65,,1965,1,65,2023,1,0,0,1,0,2,13,1,1335,11,-1154906,-599563,60223001560,2023/11/14 00:00:00+00,30000,20000,b3672133-b448-4b58-a3ca-b1c83c03ad29
-594302,-1161758,441,Brno-Židenice,ne,nesprávný způsob jízdy,srážka s jedoucím nekolejovým vozidlem,nehoda s následky na životě nebo zdraví,řidič se plně nevěnoval řízení vozidla,"povrch suchý, neznečistěný",neztížené,dobré,žádné nebo žádné z uvedených,komunikace místní,,elektro,koloběžka,Brno-Židenice,žena,Ne,úterý,listopad,Židenice,,,,,,,,lehké zranění,"s přilbou (pouze u motocyklistů, příp. cyklistů)",řidičem nemotorového vozidla,"v noci - s veřejným osvětlením, viditelnost nezhoršená vlivem povětrnostních podmínek",na jízdním pruhu,řidič,dobrý -žádné nepříznivé okolnosti nebyly zjiště,den,,1,4074,1,4074,1,4074,2,60,,1960,1,60,2023,0,0,1,0,0,1,17,1,1715,11,-1161758,-594302,60223001562,2023/11/14 00:00:00+00,5000,5000,478a40cf-dccf-4638-9ffc-10bd90695ba9
-597894,-1159375,442,Brno-střed,ne,nesprávný způsob jízdy,havárie,nehoda s následky na životě nebo zdraví,řidič se plně nevěnoval řízení vozidla,"povrch suchý, neznečistěný",neztížené,dobré,žádné nebo žádné z uvedených,komunikace místní,,nezjištěno/žádné,jízdní kolo,Brno-střed,muž,Ne,čtvrtek,listopad,Černá Pole,,,,,,,,lehké zranění,"s přilbou (pouze u motocyklistů, příp. cyklistů)",řidičem nemotorového vozidla,"v noci - bez veřejného osvětlení, viditelnost nezhoršená vlivem povětrnostních podmínek",na stezce pro cyklisty,řidič,dobrý -žádné nepříznivé okolnosti nebyly zjiště,noc,,1,4075,1,4075,1,4075,4,54,,1954,1,54,2023,0,0,1,0,0,1,5,1,50,11,-1159375,-597894,60223001570,2023/11/16 00:00:00+00,3000,1000,6c185b67-f914-4dbf-9b29-14b638e9aefc
-596485,-1162028,443,Brno-Černovice,nezjišťováno,nesprávný způsob jízdy,"srážka s vozidlem zaparkovaným, odstaveným",nehoda pouze s hmotnou škodou,řidič se plně nevěnoval řízení vozidla,povrch mokrý,"na počátku deště, slabý déšť, mrholení apod.",dobré,žádné nebo žádné z uvedených,komunikace místní,,nezjištěno/žádné,jízdní kolo,Brno-Černovice,muž,Nezjišťován,neděle,listopad,Černovice,,,,,,,,bez zraněn,"bez přilby (pouze u motocyklistů, příp. cyklistů)",řidičem nemotorového vozidla,"ve dne, zhoršená viditelnost vlivem povětrnostních podmínek (mlha, sněžení, déšť apod.)",na jízdním pruhu,řidič,jiný nepříznivý sta,den,,0,4076,1,4076,1,4076,7,41,,1941,1,41,2023,0,0,0,0,0,1,18,0,1830,11,-1162028,-596485,60223001580,2023/11/19 00:00:00+00,40000,0,7a72e156-9b0f-4945-bdb4-7f345b8f8e7b
-598841,-1158524,444,Brno-Královo Pole,ne,nedání přenosti v jízdě,srážka s jedoucím nekolejovým vozidlem,nehoda s následky na životě nebo zdraví,při odbočování vlevo,povrch mokrý,neztížené,dobré,žádné nebo žádné z uvedených,komunikace místní,,nezjištěno/žádné,jízdní kolo,Brno-Královo Pole,muž,Ne,úterý,prosinec,Královo Pole,,,,,,,,lehké zranění,"s přilbou (pouze u motocyklistů, příp. cyklistů)",řidičem motorového vozidla,"ve dne, viditelnost nezhoršená vlivem povětrnostních podmínek",na jízdním pruhu,řidič,dobrý -žádné nepříznivé okolnosti nebyly zjiště,den,,1,4077,1,4077,1,4077,2,24,,1924,1,24,2023,0,0,1,0,0,2,9,1,957,12,-1158524,-598841,60223001716,2023/12/12 00:00:00+00,30000,20000,739c505b-a3e1-4c28-bf75-4b0e8d28ab4a
-598984,-1159614,445,Brno-střed,ano,nepřiměřená rychlost jízdy,jiný druh nehody,nehoda s následky na životě nebo zdraví,nepřizpůsobení rychlosti vlastnostem vozidla a nákladu,"povrch suchý, neznečistěný",neztížené,dobré,přechod pro chodce,komunikace místní,,nezjištěno/žádné,jízdní kolo,Brno-střed,muž,"Ano, obsah alkoholu v krvi od 1,0‰ do 1,5‰",pátek,prosinec,Veveří,,,,,,,,lehké zranění,"bez přilby (pouze u motocyklistů, příp. cyklistů)",řidičem nemotorového vozidla,"ve dne, viditelnost nezhoršená vlivem povětrnostních podmínek",žádné z uvedenýc,řidič,pod vlivem alkoholu obsah alkoholu v krvi 1 ‰ a víc,noc,,1,4078,1,4078,1,4078,5,21,,1921,3,21,2023,0,0,1,0,0,1,4,1,415,12,-1159614,-598984,60223001737,2023/12/15 00:00:00+00,0,0,c0ee78c1-68e4-4deb-a2eb-f1140bcc64f5
-598984,-1159614,446,Brno-střed,ano,nepřiměřená rychlost jízdy,jiný druh nehody,nehoda s následky na životě nebo zdraví,nepřizpůsobení rychlosti vlastnostem vozidla a nákladu,"povrch suchý, neznečistěný",neztížené,dobré,přechod pro chodce,komunikace místní,,nezjištěno/žádné,jízdní kolo,Brno-střed,muž,"Ano, obsah alkoholu v krvi od 1,0‰ do 1,5‰",pátek,prosinec,Veveří,,,,,,,,bez zraněn,"bez přilby (pouze u motocyklistů, příp. cyklistů)",řidičem nemotorového vozidla,"ve dne, viditelnost nezhoršená vlivem povětrnostních podmínek",žádné z uvedenýc,řidič,jiný nepříznivý sta,noc,,0,4079,1,4079,1,4079,5,26,,1926,3,26,2023,0,0,1,0,0,2,4,1,415,12,-1159614,-598984,60223001737,2023/12/15 00:00:00+00,0,0,58c28fad-4c81-439b-9108-a651ff777d90