X,Y,objectid_1,zuj,alkohol_vinik,hlavni_pricina,srazka,nasledky,pricina,stav_vozovky,povetrnostni_podm,rozhled,misto_nehody,druh_komun,pneumatiky,druh_pohonu,druh_vozidla,mestska_cast,pohlavi,alkohol,den_v_tydnu,mesic_t,katastr,chovani_chodce,stav_chodce,drogy_chodec,alkohol_chodec,osobni_prepravnik,reflexni_prvky,kategorie_chodce,nasledek,ozn_osoba,zavineni,viditelnost,situovani,osoba,stav_ridic,doba,smrt_po,lz,target_fid_1,join_count_1,objectid,join_count,target_fid,den,vek,smrt_dny,rok_nar,p48a,p59d,rok,tz,smrt,lehce_zran_os,tezce_zran_os,usmrceno_os,id_vozidla,hodina,ovlivneni_ridice,cas,mesic,e,d,id_nehody,datum,hmotna_skoda_1,skoda_vozidlo,globalid
-595332,-1159724,447,Brno-Židenice,ne,nedání přenosti v jízdě,srážka s jedoucím nekolejovým vozidlem,nehoda s následky na životě nebo zdraví,při odbočování vlevo,"povrch suchý, neznečistěný",neztížené,dobré,žádné nebo žádné z uvedených,komunikace místní,,nezjištěno/žádné,jízdní kolo,Brno-Židenice,muž,Ne,neděle,prosinec,Židenice,,,,,,,,lehké zranění,"s přilbou (pouze u motocyklistů, příp. cyklistů)",řidičem motorového vozidla,"v noci - s veřejným osvětlením, viditelnost nezhoršená vlivem povětrnostních podmínek",na jízdním pruhu,řidič,dobrý -žádné nepříznivé okolnosti nebyly zjiště,den,,1,4080,1,4080,1,4080,7,23,,1923,1,23,2023,0,0,1,0,0,2,18,1,1856,12,-1159724,-595332,60223001757,2023/12/17 00:00:00+00,76000,50000,bd26d9f6-3cdc-4a80-854f-f9d7b481c30c
-597274,-1169566,448,Brno-Chrlice,nezjišťováno,nesprávný způsob jízdy,havárie,nehoda s následky na životě nebo zdraví,řidič se plně nevěnoval řízení vozidla,"povrch suchý, neznečistěný",neztížené,dobré,žádné nebo žádné z uvedených,komunikace místní,,nezjištěno/žádné,jízdní kolo,Brno-Chrlice,dívka (do 15 let),Nezjišťován,neděle,květen,Chrlice,,,,,,,,lehké zranění,"s přilbou (pouze u motocyklistů, příp. cyklistů)",řidičem nemotorového vozidla,"ve dne, viditelnost nezhoršená vlivem povětrnostních podmínek",na stezce pro cyklisty,řidič,dobrý -žádné nepříznivé okolnosti nebyly zjiště,den,,1,4081,1,4081,1,4081,7,10,,2010,1,10,2023,0,0,1,0,0,1,15,1,1525,5,-1169566,-597274,60323000394,2023/05/21 00:00:00+00,1000,1000,1a19ae3f-5583-4320-93aa-8c91358ac2f3
-601627,-1155108,449,Brno-Komín,ano,nesprávný způsob jízdy,havárie,nehoda s následky na životě nebo zdraví,vjetí na nezpevněnou krajnici,"povrch suchý, neznečistěný",neztížené,dobré,žádné nebo žádné z uvedených,komunikace místní,,elektro,koloběžka,Brno-Komín,muž,"Ano, obsah alkoholu v krvi od 0,24‰ do 0,5‰",sobota,září,Komín,,,,,,,,lehké zranění,"s přilbou (pouze u motocyklistů, příp. cyklistů)",řidičem nemotorového vozidla,"ve dne, viditelnost nezhoršená vlivem povětrnostních podmínek",na jízdním pruhu,řidič,"pod vlivem alkoholu, obsah alkoholu v krvi do 0,99 ‰",den,,1,4082,1,4082,1,4082,6,75,,1975,1,75,2023,0,0,1,0,0,1,16,1,1650,9,-1155108,-601627,60323000720,2023/09/02 00:00:00+00,0,0,1e3d293f-0a3d-4ef2-871d-811332631a12
-604774.831999999,-1162719.75,450,Brno-Bosonohy,ano,nesprávný způsob jízdy,jiný druh nehody,nehoda s následky na životě nebo zdraví,"jízda po nesprávné straně vozovky, vjetí do protisměru","povrch suchý, neznečistěný",neztížené,dobré,žádné nebo žádné z uvedených,komunikace sledovaná (ve vybraných městech),,,jízdní kolo,Brno-Bosonohy,muž,"Ano, obsah alkoholu v krvi od 0,8‰ do 1,0‰",neděle,srpen,Bosonohy,,,,,,,,lehké zranění,"bez přilby (pouze u motocyklistů, příp. cyklistů)",řidičem nemotorového vozidla,"v noci - bez veřejného osvětlení, viditelnost nezhoršená vlivem povětrnostních podmínek",na odstavném pruhu,řidič,"pod vlivem alkoholu, obsah alkoholu v krvi do 0,99 ‰",noc,,1,70774,1,70774,1,70774,7,20,1,1994,1,94,2014,0,0,1,0,0,1,4,1,430,8,-1162719.75,-604774.832,60040140073,2014/08/03 00:00:00+00,0,0,41a03b46-410e-40ba-835e-662bef9cc996
-596241.506000001,-1157759.125,451,Brno-sever,ne,nesprávný způsob jízdy,srážka s jedoucím nekolejovým vozidlem,nehoda s následky na životě nebo zdraví,řidič se plně nevěnoval řízení vozidla,"povrch suchý, znečistěný (písek, prach, listí, štěrk atd.)",neztížené,dobré,v blízkosti přechodu pro chodce (do vzdálenosti 20 m),komunikace místní,,,jízdní kolo,Brno-sever,muž,Ne,čtvrtek,leden,Lesná,,,,,,,,lehké zranění,"s přilbou (pouze u motocyklistů, příp. cyklistů)",řidičem motorového vozidla,"v noci - s veřejným osvětlením, viditelnost nezhoršená vlivem povětrnostních podmínek",na jízdním pruhu,řidič,dobrý -žádné nepříznivé okolnosti nebyly zjiště,den,,1,70775,1,70775,1,70775,4,34,1,1976,1,76,2010,0,0,1,0,0,2,18,1,1829,1,-1157759.125,-596241.506,60206100089,2010/01/21 00:00:00+00,2000,2000,ce5895da-b739-4df1-a3ae-3d523d6eb68c
-600030.289000001,-1153180.212,452,Brno-Ivanovice,ne,nedání přenosti v jízdě,srážka s jedoucím nekolejovým vozidlem,nehoda s následky na životě nebo zdraví,proti příkazu dopravní značky DEJ PŘEDNOST,"povrch suchý, neznečistěný",neztížené,dobré,žádné nebo žádné z uvedených,uzel (křižovatka sledovaná ve vybraných městech),,,jízdní kolo,Brno-Ivanovice,muž,Ne,středa,únor,Ivanovice,,,,,,,,lehké zranění,"s přilbou (pouze u motocyklistů, příp. cyklistů)",řidičem motorového vozidla,"ve dne, viditelnost nezhoršená vlivem povětrnostních podmínek",na jízdním pruhu,řidič,dobrý -žádné nepříznivé okolnosti nebyly zjiště,den,,1,70776,1,70776,1,70776,3,54,1,1956,1,56,2010,0,0,1,0,0,2,17,1,1720,2,-1153180.212,-600030.289,60206100307,2010/02/24 00:00:00+00,10500,500,254346d0-239d-473b-909a-1bb7ed6ed326
-599209.677000001,-1158005.435,453,Brno-Královo Pole,nezjišťováno,nesprávný způsob jízdy,srážka s jedoucím nekolejovým vozidlem,nehoda s následky na životě nebo zdraví,"jízda po nesprávné straně vozovky, vjetí do protisměru","povrch suchý, neznečistěný",neztížené,dobré,žádné nebo žádné z uvedených,komunikace sledovaná (ve vybraných městech),,,jízdní kolo,Brno-Královo Pole,muž,Nezjišťován,úterý,březen,Královo Pole,,,,,,,,lehké zranění,"s přilbou (pouze u motocyklistů, příp. cyklistů)",řidičem nemotorového vozidla,"ve dne, viditelnost nezhoršená vlivem povětrnostních podmínek",na jízdním pruhu,řidič,dobrý -žádné nepříznivé okolnosti nebyly zjiště,den,,1,70777,1,70777,1,70777,2,74,1,1936,1,36,2010,0,0,1,0,0,1,14,1,1420,3,-1158005.435,-599209.677,60206100503,2010/03/30 00:00:00+00,11000,10000,aa01ae36-417b-4ca4-84c7-c5ad712d2ae0
-597767.666000001,-1159446.543,454,Brno-střed,ano,nesprávný způsob jízdy,srážka s jedoucím nekolejovým vozidlem,nehoda s následky na životě nebo zdraví,řidič se plně nevěnoval řízení vozidla,"povrch suchý, neznečistěný",neztížené,dobré,přechod pro chodce,komunikace sledovaná (ve vybraných městech),,,jízdní kolo,Brno-střed,muž,"Ano, obsah alkoholu v krvi do 0,24 ‰",čtvrtek,duben,Černá Pole,,,,,,,,těžké zranění,"bez přilby (pouze u motocyklistů, příp. cyklistů)",řidičem nemotorového vozidla,"v noci - s veřejným osvětlením, viditelnost nezhoršená vlivem povětrnostních podmínek",na jízdním pruhu,řidič,"pod vlivem alkoholu, obsah alkoholu v krvi do 0,99 ‰",den,,0,70778,1,70778,1,70778,4,39,1,1971,1,71,2010,1,0,0,1,0,1,20,1,2015,4,-1159446.543,-597767.666,60206100563,2010/04/08 00:00:00+00,15000,5000,b6548590-b37d-49a5-a9f4-5a0d81ef39a7
-601486.521000002,-1158518.364,455,Brno-Komín,ne,nedání přenosti v jízdě,srážka s jedoucím nekolejovým vozidlem,nehoda s následky na životě nebo zdraví,proti příkazu dopravní značky DEJ PŘEDNOST,"povrch suchý, neznečistěný",neztížené,dobré,v blízkosti přechodu pro chodce (do vzdálenosti 20 m),uzel (křižovatka sledovaná ve vybraných městech),,,jízdní kolo,Brno-Komín,muž,Ne,pondělí,duben,Komín,,,,,,,,lehké zranění,"s přilbou (pouze u motocyklistů, příp. cyklistů)",řidičem motorového vozidla,"ve dne, viditelnost nezhoršená vlivem povětrnostních podmínek",na jízdním pruhu,řidič,dobrý -žádné nepříznivé okolnosti nebyly zjiště,den,,1,70779,1,70779,1,70779,1,47,1,1963,1,63,2010,0,0,1,0,0,2,14,1,1440,4,-1158518.364,-601486.521,60206100668,2010/04/26 00:00:00+00,23000,20000,830bb6ad-ac43-4408-96bb-7e092f09911d
-601601.612,-1161631.621,456,Brno-Nový Lískovec,ne,nedání přenosti v jízdě,srážka s jedoucím nekolejovým vozidlem,nehoda s následky na životě nebo zdraví,vozidlu přijíždějícímu zprava,"povrch suchý, neznečistěný",neztížené,dobré,žádné nebo žádné z uvedených,komunikace místní,,,jízdní kolo,Brno-Nový Lískovec,chlapec (do 15 let),Ne,středa,duben,Nový Lískovec,,,,,,,,lehké zranění,"s přilbou (pouze u motocyklistů, příp. cyklistů)",řidičem nemotorového vozidla,"ve dne, viditelnost nezhoršená vlivem povětrnostních podmínek",na jízdním pruhu,řidič,dobrý -žádné nepříznivé okolnosti nebyly zjiště,den,,1,70781,1,70781,1,70781,3,8,1,2002,1,2,2010,0,0,1,0,0,1,17,1,1700,4,-1161631.621,-601601.612,60206100685,2010/04/28 00:00:00+00,1000,0,07ba5b9a-3707-458e-a2c6-45200f733fbe
-600509.263999999,-1158064.871,457,Brno-Žabovřesky,ano,nesprávný způsob jízdy,srážka s jedoucím nekolejovým vozidlem,nehoda s následky na životě nebo zdraví,řidič se plně nevěnoval řízení vozidla,"povrch suchý, neznečistěný",neztížené,dobré,v blízkosti přechodu pro chodce (do vzdálenosti 20 m),uzel (křižovatka sledovaná ve vybraných městech),,,jízdní kolo,Brno-Žabovřesky,muž,"Ano, obsah alkoholu v krvi od 0,24‰ do 0,5‰",středa,duben,Žabovřesky,,,,,,,,lehké zranění,"bez přilby (pouze u motocyklistů, příp. cyklistů)",řidičem nemotorového vozidla,"v noci - s veřejným osvětlením, viditelnost nezhoršená vlivem povětrnostních podmínek",na stezce pro cyklisty,řidič,pod vlivem alkoholu obsah alkoholu v krvi 1 ‰ a víc,den,,1,70783,1,70783,1,70783,3,27,1,1983,1,83,2010,0,0,1,0,0,1,20,1,2030,4,-1158064.871,-600509.264,60206100687,2010/04/28 00:00:00+00,0,0,6835391f-2b4f-4e6c-99b0-698ee96e5735
-601369.127999999,-1160655.542,458,Brno-střed,ne,nedání přenosti v jízdě,srážka s jedoucím nekolejovým vozidlem,nehoda s následky na životě nebo zdraví,proti příkazu dopravní značky STŮJ DEJ PŘEDNOST,"povrch suchý, neznečistěný",neztížené,dobré,žádné nebo žádné z uvedených,uzel (křižovatka sledovaná ve vybraných městech),,,jízdní kolo,Brno-střed,muž,Ne,čtvrtek,duben,Pisárky,,,,,,,,lehké zranění,"s přilbou (pouze u motocyklistů, příp. cyklistů)",řidičem motorového vozidla,"ve dne, viditelnost nezhoršená vlivem povětrnostních podmínek",na jízdním pruhu,řidič,dobrý -žádné nepříznivé okolnosti nebyly zjiště,den,,1,70784,1,70784,1,70784,4,19,1,1991,1,91,2010,0,0,1,0,0,2,16,1,1600,4,-1160655.542,-601369.128,60206100695,2010/04/29 00:00:00+00,2000,1000,5d4e4666-9abe-480d-acdb-ee89f93ca2f6
-605685.307999998,-1153789.025,459,Brno-Kníničky,nezjišťováno,nezaviněno řidičem,srážka s domácím zvířetem,nehoda pouze s hmotnou škodou,nezaviněná řidičem,"povrch suchý, neznečistěný",neztížené,dobré,žádné nebo žádné z uvedených,komunikace místní,,,jízdní kolo,Brno-Kníničky,muž,Nezjišťován,pátek,duben,Kníničky,,,,,,,,bez zraněn,"bez přilby (pouze u motocyklistů, příp. cyklistů)","lesní zvěří, domácím zvířectvem","ve dne, viditelnost nezhoršená vlivem povětrnostních podmínek",na jízdním pruhu,řidič,dobrý -žádné nepříznivé okolnosti nebyly zjiště,den,,0,70785,1,70785,1,70785,5,35,1,1975,1,75,2010,0,0,0,0,0,1,15,1,1505,4,-1153789.025,-605685.308,60206100703,2010/04/30 00:00:00+00,3000,3000,273daf72-705f-463a-ab28-98d0107b07d4
-602740.035999998,-1157620.902,460,Brno-Komín,nezjišťováno,nesprávný způsob jízdy,havárie,nehoda s následky na životě nebo zdraví,nezvládnutí řízení vozidla,povrch mokrý,déšť,dobré,žádné nebo žádné z uvedených,komunikace sledovaná (ve vybraných městech),,,jízdní kolo,Brno-Komín,muž,Nezjišťován,čtvrtek,květen,Komín,,,,,,,,těžké zranění,"s přilbou (pouze u motocyklistů, příp. cyklistů)",řidičem nemotorového vozidla,"v noci - s veřejným osvětlením, zhoršená viditelnost vlivem povětrnostních podmínek (mlha, déšť, sněžení apod.)",na stezce pro cyklisty,řidič,dobrý -žádné nepříznivé okolnosti nebyly zjiště,noc,,0,70786,1,70786,1,70786,4,38,1,1972,1,72,2010,1,0,0,1,0,1,23,1,2310,5,-1157620.902,-602740.036,60206100787,2010/05/13 00:00:00+00,0,0,dc85ddb9-8639-41f8-b45d-14846e55bb14
-600305.855999999,-1158464.95,461,Brno-Žabovřesky,nezjišťováno,nesprávný způsob jízdy,"srážka s vozidlem zaparkovaným, odstaveným",nehoda s následky na životě nebo zdraví,jiný druh nesprávného způsobu jízdy,povrch mokrý,neztížené,dobré,žádné nebo žádné z uvedených,komunikace sledovaná (ve vybraných městech),,,jízdní kolo,Brno-Žabovřesky,muž,Nezjišťován,pátek,květen,Žabovřesky,,,,,,,,lehké zranění,"bez přilby (pouze u motocyklistů, příp. cyklistů)",řidičem motorového vozidla,"ve dne, viditelnost nezhoršená vlivem povětrnostních podmínek",na jízdním pruhu,řidič,dobrý -žádné nepříznivé okolnosti nebyly zjiště,den,,1,70787,1,70787,1,70787,5,27,1,1983,1,83,2010,0,0,1,0,0,2,14,1,1400,5,-1158464.95,-600305.856,60206100810,2010/05/07 00:00:00+00,5000,0,2db6ee83-17c7-4ff1-bca0-143a78fcf1d0
-593905.484000001,-1160716.212,462,Brno-Líšeň,ne,nedání přenosti v jízdě,srážka s jedoucím nekolejovým vozidlem,nehoda s následky na životě nebo zdraví,při přejíždění z jednoho jízdního pruhu do druhého,"povrch suchý, neznečistěný",neztížené,dobré,žádné nebo žádné z uvedených,komunikace sledovaná (ve vybraných městech),,,jízdní kolo,Brno-Líšeň,muž,Ne,úterý,květen,Líšeň,,,,,,,,lehké zranění,"s přilbou (pouze u motocyklistů, příp. cyklistů)",řidičem nemotorového vozidla,"ve dne, viditelnost nezhoršená vlivem povětrnostních podmínek",na jízdním pruhu,řidič,dobrý -žádné nepříznivé okolnosti nebyly zjiště,den,,1,70788,1,70788,1,70788,2,54,1,1956,1,56,2010,0,0,1,0,0,1,14,1,1420,5,-1160716.212,-593905.484,60206100820,2010/05/18 00:00:00+00,15000,10000,4dec2231-bd46-46f1-bd34-4e6727d50110
-595333.438000001,-1158488.249,463,Brno-Maloměřice a Obřany,nezjišťováno,nedání přenosti v jízdě,srážka s jedoucím nekolejovým vozidlem,nehoda s následky na životě nebo zdraví,"při zařazování do proudu jedoucích vozidel ze stanice, místa zastavení nebo stání","povrch suchý, neznečistěný",neztížené,dobré,v blízkosti přechodu pro chodce (do vzdálenosti 20 m),komunikace sledovaná (ve vybraných městech),,,jízdní kolo,Brno-Maloměřice a Obřany,žena,Nezjišťován,pátek,květen,Maloměřice,,,,,,,,lehké zranění,"s přilbou (pouze u motocyklistů, příp. cyklistů)",řidičem motorového vozidla,"ve dne, viditelnost nezhoršená vlivem povětrnostních podmínek",na jízdním pruhu,řidič,dobrý -žádné nepříznivé okolnosti nebyly zjiště,den,,1,70789,1,70789,1,70789,5,47,1,1963,1,63,2010,0,0,1,0,0,2,17,4,1710,5,-1158488.249,-595333.438,60206100839,2010/05/21 00:00:00+00,1000,0,8f41c0ab-db85-498c-9d95-f74d749bbb35
-592241.614999998,-1162833.044,464,Brno-Slatina,nezjišťováno,nedání přenosti v jízdě,srážka s jedoucím nekolejovým vozidlem,nehoda s následky na životě nebo zdraví,proti příkazu dopravní značky DEJ PŘEDNOST,"povrch suchý, neznečistěný",neztížené,dobré,žádné nebo žádné z uvedených,uzel (křižovatka sledovaná ve vybraných městech),,,jízdní kolo,Brno-Slatina,žena,Nezjišťován,neděle,květen,Slatina,,,,,,,,lehké zranění,"bez přilby (pouze u motocyklistů, příp. cyklistů)",řidičem motorového vozidla,"ve dne, viditelnost nezhoršená vlivem povětrnostních podmínek",na jízdním pruhu,řidič,dobrý -žádné nepříznivé okolnosti nebyly zjiště,den,,1,70791,1,70791,1,70791,7,24,1,1986,1,86,2010,0,0,1,0,0,2,10,1,1020,5,-1162833.044,-592241.615,60206100849,2010/05/23 00:00:00+00,1000,1000,683b1050-4329-403d-bd65-5c2bcd299172
-597288.817000002,-1164887.681,465,Brno-jih,nezjišťováno,nesprávný způsob jízdy,srážka s jedoucím nekolejovým vozidlem,nehoda s následky na životě nebo zdraví,nesprávné otáčení nebo couvání,"povrch suchý, neznečistěný",neztížené,dobré,žádné nebo žádné z uvedených,komunikace účelová - polní a lesní cesty atd.,,,jízdní kolo,Brno-jih,,Nezjišťován,úterý,květen,Dolní Heršpice,,,,,,,,,,řidičem nemotorového vozidla,"ve dne, viditelnost nezhoršená vlivem povětrnostních podmínek",na stezce pro cyklisty,,,den,,0,70792,1,70792,1,70792,2,,,,1,,2010,0,0,1,0,0,1,17,,1740,5,-1164887.681,-597288.817,60206100861,2010/05/25 00:00:00+00,0,0,aeb0bfb2-6824-4102-aa44-ee5385889583
-597288.817000002,-1164887.681,466,Brno-jih,nezjišťováno,nesprávný způsob jízdy,srážka s jedoucím nekolejovým vozidlem,nehoda s následky na životě nebo zdraví,nesprávné otáčení nebo couvání,"povrch suchý, neznečistěný",neztížené,dobré,žádné nebo žádné z uvedených,komunikace účelová - polní a lesní cesty atd.,,,jízdní kolo,Brno-jih,žena,Nezjišťován,úterý,květen,Dolní Heršpice,,,,,,,,lehké zranění,"bez přilby (pouze u motocyklistů, příp. cyklistů)",řidičem nemotorového vozidla,"ve dne, viditelnost nezhoršená vlivem povětrnostních podmínek",na stezce pro cyklisty,řidič,dobrý -žádné nepříznivé okolnosti nebyly zjiště,den,,1,70793,1,70793,1,70793,2,39,1,1971,1,71,2010,0,0,1,0,0,2,17,4,1740,5,-1164887.681,-597288.817,60206100861,2010/05/25 00:00:00+00,0,0,e1995423-7420-4a77-8771-c04d092d783e
-600632.315000001,-1158278.252,467,Brno-Žabovřesky,ne,nedání přenosti v jízdě,srážka s jedoucím nekolejovým vozidlem,nehoda s následky na životě nebo zdraví,proti příkazu dopravní značky DEJ PŘEDNOST,"povrch suchý, neznečistěný",neztížené,dobré,žádné nebo žádné z uvedených,uzel (křižovatka sledovaná ve vybraných městech),,,jízdní kolo,Brno-Žabovřesky,muž,Ne,pátek,květen,Žabovřesky,,,,,,,,lehké zranění,"s přilbou (pouze u motocyklistů, příp. cyklistů)",řidičem motorového vozidla,"ve dne, viditelnost nezhoršená vlivem povětrnostních podmínek",na jízdním pruhu,řidič,dobrý -žádné nepříznivé okolnosti nebyly zjiště,den,,1,70794,1,70794,1,70794,5,56,1,1954,1,54,2010,0,0,1,0,0,2,16,1,1650,5,-1158278.252,-600632.315,60206100887,2010/05/28 00:00:00+00,6000,1000,d5a485f0-98b5-42d1-9e24-34684e22ef9f
-594613.440000001,-1158197.721,468,Brno-Maloměřice a Obřany,ano,nepřiměřená rychlost jízdy,havárie,nehoda s následky na životě nebo zdraví,"nepřizpůsobení rychlosti dopravně technickému stavu vozovky (zatáčka, klesání, stoupání, šířka vozovky apod.)","povrch suchý, neznečistěný",neztížené,dobré,žádné nebo žádné z uvedených,komunikace místní,,,jízdní kolo,Brno-Maloměřice a Obřany,muž,"Ano, obsah alkoholu v krvi od 0,24‰ do 0,5‰",sobota,červen,Maloměřice,,,,,,,,lehké zranění,"bez přilby (pouze u motocyklistů, příp. cyklistů)",řidičem nemotorového vozidla,"ve dne, viditelnost nezhoršená vlivem povětrnostních podmínek",na krajnici,řidič,pod vlivem alkoholu obsah alkoholu v krvi 1 ‰ a víc,den,,1,70796,1,70796,1,70796,6,55,1,1955,1,55,2010,0,0,1,0,0,1,17,1,1720,6,-1158197.721,-594613.44,60206100936,2010/06/05 00:00:00+00,1000,1000,db4364b7-2e85-4831-bc8c-b86d43469c73
-603941.598999999,-1155641.39,469,Brno-Kníničky,ne,nepřiměřená rychlost jízdy,havárie,nehoda s následky na životě nebo zdraví,"nepřizpůsobení rychlosti dopravně technickému stavu vozovky (zatáčka, klesání, stoupání, šířka vozovky apod.)","povrch suchý, neznečistěný",neztížené,dobré,žádné nebo žádné z uvedených,komunikace sledovaná (ve vybraných městech),,,jízdní kolo,Brno-Kníničky,muž,Ne,pátek,červen,Kníničky,,,,,,,,lehké zranění,"s přilbou (pouze u motocyklistů, příp. cyklistů)",řidičem nemotorového vozidla,"v noci - s veřejným osvětlením, viditelnost nezhoršená vlivem povětrnostních podmínek",na jízdním pruhu,řidič,dobrý -žádné nepříznivé okolnosti nebyly zjiště,noc,,1,70797,1,70797,1,70797,5,61,1,1949,1,49,2010,0,0,1,0,0,1,23,1,2325,6,-1155641.39,-603941.599,60206100975,2010/06/11 00:00:00+00,2000,1000,43351b45-e496-40db-b0b4-ea61888592cf
-591028.401000001,-1157631.34,470,Brno-Líšeň,ne,nesprávný způsob jízdy,srážka s jedoucím nekolejovým vozidlem,nehoda s následky na životě nebo zdraví,"jízda po nesprávné straně vozovky, vjetí do protisměru","povrch suchý, neznečistěný",neztížené,dobré,žádné nebo žádné z uvedených,komunikace sledovaná (ve vybraných městech),,,jízdní kolo,Brno-Líšeň,muž,Ne,neděle,červen,Líšeň,,,,,,,,těžké zranění,"s přilbou (pouze u motocyklistů, příp. cyklistů)",řidičem motorového vozidla,"ve dne, viditelnost nezhoršená vlivem povětrnostních podmínek",na jízdním pruhu,řidič,"pod vlivem alkoholu, obsah alkoholu v krvi do 0,99 ‰",den,,0,70798,1,70798,1,70798,7,22,1,1988,1,88,2010,1,0,4,1,0,2,14,1,1430,6,-1157631.34,-591028.401,60206100990,2010/06/13 00:00:00+00,190000,140000,4d2699ce-3205-47e8-bbde-bb4b7d254eff
-596407.513999999,-1159428.53,471,Brno-sever,ano,nedání přenosti v jízdě,srážka s jedoucím nekolejovým vozidlem,nehoda pouze s hmotnou škodou,při odbočování vlevo,"povrch suchý, neznečistěný",neztížené,dobré,v blízkosti přechodu pro chodce (do vzdálenosti 20 m),komunikace místní,,,jízdní kolo,Brno-sever,muž,"Ano, obsah alkoholu v krvi od 0,24‰ do 0,5‰",úterý,červen,Husovice,,,,,,,,bez zraněn,"bez přilby (pouze u motocyklistů, příp. cyklistů)",řidičem nemotorového vozidla,"ve dne, viditelnost nezhoršená vlivem povětrnostních podmínek",na jízdním pruhu,řidič,pod vlivem alkoholu obsah alkoholu v krvi 1 ‰ a víc,den,,0,70799,1,70799,1,70799,2,46,1,1964,1,64,2010,0,0,0,0,0,1,18,1,1840,6,-1159428.53,-596407.514,60206101016,2010/06/15 00:00:00+00,5000,5000,cea0cdb3-7d40-4682-99e9-918926398457
-593184.515000001,-1166780.089,472,Brno-Tuřany,ne,nepřiměřená rychlost jízdy,jiný druh nehody,nehoda s následky na životě nebo zdraví,jiný druh nepřiměřené rychlosti,"povrch suchý, neznečistěný",neztížené,dobré,žádné nebo žádné z uvedených,komunikace sledovaná (ve vybraných městech),,,jízdní kolo,Brno-Tuřany,muž,Ne,středa,červen,Tuřany,,,,,,,,lehké zranění,"s přilbou (pouze u motocyklistů, příp. cyklistů)",řidičem motorového vozidla,"ve dne, viditelnost nezhoršená vlivem povětrnostních podmínek",mimo komunikaci,řidič,dobrý -žádné nepříznivé okolnosti nebyly zjiště,den,,1,70801,1,70801,1,70801,3,48,1,1962,1,62,2010,0,0,1,0,0,2,17,1,1750,6,-1166780.089,-593184.515,60206101114,2010/06/30 00:00:00+00,32000,2000,e152bed6-cb05-4957-8243-742883d89208
-605025.041999999,-1156450.16,473,Brno-Bystrc,ne,nepřiměřená rychlost jízdy,havárie,nehoda s následky na životě nebo zdraví,"nepřizpůsobení rychlosti dopravně technickému stavu vozovky (zatáčka, klesání, stoupání, šířka vozovky apod.)","povrch suchý, neznečistěný",neztížené,dobré,žádné nebo žádné z uvedených,komunikace sledovaná (ve vybraných městech),,,jízdní kolo,Brno-Bystrc,muž,Ne,pondělí,červenec,Bystrc,,,,,,,,lehké zranění,"bez přilby (pouze u motocyklistů, příp. cyklistů)",řidičem nemotorového vozidla,"ve dne, viditelnost nezhoršená vlivem povětrnostních podmínek",na jízdním pruhu,řidič,dobrý -žádné nepříznivé okolnosti nebyly zjiště,den,,1,70802,1,70802,1,70802,1,41,1,1969,1,69,2010,0,0,1,0,0,1,11,1,1100,7,-1156450.16,-605025.042,60206101140,2010/07/05 00:00:00+00,1000,1000,4774bdfd-b54a-4c03-ba16-4bb56eea49b7
-589869.863000002,-1159306.464,474,Brno-Líšeň,ne,nepřiměřená rychlost jízdy,havárie,nehoda s následky na životě nebo zdraví,"nepřizpůsobení rychlosti stavu vozovky (náledí, výtluky, bláto, mokrý povrch apod.)","povrch suchý, neznečistěný",neztížené,dobré,žádné nebo žádné z uvedených,"komunikace účelová - ostatní (parkoviště, odpočívky apod.",,,jízdní kolo,Brno-Líšeň,muž,Ne,čtvrtek,červenec,Líšeň,,,,,,,,lehké zranění,"s přilbou (pouze u motocyklistů, příp. cyklistů)",řidičem nemotorového vozidla,"ve dne, viditelnost nezhoršená vlivem povětrnostních podmínek",na jízdním pruhu,řidič,dobrý -žádné nepříznivé okolnosti nebyly zjiště,den,,1,70803,1,70803,1,70803,4,73,1,1937,1,37,2010,0,0,1,0,0,1,12,1,1210,7,-1159306.464,-589869.863,60206101156,2010/07/08 00:00:00+00,1000,1000,b3e336cf-62a5-4de1-b689-9b88c43d4786
-597098.636999998,-1157769.208,475,Brno-Královo Pole,ne,nedání přenosti v jízdě,srážka s jedoucím nekolejovým vozidlem,nehoda s následky na životě nebo zdraví,při odbočování vlevo,"povrch suchý, neznečistěný",neztížené,dobré,žádné nebo žádné z uvedených,komunikace sledovaná (ve vybraných městech),,,jízdní kolo,Brno-Královo Pole,muž,Ne,neděle,červenec,Královo Pole,,,,,,,,lehké zranění,"s přilbou (pouze u motocyklistů, příp. cyklistů)",řidičem motorového vozidla,"ve dne, viditelnost nezhoršená vlivem povětrnostních podmínek",na jízdním pruhu,řidič,dobrý -žádné nepříznivé okolnosti nebyly zjiště,den,,1,70804,1,70804,1,70804,7,42,1,1968,1,68,2010,0,0,1,0,0,2,9,1,940,7,-1157769.208,-597098.637,60206101168,2010/07/11 00:00:00+00,36000,30000,026fd3a4-b82d-4a20-a5ce-9aa20837c4c3