X,Y,objectid_1,zuj,alkohol_vinik,hlavni_pricina,srazka,nasledky,pricina,stav_vozovky,povetrnostni_podm,rozhled,misto_nehody,druh_komun,pneumatiky,druh_pohonu,druh_vozidla,mestska_cast,pohlavi,alkohol,den_v_tydnu,mesic_t,katastr,chovani_chodce,stav_chodce,drogy_chodec,alkohol_chodec,osobni_prepravnik,reflexni_prvky,kategorie_chodce,nasledek,ozn_osoba,zavineni,viditelnost,situovani,osoba,stav_ridic,doba,smrt_po,lz,target_fid_1,join_count_1,objectid,join_count,target_fid,den,vek,smrt_dny,rok_nar,p48a,p59d,rok,tz,smrt,lehce_zran_os,tezce_zran_os,usmrceno_os,id_vozidla,hodina,ovlivneni_ridice,cas,mesic,e,d,id_nehody,datum,hmotna_skoda_1,skoda_vozidlo,globalid
-604297.394000001,-1157452.771,476,Brno-Bystrc,ne,nedání přenosti v jízdě,srážka s jedoucím nekolejovým vozidlem,nehoda s následky na životě nebo zdraví,proti příkazu dopravní značky STŮJ DEJ PŘEDNOST,"povrch suchý, neznečistěný",neztížené,dobré,přechod pro chodce,uzel (křižovatka sledovaná ve vybraných městech),,,jízdní kolo,Brno-Bystrc,muž,Ne,středa,červenec,Bystrc,,,,,,,,lehké zranění,"s přilbou (pouze u motocyklistů, příp. cyklistů)",řidičem motorového vozidla,"ve dne, viditelnost nezhoršená vlivem povětrnostních podmínek",na jízdním pruhu,řidič,dobrý -žádné nepříznivé okolnosti nebyly zjiště,den,,1,70805,1,70805,1,70805,3,35,1,1975,1,75,2010,0,0,1,0,0,2,8,1,845,7,-1157452.771,-604297.394,60206101185,2010/07/14 00:00:00+00,6000,1000,7fa206f5-c6a7-4748-ba35-02466a1704db
-598067.816,-1164084.022,477,Brno-jih,ne,nesprávný způsob jízdy,srážka s jedoucím nekolejovým vozidlem,nehoda s následky na životě nebo zdraví,nesprávné otáčení nebo couvání,"povrch suchý, neznečistěný",neztížené,dobré,žádné nebo žádné z uvedených,komunikace sledovaná (ve vybraných městech),,,jízdní kolo,Brno-jih,muž,Ne,úterý,červenec,Horní Heršpice,,,,,,,,lehké zranění,"s přilbou (pouze u motocyklistů, příp. cyklistů)",řidičem motorového vozidla,"ve dne, viditelnost nezhoršená vlivem povětrnostních podmínek",na jízdním pruhu,řidič,"pod vlivem alkoholu, obsah alkoholu v krvi do 0,99 ‰",den,,1,70806,1,70806,1,70806,2,35,1,1975,1,75,2010,0,0,1,0,0,2,20,1,2025,7,-1164084.022,-598067.816,60206101229,2010/07/20 00:00:00+00,60000,20000,79c4321a-a8c0-4666-9786-463c716c418b
-604172.339000002,-1156152.214,478,Brno-Bystrc,nezjišťováno,nesprávný způsob jízdy,srážka s chodcem,nehoda s následky na životě nebo zdraví,řidič se plně nevěnoval řízení vozidla,"povrch suchý, neznečistěný",neztížené,dobré,žádné nebo žádné z uvedených,komunikace místní,,,jízdní kolo,Brno-Bystrc,muž,Nezjišťován,pátek,červenec,Bystrc,,,,,,,,těžké zranění,"bez přilby (pouze u motocyklistů, příp. cyklistů)",řidičem nemotorového vozidla,"ve dne, viditelnost nezhoršená vlivem povětrnostních podmínek",na jízdním pruhu,řidič,dobrý -žádné nepříznivé okolnosti nebyly zjiště,den,,0,70808,1,70808,1,70808,5,64,1,1946,1,46,2010,1,0,1,1,0,1,10,1,1035,7,-1156152.214,-604172.339,60206101253,2010/07/23 00:00:00+00,0,0,b9256a6d-7695-4123-a73b-f54c34fdb4ef
-596411.022999998,-1158333.609,479,Brno-sever,ne,nedání přenosti v jízdě,srážka s jedoucím nekolejovým vozidlem,nehoda s následky na životě nebo zdraví,proti příkazu dopravní značky DEJ PŘEDNOST,"povrch suchý, neznečistěný",neztížené,dobré,žádné nebo žádné z uvedených,uzel (křižovatka sledovaná ve vybraných městech),,,jízdní kolo,Brno-sever,muž,Ne,středa,červenec,Černá Pole,,,,,,,,těžké zranění,"bez přilby (pouze u motocyklistů, příp. cyklistů)",řidičem motorového vozidla,"ve dne, viditelnost nezhoršená vlivem povětrnostních podmínek",na jízdním pruhu,řidič,dobrý -žádné nepříznivé okolnosti nebyly zjiště,den,,0,70810,1,70810,1,70810,3,43,1,1967,1,67,2010,1,0,0,1,0,2,14,1,1455,7,-1158333.609,-596411.023,60206101289,2010/07/28 00:00:00+00,2000,0,855fc0c9-228f-4164-88e2-4224f9ab485a
-592693.416999999,-1159601.794,480,Brno-Líšeň,ano,nepřiměřená rychlost jízdy,havárie,nehoda s následky na životě nebo zdraví,jiný druh nepřiměřené rychlosti,"povrch suchý, neznečistěný",neztížené,dobré,žádné nebo žádné z uvedených,"komunikace účelová - ostatní (parkoviště, odpočívky apod.",,,jízdní kolo,Brno-Líšeň,muž,"Ano, obsah alkoholu v krvi od 0,24‰ do 0,5‰",sobota,červenec,Líšeň,,,,,,,,lehké zranění,"bez přilby (pouze u motocyklistů, příp. cyklistů)",řidičem nemotorového vozidla,"v noci - s veřejným osvětlením, viditelnost nezhoršená vlivem povětrnostních podmínek",na chodníku nebo ostrůvku,řidič,pod vlivem alkoholu obsah alkoholu v krvi 1 ‰ a víc,den,,1,70811,1,70811,1,70811,6,29,1,1981,1,81,2010,0,0,1,0,0,1,19,1,1935,7,-1159601.794,-592693.417,60206101313,2010/07/31 00:00:00+00,0,0,0dd38ab2-df03-4452-ba7b-25c8bba6a763
-596148.686000001,-1156699.257,481,Brno-sever,ne,nesprávný způsob jízdy,srážka s jedoucím nekolejovým vozidlem,nehoda s následky na životě nebo zdraví,jiný druh nesprávného způsobu jízdy,"povrch suchý, neznečistěný",neztížené,dobré,přechod pro chodce,komunikace sledovaná (ve vybraných městech),,,jízdní kolo,Brno-sever,chlapec (do 15 let),Ne,úterý,srpen,Lesná,,,,,,,,lehké zranění,"s přilbou (pouze u motocyklistů, příp. cyklistů)",řidičem nemotorového vozidla,"ve dne, viditelnost nezhoršená vlivem povětrnostních podmínek",na jízdním pruhu,řidič,dobrý -žádné nepříznivé okolnosti nebyly zjiště,den,,1,70812,1,70812,1,70812,2,10,1,2000,1,0,2010,0,0,1,0,0,1,17,1,1710,8,-1156699.257,-596148.686,60206101328,2010/08/03 00:00:00+00,0,0,250d2ae0-6778-4d05-944d-e96e050bc5ec
-595304.173,-1158350.467,482,Brno-Maloměřice a Obřany,ne,nesprávný způsob jízdy,havárie,nehoda s následky na životě nebo zdraví,řidič se plně nevěnoval řízení vozidla,"povrch suchý, neznečistěný",neztížené,dobré,"zastávka tramvaje, autobusu, trolejbusu bez nástup. ostrůvku",komunikace sledovaná (ve vybraných městech),,,jízdní kolo,Brno-Maloměřice a Obřany,žena,Ne,čtvrtek,srpen,Maloměřice,,,,,,,,lehké zranění,"bez přilby (pouze u motocyklistů, příp. cyklistů)",řidičem nemotorového vozidla,"ve dne, viditelnost nezhoršená vlivem povětrnostních podmínek",na jízdním pruhu,řidič,dobrý -žádné nepříznivé okolnosti nebyly zjiště,den,,1,70813,1,70813,1,70813,4,27,1,1983,1,83,2010,0,0,1,0,0,1,10,1,1055,8,-1158350.467,-595304.173,60206101339,2010/08/05 00:00:00+00,0,0,754e4d06-3a63-4142-ac66-42b25da3d836
-598612.780999999,-1159407.737,483,Brno-střed,ne,nedání přenosti v jízdě,srážka s jedoucím nekolejovým vozidlem,nehoda s následky na životě nebo zdraví,při odbočování vlevo,"povrch suchý, neznečistěný",neztížené,dobré,v blízkosti přechodu pro chodce (do vzdálenosti 20 m),uzel (křižovatka sledovaná ve vybraných městech),,,jízdní kolo,Brno-střed,muž,Ne,pátek,srpen,Veveří,,,,,,,,těžké zranění,"bez přilby (pouze u motocyklistů, příp. cyklistů)",řidičem motorového vozidla,"ve dne, zhoršená viditelnost (svítání, soumrak)",na jízdním pruhu,řidič,"pod vlivem alkoholu, obsah alkoholu v krvi do 0,99 ‰",den,,0,70814,1,70814,1,70814,5,67,1,1943,1,43,2010,1,0,0,1,0,2,20,1,2035,8,-1159407.737,-598612.781,60206101357,2010/08/06 00:00:00+00,22000,2000,d3fd593e-d9c2-4c3d-a755-5a20a5f4be86
-595610.914000001,-1160293.184,484,Brno-Židenice,ne,nesprávný způsob jízdy,srážka s jedoucím nekolejovým vozidlem,nehoda s následky na životě nebo zdraví,řidič se plně nevěnoval řízení vozidla,"povrch suchý, neznečistěný",neztížené,dobré,žádné nebo žádné z uvedených,komunikace sledovaná (ve vybraných městech),,,jízdní kolo,Brno-Židenice,muž,Ne,středa,srpen,Židenice,,,,,,,,lehké zranění,"s přilbou (pouze u motocyklistů, příp. cyklistů)",řidičem nemotorového vozidla,"ve dne, viditelnost nezhoršená vlivem povětrnostních podmínek",na jízdním pruhu,řidič,dobrý -žádné nepříznivé okolnosti nebyly zjiště,den,,1,70815,1,70815,1,70815,3,48,1,1962,1,62,2010,0,0,1,0,0,1,9,1,950,8,-1160293.184,-595610.914,60206101375,2010/08/11 00:00:00+00,11000,0,c0aee0c3-76fd-4ed7-8727-25df4cce7119
-599154.261,-1163787.144,485,Brno-střed,nezjišťováno,nesprávé předjíždění,srážka s jedoucím nekolejovým vozidlem,nehoda s následky na životě nebo zdraví,"při předjíždění došlo k ohrožení předjížděného řidiče vozidla (vynucované zařazení, předjížděný řidič musel prudce brzdit, měnit směr jízdy apod.)","povrch suchý, neznečistěný",neztížené,dobré,žádné nebo žádné z uvedených,komunikace sledovaná (ve vybraných městech),,,jízdní kolo,Brno-střed,muž,Nezjišťován,středa,srpen,Štýřice,,,,,,,,lehké zranění,"s přilbou (pouze u motocyklistů, příp. cyklistů)",řidičem motorového vozidla,"ve dne, viditelnost nezhoršená vlivem povětrnostních podmínek",na jízdním pruhu,řidič,dobrý -žádné nepříznivé okolnosti nebyly zjiště,den,,1,70816,1,70816,1,70816,3,18,1,1992,1,92,2010,0,0,1,0,0,2,12,1,1230,8,-1163787.144,-599154.261,60206101378,2010/08/11 00:00:00+00,0,0,7f14acc3-57ea-4a2b-af62-a7086491f2ea
-602497.171999998,-1157684.513,486,Brno-Komín,ne,nepřiměřená rychlost jízdy,srážka s jedoucím nekolejovým vozidlem,nehoda s následky na životě nebo zdraví,jiný druh nepřiměřené rychlosti,"povrch suchý, neznečistěný",neztížené,dobré,žádné nebo žádné z uvedených,komunikace sledovaná (ve vybraných městech),,,jízdní kolo,Brno-Komín,muž,Ne,středa,srpen,Komín,,,,,,,,lehké zranění,"bez přilby (pouze u motocyklistů, příp. cyklistů)",řidičem motorového vozidla,"ve dne, viditelnost nezhoršená vlivem povětrnostních podmínek",na jízdním pruhu,řidič,dobrý -žádné nepříznivé okolnosti nebyly zjiště,den,,1,70817,1,70817,1,70817,3,21,1,1989,1,89,2010,0,0,1,0,0,2,15,1,1530,8,-1157684.513,-602497.172,60206101379,2010/08/11 00:00:00+00,170000,160000,b3e30524-f747-4f02-86bd-9b60fd2cbda1
-595888.905000001,-1161156.975,487,Brno-Židenice,ne,nedání přenosti v jízdě,srážka s jedoucím nekolejovým vozidlem,nehoda s následky na životě nebo zdraví,proti příkazu dopravní značky DEJ PŘEDNOST,"povrch suchý, neznečistěný",neztížené,dobré,v blízkosti přechodu pro chodce (do vzdálenosti 20 m),komunikace sledovaná (ve vybraných městech),,,jízdní kolo,Brno-Židenice,muž,Ne,čtvrtek,srpen,Židenice,,,,,,,,lehké zranění,"s přilbou (pouze u motocyklistů, příp. cyklistů)",řidičem motorového vozidla,"ve dne, viditelnost nezhoršená vlivem povětrnostních podmínek",na jízdním pruhu,řidič,dobrý -žádné nepříznivé okolnosti nebyly zjiště,den,,1,70818,1,70818,1,70818,4,30,1,1980,1,80,2010,0,0,1,0,0,2,17,1,1705,8,-1161156.975,-595888.905,60206101398,2010/08/12 00:00:00+00,12000,2000,af555df4-e95f-48a2-86b7-4aecf99931b4
-594162.914999999,-1165689.826,488,Brno-Tuřany,ne,nesprávný způsob jízdy,srážka s jedoucím nekolejovým vozidlem,nehoda s následky na životě nebo zdraví,nezvládnutí řízení vozidla,"povrch suchý, neznečistěný",neztížené,dobré,žádné nebo žádné z uvedených,komunikace sledovaná (ve vybraných městech),,,jízdní kolo,Brno-Tuřany,žena,Ne,neděle,srpen,Tuřany,,,,,,,,lehké zranění,"bez přilby (pouze u motocyklistů, příp. cyklistů)",řidičem motorového vozidla,"ve dne, viditelnost nezhoršená vlivem povětrnostních podmínek",na jízdním pruhu,řidič,dobrý -žádné nepříznivé okolnosti nebyly zjiště,den,,1,70819,1,70819,1,70819,7,60,1,1950,1,50,2010,0,0,1,0,0,2,13,1,1310,8,-1165689.826,-594162.915,60206101459,2010/08/22 00:00:00+00,21000,1000,ae764cb3-4910-405c-8b87-bdc889c8f028
-599748.555,-1153300.261,489,Brno-Ivanovice,ne,nedání přenosti v jízdě,srážka s jedoucím nekolejovým vozidlem,nehoda s následky na životě nebo zdraví,při odbočování vlevo,"povrch suchý, neznečistěný",neztížené,dobré,žádné nebo žádné z uvedených,uzel (křižovatka sledovaná ve vybraných městech),,,jízdní kolo,Brno-Ivanovice,muž,Ne,neděle,srpen,Ivanovice,,,,,,,,lehké zranění,"s přilbou (pouze u motocyklistů, příp. cyklistů)",řidičem motorového vozidla,"ve dne, viditelnost nezhoršená vlivem povětrnostních podmínek",na jízdním pruhu,řidič,dobrý -žádné nepříznivé okolnosti nebyly zjiště,den,,1,70820,1,70820,1,70820,7,48,1,1962,1,62,2010,0,0,1,0,0,2,17,1,1750,8,-1153300.261,-599748.555,60206101462,2010/08/22 00:00:00+00,10000,0,b1f02535-76f1-45f6-8b03-1ecd829879df
-603901.352000002,-1156410.79,490,Brno-Bystrc,ne,nedání přenosti v jízdě,srážka s jedoucím nekolejovým vozidlem,nehoda s následky na životě nebo zdraví,při odbočování vlevo,"povrch suchý, neznečistěný",neztížené,dobré,žádné nebo žádné z uvedených,uzel (křižovatka sledovaná ve vybraných městech),,,jízdní kolo,Brno-Bystrc,muž,Ne,středa,srpen,Bystrc,,,,,,,,lehké zranění,"bez přilby (pouze u motocyklistů, příp. cyklistů)",řidičem motorového vozidla,"ve dne, viditelnost nezhoršená vlivem povětrnostních podmínek",na jízdním pruhu,řidič,dobrý -žádné nepříznivé okolnosti nebyly zjiště,den,,1,70822,1,70822,1,70822,3,63,1,1947,1,47,2010,0,0,1,0,0,2,16,1,1645,8,-1156410.79,-603901.352,60206101479,2010/08/25 00:00:00+00,2000,1000,bcf51980-844d-4874-87e3-7b3f3669362f
-591740.219999999,-1159891.323,491,Brno-Líšeň,ne,nedání přenosti v jízdě,srážka s jedoucím nekolejovým vozidlem,nehoda s následky na životě nebo zdraví,"při zařazování do proudu jedoucích vozidel ze stanice, místa zastavení nebo stání","povrch suchý, neznečistěný",neztížené,dobré,parkoviště přiléhající ke komunikaci,komunikace místní,,,jízdní kolo,Brno-Líšeň,muž,Ne,středa,srpen,Líšeň,,,,,,,,lehké zranění,"s přilbou (pouze u motocyklistů, příp. cyklistů)",řidičem motorového vozidla,"ve dne, viditelnost nezhoršená vlivem povětrnostních podmínek",na jízdním pruhu,řidič,dobrý -žádné nepříznivé okolnosti nebyly zjiště,den,,1,70823,1,70823,1,70823,3,56,1,1954,1,54,2010,0,0,1,0,0,2,17,1,1720,8,-1159891.323,-591740.22,60206101480,2010/08/25 00:00:00+00,35000,5000,5975a9dc-1838-49bc-a169-301a1052be12
-604935.436000001,-1156249.982,492,Brno-Bystrc,ne,nepřiměřená rychlost jízdy,havárie,nehoda s následky na životě nebo zdraví,"nepřizpůsobení rychlosti stavu vozovky (náledí, výtluky, bláto, mokrý povrch apod.)",povrch mokrý,"na počátku deště, slabý déšť, mrholení apod.",dobré,žádné nebo žádné z uvedených,komunikace sledovaná (ve vybraných městech),,,jízdní kolo,Brno-Bystrc,muž,Ne,pátek,srpen,Bystrc,,,,,,,,těžké zranění,"bez přilby (pouze u motocyklistů, příp. cyklistů)",řidičem nemotorového vozidla,"ve dne, viditelnost nezhoršená vlivem povětrnostních podmínek",na jízdním pruhu,řidič,dobrý -žádné nepříznivé okolnosti nebyly zjiště,den,,0,70824,1,70824,1,70824,5,42,1,1968,1,68,2010,1,0,0,1,0,1,12,1,1250,8,-1156249.982,-604935.436,60206101494,2010/08/27 00:00:00+00,1000,1000,f8bb6550-f234-4532-b004-a99b1824060f
-599764.074999999,-1158764.627,493,Brno-Žabovřesky,ne,nesprávný způsob jízdy,srážka s jedoucím nekolejovým vozidlem,nehoda s následky na životě nebo zdraví,řidič se plně nevěnoval řízení vozidla,"povrch suchý, neznečistěný",neztížené,dobré,přechod pro chodce,komunikace sledovaná (ve vybraných městech),,,jízdní kolo,Brno-Žabovřesky,dívka (do 15 let),Ne,úterý,září,Žabovřesky,,,,,,,,lehké zranění,"s přilbou (pouze u motocyklistů, příp. cyklistů)",řidičem nemotorového vozidla,"ve dne, viditelnost nezhoršená vlivem povětrnostních podmínek",na jízdním pruhu,řidič,dobrý -žádné nepříznivé okolnosti nebyly zjiště,den,,1,70825,1,70825,1,70825,2,12,1,1998,1,98,2010,0,0,1,0,0,1,15,1,1525,9,-1158764.627,-599764.075,60206101545,2010/09/07 00:00:00+00,7000,2000,4400778f-1ace-4061-bda4-a92442d1d631
-595302.833000001,-1160148.516,494,Brno-Židenice,ne,nedání přenosti v jízdě,srážka s jedoucím nekolejovým vozidlem,nehoda s následky na životě nebo zdraví,vozidlu přijíždějícímu zprava,"povrch suchý, neznečistěný",neztížené,dobré,žádné nebo žádné z uvedených,komunikace místní,,,jízdní kolo,Brno-Židenice,muž,Ne,čtvrtek,září,Židenice,,,,,,,,lehké zranění,"bez přilby (pouze u motocyklistů, příp. cyklistů)",řidičem motorového vozidla,"ve dne, viditelnost nezhoršená vlivem povětrnostních podmínek",na jízdním pruhu,řidič,dobrý -žádné nepříznivé okolnosti nebyly zjiště,den,,1,70827,1,70827,1,70827,4,25,1,1985,1,85,2010,0,0,1,0,0,2,18,1,1800,9,-1160148.516,-595302.833,60206101610,2010/09/16 00:00:00+00,31000,1000,8470fee8-ed1c-476d-9623-67d2192eb771
-592198.934,-1162829.767,495,Brno-Slatina,ne,nezaviněno řidičem,srážka s chodcem,nehoda s následky na životě nebo zdraví,nezaviněná řidičem,"povrch suchý, neznečistěný",neztížené,dobré,žádné nebo žádné z uvedených,komunikace místní,,,jízdní kolo,Brno-Slatina,muž,Ne,neděle,září,Slatina,,,,,,,,těžké zranění,"s přilbou (pouze u motocyklistů, příp. cyklistů)",chodcem,"v noci - bez veřejného osvětlení, viditelnost nezhoršená vlivem povětrnostních podmínek",na jízdním pruhu,řidič,dobrý -žádné nepříznivé okolnosti nebyly zjiště,den,,0,70828,1,70828,1,70828,7,50,1,1960,1,60,2010,1,0,1,1,0,1,19,1,1945,9,-1162829.767,-592198.934,60206101629,2010/09/19 00:00:00+00,3000,1000,83ecc817-4182-4323-bcae-d2b636a93dec
-600988.421,-1158149.244,496,Brno-Žabovřesky,ne,nedání přenosti v jízdě,srážka s jedoucím nekolejovým vozidlem,nehoda s následky na životě nebo zdraví,proti příkazu dopravní značky DEJ PŘEDNOST,"povrch suchý, neznečistěný",neztížené,dobré,žádné nebo žádné z uvedených,komunikace sledovaná (ve vybraných městech),,,jízdní kolo,Brno-Žabovřesky,muž,Ne,úterý,říjen,Žabovřesky,,,,,,,,lehké zranění,"s přilbou (pouze u motocyklistů, příp. cyklistů)",řidičem motorového vozidla,"v noci - s veřejným osvětlením, viditelnost nezhoršená vlivem povětrnostních podmínek",na jízdním pruhu,řidič,dobrý -žádné nepříznivé okolnosti nebyly zjiště,den,,1,70830,1,70830,1,70830,2,35,1,1975,1,75,2010,0,0,1,0,0,2,18,1,1820,10,-1158149.244,-600988.421,60206101787,2010/10/12 00:00:00+00,22000,10000,01bfc23c-4481-46a4-9b7a-c754aa4769cd
-596182.015000001,-1160318.497,497,Brno-Židenice,ano,nepřiměřená rychlost jízdy,"srážka s vozidlem zaparkovaným, odstaveným",nehoda s následky na životě nebo zdraví,jiný druh nepřiměřené rychlosti,"povrch suchý, neznečistěný",neztížené,dobré,žádné nebo žádné z uvedených,komunikace místní,,,jízdní kolo,Brno-Židenice,muž,"Ano, obsah alkoholu v krvi od 0,24‰ do 0,5‰",středa,říjen,Zábrdovice,,,,,,,,lehké zranění,"bez přilby (pouze u motocyklistů, příp. cyklistů)",řidičem nemotorového vozidla,"v noci - s veřejným osvětlením, viditelnost nezhoršená vlivem povětrnostních podmínek",na chodníku nebo ostrůvku,řidič,pod vlivem alkoholu obsah alkoholu v krvi 1 ‰ a víc,noc,,1,70831,1,70831,1,70831,3,38,1,1972,1,72,2010,0,0,1,0,0,1,21,1,2150,10,-1160318.497,-596182.015,60206101799,2010/10/13 00:00:00+00,2000,1000,16fef0dc-8928-43c4-ba14-c7c48a2ddeb0
-598626.585000001,-1158031.305,498,Brno-Královo Pole,ne,nesprávný způsob jízdy,srážka s tramvají,nehoda s následky na životě nebo zdraví,řidič se plně nevěnoval řízení vozidla,"povrch suchý, neznečistěný",neztížené,dobré,žádné nebo žádné z uvedených,komunikace sledovaná (ve vybraných městech),,,jízdní kolo,Brno-Královo Pole,muž,Ne,úterý,říjen,Královo Pole,,,,,,,,lehké zranění,"bez přilby (pouze u motocyklistů, příp. cyklistů)",řidičem motorového vozidla,"ve dne, viditelnost nezhoršená vlivem povětrnostních podmínek",na kolejích tramvaje,řidič,dobrý -žádné nepříznivé okolnosti nebyly zjiště,den,,1,70832,1,70832,1,70832,2,51,1,1959,1,59,2010,0,0,1,0,0,2,11,1,1133,10,-1158031.305,-598626.585,60206101828,2010/10/19 00:00:00+00,7000,2000,d80b75cd-54e3-4e66-93f3-061ea8c114b2
-599020.624000002,-1158894.549,499,Brno-střed,ne,nesprávný způsob jízdy,havárie,nehoda s následky na životě nebo zdraví,řidič se plně nevěnoval řízení vozidla,"povrch suchý, neznečistěný",neztížené,dobré,v blízkosti přechodu pro chodce (do vzdálenosti 20 m),uzel (křižovatka sledovaná ve vybraných městech),,,jízdní kolo,Brno-střed,muž,Ne,pondělí,listopad,Veveří,,,,,,,,lehké zranění,"s přilbou (pouze u motocyklistů, příp. cyklistů)",řidičem nemotorového vozidla,"ve dne, viditelnost nezhoršená vlivem povětrnostních podmínek",na jízdním pruhu,řidič,dobrý -žádné nepříznivé okolnosti nebyly zjiště,den,,1,70833,1,70833,1,70833,1,25,1,1985,1,85,2010,0,0,1,0,0,1,13,1,1330,11,-1158894.549,-599020.624,60206101903,2010/11/01 00:00:00+00,0,0,d43c1ec2-3757-4a64-9ce5-cfb1eb7ceb68
-601100.353999998,-1160584.805,500,Brno-střed,nezjišťováno,nezaviněno řidičem,srážka s chodcem,nehoda s následky na životě nebo zdraví,nezaviněná řidičem,"povrch suchý, neznečistěný",neztížené,dobré,žádné nebo žádné z uvedených,komunikace sledovaná (ve vybraných městech),,,jízdní kolo,Brno-střed,muž,Nezjišťován,pondělí,září,Pisárky,,,,,,,,těžké zranění,"s přilbou (pouze u motocyklistů, příp. cyklistů)",chodcem,"ve dne, viditelnost nezhoršená vlivem povětrnostních podmínek",na jízdním pruhu,řidič,dobrý -žádné nepříznivé okolnosti nebyly zjiště,den,,0,70834,1,70834,1,70834,1,35,1,1975,0,75,2010,1,0,0,1,0,1,17,1,1700,9,-1160584.805,-601100.354,60206101921,2010/09/13 00:00:00+00,1000,1000,a62e1c04-8764-44ec-a907-8facd45b27db
-593965.784000002,-1162511.221,501,Brno-Slatina,ne,nedání přenosti v jízdě,srážka s jedoucím nekolejovým vozidlem,nehoda s následky na životě nebo zdraví,proti příkazu dopravní značky DEJ PŘEDNOST,povrch mokrý,neztížené,dobré,v blízkosti přechodu pro chodce (do vzdálenosti 20 m),uzel (křižovatka sledovaná ve vybraných městech),,,jízdní kolo,Brno-Slatina,žena,Ne,pondělí,listopad,Slatina,,,,,,,,lehké zranění,"s přilbou (pouze u motocyklistů, příp. cyklistů)",řidičem motorového vozidla,"v noci - s veřejným osvětlením, viditelnost nezhoršená vlivem povětrnostních podmínek",na jízdním pruhu,řidič,dobrý -žádné nepříznivé okolnosti nebyly zjiště,noc,,1,70835,1,70835,1,70835,1,55,1,1955,1,55,2010,0,0,1,0,0,2,5,1,530,11,-1162511.221,-593965.784,60206101943,2010/11/08 00:00:00+00,13000,10000,28c45206-8dac-4e95-ae1e-60727bfdfef5
-601354.620000001,-1157956.109,502,Brno-Komín,nezjišťováno,technická závada vozidla,jiný druh nehody,nehoda s následky na životě nebo zdraví,jiná technická závada (vztahuje se i na přípojná vozidla),"povrch suchý, znečistěný (písek, prach, listí, štěrk atd.)",neztížené,dobré,"zastávka tramvaje, autobusu, trolejbusu bez nástup. ostrůvku",komunikace sledovaná (ve vybraných městech),,,jízdní kolo,Brno-Komín,muž,Nezjišťován,středa,listopad,Komín,,,,,,,,lehké zranění,"s přilbou (pouze u motocyklistů, příp. cyklistů)",technickou závadou vozidla,"ve dne, viditelnost nezhoršená vlivem povětrnostních podmínek",na stezce pro cyklisty,řidič,dobrý -žádné nepříznivé okolnosti nebyly zjiště,den,,1,70836,1,70836,1,70836,3,65,1,1945,1,45,2010,0,0,1,0,0,1,12,1,1250,11,-1157956.109,-601354.62,60206102069,2010/11/24 00:00:00+00,17000,17000,ff3469bd-2e41-4433-b629-5faab6e44815
-594752.784000002,-1157028.078,503,Brno-Maloměřice a Obřany,ano,nesprávný způsob jízdy,jiný druh nehody,nehoda s následky na životě nebo zdraví,nezvládnutí řízení vozidla,"povrch suchý, neznečistěný",neztížené,dobré,"most, nadjezd, podjezd, tunel",komunikace sledovaná (ve vybraných městech),,,jízdní kolo,Brno-Maloměřice a Obřany,muž,"Ano, obsah alkoholu v krvi 1,5‰ a více",pátek,březen,Obřany,,,,,,,,lehké zranění,"bez přilby (pouze u motocyklistů, příp. cyklistů)",řidičem nemotorového vozidla,"ve dne, viditelnost nezhoršená vlivem povětrnostních podmínek",na jízdním pruhu,řidič,pod vlivem alkoholu obsah alkoholu v krvi 1 ‰ a víc,den,,1,70838,1,70838,1,70838,5,50,1,1961,1,61,2011,0,0,1,0,0,1,16,1,1635,3,-1157028.078,-594752.784,60206110374,2011/03/04 00:00:00+00,0,0,162eea39-a8ea-44ef-b144-45f3005d700f
-597216.486000001,-1164056.444,504,Brno-jih,ne,nedání přenosti v jízdě,srážka s jedoucím nekolejovým vozidlem,nehoda s následky na životě nebo zdraví,při odbočování vlevo,"povrch suchý, neznečistěný",neztížené,dobré,žádné nebo žádné z uvedených,komunikace sledovaná (ve vybraných městech),,,jízdní kolo,Brno-jih,muž,Ne,úterý,březen,Horní Heršpice,,,,,,,,těžké zranění,"s přilbou (pouze u motocyklistů, příp. cyklistů)",řidičem motorového vozidla,"ve dne, viditelnost nezhoršená vlivem povětrnostních podmínek",na jízdním pruhu,řidič,dobrý -žádné nepříznivé okolnosti nebyly zjiště,den,,0,70839,1,70839,1,70839,2,40,1,1971,1,71,2011,1,0,0,1,0,2,16,1,1624,3,-1164056.444,-597216.486,60206110499,2011/03/29 00:00:00+00,38000,8000,e98e6d03-a6e0-46c3-8f65-9587642fc71e