X,Y,objectid_1,zuj,alkohol_vinik,hlavni_pricina,srazka,nasledky,pricina,stav_vozovky,povetrnostni_podm,rozhled,misto_nehody,druh_komun,pneumatiky,druh_pohonu,druh_vozidla,mestska_cast,pohlavi,alkohol,den_v_tydnu,mesic_t,katastr,chovani_chodce,stav_chodce,drogy_chodec,alkohol_chodec,osobni_prepravnik,reflexni_prvky,kategorie_chodce,nasledek,ozn_osoba,zavineni,viditelnost,situovani,osoba,stav_ridic,doba,smrt_po,lz,target_fid_1,join_count_1,objectid,join_count,target_fid,den,vek,smrt_dny,rok_nar,p48a,p59d,rok,tz,smrt,lehce_zran_os,tezce_zran_os,usmrceno_os,id_vozidla,hodina,ovlivneni_ridice,cas,mesic,e,d,id_nehody,datum,hmotna_skoda_1,skoda_vozidlo,globalid
-596197.827,-1161027.411,505,Brno-Židenice,ne,nedání přenosti v jízdě,srážka s jedoucím nekolejovým vozidlem,nehoda s následky na životě nebo zdraví,vozidlu přijíždějícímu zprava,"povrch suchý, neznečistěný",neztížené,dobré,žádné nebo žádné z uvedených,uzel (křižovatka sledovaná ve vybraných městech),,,jízdní kolo,Brno-Židenice,muž,Ne,úterý,březen,Židenice,,,,,,,,lehké zranění,"s přilbou (pouze u motocyklistů, příp. cyklistů)",řidičem motorového vozidla,"ve dne, viditelnost nezhoršená vlivem povětrnostních podmínek",na jízdním pruhu,řidič,dobrý -žádné nepříznivé okolnosti nebyly zjiště,den,,1,70840,1,70840,1,70840,2,63,1,1948,1,48,2011,0,0,1,0,0,2,16,1,1650,3,-1161027.411,-596197.827,60206110500,2011/03/29 00:00:00+00,3000,2000,9c7e83db-dec2-46f1-9dcc-98578b8f5b9d
-599662.499000002,-1158829.199,506,Brno-Žabovřesky,nezjišťováno,nedání přenosti v jízdě,srážka s jedoucím nekolejovým vozidlem,nehoda pouze s hmotnou škodou,při vjíždění na silnici,"povrch suchý, neznečistěný",neztížené,dobré,žádné nebo žádné z uvedených,komunikace sledovaná (ve vybraných městech),,,jízdní kolo,Brno-Žabovřesky,,Nezjišťován,pátek,duben,Žabovřesky,,,,,,,,,,řidičem nemotorového vozidla,"v noci - s veřejným osvětlením, viditelnost nezhoršená vlivem povětrnostních podmínek",žádné z uvedenýc,,,noc,,0,70841,1,70841,1,70841,5,,,,1,,2011,0,0,0,0,0,1,23,,2300,4,-1158829.199,-599662.499,60206110529,2011/04/01 00:00:00+00,18000,3000,b7ed621b-01ee-459f-b618-96602071842a
-603729.429000001,-1160811.756,507,Brno-Kohoutovice,nezjišťováno,nesprávé předjíždění,"srážka s vozidlem zaparkovaným, odstaveným",nehoda pouze s hmotnou škodou,"při předjíždění došlo k ohrožení předjížděného řidiče vozidla (vynucované zařazení, předjížděný řidič musel prudce brzdit, měnit směr jízdy apod.)","povrch suchý, neznečistěný",neztížené,dobré,žádné nebo žádné z uvedených,komunikace sledovaná (ve vybraných městech),,,jízdní kolo,Brno-Kohoutovice,muž,Nezjišťován,čtvrtek,duben,Kohoutovice,,,,,,,,bez zraněn,"bez přilby (pouze u motocyklistů, příp. cyklistů)",řidičem motorového vozidla,"ve dne, viditelnost nezhoršená vlivem povětrnostních podmínek",na krajnici,řidič,dobrý -žádné nepříznivé okolnosti nebyly zjiště,den,,0,70842,1,70842,1,70842,4,25,1,1986,1,86,2011,0,0,0,0,0,2,13,1,1348,4,-1160811.756,-603729.429,60206110603,2011/04/14 00:00:00+00,15000,15000,d6317535-b268-4875-a27b-237446094cae
-597858.574999999,-1157580.429,508,Brno-Královo Pole,ne,nepřiměřená rychlost jízdy,srážka s jedoucím nekolejovým vozidlem,nehoda s následky na životě nebo zdraví,"nepřizpůsobení rychlosti stavu vozovky (náledí, výtluky, bláto, mokrý povrch apod.)","povrch suchý, neznečistěný",neztížené,dobré,žádné nebo žádné z uvedených,komunikace místní,,,jízdní kolo,Brno-Královo Pole,muž,Ne,pondělí,duben,Královo Pole,,,,,,,,lehké zranění,"s přilbou (pouze u motocyklistů, příp. cyklistů)",řidičem nemotorového vozidla,"ve dne, viditelnost nezhoršená vlivem povětrnostních podmínek",na jízdním pruhu,řidič,dobrý -žádné nepříznivé okolnosti nebyly zjiště,den,,1,70843,1,70843,1,70843,1,53,1,1958,1,58,2011,0,0,1,0,0,1,7,1,710,4,-1157580.429,-597858.575,60206110623,2011/04/18 00:00:00+00,5000,0,ed8786f3-e3bc-4317-bd65-d9dcd5597602
-597367.813000001,-1162548.336,509,Brno-jih,ne,nedání přenosti v jízdě,srážka s chodcem,nehoda s následky na životě nebo zdraví,"jízda na ""červenou"" 3-barevného semaforu","povrch suchý, neznečistěný",neztížené,dobré,přechod pro chodce,komunikace sledovaná (ve vybraných městech),,,jízdní kolo,Brno-jih,muž,Ne,pondělí,duben,Komárov,,,,,,,,bez zraněn,"s přilbou (pouze u motocyklistů, příp. cyklistů)",řidičem nemotorového vozidla,"ve dne, viditelnost nezhoršená vlivem povětrnostních podmínek",na jízdním pruhu,řidič,dobrý -žádné nepříznivé okolnosti nebyly zjiště,den,,0,70844,1,70844,1,70844,1,33,1,1978,1,78,2011,0,0,1,0,0,1,16,1,1645,4,-1162548.336,-597367.813,60206110630,2011/04/18 00:00:00+00,0,0,e6a6f967-7cd0-47d0-907d-1665468575fb
-598709.681000002,-1159000.35,510,Brno-Královo Pole,ne,nedání přenosti v jízdě,srážka s jedoucím nekolejovým vozidlem,nehoda s následky na životě nebo zdraví,při otáčení nebo couvání,"povrch suchý, neznečistěný",neztížené,dobré,přechod pro chodce,komunikace sledovaná (ve vybraných městech),,,jízdní kolo,Brno-Královo Pole,muž,Ne,pondělí,duben,Ponava,,,,,,,,lehké zranění,"s přilbou (pouze u motocyklistů, příp. cyklistů)",řidičem motorového vozidla,"ve dne, viditelnost nezhoršená vlivem povětrnostních podmínek",na jízdním pruhu,řidič,dobrý -žádné nepříznivé okolnosti nebyly zjiště,den,,1,70845,1,70845,1,70845,1,34,1,1977,1,77,2011,0,0,1,0,0,2,18,1,1830,4,-1159000.35,-598709.681,60206110633,2011/04/18 00:00:00+00,12500,10000,51ed4d4e-2805-4490-9aae-4017f4b18582
-597407.842,-1157645.753,511,Brno-Královo Pole,ne,nesprávný způsob jízdy,srážka s jedoucím nekolejovým vozidlem,nehoda s následky na životě nebo zdraví,nedodržení bezpečné vzdálenosti za vozidlem,"povrch suchý, neznečistěný",neztížené,dobré,žádné nebo žádné z uvedených,komunikace sledovaná (ve vybraných městech),,,jízdní kolo,Brno-Královo Pole,muž,Ne,středa,duben,Královo Pole,,,,,,,,lehké zranění,"s přilbou (pouze u motocyklistů, příp. cyklistů)",řidičem nemotorového vozidla,"ve dne, viditelnost nezhoršená vlivem povětrnostních podmínek",na jízdním pruhu,řidič,dobrý -žádné nepříznivé okolnosti nebyly zjiště,den,,1,70846,1,70846,1,70846,3,47,1,1964,1,64,2011,0,0,1,0,0,1,15,1,1528,4,-1157645.753,-597407.842,60206110645,2011/04/20 00:00:00+00,28000,25000,35ae0adc-0cf0-448a-86d7-7013fdaf1433
-598227.774,-1159549.973,512,Brno-střed,ne,nesprávný způsob jízdy,srážka s jedoucím nekolejovým vozidlem,nehoda s následky na životě nebo zdraví,jiný druh nesprávného způsobu jízdy,"povrch suchý, neznečistěný",neztížené,dobré,přechod pro chodce,uzel (křižovatka sledovaná ve vybraných městech),,,jízdní kolo,Brno-střed,žena,Ne,čtvrtek,duben,Veveří,,,,,,,,lehké zranění,"bez přilby (pouze u motocyklistů, příp. cyklistů)",řidičem nemotorového vozidla,"v noci - s veřejným osvětlením, viditelnost nezhoršená vlivem povětrnostních podmínek",žádné z uvedenýc,řidič,dobrý -žádné nepříznivé okolnosti nebyly zjiště,den,,1,70847,1,70847,1,70847,4,42,1,1969,1,69,2011,0,0,1,0,0,1,20,1,2011,4,-1159549.973,-598227.774,60206110660,2011/04/21 00:00:00+00,5100,5000,a16a7228-a9d3-4374-b770-0ffe0b96512a
-595146.214000002,-1161030.347,513,Brno-Židenice,ne,nesprávný způsob jízdy,havárie,nehoda s následky na životě nebo zdraví,řidič se plně nevěnoval řízení vozidla,"povrch suchý, neznečistěný",neztížené,dobré,přechod pro chodce,komunikace sledovaná (ve vybraných městech),,,jízdní kolo,Brno-Židenice,muž,Ne,sobota,duben,Židenice,,,,,,,,lehké zranění,"s přilbou (pouze u motocyklistů, příp. cyklistů)",řidičem nemotorového vozidla,"ve dne, viditelnost nezhoršená vlivem povětrnostních podmínek",na kolejích tramvaje,řidič,dobrý -žádné nepříznivé okolnosti nebyly zjiště,den,,1,70848,1,70848,1,70848,6,23,1,1988,1,88,2011,0,0,1,0,0,1,19,1,1925,4,-1161030.347,-595146.214,60206110682,2011/04/23 00:00:00+00,2000,2000,038487b0-6c57-457d-beeb-82b294417947
-598485.995999999,-1156708.658,514,Brno-Královo Pole,ne,nesprávný způsob jízdy,srážka s jedoucím nekolejovým vozidlem,nehoda s následky na životě nebo zdraví,jiný druh nesprávného způsobu jízdy,"povrch suchý, neznečistěný",neztížené,dobré,žádné nebo žádné z uvedených,komunikace místní,,,jízdní kolo,Brno-Královo Pole,muž,Ne,středa,duben,Královo Pole,,,,,,,,lehké zranění,"s přilbou (pouze u motocyklistů, příp. cyklistů)",řidičem motorového vozidla,"ve dne, viditelnost nezhoršená vlivem povětrnostních podmínek",na jízdním pruhu,řidič,dobrý -žádné nepříznivé okolnosti nebyly zjiště,den,,1,70849,1,70849,1,70849,3,35,1,1976,1,76,2011,0,0,1,0,0,2,17,1,1730,4,-1156708.658,-598485.996,60206110708,2011/04/27 00:00:00+00,2000,1000,ce836ddb-2f65-4d6f-82d7-969267b533bd
-598765.566,-1157499.512,515,Brno-Královo Pole,ne,nezaviněno řidičem,srážka s chodcem,nehoda s následky na životě nebo zdraví,nezaviněná řidičem,"povrch suchý, neznečistěný",neztížené,dobré,"zastávka autobusu, trolejbusu, tramvaje s nástup. ostrůvkem",komunikace sledovaná (ve vybraných městech),,,jízdní kolo,Brno-Královo Pole,muž,Ne,středa,duben,Královo Pole,,,,,,,,lehké zranění,"s přilbou (pouze u motocyklistů, příp. cyklistů)",chodcem,"ve dne, viditelnost nezhoršená vlivem povětrnostních podmínek",na jízdním pruhu,řidič,dobrý -žádné nepříznivé okolnosti nebyly zjiště,den,,1,70850,1,70850,1,70850,3,58,1,1953,1,53,2011,0,0,1,0,0,1,7,1,702,4,-1157499.512,-598765.566,60206110709,2011/04/27 00:00:00+00,1000,1000,3f9507f8-33fc-4c2e-989b-b9a728be60ac
-593432.611000001,-1168350.909,516,Brno-Tuřany,ne,nesprávný způsob jízdy,srážka s jedoucím nekolejovým vozidlem,nehoda s následky na životě nebo zdraví,nedodržení bezpečné vzdálenosti za vozidlem,"povrch suchý, neznečistěný",neztížené,dobré,"zastávka tramvaje, autobusu, trolejbusu bez nástup. ostrůvku",komunikace sledovaná (ve vybraných městech),,,jízdní kolo,Brno-Tuřany,muž,Ne,čtvrtek,duben,Tuřany,,,,,,,,lehké zranění,"s přilbou (pouze u motocyklistů, příp. cyklistů)",řidičem motorového vozidla,"ve dne, viditelnost nezhoršená vlivem povětrnostních podmínek",na jízdním pruhu,řidič,dobrý -žádné nepříznivé okolnosti nebyly zjiště,den,,1,70851,1,70851,1,70851,4,37,1,1974,1,74,2011,0,0,1,0,0,2,6,1,625,4,-1168350.909,-593432.611,60206110713,2011/04/28 00:00:00+00,12000,10000,a26863f0-56b2-4e0f-9884-b50240416ca4
-600774.940000001,-1162435.308,517,Brno-Bohunice,ne,nesprávný způsob jízdy,srážka s chodcem,nehoda s následky na životě nebo zdraví,"bezohledná, agresivní, neohleduplná jízda","povrch suchý, neznečistěný",neztížené,dobré,žádné nebo žádné z uvedených,komunikace sledovaná (ve vybraných městech),,,jízdní kolo,Brno-Bohunice,muž,Ne,čtvrtek,duben,Bohunice,,,,,,,,bez zraněn,"s přilbou (pouze u motocyklistů, příp. cyklistů)",řidičem nemotorového vozidla,"ve dne, viditelnost nezhoršená vlivem povětrnostních podmínek",na chodníku nebo ostrůvku,řidič,dobrý -žádné nepříznivé okolnosti nebyly zjiště,den,,0,70852,1,70852,1,70852,4,22,1,1989,1,89,2011,0,0,1,0,0,1,14,1,1420,4,-1162435.308,-600774.94,60206110720,2011/04/28 00:00:00+00,0,0,d3acb8c0-60a9-47df-8300-8615caf9897b
-599683.868000001,-1156772.985,518,Brno-Královo Pole,ne,nedání přenosti v jízdě,srážka s jedoucím nekolejovým vozidlem,nehoda s následky na životě nebo zdraví,při odbočování vlevo,"povrch suchý, neznečistěný",neztížené,dobré,přechod pro chodce,komunikace sledovaná (ve vybraných městech),,,jízdní kolo,Brno-Královo Pole,muž,Ne,středa,květen,Královo Pole,,,,,,,,lehké zranění,"bez přilby (pouze u motocyklistů, příp. cyklistů)",řidičem nemotorového vozidla,"ve dne, viditelnost nezhoršená vlivem povětrnostních podmínek",na jízdním pruhu,řidič,dobrý -žádné nepříznivé okolnosti nebyly zjiště,den,,1,70854,1,70854,1,70854,3,29,1,1982,1,82,2011,0,0,1,0,0,1,8,1,856,5,-1156772.985,-599683.868,60206110856,2011/05/18 00:00:00+00,5000,3000,37cb7a96-110a-4e6f-b898-897be89894b8
-598508.333999999,-1159170.398,519,Brno-střed,ne,nesprávný způsob jízdy,"srážka s vozidlem zaparkovaným, odstaveným",nehoda pouze s hmotnou škodou,řidič se plně nevěnoval řízení vozidla,"povrch suchý, neznečistěný",neztížené,dobré,parkoviště přiléhající ke komunikaci,komunikace místní,,,jízdní kolo,Brno-střed,,Ne,středa,květen,Veveří,,,,,,,,,,řidičem nemotorového vozidla,"ve dne, viditelnost nezhoršená vlivem povětrnostních podmínek",na jízdním pruhu,,,den,,0,70855,1,70855,1,70855,3,,,,0,,2011,0,0,0,0,0,1,14,,1455,5,-1159170.398,-598508.334,60206110862,2011/05/18 00:00:00+00,5000,0,2764862c-39fc-4819-b90e-3aa84f916606
-598165.451000001,-1159299.329,520,Brno-Královo Pole,ano,nedání přenosti v jízdě,srážka s jedoucím nekolejovým vozidlem,nehoda s následky na životě nebo zdraví,při odbočování vlevo,"povrch suchý, neznečistěný",neztížené,dobré,žádné nebo žádné z uvedených,uzel (křižovatka sledovaná ve vybraných městech),,,jízdní kolo,Brno-Královo Pole,muž,"Ano, obsah alkoholu v krvi 1,5‰ a více",pátek,květen,Ponava,,,,,,,,těžké zranění,"bez přilby (pouze u motocyklistů, příp. cyklistů)",řidičem nemotorového vozidla,"ve dne, viditelnost nezhoršená vlivem povětrnostních podmínek",na jízdním pruhu,řidič,pod vlivem alkoholu obsah alkoholu v krvi 1 ‰ a víc,den,,0,70856,1,70856,1,70856,5,56,1,1955,1,55,2011,1,0,0,1,0,1,17,1,1750,5,-1159299.329,-598165.451,60206110882,2011/05/20 00:00:00+00,51000,50000,4bd579dc-09c2-454c-a962-eeddc1adec5d
-603117.302000001,-1156590.699,521,Brno-Bystrc,ano,nesprávný způsob jízdy,"srážka s vozidlem zaparkovaným, odstaveným",nehoda s následky na životě nebo zdraví,řidič se plně nevěnoval řízení vozidla,"povrch suchý, neznečistěný",neztížené,dobré,žádné nebo žádné z uvedených,komunikace sledovaná (ve vybraných městech),,,jízdní kolo,Brno-Bystrc,žena,"Ano, obsah alkoholu v krvi od 0,8‰ do 1,0‰",sobota,květen,Bystrc,,,,,,,,lehké zranění,"bez přilby (pouze u motocyklistů, příp. cyklistů)",řidičem nemotorového vozidla,"v noci - s veřejným osvětlením, viditelnost nezhoršená vlivem povětrnostních podmínek",na jízdním pruhu,řidič,"pod vlivem alkoholu, obsah alkoholu v krvi do 0,99 ‰",noc,,1,70857,1,70857,1,70857,6,39,1,1972,1,72,2011,0,0,1,0,0,1,23,1,2330,5,-1156590.699,-603117.302,60206110888,2011/05/21 00:00:00+00,2000,1000,3ac77dd8-e229-474f-b282-f826bd173e0e
-594650.691,-1161530.629,522,Brno-Židenice,ne,nedání přenosti v jízdě,srážka s jedoucím nekolejovým vozidlem,nehoda s následky na životě nebo zdraví,při odbočování vlevo,"povrch suchý, neznečistěný",neztížené,dobré,žádné nebo žádné z uvedených,komunikace sledovaná (ve vybraných městech),,,jízdní kolo,Brno-Židenice,muž,Ne,úterý,květen,Židenice,,,,,,,,lehké zranění,"s přilbou (pouze u motocyklistů, příp. cyklistů)",řidičem motorového vozidla,"ve dne, viditelnost nezhoršená vlivem povětrnostních podmínek",na jízdním pruhu,řidič,dobrý -žádné nepříznivé okolnosti nebyly zjiště,den,,1,70858,1,70858,1,70858,2,35,1,1976,1,76,2011,0,0,1,0,0,2,15,1,1550,5,-1161530.629,-594650.691,60206110910,2011/05/24 00:00:00+00,0,0,d2b08ce0-c5b0-4ac5-89d7-51d5143b9102
-595759.734999999,-1161761.597,523,Brno-Černovice,ne,nedání přenosti v jízdě,srážka s jedoucím nekolejovým vozidlem,nehoda s následky na životě nebo zdraví,při vjíždění na silnici,"povrch suchý, neznečistěný",neztížené,dobré,parkoviště přiléhající ke komunikaci,komunikace sledovaná (ve vybraných městech),,,jízdní kolo,Brno-Černovice,muž,Ne,úterý,květen,Černovice,,,,,,,,lehké zranění,"s přilbou (pouze u motocyklistů, příp. cyklistů)",řidičem motorového vozidla,"ve dne, viditelnost nezhoršená vlivem povětrnostních podmínek",na jízdním pruhu,řidič,dobrý -žádné nepříznivé okolnosti nebyly zjiště,den,,1,70859,1,70859,1,70859,2,46,1,1965,1,65,2011,0,0,1,0,0,2,17,1,1715,5,-1161761.597,-595759.735,60206110911,2011/05/24 00:00:00+00,31000,1000,d13f1bc0-765c-40d5-918d-6e29226e493a
-600579.473999999,-1161629.454,524,Brno-střed,ne,nedání přenosti v jízdě,srážka s jedoucím nekolejovým vozidlem,nehoda s následky na životě nebo zdraví,při vjíždění na silnici,"povrch suchý, neznečistěný",neztížené,dobré,parkoviště přiléhající ke komunikaci,komunikace sledovaná (ve vybraných městech),,,jízdní kolo,Brno-střed,muž,Ne,středa,květen,Pisárky,,,,,,,,lehké zranění,"bez přilby (pouze u motocyklistů, příp. cyklistů)",řidičem motorového vozidla,"ve dne, viditelnost nezhoršená vlivem povětrnostních podmínek",žádné z uvedenýc,řidič,"pod vlivem alkoholu, obsah alkoholu v krvi do 0,99 ‰",den,,1,70861,1,70861,1,70861,3,55,1,1956,1,56,2011,0,0,1,0,0,2,19,1,1945,5,-1161629.454,-600579.474,60206110920,2011/05/25 00:00:00+00,14000,3000,1b0a5235-f529-4bae-9ba8-15f10069f7d3
-595966.388,-1159397.444,525,Brno-sever,ano,nesprávný způsob jízdy,jiný druh nehody,nehoda s následky na životě nebo zdraví,nehoda při provádění služebního zákroku (pronásledování pachatele atd.),"povrch suchý, neznečistěný",neztížené,dobré,žádné nebo žádné z uvedených,komunikace místní,,,jízdní kolo,Brno-sever,muž,"Ano, obsah alkoholu v krvi od 1,0‰ do 1,5‰",sobota,červen,Husovice,,,,,,,,lehké zranění,"bez přilby (pouze u motocyklistů, příp. cyklistů)",řidičem nemotorového vozidla,"v noci - bez veřejného osvětlení, viditelnost nezhoršená vlivem povětrnostních podmínek",na jízdním pruhu,řidič,pod vlivem alkoholu obsah alkoholu v krvi 1 ‰ a víc,noc,,1,70863,1,70863,1,70863,6,23,1,1988,1,88,2011,0,0,1,0,0,1,5,1,55,6,-1159397.444,-595966.388,60206110974,2011/06/04 00:00:00+00,0,0,a8f127ec-a57d-4189-b83b-115011e5abda
-595424.18,-1158538.618,526,Brno-Maloměřice a Obřany,ano,nesprávný způsob jízdy,srážka s jedoucím nekolejovým vozidlem,nehoda s následky na životě nebo zdraví,"jízda po nesprávné straně vozovky, vjetí do protisměru","povrch suchý, neznečistěný",neztížené,"špatné - vlivem vegetace - přechodně (tráva, obilí apod.)",žádné nebo žádné z uvedených,komunikace účelová - polní a lesní cesty atd.,,,jízdní kolo,Brno-Maloměřice a Obřany,žena,"Ano, obsah alkoholu v krvi od 0,24‰ do 0,5‰",pondělí,červen,Maloměřice,,,,,,,,bez zraněn,"s přilbou (pouze u motocyklistů, příp. cyklistů)",řidičem nemotorového vozidla,"ve dne, viditelnost nezhoršená vlivem povětrnostních podmínek",na stezce pro cyklisty,řidič,dobrý -žádné nepříznivé okolnosti nebyly zjiště,den,,0,70864,1,70864,1,70864,1,30,1,1981,1,81,2011,0,0,1,0,0,2,16,1,1610,6,-1158538.618,-595424.18,60206110992,2011/06/06 00:00:00+00,2000,0,3f1a769a-13c3-489a-8dcb-8dc68648a5f4
-595424.18,-1158538.618,527,Brno-Maloměřice a Obřany,ano,nesprávný způsob jízdy,srážka s jedoucím nekolejovým vozidlem,nehoda s následky na životě nebo zdraví,"jízda po nesprávné straně vozovky, vjetí do protisměru","povrch suchý, neznečistěný",neztížené,"špatné - vlivem vegetace - přechodně (tráva, obilí apod.)",žádné nebo žádné z uvedených,komunikace účelová - polní a lesní cesty atd.,,,jízdní kolo,Brno-Maloměřice a Obřany,muž,"Ano, obsah alkoholu v krvi od 0,24‰ do 0,5‰",pondělí,červen,Maloměřice,,,,,,,,lehké zranění,"s přilbou (pouze u motocyklistů, příp. cyklistů)",řidičem nemotorového vozidla,"ve dne, viditelnost nezhoršená vlivem povětrnostních podmínek",na stezce pro cyklisty,řidič,"pod vlivem alkoholu, obsah alkoholu v krvi do 0,99 ‰",den,,1,70865,1,70865,1,70865,1,40,1,1971,1,71,2011,0,0,1,0,0,1,16,1,1610,6,-1158538.618,-595424.18,60206110992,2011/06/06 00:00:00+00,2000,0,735e3f5e-4674-4829-99ca-dcb45edae84a
-600597.596999999,-1155228.676,528,Brno-Medlánky,ne,nesprávný způsob jízdy,havárie,nehoda s následky na životě nebo zdraví,nezvládnutí řízení vozidla,"povrch suchý, neznečistěný",neztížené,dobré,žádné nebo žádné z uvedených,komunikace místní,,,jízdní kolo,Brno-Medlánky,muž,Ne,neděle,červen,Medlánky,,,,,,,,lehké zranění,"s přilbou (pouze u motocyklistů, příp. cyklistů)",řidičem nemotorového vozidla,"ve dne, viditelnost nezhoršená vlivem povětrnostních podmínek",na jízdním pruhu,řidič,řidič při jízdě zemřel (infarkt apod.,den,,1,70866,1,70866,1,70866,7,62,1,1949,1,49,2011,0,0,1,0,0,1,11,1,1145,6,-1155228.676,-600597.597,60206111033,2011/06/12 00:00:00+00,0,0,20aa73c2-4e6e-4522-b6c9-0027ea4be4cf
-595805.300000001,-1166607.546,529,Brno-Tuřany,ne,nesprávný způsob jízdy,srážka s jedoucím nekolejovým vozidlem,nehoda s následky na životě nebo zdraví,"jízda po nesprávné straně vozovky, vjetí do protisměru","povrch suchý, neznečistěný",neztížené,dobré,žádné nebo žádné z uvedených,komunikace místní,,,jízdní kolo,Brno-Tuřany,muž,Ne,úterý,červen,Holásky,,,,,,,,lehké zranění,"s přilbou (pouze u motocyklistů, příp. cyklistů)",řidičem nemotorového vozidla,"ve dne, viditelnost nezhoršená vlivem povětrnostních podmínek",na jízdním pruhu,řidič,dobrý -žádné nepříznivé okolnosti nebyly zjiště,den,,1,70867,1,70867,1,70867,2,32,1,1979,1,79,2011,0,0,1,0,0,1,16,1,1645,6,-1166607.546,-595805.3,60206111045,2011/06/14 00:00:00+00,52000,1000,2c0b44b2-3615-41f7-abb9-c4ad6fa4ab12
-596773.884,-1160011.706,530,Brno-sever,ne,nesprávný způsob jízdy,havárie,nehoda s následky na životě nebo zdraví,řidič se plně nevěnoval řízení vozidla,"povrch suchý, neznečistěný",neztížené,dobré,žádné nebo žádné z uvedených,komunikace sledovaná (ve vybraných městech),,,jízdní kolo,Brno-sever,muž,Ne,čtvrtek,červen,Zábrdovice,,,,,,,,lehké zranění,"bez přilby (pouze u motocyklistů, příp. cyklistů)",řidičem nemotorového vozidla,"ve dne, viditelnost nezhoršená vlivem povětrnostních podmínek",na kolejích tramvaje,řidič,dobrý -žádné nepříznivé okolnosti nebyly zjiště,den,,1,70868,1,70868,1,70868,4,28,1,1983,1,83,2011,0,0,1,0,0,1,15,1,1555,6,-1160011.706,-596773.884,60206111062,2011/06/16 00:00:00+00,1000,1000,65155849-6fe1-4d8c-a64d-6d34f36034da
-599978.638999999,-1159728.4,531,Brno-střed,nezjišťováno,nesprávný způsob jízdy,srážka s jedoucím nekolejovým vozidlem,nehoda pouze s hmotnou škodou,řidič se plně nevěnoval řízení vozidla,"povrch suchý, neznečistěný",neztížené,dobré,v blízkosti přechodu pro chodce (do vzdálenosti 20 m),komunikace sledovaná (ve vybraných městech),,,jízdní kolo,Brno-střed,,Nezjišťován,středa,červen,Veveří,,,,,,,,,,řidičem motorového vozidla,"ve dne, viditelnost nezhoršená vlivem povětrnostních podmínek",na jízdním pruhu,,,den,,0,70869,1,70869,1,70869,3,,,,1,,2011,0,0,0,0,0,2,11,,1125,6,-1159728.4,-599978.639,60206111106,2011/06/22 00:00:00+00,100,0,7f85a26d-3ea8-4412-9dba-8ddc96d98552
-599287.802999999,-1155780.896,532,Brno-Řečkovice a Mokrá Hora,ne,nedání přenosti v jízdě,srážka s jedoucím nekolejovým vozidlem,nehoda s následky na životě nebo zdraví,proti příkazu dopravní značky DEJ PŘEDNOST,"povrch suchý, neznečistěný",neztížené,dobré,přechod pro chodce,uzel (křižovatka sledovaná ve vybraných městech),,,jízdní kolo,Brno-Řečkovice a Mokrá Hora,muž,Ne,pondělí,červen,Řečkovice,,,,,,,,lehké zranění,"s přilbou (pouze u motocyklistů, příp. cyklistů)",řidičem motorového vozidla,"ve dne, viditelnost nezhoršená vlivem povětrnostních podmínek",na jízdním pruhu,řidič,dobrý -žádné nepříznivé okolnosti nebyly zjiště,den,,1,70870,1,70870,1,70870,1,66,1,1945,1,45,2011,0,0,1,0,0,2,15,1,1500,6,-1155780.896,-599287.803,60206111130,2011/06/27 00:00:00+00,3500,1000,6e8d13af-7fda-4f32-bb82-409294de2b69
-596248.034000002,-1156375.578,533,Brno-sever,ne,nedání přenosti v jízdě,srážka s jedoucím nekolejovým vozidlem,nehoda s následky na životě nebo zdraví,při odbočování vlevo,"povrch suchý, neznečistěný",neztížené,dobré,žádné nebo žádné z uvedených,komunikace sledovaná (ve vybraných městech),,,jízdní kolo,Brno-sever,muž,Ne,pondělí,červen,Lesná,,,,,,,,lehké zranění,"s přilbou (pouze u motocyklistů, příp. cyklistů)",řidičem motorového vozidla,"ve dne, viditelnost nezhoršená vlivem povětrnostních podmínek",na jízdním pruhu,řidič,dobrý -žádné nepříznivé okolnosti nebyly zjiště,den,,1,70871,1,70871,1,70871,1,28,1,1983,1,83,2011,0,0,1,0,0,2,17,1,1715,6,-1156375.578,-596248.034,60206111132,2011/06/27 00:00:00+00,25000,20000,864a2bc5-d4a0-40b5-8846-adaf218f6553
-599691.241,-1157730.88,534,Brno-Žabovřesky,ne,nesprávný způsob jízdy,srážka s jedoucím nekolejovým vozidlem,nehoda s následky na životě nebo zdraví,řidič se plně nevěnoval řízení vozidla,"povrch suchý, neznečistěný",neztížené,dobré,žádné nebo žádné z uvedených,komunikace sledovaná (ve vybraných městech),,,jízdní kolo,Brno-Žabovřesky,muž,Ne,středa,červen,Žabovřesky,,,,,,,,lehké zranění,"s přilbou (pouze u motocyklistů, příp. cyklistů)",řidičem motorového vozidla,"ve dne, viditelnost nezhoršená vlivem povětrnostních podmínek",na jízdním pruhu,řidič,dobrý -žádné nepříznivé okolnosti nebyly zjiště,den,,1,70872,1,70872,1,70872,3,28,1,1983,1,83,2011,0,0,1,0,0,2,7,1,720,6,-1157730.88,-599691.241,60206111146,2011/06/29 00:00:00+00,3000,1000,b4bea9f1-c97a-484b-8dae-7fbfa2bffccf