X,Y,objectid_1,zuj,alkohol_vinik,hlavni_pricina,srazka,nasledky,pricina,stav_vozovky,povetrnostni_podm,rozhled,misto_nehody,druh_komun,pneumatiky,druh_pohonu,druh_vozidla,mestska_cast,pohlavi,alkohol,den_v_tydnu,mesic_t,katastr,chovani_chodce,stav_chodce,drogy_chodec,alkohol_chodec,osobni_prepravnik,reflexni_prvky,kategorie_chodce,nasledek,ozn_osoba,zavineni,viditelnost,situovani,osoba,stav_ridic,doba,smrt_po,lz,target_fid_1,join_count_1,objectid,join_count,target_fid,den,vek,smrt_dny,rok_nar,p48a,p59d,rok,tz,smrt,lehce_zran_os,tezce_zran_os,usmrceno_os,id_vozidla,hodina,ovlivneni_ridice,cas,mesic,e,d,id_nehody,datum,hmotna_skoda_1,skoda_vozidlo,globalid
-597082.142000001,-1157797.679,535,Brno-Královo Pole,ne,nedání přenosti v jízdě,srážka s jedoucím nekolejovým vozidlem,nehoda s následky na životě nebo zdraví,při odbočování vlevo,povrch mokrý,neztížené,dobré,žádné nebo žádné z uvedených,komunikace sledovaná (ve vybraných městech),,,jízdní kolo,Brno-Královo Pole,žena,Ne,pátek,červenec,Královo Pole,,,,,,,,těžké zranění,"bez přilby (pouze u motocyklistů, příp. cyklistů)",řidičem motorového vozidla,"ve dne, viditelnost nezhoršená vlivem povětrnostních podmínek",na jízdním pruhu,řidič,dobrý -žádné nepříznivé okolnosti nebyly zjiště,den,,0,70875,1,70875,1,70875,5,49,1,1962,1,62,2011,1,0,0,1,0,2,6,1,645,7,-1157797.679,-597082.142,60206111165,2011/07/01 00:00:00+00,32000,2000,80c909c4-6c46-49cc-a70c-0e7c87900481
-592240.949000001,-1162976.988,536,Brno-Slatina,ne,nesprávný způsob jízdy,"srážka s vozidlem zaparkovaným, odstaveným",nehoda s následky na životě nebo zdraví,řidič se plně nevěnoval řízení vozidla,"povrch suchý, neznečistěný",neztížené,dobré,žádné nebo žádné z uvedených,komunikace sledovaná (ve vybraných městech),,,jízdní kolo,Brno-Slatina,žena,Ne,středa,červenec,Slatina,,,,,,,,lehké zranění,"s přilbou (pouze u motocyklistů, příp. cyklistů)",řidičem nemotorového vozidla,"ve dne, viditelnost nezhoršená vlivem povětrnostních podmínek",žádné z uvedenýc,řidič,dobrý -žádné nepříznivé okolnosti nebyly zjiště,den,,1,70876,1,70876,1,70876,3,61,1,1950,1,50,2011,0,0,1,0,0,1,18,1,1820,7,-1162976.988,-592240.949,60206111190,2011/07/06 00:00:00+00,6000,1000,390e9a29-356a-46b2-a2f7-88d073181b72
-594596.153999999,-1157369.32,537,Brno-Maloměřice a Obřany,ne,nezaviněno řidičem,srážka s chodcem,nehoda s následky na životě nebo zdraví,nezaviněná řidičem,"povrch suchý, neznečistěný",neztížené,dobré,žádné nebo žádné z uvedených,komunikace místní,,,jízdní kolo,Brno-Maloměřice a Obřany,žena,Ne,čtvrtek,červenec,Obřany,,,,,,,,bez zraněn,"bez přilby (pouze u motocyklistů, příp. cyklistů)",chodcem,"ve dne, viditelnost nezhoršená vlivem povětrnostních podmínek",na jízdním pruhu,řidič,dobrý -žádné nepříznivé okolnosti nebyly zjiště,den,,0,70877,1,70877,1,70877,4,24,1,1987,1,87,2011,0,0,1,0,0,1,17,1,1725,7,-1157369.32,-594596.154,60206111198,2011/07/07 00:00:00+00,3000,3000,6d2421f8-6ecb-42cb-be28-235784d48be7
-597019.960999999,-1164037.186,538,Brno-jih,ne,nedání přenosti v jízdě,srážka s jedoucím nekolejovým vozidlem,nehoda s následky na životě nebo zdraví,při odbočování vlevo,"povrch suchý, neznečistěný",neztížené,dobré,v blízkosti přechodu pro chodce (do vzdálenosti 20 m),uzel (křižovatka sledovaná ve vybraných městech),,,jízdní kolo,Brno-jih,muž,Ne,pátek,červenec,Horní Heršpice,,,,,,,,lehké zranění,"bez přilby (pouze u motocyklistů, příp. cyklistů)",řidičem motorového vozidla,"ve dne, viditelnost nezhoršená vlivem povětrnostních podmínek",na jízdním pruhu,řidič,dobrý -žádné nepříznivé okolnosti nebyly zjiště,den,,1,70878,1,70878,1,70878,5,27,1,1984,1,84,2011,0,0,1,0,0,2,7,1,705,7,-1164037.186,-597019.961,60206111199,2011/07/08 00:00:00+00,12000,2000,b4ab15f7-ffec-4dcb-bc4e-db2b580e8100
-600972.885000002,-1160573.522,539,Brno-střed,ne,nedání přenosti v jízdě,srážka s jedoucím nekolejovým vozidlem,nehoda s následky na životě nebo zdraví,při odbočování vlevo,"povrch suchý, neznečistěný",neztížené,dobré,přechod pro chodce,uzel (křižovatka sledovaná ve vybraných městech),,,jízdní kolo,Brno-střed,muž,Ne,pátek,červenec,Pisárky,,,,,,,,lehké zranění,"s přilbou (pouze u motocyklistů, příp. cyklistů)",řidičem motorového vozidla,"ve dne, viditelnost nezhoršená vlivem povětrnostních podmínek",na jízdním pruhu,řidič,dobrý -žádné nepříznivé okolnosti nebyly zjiště,den,,1,70879,1,70879,1,70879,5,42,1,1969,1,69,2011,0,0,1,0,0,2,7,1,740,7,-1160573.522,-600972.885,60206111201,2011/07/08 00:00:00+00,1000,1000,f725c49a-58ab-46ca-aab7-23f612431800
-593306.307999998,-1158979.769,540,Brno-Vinohrady,nezjišťováno,nesprávný způsob jízdy,havárie,nehoda s následky na životě nebo zdraví,řidič se plně nevěnoval řízení vozidla,"povrch suchý, neznečistěný",neztížené,dobré,"výjezd z parkoviště, lesní cesty apod. (pol.36=7,8)",komunikace místní,,,jízdní kolo,Brno-Vinohrady,muž,Nezjišťován,čtvrtek,červenec,Židenice,,,,,,,,lehké zranění,"bez přilby (pouze u motocyklistů, příp. cyklistů)",řidičem nemotorového vozidla,"ve dne, viditelnost nezhoršená vlivem povětrnostních podmínek",na jízdním pruhu,řidič,dobrý -žádné nepříznivé okolnosti nebyly zjiště,den,,1,70880,1,70880,1,70880,4,37,1,1974,1,74,2011,0,0,1,0,0,1,20,1,2000,7,-1158979.769,-593306.308,60206111212,2011/07/07 00:00:00+00,0,0,842f9fc6-2175-42e9-bb65-9ca5f19a6a0c
-595766.618000001,-1161757.311,541,Brno-Černovice,ne,nedání přenosti v jízdě,havárie,nehoda s následky na životě nebo zdraví,při odbočování vlevo,"povrch suchý, neznečistěný",neztížené,dobré,v blízkosti přechodu pro chodce (do vzdálenosti 20 m),komunikace sledovaná (ve vybraných městech),,,jízdní kolo,Brno-Černovice,muž,Ne,čtvrtek,červenec,Černovice,,,,,,,,lehké zranění,"s přilbou (pouze u motocyklistů, příp. cyklistů)",řidičem motorového vozidla,"ve dne, viditelnost nezhoršená vlivem povětrnostních podmínek",na jízdním pruhu,řidič,dobrý -žádné nepříznivé okolnosti nebyly zjiště,den,,1,70881,1,70881,1,70881,4,32,1,1979,1,79,2011,0,0,1,0,0,2,14,1,1440,7,-1161757.311,-595766.618,60206111241,2011/07/14 00:00:00+00,1000,0,612b9587-9210-410d-9c1c-9a373c29a274
-599788.554000001,-1158532.362,542,Brno-Žabovřesky,ne,nesprávný způsob jízdy,srážka s jedoucím nekolejovým vozidlem,nehoda s následky na životě nebo zdraví,jiný druh nesprávného způsobu jízdy,"povrch suchý, neznečistěný",neztížené,dobré,přechod pro chodce,uzel (křižovatka sledovaná ve vybraných městech),,,jízdní kolo,Brno-Žabovřesky,muž,Ne,pátek,červenec,Žabovřesky,,,,,,,,lehké zranění,"bez přilby (pouze u motocyklistů, příp. cyklistů)",řidičem nemotorového vozidla,"ve dne, viditelnost nezhoršená vlivem povětrnostních podmínek",na jízdním pruhu,řidič,dobrý -žádné nepříznivé okolnosti nebyly zjiště,den,,1,70882,1,70882,1,70882,5,77,1,1934,1,34,2011,0,0,1,0,0,1,19,1,1940,7,-1158532.362,-599788.554,60206111253,2011/07/15 00:00:00+00,32000,2000,506b08e7-bcf7-481c-b465-47e5448d14d2
-603404.227000002,-1156967.04,543,Brno-Bystrc,nezjišťováno,nedání přenosti v jízdě,srážka s jedoucím nekolejovým vozidlem,nehoda s následky na životě nebo zdraví,při odbočování vlevo,"povrch suchý, neznečistěný",neztížené,dobré,žádné nebo žádné z uvedených,uzel (křižovatka sledovaná ve vybraných městech),,,jízdní kolo,Brno-Bystrc,dívka (do 15 let),Nezjišťován,sobota,červenec,Bystrc,,,,,,,,lehké zranění,"s přilbou (pouze u motocyklistů, příp. cyklistů)",řidičem nemotorového vozidla,"ve dne, viditelnost nezhoršená vlivem povětrnostních podmínek",žádné z uvedenýc,řidič,dobrý -žádné nepříznivé okolnosti nebyly zjiště,den,,1,70883,1,70883,1,70883,6,8,1,2003,1,3,2011,0,0,2,0,0,1,16,1,1610,7,-1156967.04,-603404.227,60206111257,2011/07/16 00:00:00+00,10000,0,bdda57da-05c4-4bb6-afdc-d595dc9228bc
-598976.890999999,-1153200.114,544,Brno-Řečkovice a Mokrá Hora,nezjišťováno,nepřiměřená rychlost jízdy,"srážka s vozidlem zaparkovaným, odstaveným",nehoda s následky na životě nebo zdraví,"nepřizpůsobení rychlosti dopravně technickému stavu vozovky (zatáčka, klesání, stoupání, šířka vozovky apod.)","povrch suchý, neznečistěný",neztížené,dobré,žádné nebo žádné z uvedených,komunikace místní,,,jízdní kolo,Brno-Řečkovice a Mokrá Hora,muž,Nezjišťován,pondělí,červenec,Mokrá Hora,,,,,,,,lehké zranění,"s přilbou (pouze u motocyklistů, příp. cyklistů)",řidičem nemotorového vozidla,"ve dne, viditelnost nezhoršená vlivem povětrnostních podmínek",na jízdním pruhu,řidič,dobrý -žádné nepříznivé okolnosti nebyly zjiště,den,,1,70884,1,70884,1,70884,1,18,1,1993,1,93,2011,0,0,1,0,0,1,14,1,1440,7,-1153200.114,-598976.891,60206111266,2011/07/18 00:00:00+00,45000,5000,5cad77c7-587b-4818-809b-e0957421b48e
-604001.088,-1156453.902,545,Brno-Bystrc,nezjišťováno,nepřiměřená rychlost jízdy,havárie,nehoda s následky na životě nebo zdraví,"nepřizpůsobení rychlosti stavu vozovky (náledí, výtluky, bláto, mokrý povrch apod.)",povrch mokrý,déšť,dobré,žádné nebo žádné z uvedených,komunikace sledovaná (ve vybraných městech),,,jízdní kolo,Brno-Bystrc,žena,Nezjišťován,pondělí,červenec,Bystrc,,,,,,,,lehké zranění,"s přilbou (pouze u motocyklistů, příp. cyklistů)",řidičem nemotorového vozidla,"ve dne, zhoršená viditelnost vlivem povětrnostních podmínek (mlha, sněžení, déšť apod.)",na jízdním pruhu,řidič,dobrý -žádné nepříznivé okolnosti nebyly zjiště,den,,1,70885,1,70885,1,70885,1,38,1,1973,1,73,2011,0,0,1,0,0,1,7,1,700,7,-1156453.902,-604001.088,60206111269,2011/07/18 00:00:00+00,0,0,4f4db328-df79-417b-91c8-8231173d38cb
-594566.774,-1166771.751,546,Brno-Tuřany,nezjišťováno,nesprávný způsob jízdy,"srážka s vozidlem zaparkovaným, odstaveným",nehoda s následky na životě nebo zdraví,řidič se plně nevěnoval řízení vozidla,"povrch suchý, neznečistěný",neztížené,dobré,žádné nebo žádné z uvedených,komunikace místní,,,jízdní kolo,Brno-Tuřany,žena,Nezjišťován,pondělí,červenec,Tuřany,,,,,,,,lehké zranění,"bez přilby (pouze u motocyklistů, příp. cyklistů)",řidičem motorového vozidla,"ve dne, viditelnost nezhoršená vlivem povětrnostních podmínek",na jízdním pruhu,řidič,dobrý -žádné nepříznivé okolnosti nebyly zjiště,den,,1,70886,1,70886,1,70886,1,41,1,1970,1,70,2011,0,0,1,0,0,2,15,1,1530,7,-1166771.751,-594566.774,60206111282,2011/07/11 00:00:00+00,2000,1000,99d668a3-2669-4e96-aae7-86ac0e23a1af
-595618.324999999,-1155394.797,547,Brno-Maloměřice a Obřany,ne,nesprávný způsob jízdy,havárie,nehoda s následky na životě nebo zdraví,řidič se plně nevěnoval řízení vozidla,"povrch suchý, neznečistěný",neztížené,dobré,žádné nebo žádné z uvedených,komunikace místní,,,jízdní kolo,Brno-Maloměřice a Obřany,muž,Ne,sobota,červenec,Obřany,,,,,,,,lehké zranění,"s přilbou (pouze u motocyklistů, příp. cyklistů)",řidičem nemotorového vozidla,"ve dne, viditelnost nezhoršená vlivem povětrnostních podmínek",žádné z uvedenýc,řidič,dobrý -žádné nepříznivé okolnosti nebyly zjiště,den,,1,70888,1,70888,1,70888,6,30,1,1981,1,81,2011,0,0,1,0,0,1,14,1,1400,7,-1155394.797,-595618.325,60206111301,2011/07/23 00:00:00+00,0,0,0c013131-c8b4-4e97-84e0-2af9f7379dec
-598135.309,-1159790.914,548,Brno-střed,nezjišťováno,nesprávný způsob jízdy,srážka s jedoucím nekolejovým vozidlem,nehoda pouze s hmotnou škodou,nesprávné otáčení nebo couvání,"povrch suchý, neznečistěný",neztížené,dobré,parkoviště přiléhající ke komunikaci,komunikace místní,,,jízdní kolo,Brno-střed,muž,Nezjišťován,pondělí,květen,Veveří,,,,,,,,bez zraněn,"s přilbou (pouze u motocyklistů, příp. cyklistů)",řidičem motorového vozidla,"ve dne, viditelnost nezhoršená vlivem povětrnostních podmínek",na jízdním pruhu,řidič,dobrý -žádné nepříznivé okolnosti nebyly zjiště,den,,0,70889,1,70889,1,70889,1,38,1,1973,1,73,2011,0,0,0,0,0,2,17,1,1755,5,-1159790.914,-598135.309,60206111328,2011/05/23 00:00:00+00,600,0,f1029e2c-bffb-4f33-aaa7-e4287b0ab081
-604743.686999999,-1156615.346,549,Brno-Bystrc,nezjišťováno,nesprávný způsob jízdy,srážka s jedoucím nekolejovým vozidlem,nehoda s následky na životě nebo zdraví,řidič se plně nevěnoval řízení vozidla,"povrch suchý, neznečistěný",neztížené,dobré,žádné nebo žádné z uvedených,komunikace sledovaná (ve vybraných městech),,,jízdní kolo,Brno-Bystrc,muž,Nezjišťován,čtvrtek,květen,Bystrc,,,,,,,,lehké zranění,"s přilbou (pouze u motocyklistů, příp. cyklistů)",řidičem motorového vozidla,"ve dne, viditelnost nezhoršená vlivem povětrnostních podmínek",na jízdním pruhu,řidič,dobrý -žádné nepříznivé okolnosti nebyly zjiště,den,,1,70890,1,70890,1,70890,4,31,1,1980,1,80,2011,0,0,1,0,0,2,19,1,1930,5,-1156615.346,-604743.687,60206111358,2011/05/26 00:00:00+00,1000,0,b157a4a0-b160-4576-8c32-f9a0719dc363
-596735.181000002,-1160046.976,550,Brno-sever,nezjišťováno,nesprávný způsob jízdy,srážka s jedoucím nekolejovým vozidlem,nehoda s následky na životě nebo zdraví,řidič se plně nevěnoval řízení vozidla,"povrch suchý, neznečistěný",neztížené,dobré,žádné nebo žádné z uvedených,komunikace místní,,,jízdní kolo,Brno-sever,chlapec (do 15 let),Nezjišťován,středa,srpen,Zábrdovice,,,,,,,,lehké zranění,"bez přilby (pouze u motocyklistů, příp. cyklistů)",řidičem motorového vozidla,"ve dne, viditelnost nezhoršená vlivem povětrnostních podmínek",na jízdním pruhu,řidič,dobrý -žádné nepříznivé okolnosti nebyly zjiště,den,,1,70891,1,70891,1,70891,3,13,1,1998,1,98,2011,0,0,1,0,0,2,19,1,1915,8,-1160046.976,-596735.181,60206111369,2011/08/03 00:00:00+00,5000,5000,d637a2bc-c034-4133-bd12-b263f514d675
-596780.063999999,-1160005.513,551,Brno-sever,ano,nedání přenosti v jízdě,srážka s chodcem,nehoda s následky na životě nebo zdraví,chodci na vyznačeném přechodu,"povrch suchý, neznečistěný",neztížené,dobré,přechod pro chodce,komunikace sledovaná (ve vybraných městech),,,jízdní kolo,Brno-sever,muž,"Ano, obsah alkoholu v krvi 1,5‰ a více",pátek,srpen,Zábrdovice,,,,,,,,lehké zranění,"bez přilby (pouze u motocyklistů, příp. cyklistů)",řidičem nemotorového vozidla,"ve dne, viditelnost nezhoršená vlivem povětrnostních podmínek",na jízdním pruhu,řidič,pod vlivem alkoholu obsah alkoholu v krvi 1 ‰ a víc,den,,1,70892,1,70892,1,70892,5,29,1,1982,1,82,2011,0,0,1,0,0,1,12,1,1250,8,-1160005.513,-596780.064,60206111376,2011/08/05 00:00:00+00,3000,3000,4634a3d7-a63c-4b79-81a7-fb02cbe493b1
-601362.173999999,-1160669.1,552,Brno-střed,ne,nedání přenosti v jízdě,srážka s jedoucím nekolejovým vozidlem,nehoda s následky na životě nebo zdraví,proti příkazu dopravní značky DEJ PŘEDNOST,povrch mokrý,déšť,dobré,žádné nebo žádné z uvedených,uzel (křižovatka sledovaná ve vybraných městech),,,jízdní kolo,Brno-střed,muž,Ne,pondělí,srpen,Pisárky,,,,,,,,lehké zranění,"s přilbou (pouze u motocyklistů, příp. cyklistů)",řidičem motorového vozidla,"ve dne, viditelnost nezhoršená vlivem povětrnostních podmínek",na stezce pro cyklisty,řidič,dobrý -žádné nepříznivé okolnosti nebyly zjiště,den,,1,70893,1,70893,1,70893,1,29,1,1982,1,82,2011,0,0,1,0,0,2,16,1,1600,8,-1160669.1,-601362.174,60206111398,2011/08/08 00:00:00+00,36000,30000,76688b7b-0f62-4113-a03a-edba524b8af4
-604242.552999999,-1157194.131,553,Brno-Bystrc,ne,nepřiměřená rychlost jízdy,havárie,nehoda s následky na životě nebo zdraví,jiný druh nepřiměřené rychlosti,"povrch suchý, neznečistěný",neztížené,dobré,žádné nebo žádné z uvedených,komunikace sledovaná (ve vybraných městech),,,jízdní kolo,Brno-Bystrc,muž,Ne,pátek,srpen,Bystrc,,,,,,,,lehké zranění,"bez přilby (pouze u motocyklistů, příp. cyklistů)",řidičem nemotorového vozidla,"ve dne, viditelnost nezhoršená vlivem povětrnostních podmínek",na jízdním pruhu,řidič,dobrý -žádné nepříznivé okolnosti nebyly zjiště,den,,1,70894,1,70894,1,70894,5,47,1,1964,1,64,2011,0,0,1,0,0,1,14,1,1422,8,-1157194.131,-604242.553,60206111424,2011/08/12 00:00:00+00,2000,2000,e355de0a-c7f8-40e7-9e93-ba08952d1421
-595660.635000002,-1159536.637,554,Brno-Židenice,ne,nedání přenosti v jízdě,srážka s jedoucím nekolejovým vozidlem,nehoda s následky na životě nebo zdraví,vozidlu přijíždějícímu zprava,"povrch suchý, neznečistěný",neztížené,dobré,žádné nebo žádné z uvedených,komunikace místní,,,jízdní kolo,Brno-Židenice,muž,Ne,pátek,srpen,Židenice,,,,,,,,těžké zranění,"s přilbou (pouze u motocyklistů, příp. cyklistů)",řidičem motorového vozidla,"ve dne, viditelnost nezhoršená vlivem povětrnostních podmínek",na jízdním pruhu,řidič,dobrý -žádné nepříznivé okolnosti nebyly zjiště,den,,0,70895,1,70895,1,70895,5,62,1,1949,1,49,2011,1,0,0,1,0,2,17,1,1734,8,-1159536.637,-595660.635,60206111463,2011/08/19 00:00:00+00,16000,1000,d64e0222-e50a-4a44-a5e9-2e18bc350101
-602093.590999998,-1163573.725,555,Brno-Starý Lískovec,ano,nesprávný způsob jízdy,jiný druh nehody,nehoda s následky na životě nebo zdraví,řidič se plně nevěnoval řízení vozidla,povrch mokrý,déšť,dobré,žádné nebo žádné z uvedených,komunikace sledovaná (ve vybraných městech),,,jízdní kolo,Brno-Starý Lískovec,muž,"Ano, obsah alkoholu v krvi 1,5‰ a více",sobota,srpen,Starý Lískovec,,,,,,,,lehké zranění,"bez přilby (pouze u motocyklistů, příp. cyklistů)",řidičem nemotorového vozidla,"v noci - s veřejným osvětlením, viditelnost nezhoršená vlivem povětrnostních podmínek",na chodníku nebo ostrůvku,řidič,pod vlivem alkoholu obsah alkoholu v krvi 1 ‰ a víc,den,,1,70896,1,70896,1,70896,6,39,1,1972,1,72,2011,0,0,1,0,0,1,17,0,1740,8,-1163573.725,-602093.591,60206111514,2011/08/27 00:00:00+00,100,100,d7e10cf6-e497-45aa-b32d-b717fab91693
-603045.324999999,-1160317.363,556,Brno-Kohoutovice,ne,nedání přenosti v jízdě,srážka s jedoucím nekolejovým vozidlem,nehoda s následky na životě nebo zdraví,při odbočování vlevo,"povrch suchý, neznečistěný",neztížené,dobré,přechod pro chodce,komunikace sledovaná (ve vybraných městech),,,jízdní kolo,Brno-Kohoutovice,muž,Ne,středa,srpen,Kohoutovice,,,,,,,,lehké zranění,"s přilbou (pouze u motocyklistů, příp. cyklistů)",řidičem motorového vozidla,"ve dne, viditelnost nezhoršená vlivem povětrnostních podmínek",na jízdním pruhu,řidič,dobrý -žádné nepříznivé okolnosti nebyly zjiště,den,,1,70897,1,70897,1,70897,3,31,1,1980,1,80,2011,0,0,1,0,0,2,16,1,1615,8,-1160317.363,-603045.325,60206111541,2011/08/31 00:00:00+00,26000,15000,1921cf83-454d-41c4-8731-324f6ea1bdbd
-601657.927000001,-1162009.591,557,Brno-Nový Lískovec,ne,nedání přenosti v jízdě,srážka s jedoucím nekolejovým vozidlem,nehoda s následky na životě nebo zdraví,při odbočování vlevo,"povrch suchý, neznečistěný",neztížené,dobré,přechod pro chodce,komunikace sledovaná (ve vybraných městech),,,jízdní kolo,Brno-Nový Lískovec,muž,Ne,čtvrtek,září,Nový Lískovec,,,,,,,,lehké zranění,"s přilbou (pouze u motocyklistů, příp. cyklistů)",řidičem motorového vozidla,"ve dne, viditelnost nezhoršená vlivem povětrnostních podmínek",na jízdním pruhu,řidič,dobrý -žádné nepříznivé okolnosti nebyly zjiště,den,,1,70898,1,70898,1,70898,4,54,1,1957,1,57,2011,0,0,1,0,0,2,17,1,1715,9,-1162009.591,-601657.927,60206111546,2011/09/01 00:00:00+00,22000,10000,49f40b9c-1bfa-4af4-9c29-ef18193523ef
-601310.243000001,-1163790.371,558,Brno-Starý Lískovec,ne,nedání přenosti v jízdě,srážka s jedoucím nekolejovým vozidlem,nehoda s následky na životě nebo zdraví,při vjíždění na silnici,"povrch suchý, neznečistěný",neztížené,dobré,žádné nebo žádné z uvedených,komunikace místní,,,jízdní kolo,Brno-Starý Lískovec,muž,Ne,čtvrtek,září,Starý Lískovec,,,,,,,,lehké zranění,"s přilbou (pouze u motocyklistů, příp. cyklistů)",řidičem nemotorového vozidla,"v noci - s veřejným osvětlením, viditelnost nezhoršená vlivem povětrnostních podmínek",na jízdním pruhu,řidič,dobrý -žádné nepříznivé okolnosti nebyly zjiště,den,,1,70899,1,70899,1,70899,4,15,1,1996,1,96,2011,0,0,1,0,0,1,18,1,1815,9,-1163790.371,-601310.243,60206111547,2011/09/01 00:00:00+00,21000,20000,2e45d508-ac69-4f5c-a71c-64b172b96f9d
-600861.208999999,-1159335.589,559,Brno-Žabovřesky,ne,nedání přenosti v jízdě,srážka s jedoucím nekolejovým vozidlem,nehoda pouze s hmotnou škodou,jiné nedání přednosti,"povrch suchý, neznečistěný",neztížené,dobré,přechod pro chodce,komunikace sledovaná (ve vybraných městech),,,jízdní kolo,Brno-Žabovřesky,chlapec (do 15 let),Ne,pátek,září,Žabovřesky,,,,,,,,bez zraněn,"s přilbou (pouze u motocyklistů, příp. cyklistů)",řidičem motorového vozidla,"ve dne, viditelnost nezhoršená vlivem povětrnostních podmínek",na jízdním pruhu,řidič,dobrý -žádné nepříznivé okolnosti nebyly zjiště,den,,0,70900,1,70900,1,70900,5,7,1,2004,1,4,2011,0,0,0,0,0,2,11,1,1118,9,-1159335.589,-600861.209,60206111550,2011/09/02 00:00:00+00,100,0,723a103f-afc1-4d52-9fe0-10290c2c3087
-598394.366,-1157159.511,560,Brno-Královo Pole,ne,nesprávný způsob jízdy,srážka s jedoucím nekolejovým vozidlem,nehoda s následky na životě nebo zdraví,řidič se plně nevěnoval řízení vozidla,"povrch suchý, neznečistěný",neztížené,dobré,žádné nebo žádné z uvedených,uzel (křižovatka sledovaná ve vybraných městech),,,jízdní kolo,Brno-Královo Pole,muž,Ne,pátek,září,Královo Pole,,,,,,,,lehké zranění,"s přilbou (pouze u motocyklistů, příp. cyklistů)",řidičem motorového vozidla,"ve dne, viditelnost nezhoršená vlivem povětrnostních podmínek",na jízdním pruhu,řidič,dobrý -žádné nepříznivé okolnosti nebyly zjiště,den,,1,70901,1,70901,1,70901,5,39,1,1972,1,72,2011,0,0,1,0,0,2,15,1,1535,9,-1157159.511,-598394.366,60206111553,2011/09/02 00:00:00+00,2000,1000,56ea8023-48b9-4e98-ab92-38a0ea870bb6
-601311.021000002,-1162344.12,561,Brno-Bohunice,ne,nedání přenosti v jízdě,srážka s jedoucím nekolejovým vozidlem,nehoda s následky na životě nebo zdraví,proti příkazu dopravní značky DEJ PŘEDNOST,"povrch suchý, neznečistěný",neztížené,dobré,žádné nebo žádné z uvedených,komunikace místní,,,jízdní kolo,Brno-Bohunice,žena,Ne,sobota,září,Bohunice,,,,,,,,lehké zranění,"bez přilby (pouze u motocyklistů, příp. cyklistů)",řidičem motorového vozidla,"ve dne, viditelnost nezhoršená vlivem povětrnostních podmínek",na jízdním pruhu,řidič,dobrý -žádné nepříznivé okolnosti nebyly zjiště,den,,1,70902,1,70902,1,70902,6,27,1,1984,1,84,2011,0,0,1,0,0,2,9,1,930,9,-1162344.12,-601311.021,60206111559,2011/09/03 00:00:00+00,13000,10000,b834d2a7-ac5b-4654-b2e1-89d1421943c8
-595794.388999999,-1165329.298,562,Brno-Tuřany,ne,nedání přenosti v jízdě,srážka s jedoucím nekolejovým vozidlem,nehoda s následky na životě nebo zdraví,při odbočování vlevo,"povrch suchý, neznečistěný",neztížené,dobré,žádné nebo žádné z uvedených,uzel (křižovatka sledovaná ve vybraných městech),,,jízdní kolo,Brno-Tuřany,muž,Ne,neděle,září,Brněnské Ivanovice,,,,,,,,lehké zranění,"bez přilby (pouze u motocyklistů, příp. cyklistů)",řidičem motorového vozidla,"ve dne, viditelnost nezhoršená vlivem povětrnostních podmínek",na jízdním pruhu,řidič,dobrý -žádné nepříznivé okolnosti nebyly zjiště,den,,1,70903,1,70903,1,70903,7,24,1,1987,1,87,2011,0,0,1,0,0,2,13,1,1330,9,-1165329.298,-595794.389,60206111561,2011/09/04 00:00:00+00,105000,5000,a0e33898-f54e-4b8c-a20c-e47ea758d4a2
-593406.309999999,-1162638.495,563,Brno-Slatina,ne,nedání přenosti v jízdě,jiný druh nehody,nehoda s následky na životě nebo zdraví,při odbočování vlevo,"povrch suchý, neznečistěný",neztížené,dobré,žádné nebo žádné z uvedených,komunikace sledovaná (ve vybraných městech),,,jízdní kolo,Brno-Slatina,muž,Ne,neděle,září,Slatina,,,,,,,,lehké zranění,"bez přilby (pouze u motocyklistů, příp. cyklistů)",řidičem motorového vozidla,"v noci - s veřejným osvětlením, viditelnost nezhoršená vlivem povětrnostních podmínek",na jízdním pruhu,řidič,dobrý -žádné nepříznivé okolnosti nebyly zjiště,den,,1,70904,1,70904,1,70904,7,31,1,1980,1,80,2011,0,0,1,0,0,2,20,1,2010,9,-1162638.495,-593406.31,60206111565,2011/09/04 00:00:00+00,12000,10000,910b018d-d125-448e-b702-a01eb5038aeb