X,Y,objectid_1,zuj,alkohol_vinik,hlavni_pricina,srazka,nasledky,pricina,stav_vozovky,povetrnostni_podm,rozhled,misto_nehody,druh_komun,pneumatiky,druh_pohonu,druh_vozidla,mestska_cast,pohlavi,alkohol,den_v_tydnu,mesic_t,katastr,chovani_chodce,stav_chodce,drogy_chodec,alkohol_chodec,osobni_prepravnik,reflexni_prvky,kategorie_chodce,nasledek,ozn_osoba,zavineni,viditelnost,situovani,osoba,stav_ridic,doba,smrt_po,lz,target_fid_1,join_count_1,objectid,join_count,target_fid,den,vek,smrt_dny,rok_nar,p48a,p59d,rok,tz,smrt,lehce_zran_os,tezce_zran_os,usmrceno_os,id_vozidla,hodina,ovlivneni_ridice,cas,mesic,e,d,id_nehody,datum,hmotna_skoda_1,skoda_vozidlo,globalid
-603784.041000001,-1157290.31,564,Brno-Bystrc,ne,nepřiměřená rychlost jízdy,havárie,nehoda s následky na životě nebo zdraví,"nepřizpůsobení rychlosti dopravně technickému stavu vozovky (zatáčka, klesání, stoupání, šířka vozovky apod.)","povrch suchý, neznečistěný",neztížené,dobré,žádné nebo žádné z uvedených,komunikace sledovaná (ve vybraných městech),,,jízdní kolo,Brno-Bystrc,chlapec (do 15 let),Ne,pondělí,září,Bystrc,,,,,,,,lehké zranění,"s přilbou (pouze u motocyklistů, příp. cyklistů)",řidičem nemotorového vozidla,"ve dne, viditelnost nezhoršená vlivem povětrnostních podmínek",na chodníku nebo ostrůvku,řidič,dobrý -žádné nepříznivé okolnosti nebyly zjiště,den,,1,70906,1,70906,1,70906,1,12,1,1999,1,99,2011,0,0,1,0,0,1,16,1,1630,9,-1157290.31,-603784.041,60206111571,2011/09/05 00:00:00+00,2000,2000,4fe9f3fa-f8bf-4e6b-90b7-aed587773a12
-598679.693,-1157894.677,565,Brno-Královo Pole,ne,nesprávný způsob jízdy,jiný druh nehody,nehoda s následky na životě nebo zdraví,řidič se plně nevěnoval řízení vozidla,"povrch suchý, neznečistěný",neztížené,dobré,žádné nebo žádné z uvedených,komunikace sledovaná (ve vybraných městech),,,jízdní kolo,Brno-Královo Pole,muž,Ne,úterý,září,Královo Pole,,,,,,,,lehké zranění,"bez přilby (pouze u motocyklistů, příp. cyklistů)",řidičem nemotorového vozidla,"v noci - s veřejným osvětlením, viditelnost nezhoršená vlivem povětrnostních podmínek",na jízdním pruhu,řidič,pod vlivem alkoholu obsah alkoholu v krvi 1 ‰ a víc,noc,,1,70907,1,70907,1,70907,2,32,1,1979,1,79,2011,0,0,1,0,0,1,23,0,2300,9,-1157894.677,-598679.693,60206111577,2011/09/06 00:00:00+00,0,0,19e8e50b-0764-4485-afbf-b5afdf5397d5
-597346.471999999,-1162370.624,566,Brno-jih,ne,nedání přenosti v jízdě,srážka s jedoucím nekolejovým vozidlem,nehoda s následky na životě nebo zdraví,při vjíždění na silnici,"povrch suchý, neznečistěný",neztížené,dobré,parkoviště přiléhající ke komunikaci,komunikace sledovaná (ve vybraných městech),,,jízdní kolo,Brno-jih,muž,Ne,pondělí,září,Komárov,,,,,,,,lehké zranění,"bez přilby (pouze u motocyklistů, příp. cyklistů)",řidičem motorového vozidla,"ve dne, viditelnost nezhoršená vlivem povětrnostních podmínek",na chodníku nebo ostrůvku,řidič,dobrý -žádné nepříznivé okolnosti nebyly zjiště,den,,1,70909,1,70909,1,70909,1,32,1,1979,1,79,2011,0,0,1,0,0,2,17,1,1730,9,-1162370.624,-597346.472,60206111664,2011/09/19 00:00:00+00,11000,1000,3d808e26-ebe5-492e-bbda-eae8e324231e
-603842.715,-1157280.835,567,Brno-Bystrc,ne,nedání přenosti v jízdě,srážka s jedoucím nekolejovým vozidlem,nehoda s následky na životě nebo zdraví,proti příkazu dopravní značky DEJ PŘEDNOST,"povrch suchý, neznečistěný",neztížené,dobré,žádné nebo žádné z uvedených,uzel (křižovatka sledovaná ve vybraných městech),,,jízdní kolo,Brno-Bystrc,muž,Ne,středa,září,Bystrc,,,,,,,,lehké zranění,"bez přilby (pouze u motocyklistů, příp. cyklistů)",řidičem motorového vozidla,"ve dne, viditelnost nezhoršená vlivem povětrnostních podmínek",na jízdním pruhu,řidič,dobrý -žádné nepříznivé okolnosti nebyly zjiště,den,,1,70910,1,70910,1,70910,3,37,1,1974,1,74,2011,0,0,1,0,0,2,12,1,1250,9,-1157280.835,-603842.715,60206111682,2011/09/21 00:00:00+00,23000,20000,a4b0c9ea-efd3-4f12-b957-a1f5a2d921f4
-603841.960999999,-1162503.809,568,Brno-Bosonohy,ne,nedání přenosti v jízdě,srážka s chodcem,nehoda s následky na životě nebo zdraví,chodci na vyznačeném přechodu,"povrch suchý, neznečistěný",neztížené,dobré,přechod pro chodce,komunikace sledovaná (ve vybraných městech),,,jízdní kolo,Brno-Bosonohy,muž,Ne,pondělí,září,Bosonohy,,,,,,,,bez zraněn,"s přilbou (pouze u motocyklistů, příp. cyklistů)",řidičem nemotorového vozidla,"ve dne, viditelnost nezhoršená vlivem povětrnostních podmínek",žádné z uvedenýc,řidič,dobrý -žádné nepříznivé okolnosti nebyly zjiště,den,,0,70911,1,70911,1,70911,1,45,1,1966,1,66,2011,0,0,1,0,0,1,9,1,945,9,-1162503.809,-603841.961,60206111717,2011/09/26 00:00:00+00,0,0,bad7d890-052c-4bfd-aa0c-3be361796fef
-599476.579999998,-1155191.836,569,Brno-Řečkovice a Mokrá Hora,ne,nesprávný způsob jízdy,srážka s chodcem,nehoda s následky na životě nebo zdraví,řidič se plně nevěnoval řízení vozidla,"povrch suchý, neznečistěný",neztížené,dobré,"zastávka tramvaje, autobusu, trolejbusu bez nástup. ostrůvku",komunikace sledovaná (ve vybraných městech),,,jízdní kolo,Brno-Řečkovice a Mokrá Hora,žena,Ne,úterý,září,Řečkovice,,,,,,,,lehké zranění,"s přilbou (pouze u motocyklistů, příp. cyklistů)",řidičem nemotorového vozidla,"ve dne, viditelnost nezhoršená vlivem povětrnostních podmínek",na jízdním pruhu,řidič,dobrý -žádné nepříznivé okolnosti nebyly zjiště,den,,1,70912,1,70912,1,70912,2,28,1,1983,1,83,2011,0,0,1,0,0,1,17,1,1700,9,-1155191.836,-599476.58,60206111734,2011/09/27 00:00:00+00,1000,1000,7c240c5e-a061-4088-a562-fbe6c0fad069
-599366.971000001,-1158979.315,570,Brno-Žabovřesky,ne,nesprávný způsob jízdy,havárie,nehoda s následky na životě nebo zdraví,řidič se plně nevěnoval řízení vozidla,"povrch suchý, neznečistěný",neztížené,dobré,přechod pro chodce,komunikace sledovaná (ve vybraných městech),,,jízdní kolo,Brno-Žabovřesky,muž,Ne,středa,září,Žabovřesky,,,,,,,,lehké zranění,"s přilbou (pouze u motocyklistů, příp. cyklistů)",řidičem nemotorového vozidla,"ve dne, viditelnost nezhoršená vlivem povětrnostních podmínek",na jízdním pruhu,řidič,dobrý -žádné nepříznivé okolnosti nebyly zjiště,den,,1,70913,1,70913,1,70913,3,67,1,1944,1,44,2011,0,0,1,0,0,1,16,1,1620,9,-1158979.315,-599366.971,60206111739,2011/09/28 00:00:00+00,2000,1000,df9deedf-e0b4-4ea7-8fb3-764a92ad0d0d
-600008.618000001,-1152875.036,571,Brno-Ivanovice,ano,nesprávný způsob jízdy,havárie,nehoda s následky na životě nebo zdraví,řidič se plně nevěnoval řízení vozidla,"povrch suchý, neznečistěný",neztížené,dobré,žádné nebo žádné z uvedených,komunikace sledovaná (ve vybraných městech),,,jízdní kolo,Brno-Ivanovice,muž,"Ano, obsah alkoholu v krvi od 0,8‰ do 1,0‰",středa,září,Ivanovice,,,,,,,,těžké zranění,"s přilbou (pouze u motocyklistů, příp. cyklistů)",řidičem nemotorového vozidla,"ve dne, viditelnost nezhoršená vlivem povětrnostních podmínek",na jízdním pruhu,řidič,"pod vlivem alkoholu, obsah alkoholu v krvi do 0,99 ‰",den,,0,70914,1,70914,1,70914,3,65,1,1946,1,46,2011,1,0,0,1,0,1,17,1,1750,9,-1152875.036,-600008.618,60206111740,2011/09/28 00:00:00+00,2000,1000,2a14ac96-b4e0-4ec7-8d1c-d7c7b03517f3
-595106.818,-1157625.947,572,Brno-Maloměřice a Obřany,ne,nesprávný způsob jízdy,srážka s jedoucím nekolejovým vozidlem,nehoda s následky na životě nebo zdraví,řidič se plně nevěnoval řízení vozidla,"povrch suchý, neznečistěný",neztížené,dobré,žádné nebo žádné z uvedených,komunikace účelová - polní a lesní cesty atd.,,,jízdní kolo,Brno-Maloměřice a Obřany,muž,Ne,čtvrtek,září,Maloměřice,,,,,,,,lehké zranění,"bez přilby (pouze u motocyklistů, příp. cyklistů)",řidičem motorového vozidla,"ve dne, viditelnost nezhoršená vlivem povětrnostních podmínek",mimo komunikaci,řidič,"pod vlivem alkoholu, obsah alkoholu v krvi do 0,99 ‰",den,,1,70915,1,70915,1,70915,4,87,1,1924,1,24,2011,0,0,1,0,0,2,16,1,1645,9,-1157625.947,-595106.818,60206111750,2011/09/29 00:00:00+00,1000,0,aae1daac-8a63-4b62-b8d6-baf71538d2f6
-592717.715999998,-1163526.987,573,Brno-Slatina,ano,nesprávný způsob jízdy,jiný druh nehody,nehoda pouze s hmotnou škodou,řidič se plně nevěnoval řízení vozidla,"povrch suchý, neznečistěný",neztížené,dobré,žádné nebo žádné z uvedených,komunikace sledovaná (ve vybraných městech),,,jízdní kolo,Brno-Slatina,muž,"Ano, obsah alkoholu v krvi 1,5‰ a více",čtvrtek,září,Slatina,,,,,,,,bez zraněn,"bez přilby (pouze u motocyklistů, příp. cyklistů)",řidičem nemotorového vozidla,"v noci - s veřejným osvětlením, viditelnost nezhoršená vlivem povětrnostních podmínek",na jízdním pruhu,řidič,pod vlivem alkoholu obsah alkoholu v krvi 1 ‰ a víc,noc,,0,70916,1,70916,1,70916,4,31,1,1980,1,80,2011,0,0,0,0,0,1,22,1,2225,9,-1163526.987,-592717.716,60206111754,2011/09/29 00:00:00+00,5000,0,3ee3b880-3513-487b-8443-e3dddd11b128
-597460.901000001,-1166773.715,574,Brno-jih,ano,nepřiměřená rychlost jízdy,srážka s jedoucím nekolejovým vozidlem,nehoda s následky na životě nebo zdraví,"nepřizpůsobení rychlosti dopravně technickému stavu vozovky (zatáčka, klesání, stoupání, šířka vozovky apod.)","povrch suchý, neznečistěný",neztížené,dobré,žádné nebo žádné z uvedených,komunikace místní,,,jízdní kolo,Brno-jih,muž,"Ano, obsah alkoholu v krvi 1,5‰ a více",sobota,říjen,Přízřenice,,,,,,,,lehké zranění,"s přilbou (pouze u motocyklistů, příp. cyklistů)",řidičem nemotorového vozidla,"v noci - bez veřejného osvětlení, viditelnost nezhoršená vlivem povětrnostních podmínek",na jízdním pruhu,řidič,dobrý -žádné nepříznivé okolnosti nebyly zjiště,den,,1,70918,1,70918,1,70918,6,17,1,1994,1,94,2011,0,0,2,0,0,2,19,1,1930,10,-1166773.715,-597460.901,60206111773,2011/10/01 00:00:00+00,12000,10000,662bbcd9-313b-4668-976d-21b0837592fb
-597460.901000001,-1166773.715,575,Brno-jih,ano,nepřiměřená rychlost jízdy,srážka s jedoucím nekolejovým vozidlem,nehoda s následky na životě nebo zdraví,"nepřizpůsobení rychlosti dopravně technickému stavu vozovky (zatáčka, klesání, stoupání, šířka vozovky apod.)","povrch suchý, neznečistěný",neztížené,dobré,žádné nebo žádné z uvedených,komunikace místní,,,jízdní kolo,Brno-jih,muž,"Ano, obsah alkoholu v krvi 1,5‰ a více",sobota,říjen,Přízřenice,,,,,,,,lehké zranění,"bez přilby (pouze u motocyklistů, příp. cyklistů)",řidičem nemotorového vozidla,"v noci - bez veřejného osvětlení, viditelnost nezhoršená vlivem povětrnostních podmínek",na jízdním pruhu,řidič,pod vlivem alkoholu obsah alkoholu v krvi 1 ‰ a víc,den,,1,70919,1,70919,1,70919,6,52,1,1959,1,59,2011,0,0,2,0,0,1,19,1,1930,10,-1166773.715,-597460.901,60206111773,2011/10/01 00:00:00+00,12000,10000,05182e83-d6aa-4b07-8a3a-e03bf2d740d2
-598883.23,-1158380.304,576,Brno-Královo Pole,ne,nedání přenosti v jízdě,srážka s jedoucím nekolejovým vozidlem,nehoda pouze s hmotnou škodou,proti příkazu dopravní značky STŮJ DEJ PŘEDNOST,"povrch suchý, neznečistěný",neztížené,dobré,přechod pro chodce,komunikace sledovaná (ve vybraných městech),,,jízdní kolo,Brno-Královo Pole,muž,Ne,úterý,říjen,Královo Pole,,,,,,,,bez zraněn,"bez přilby (pouze u motocyklistů, příp. cyklistů)",řidičem motorového vozidla,"ve dne, viditelnost nezhoršená vlivem povětrnostních podmínek",na jízdním pruhu,řidič,dobrý -žádné nepříznivé okolnosti nebyly zjiště,den,,0,70920,1,70920,1,70920,2,37,1,1974,1,74,2011,0,0,0,0,0,2,6,1,650,10,-1158380.304,-598883.23,60206111791,2011/10/04 00:00:00+00,6000,0,48ae1fa9-37fc-490b-8a61-49ca6837f8bb
-597392.041000001,-1164191.396,577,Brno-jih,nezjišťováno,nesprávný způsob jízdy,srážka s chodcem,nehoda s následky na životě nebo zdraví,jiný druh nesprávného způsobu jízdy,"povrch suchý, neznečistěný",neztížené,dobré,žádné nebo žádné z uvedených,komunikace účelová - polní a lesní cesty atd.,,,jízdní kolo,Brno-jih,žena,Nezjišťován,čtvrtek,říjen,Horní Heršpice,,,,,,,,bez zraněn,"bez přilby (pouze u motocyklistů, příp. cyklistů)",řidičem nemotorového vozidla,"ve dne, viditelnost nezhoršená vlivem povětrnostních podmínek",na stezce pro cyklisty,řidič,dobrý -žádné nepříznivé okolnosti nebyly zjiště,den,,0,70921,1,70921,1,70921,4,51,1,1960,1,60,2011,0,0,1,0,0,1,17,1,1745,10,-1164191.396,-597392.041,60206111857,2011/10/06 00:00:00+00,5000,0,feaf3ee5-4178-40c3-8a28-241959b7c3b5
-592551.765999999,-1164398.9,578,Brno-Slatina,ne,nedání přenosti v jízdě,srážka s jedoucím nekolejovým vozidlem,nehoda s následky na životě nebo zdraví,proti příkazu dopravní značky DEJ PŘEDNOST,"povrch suchý, neznečistěný",neztížené,dobré,"most, nadjezd, podjezd, tunel",uzel (křižovatka sledovaná ve vybraných městech),,,jízdní kolo,Brno-Slatina,muž,Ne,pátek,říjen,Slatina,,,,,,,,lehké zranění,"s přilbou (pouze u motocyklistů, příp. cyklistů)",řidičem motorového vozidla,"v noci - bez veřejného osvětlení, viditelnost nezhoršená vlivem povětrnostních podmínek",na jízdním pruhu,řidič,dobrý -žádné nepříznivé okolnosti nebyly zjiště,noc,,1,70923,1,70923,1,70923,5,42,1,1969,1,69,2011,0,0,1,0,0,2,5,1,535,10,-1164398.9,-592551.766,60206111886,2011/10/14 00:00:00+00,12500,10000,10e90782-65bb-40ef-8d19-430d1d7c6e52
-600864.874000002,-1163583.8,579,Brno-Bohunice,ne,nedání přenosti v jízdě,srážka s jedoucím nekolejovým vozidlem,nehoda s následky na životě nebo zdraví,při otáčení nebo couvání,povrch mokrý,neztížené,jiné špatn,parkoviště přiléhající ke komunikaci,komunikace sledovaná (ve vybraných městech),,,jízdní kolo,Brno-Bohunice,muž,Ne,sobota,leden,Bohunice,,,,,,,,lehké zranění,"s přilbou (pouze u motocyklistů, příp. cyklistů)",řidičem motorového vozidla,"v noci - s veřejným osvětlením, viditelnost nezhoršená vlivem povětrnostních podmínek",na jízdním pruhu,řidič,dobrý -žádné nepříznivé okolnosti nebyly zjiště,noc,,1,70925,1,70925,1,70925,6,55,1,1957,1,57,2012,0,0,1,0,0,2,21,1,2115,1,-1163583.8,-600864.874,60206120038,2012/01/07 00:00:00+00,21500,20000,9d4c30f2-c808-4f73-abeb-fee09b22fe0a
-600371.912,-1157907.677,580,Brno-Žabovřesky,ne,nedání přenosti v jízdě,srážka s jedoucím nekolejovým vozidlem,nehoda s následky na životě nebo zdraví,jiné nedání přednosti,"povrch suchý, neznečistěný",neztížené,dobré,přechod pro chodce,uzel (křižovatka sledovaná ve vybraných městech),,,jízdní kolo,Brno-Žabovřesky,muž,Ne,pondělí,únor,Žabovřesky,,,,,,,,lehké zranění,"s přilbou (pouze u motocyklistů, příp. cyklistů)",řidičem motorového vozidla,"ve dne, viditelnost nezhoršená vlivem povětrnostních podmínek",na jízdním pruhu,řidič,dobrý -žádné nepříznivé okolnosti nebyly zjiště,den,,1,70926,1,70926,1,70926,1,22,1,1990,1,90,2012,0,0,1,0,0,2,9,1,945,2,-1157907.677,-600371.912,60206120362,2012/02/27 00:00:00+00,23000,3000,cd0ae1af-12d1-441a-9edb-6b4d15d00600
-598598.800000001,-1159420.389,581,Brno-střed,ano,nesprávný způsob jízdy,srážka s jedoucím nekolejovým vozidlem,nehoda s následky na životě nebo zdraví,řidič se plně nevěnoval řízení vozidla,"povrch suchý, neznečistěný",neztížené,dobré,v blízkosti přechodu pro chodce (do vzdálenosti 20 m),komunikace sledovaná (ve vybraných městech),,,jízdní kolo,Brno-střed,muž,"Ano, obsah alkoholu v krvi 1,5‰ a více",pondělí,březen,Veveří,,,,,,,,lehké zranění,"bez přilby (pouze u motocyklistů, příp. cyklistů)",řidičem nemotorového vozidla,"v noci - s veřejným osvětlením, viditelnost nezhoršená vlivem povětrnostních podmínek",na jízdním pruhu,řidič,pod vlivem alkoholu obsah alkoholu v krvi 1 ‰ a víc,den,,1,70927,1,70927,1,70927,1,37,1,1975,1,75,2012,0,0,1,0,0,1,19,1,1950,3,-1159420.389,-598598.8,60206120435,2012/03/12 00:00:00+00,5000,5000,80279a8f-ba28-4c70-b3e4-b4d5dd3b36e4
-602448.442000002,-1162202.506,582,Brno-Nový Lískovec,ne,nesprávný způsob jízdy,jiný druh nehody,nehoda s následky na životě nebo zdraví,jiný druh nesprávného způsobu jízdy,"povrch suchý, neznečistěný",neztížené,dobré,žádné nebo žádné z uvedených,komunikace sledovaná (ve vybraných městech),,,jízdní kolo,Brno-Nový Lískovec,muž,Ne,středa,březen,Nový Lískovec,,,,,,,,lehké zranění,"bez přilby (pouze u motocyklistů, příp. cyklistů)",řidičem motorového vozidla,"ve dne, viditelnost nezhoršená vlivem povětrnostních podmínek",na stezce pro cyklisty,řidič,dobrý -žádné nepříznivé okolnosti nebyly zjiště,den,,1,70928,1,70928,1,70928,3,56,1,1956,1,56,2012,0,0,1,0,0,2,17,1,1740,3,-1162202.506,-602448.442,60206120447,2012/03/14 00:00:00+00,7000,2000,60ede11c-b096-4cfa-9424-153e5c1ba69d
-600560.159000002,-1162013.234,583,Brno-střed,ano,nepřiměřená rychlost jízdy,havárie,nehoda s následky na životě nebo zdraví,"nepřizpůsobení rychlosti dopravně technickému stavu vozovky (zatáčka, klesání, stoupání, šířka vozovky apod.)","povrch suchý, neznečistěný",neztížené,dobré,žádné nebo žádné z uvedených,komunikace místní,,,jízdní kolo,Brno-střed,muž,"Ano, obsah alkoholu v krvi 1,5‰ a více",neděle,březen,Pisárky,,,,,,,,lehké zranění,"bez přilby (pouze u motocyklistů, příp. cyklistů)",řidičem nemotorového vozidla,"ve dne, viditelnost nezhoršená vlivem povětrnostních podmínek",na stezce pro cyklisty,řidič,pod vlivem alkoholu obsah alkoholu v krvi 1 ‰ a víc,den,,1,70929,1,70929,1,70929,7,45,1,1967,1,67,2012,0,0,1,0,0,1,15,1,1540,3,-1162013.234,-600560.159,60206120471,2012/03/18 00:00:00+00,5000,5000,5557f9ea-f97b-474a-8bbd-438f16f4f69a
-598590.096000001,-1159404.34,584,Brno-střed,ne,nedání přenosti v jízdě,srážka s jedoucím nekolejovým vozidlem,nehoda s následky na životě nebo zdraví,při odbočování vlevo,"povrch suchý, neznečistěný",neztížené,dobré,přechod pro chodce,uzel (křižovatka sledovaná ve vybraných městech),,,jízdní kolo,Brno-střed,muž,Ne,středa,březen,Veveří,,,,,,,,lehké zranění,"bez přilby (pouze u motocyklistů, příp. cyklistů)",řidičem motorového vozidla,"ve dne, viditelnost nezhoršená vlivem povětrnostních podmínek",na jízdním pruhu,řidič,pod vlivem alkoholu obsah alkoholu v krvi 1 ‰ a víc,den,,1,70930,1,70930,1,70930,3,29,1,1983,1,83,2012,0,0,1,0,0,2,16,1,1605,3,-1159404.34,-598590.096,60206120497,2012/03/21 00:00:00+00,30000,10000,e6f68cc1-229d-4736-ba49-402cbb93a45c
-601536.951000001,-1160546.61,585,Brno-Kohoutovice,nezjišťováno,nezaviněno řidičem,jiný druh nehody,nehoda s následky na životě nebo zdraví,nezaviněná řidičem,"povrch suchý, neznečistěný",neztížené,dobré,v blízkosti přechodu pro chodce (do vzdálenosti 20 m),komunikace sledovaná (ve vybraných městech),,,jízdní kolo,Brno-Kohoutovice,muž,Nezjišťován,čtvrtek,březen,Pisárky,,,,,,,,lehké zranění,"s přilbou (pouze u motocyklistů, příp. cyklistů)",jiné zaviněn,"ve dne, viditelnost nezhoršená vlivem povětrnostních podmínek",žádné z uvedenýc,řidič,dobrý -žádné nepříznivé okolnosti nebyly zjiště,den,,1,70931,1,70931,1,70931,4,39,1,1973,1,73,2012,0,0,1,0,0,2,7,1,750,3,-1160546.61,-601536.951,60206120502,2012/03/22 00:00:00+00,3000,3000,ee20e2a0-6279-48bf-bdb5-8d5c61adae6a
-593173.539999999,-1160035.408,586,Brno-Líšeň,ano,nedání přenosti v jízdě,srážka s jedoucím nekolejovým vozidlem,nehoda s následky na životě nebo zdraví,při vjíždění na silnici,"povrch suchý, neznečistěný",neztížené,dobré,"výjezd z parkoviště, lesní cesty apod. (pol.36=7,8)",komunikace místní,,,jízdní kolo,Brno-Líšeň,muž,"Ano, obsah alkoholu v krvi od 0,24‰ do 0,5‰",čtvrtek,březen,Líšeň,,,,,,,,lehké zranění,"bez přilby (pouze u motocyklistů, příp. cyklistů)",řidičem nemotorového vozidla,"v noci - s veřejným osvětlením, viditelnost nezhoršená vlivem povětrnostních podmínek",na jízdním pruhu,řidič,"pod vlivem alkoholu, obsah alkoholu v krvi do 0,99 ‰",den,,1,70932,1,70932,1,70932,4,60,1,1952,1,52,2012,0,0,1,0,0,1,17,0,1750,3,-1160035.408,-593173.54,60206120507,2012/03/22 00:00:00+00,12000,10000,c0c25308-0f02-4c99-b4f2-2760a277d0cd
-599339.537999999,-1153331.154,587,Brno-Ivanovice,ne,nedání přenosti v jízdě,srážka s jedoucím nekolejovým vozidlem,nehoda s následky na životě nebo zdraví,při odbočování vlevo,"povrch suchý, neznečistěný",neztížené,dobré,žádné nebo žádné z uvedených,komunikace místní,,,jízdní kolo,Brno-Ivanovice,muž,Ne,neděle,březen,Ivanovice,,,,,,,,lehké zranění,"s přilbou (pouze u motocyklistů, příp. cyklistů)",řidičem motorového vozidla,"ve dne, viditelnost nezhoršená vlivem povětrnostních podmínek",na jízdním pruhu,řidič,dobrý -žádné nepříznivé okolnosti nebyly zjiště,den,,1,70933,1,70933,1,70933,7,16,1,1996,1,96,2012,0,0,1,0,0,2,17,1,1740,3,-1153331.154,-599339.538,60206120523,2012/03/25 00:00:00+00,50000,30000,cabd518e-1000-435f-b1cf-4d878841d66a
-600043.958000001,-1153262.731,588,Brno-Ivanovice,nezjišťováno,nesprávný způsob jízdy,srážka s jedoucím nekolejovým vozidlem,nehoda s následky na životě nebo zdraví,nesprávné otáčení nebo couvání,povrch mokrý,déšť,dobré,žádné nebo žádné z uvedených,komunikace sledovaná (ve vybraných městech),,,jízdní kolo,Brno-Ivanovice,žena,Nezjišťován,pátek,březen,Ivanovice,,,,,,,,lehké zranění,"s přilbou (pouze u motocyklistů, příp. cyklistů)",řidičem motorového vozidla,"ve dne, viditelnost nezhoršená vlivem povětrnostních podmínek",na jízdním pruhu,řidič,dobrý -žádné nepříznivé okolnosti nebyly zjiště,den,,1,70934,1,70934,1,70934,5,36,1,1976,1,76,2012,0,0,1,0,0,2,9,1,940,3,-1153262.731,-600043.958,60206120621,2012/03/02 00:00:00+00,1000,1000,b3d0932d-829a-465d-afcf-19e9bd3ce237
-593913.124000002,-1160585.314,589,Brno-Líšeň,ne,nedání přenosti v jízdě,srážka s jedoucím nekolejovým vozidlem,nehoda pouze s hmotnou škodou,proti příkazu dopravní značky DEJ PŘEDNOST,"povrch suchý, neznečistěný",neztížené,dobré,čerpadlo pohonných hmot,komunikace místní,,,jízdní kolo,Brno-Líšeň,žena,Ne,pátek,duben,Líšeň,,,,,,,,bez zraněn,"s přilbou (pouze u motocyklistů, příp. cyklistů)",řidičem motorového vozidla,"v noci - s veřejným osvětlením, viditelnost nezhoršená vlivem povětrnostních podmínek",na jízdním pruhu,řidič,dobrý -žádné nepříznivé okolnosti nebyly zjiště,den,,0,70935,1,70935,1,70935,5,50,1,1962,1,62,2012,0,0,0,0,0,2,20,1,2040,4,-1160585.314,-593913.124,60206120636,2012/04/13 00:00:00+00,1000,1000,6a63df06-9b84-4da2-a5bf-dbf52d29f037
-604410.335000001,-1162103.012,590,Brno-Bosonohy,ne,nedání přenosti v jízdě,srážka s jedoucím nekolejovým vozidlem,nehoda s následky na životě nebo zdraví,při vjíždění na silnici,"povrch suchý, neznečistěný",neztížené,dobré,žádné nebo žádné z uvedených,komunikace místní,,,jízdní kolo,Brno-Bosonohy,chlapec (do 15 let),Ne,neděle,duben,Bosonohy,,,,,,,,bez zraněn,"bez přilby (pouze u motocyklistů, příp. cyklistů)",řidičem nemotorového vozidla,"ve dne, viditelnost nezhoršená vlivem povětrnostních podmínek",na jízdním pruhu,řidič,dobrý -žádné nepříznivé okolnosti nebyly zjiště,den,,0,70936,1,70936,1,70936,7,10,1,2002,1,2,2012,0,0,1,0,0,1,15,1,1505,4,-1162103.012,-604410.335,60206120643,2012/04/15 00:00:00+00,2000,1000,23f8b37b-c88c-4eda-961e-c4ce394cf33e
-604410.335000001,-1162103.012,591,Brno-Bosonohy,ne,nedání přenosti v jízdě,srážka s jedoucím nekolejovým vozidlem,nehoda s následky na životě nebo zdraví,při vjíždění na silnici,"povrch suchý, neznečistěný",neztížené,dobré,žádné nebo žádné z uvedených,komunikace místní,,,jízdní kolo,Brno-Bosonohy,žena,Ne,neděle,duben,Bosonohy,,,,,,,,lehké zranění,"bez přilby (pouze u motocyklistů, příp. cyklistů)",řidičem nemotorového vozidla,"ve dne, viditelnost nezhoršená vlivem povětrnostních podmínek",na jízdním pruhu,řidič,dobrý -žádné nepříznivé okolnosti nebyly zjiště,den,,1,70937,1,70937,1,70937,7,66,1,1946,1,46,2012,0,0,1,0,0,2,15,1,1505,4,-1162103.012,-604410.335,60206120643,2012/04/15 00:00:00+00,2000,1000,86810ca0-686b-4519-91fb-5c9e2bb4b5cb
-599094.844000001,-1156852.108,592,Brno-Královo Pole,ne,nedání přenosti v jízdě,srážka s jedoucím nekolejovým vozidlem,nehoda s následky na životě nebo zdraví,vozidlu přijíždějícímu zprava,"povrch suchý, neznečistěný",neztížené,dobré,žádné nebo žádné z uvedených,komunikace místní,,,jízdní kolo,Brno-Královo Pole,žena,Ne,úterý,duben,Královo Pole,,,,,,,,lehké zranění,"bez přilby (pouze u motocyklistů, příp. cyklistů)",řidičem nemotorového vozidla,"ve dne, viditelnost nezhoršená vlivem povětrnostních podmínek",na jízdním pruhu,řidič,dobrý -žádné nepříznivé okolnosti nebyly zjiště,den,,1,70938,1,70938,1,70938,2,30,1,1982,1,82,2012,0,0,1,0,0,1,16,1,1620,4,-1156852.108,-599094.844,60206120654,2012/04/17 00:00:00+00,2000,1000,5e1f9c77-e03a-4895-87b0-9baf454536a1