X,Y,objectid_1,zuj,alkohol_vinik,hlavni_pricina,srazka,nasledky,pricina,stav_vozovky,povetrnostni_podm,rozhled,misto_nehody,druh_komun,pneumatiky,druh_pohonu,druh_vozidla,mestska_cast,pohlavi,alkohol,den_v_tydnu,mesic_t,katastr,chovani_chodce,stav_chodce,drogy_chodec,alkohol_chodec,osobni_prepravnik,reflexni_prvky,kategorie_chodce,nasledek,ozn_osoba,zavineni,viditelnost,situovani,osoba,stav_ridic,doba,smrt_po,lz,target_fid_1,join_count_1,objectid,join_count,target_fid,den,vek,smrt_dny,rok_nar,p48a,p59d,rok,tz,smrt,lehce_zran_os,tezce_zran_os,usmrceno_os,id_vozidla,hodina,ovlivneni_ridice,cas,mesic,e,d,id_nehody,datum,hmotna_skoda_1,skoda_vozidlo,globalid
-592651.958000001,-1164270.384,593,Brno-Slatina,ne,nedání přenosti v jízdě,srážka s jedoucím nekolejovým vozidlem,nehoda s následky na životě nebo zdraví,proti příkazu dopravní značky DEJ PŘEDNOST,povrch mokrý,neztížené,dobré,žádné nebo žádné z uvedených,uzel (křižovatka sledovaná ve vybraných městech),,,jízdní kolo,Brno-Slatina,muž,Ne,pátek,duben,Slatina,,,,,,,,lehké zranění,"s přilbou (pouze u motocyklistů, příp. cyklistů)",řidičem motorového vozidla,"ve dne, viditelnost nezhoršená vlivem povětrnostních podmínek",na jízdním pruhu,řidič,dobrý -žádné nepříznivé okolnosti nebyly zjiště,den,,1,70939,1,70939,1,70939,5,27,1,1985,1,85,2012,0,0,1,0,0,2,6,1,640,4,-1164270.384,-592651.958,60206120676,2012/04/20 00:00:00+00,30000,20000,5d61aced-5720-4850-bf9a-33207f6b2603
-595796.193999998,-1158865.794,594,Brno-sever,ne,nedání přenosti v jízdě,srážka s jedoucím nekolejovým vozidlem,nehoda s následky na životě nebo zdraví,při odbočování vlevo,"povrch suchý, neznečistěný",neztížené,dobré,žádné nebo žádné z uvedených,komunikace sledovaná (ve vybraných městech),,,jízdní kolo,Brno-sever,muž,Ne,středa,duben,Husovice,,,,,,,,lehké zranění,"s přilbou (pouze u motocyklistů, příp. cyklistů)",řidičem motorového vozidla,"ve dne, viditelnost nezhoršená vlivem povětrnostních podmínek",na jízdním pruhu,řidič,dobrý -žádné nepříznivé okolnosti nebyly zjiště,den,,1,70940,1,70940,1,70940,3,62,1,1950,1,50,2012,0,0,1,0,0,2,17,1,1715,4,-1158865.794,-595796.194,60206120718,2012/04/25 00:00:00+00,4000,1000,4d01ce99-cde7-4296-9674-006c9c80dbb9
-603423.719000001,-1156944.716,595,Brno-Bystrc,ne,nedání přenosti v jízdě,srážka s jedoucím nekolejovým vozidlem,nehoda s následky na životě nebo zdraví,při odbočování vlevo,"povrch suchý, neznečistěný",neztížené,dobré,parkoviště přiléhající ke komunikaci,komunikace místní,,,jízdní kolo,Brno-Bystrc,muž,Ne,čtvrtek,duben,Bystrc,,,,,,,,lehké zranění,"bez přilby (pouze u motocyklistů, příp. cyklistů)",řidičem motorového vozidla,"ve dne, viditelnost nezhoršená vlivem povětrnostních podmínek",na jízdním pruhu,řidič,dobrý -žádné nepříznivé okolnosti nebyly zjiště,den,,1,70941,1,70941,1,70941,4,53,1,1959,1,59,2012,0,0,1,0,0,2,16,1,1655,4,-1156944.716,-603423.719,60206120730,2012/04/26 00:00:00+00,5000,2000,d066d751-1a5c-4c77-9b17-b3e7b951ce60
-600031.473999999,-1153183.849,596,Brno-Ivanovice,ne,nedání přenosti v jízdě,srážka s jedoucím nekolejovým vozidlem,nehoda s následky na životě nebo zdraví,proti příkazu dopravní značky DEJ PŘEDNOST,"povrch suchý, neznečistěný",neztížené,dobré,žádné nebo žádné z uvedených,uzel (křižovatka sledovaná ve vybraných městech),,,jízdní kolo,Brno-Ivanovice,muž,Ne,pondělí,duben,Ivanovice,,,,,,,,lehké zranění,"s přilbou (pouze u motocyklistů, příp. cyklistů)",řidičem motorového vozidla,"ve dne, viditelnost nezhoršená vlivem povětrnostních podmínek",na jízdním pruhu,řidič,dobrý -žádné nepříznivé okolnosti nebyly zjiště,den,,1,70942,1,70942,1,70942,1,37,1,1975,1,75,2012,0,0,1,0,0,2,13,1,1330,4,-1153183.849,-600031.474,60206120750,2012/04/30 00:00:00+00,3000,2000,19e44637-6855-4cb4-ba20-b9acde21ce74
-598224.050000001,-1164104.39,597,Brno-jih,ne,nesprávný způsob jízdy,srážka s jedoucím nekolejovým vozidlem,nehoda s následky na životě nebo zdraví,řidič se plně nevěnoval řízení vozidla,"povrch suchý, neznečistěný",neztížené,dobré,přechod pro chodce,komunikace sledovaná (ve vybraných městech),,,jízdní kolo,Brno-jih,chlapec (do 15 let),Ne,úterý,květen,Horní Heršpice,,,,,,,,lehké zranění,"s přilbou (pouze u motocyklistů, příp. cyklistů)",řidičem nemotorového vozidla,"ve dne, viditelnost nezhoršená vlivem povětrnostních podmínek",na jízdním pruhu,řidič,dobrý -žádné nepříznivé okolnosti nebyly zjiště,den,,1,70943,1,70943,1,70943,2,12,1,2000,1,0,2012,0,0,1,0,0,1,16,1,1610,5,-1164104.39,-598224.05,60206120755,2012/05/01 00:00:00+00,7000,2000,c69c12f5-e7e7-4dff-ad7e-42c1a29c0a79
-595341.052000001,-1158500.545,598,Brno-Maloměřice a Obřany,nezjišťováno,nesprávný způsob jízdy,havárie,nehoda s následky na životě nebo zdraví,řidič se plně nevěnoval řízení vozidla,"povrch suchý, neznečistěný",neztížené,dobré,žádné nebo žádné z uvedených,komunikace sledovaná (ve vybraných městech),,,jízdní kolo,Brno-Maloměřice a Obřany,muž,Nezjišťován,středa,květen,Maloměřice,,,,,,,,lehké zranění,"bez přilby (pouze u motocyklistů, příp. cyklistů)",řidičem nemotorového vozidla,"v noci - s veřejným osvětlením, viditelnost nezhoršená vlivem povětrnostních podmínek",na kolejích tramvaje,řidič,dobrý -žádné nepříznivé okolnosti nebyly zjiště,noc,,1,70944,1,70944,1,70944,3,48,1,1964,1,64,2012,0,0,1,0,0,1,21,1,2105,5,-1158500.545,-595341.052,60206120767,2012/05/02 00:00:00+00,3000,3000,537b4f07-540b-467f-b9c6-506effd5965f
-599445.076000001,-1155298.153,599,Brno-Řečkovice a Mokrá Hora,ano,nesprávný způsob jízdy,havárie,nehoda s následky na životě nebo zdraví,řidič se plně nevěnoval řízení vozidla,"povrch suchý, neznečistěný",neztížené,dobré,přechod pro chodce,komunikace sledovaná (ve vybraných městech),,,jízdní kolo,Brno-Řečkovice a Mokrá Hora,muž,"Ano, obsah alkoholu v krvi od 1,0‰ do 1,5‰",neděle,květen,Řečkovice,,,,,,,,lehké zranění,"s přilbou (pouze u motocyklistů, příp. cyklistů)",řidičem nemotorového vozidla,"ve dne, viditelnost nezhoršená vlivem povětrnostních podmínek",na jízdním pruhu,řidič,pod vlivem alkoholu obsah alkoholu v krvi 1 ‰ a víc,den,,1,70945,1,70945,1,70945,7,41,1,1971,1,71,2012,0,0,1,0,0,1,16,1,1605,5,-1155298.153,-599445.076,60206120789,2012/05/06 00:00:00+00,1000,1000,5469162b-59d3-4d50-84e8-e48bac8b6243
-605042.816,-1154227.468,600,Brno-Kníničky,ano,nepřiměřená rychlost jízdy,srážka s jedoucím nekolejovým vozidlem,nehoda pouze s hmotnou škodou,nepřizpůsobení rychlosti vlastnostem vozidla a nákladu,"povrch suchý, neznečistěný",neztížené,dobré,žádné nebo žádné z uvedených,komunikace účelová - polní a lesní cesty atd.,,,jízdní kolo,Brno-Kníničky,muž,"Ano, obsah alkoholu v krvi 1,5‰ a více",úterý,květen,Kníničky,,,,,,,,bez zraněn,"bez přilby (pouze u motocyklistů, příp. cyklistů)",řidičem motorového vozidla,"ve dne, viditelnost nezhoršená vlivem povětrnostních podmínek",na jízdním pruhu,řidič,pod vlivem alkoholu obsah alkoholu v krvi 1 ‰ a víc,den,,0,70946,1,70946,1,70946,2,72,1,1940,1,40,2012,0,0,0,0,0,2,17,1,1700,5,-1154227.468,-605042.816,60206120794,2012/05/01 00:00:00+00,11000,1000,744add94-d1c5-4dee-b930-9dda8e177fd5
-592257.875999998,-1159910.3,601,Brno-Líšeň,ne,nesprávný způsob jízdy,srážka s jedoucím nekolejovým vozidlem,nehoda s následky na životě nebo zdraví,řidič se plně nevěnoval řízení vozidla,"povrch suchý, neznečistěný",neztížené,dobré,"zastávka tramvaje, autobusu, trolejbusu bez nástup. ostrůvku",komunikace sledovaná (ve vybraných městech),,,jízdní kolo,Brno-Líšeň,muž,Ne,úterý,květen,Líšeň,,,,,,,,lehké zranění,"bez přilby (pouze u motocyklistů, příp. cyklistů)",řidičem nemotorového vozidla,"ve dne, viditelnost nezhoršená vlivem povětrnostních podmínek",na jízdním pruhu,řidič,dobrý -žádné nepříznivé okolnosti nebyly zjiště,den,,1,70947,1,70947,1,70947,2,74,1,1938,1,38,2012,0,0,1,0,0,1,17,1,1750,5,-1159910.3,-592257.876,60206120797,2012/05/08 00:00:00+00,1000,0,67e80094-5014-4873-8cee-7100fba02d47
-597327.517999999,-1158772.242,602,Brno-sever,ne,nepřiměřená rychlost jízdy,srážka s jedoucím nekolejovým vozidlem,nehoda s následky na životě nebo zdraví,překročení rychlosti stanovené dopravní značkou,"povrch suchý, neznečistěný",neztížené,dobré,žádné nebo žádné z uvedených,komunikace sledovaná (ve vybraných městech),,,jízdní kolo,Brno-sever,muž,Ne,středa,květen,Černá Pole,,,,,,,,lehké zranění,"s přilbou (pouze u motocyklistů, příp. cyklistů)",řidičem motorového vozidla,"ve dne, viditelnost nezhoršená vlivem povětrnostních podmínek",na jízdním pruhu,řidič,dobrý -žádné nepříznivé okolnosti nebyly zjiště,den,,1,70948,1,70948,1,70948,3,25,1,1987,1,87,2012,0,0,1,0,0,3,19,1,1915,5,-1158772.242,-597327.518,60206120810,2012/05/09 00:00:00+00,23000,10000,77281ebc-797f-4afa-a4d4-f2a60df6ef86
-601646.248,-1157844.547,603,Brno-Komín,nezjišťováno,nedání přenosti v jízdě,srážka s jedoucím nekolejovým vozidlem,nehoda s následky na životě nebo zdraví,při odbočování vlevo,"povrch suchý, neznečistěný",neztížené,dobré,žádné nebo žádné z uvedených,komunikace sledovaná (ve vybraných městech),,,jízdní kolo,Brno-Komín,chlapec (do 15 let),Nezjišťován,středa,květen,Komín,,,,,,,,lehké zranění,"s přilbou (pouze u motocyklistů, příp. cyklistů)",řidičem motorového vozidla,"ve dne, viditelnost nezhoršená vlivem povětrnostních podmínek",na jízdním pruhu,řidič,dobrý -žádné nepříznivé okolnosti nebyly zjiště,den,,1,70949,1,70949,1,70949,3,15,1,1997,1,97,2012,0,0,1,0,0,2,18,1,1850,5,-1157844.547,-601646.248,60206120853,2012/05/16 00:00:00+00,12000,5000,b023f5b4-5cd4-4b93-a868-247b020fff0e
-597352.780999999,-1163043.048,604,Brno-jih,ne,nesprávný způsob jízdy,jiný druh nehody,nehoda s následky na životě nebo zdraví,jiný druh nesprávného způsobu jízdy,"povrch suchý, neznečistěný",neztížené,dobré,v blízkosti přechodu pro chodce (do vzdálenosti 20 m),"komunikace účelová - ostatní (parkoviště, odpočívky apod.",,,jízdní kolo,Brno-jih,žena,Ne,pátek,květen,Komárov,,,,,,,,lehké zranění,"s přilbou (pouze u motocyklistů, příp. cyklistů)",řidičem nemotorového vozidla,"ve dne, viditelnost nezhoršená vlivem povětrnostních podmínek",na chodníku nebo ostrůvku,řidič,dobrý -žádné nepříznivé okolnosti nebyly zjiště,den,,1,70950,1,70950,1,70950,5,62,1,1950,1,50,2012,0,0,1,0,0,1,15,1,1520,5,-1163043.048,-597352.781,60206120864,2012/05/18 00:00:00+00,0,0,ce36badd-a797-4280-9d9a-f2837c79bdf5
-596764.197999999,-1160129.337,605,Brno-sever,ne,nesprávný způsob jízdy,havárie,nehoda s následky na životě nebo zdraví,řidič se plně nevěnoval řízení vozidla,"povrch suchý, neznečistěný",neztížené,dobré,žádné nebo žádné z uvedených,komunikace sledovaná (ve vybraných městech),,,jízdní kolo,Brno-sever,žena,Ne,pátek,květen,Zábrdovice,,,,,,,,lehké zranění,"s přilbou (pouze u motocyklistů, příp. cyklistů)",řidičem nemotorového vozidla,"ve dne, viditelnost nezhoršená vlivem povětrnostních podmínek",na jízdním pruhu,řidič,dobrý -žádné nepříznivé okolnosti nebyly zjiště,den,,1,70951,1,70951,1,70951,5,25,1,1987,1,87,2012,0,0,1,0,0,1,15,1,1535,5,-1160129.337,-596764.198,60206120865,2012/05/18 00:00:00+00,1000,0,060e0f4d-31c7-491d-a71c-97386a7cf53a
-597087.877,-1161290.77,606,Brno-střed,ne,nesprávný způsob jízdy,"srážka s vozidlem zaparkovaným, odstaveným",nehoda s následky na životě nebo zdraví,jiný druh nesprávného způsobu jízdy,"povrch suchý, neznečistěný",neztížené,dobré,žádné nebo žádné z uvedených,komunikace sledovaná (ve vybraných městech),,,jízdní kolo,Brno-střed,muž,Ne,sobota,květen,Trnitá,,,,,,,,lehké zranění,"s přilbou (pouze u motocyklistů, příp. cyklistů)",řidičem motorového vozidla,"ve dne, viditelnost nezhoršená vlivem povětrnostních podmínek",na jízdním pruhu,řidič,dobrý -žádné nepříznivé okolnosti nebyly zjiště,den,,1,70952,1,70952,1,70952,6,29,1,1983,1,83,2012,0,0,1,0,0,2,19,1,1910,5,-1161290.77,-597087.877,60206120873,2012/05/19 00:00:00+00,13000,2000,fb910410-ee68-4fcc-bb2c-9f8720197328
-593147.989,-1159210.252,607,Brno-Vinohrady,ne,nesprávný způsob jízdy,srážka s jedoucím nekolejovým vozidlem,nehoda s následky na životě nebo zdraví,řidič se plně nevěnoval řízení vozidla,"povrch suchý, neznečistěný",neztížené,dobré,žádné nebo žádné z uvedených,komunikace místní,,,jízdní kolo,Brno-Vinohrady,žena,Ne,neděle,květen,Židenice,,,,,,,,lehké zranění,"s přilbou (pouze u motocyklistů, příp. cyklistů)",řidičem motorového vozidla,"ve dne, viditelnost nezhoršená vlivem povětrnostních podmínek",na jízdním pruhu,řidič,dobrý -žádné nepříznivé okolnosti nebyly zjiště,den,,1,70953,1,70953,1,70953,7,48,1,1964,1,64,2012,0,0,1,0,0,2,13,1,1355,5,-1159210.252,-593147.989,60206120876,2012/05/20 00:00:00+00,1000,0,2f32880f-d89d-460a-be70-3681763761ec
-592223.548,-1162707.465,608,Brno-Slatina,ne,nesprávný způsob jízdy,havárie,nehoda s následky na životě nebo zdraví,řidič se plně nevěnoval řízení vozidla,"povrch suchý, neznečistěný",neztížené,dobré,žádné nebo žádné z uvedených,komunikace sledovaná (ve vybraných městech),,,jízdní kolo,Brno-Slatina,muž,Ne,středa,květen,Slatina,,,,,,,,lehké zranění,"bez přilby (pouze u motocyklistů, příp. cyklistů)",řidičem nemotorového vozidla,"ve dne, viditelnost nezhoršená vlivem povětrnostních podmínek",na jízdním pruhu,řidič,dobrý -žádné nepříznivé okolnosti nebyly zjiště,den,,1,70954,1,70954,1,70954,3,36,1,1976,1,76,2012,0,0,1,0,0,1,7,1,735,5,-1162707.465,-592223.548,60206120893,2012/05/23 00:00:00+00,2000,2000,404008e2-19af-4ad1-bc3c-92e235ff6814
-595794.855999999,-1158866.195,609,Brno-sever,ne,nedání přenosti v jízdě,srážka s jedoucím nekolejovým vozidlem,nehoda s následky na životě nebo zdraví,při odbočování vlevo,"povrch suchý, neznečistěný",neztížené,dobré,přechod pro chodce,komunikace sledovaná (ve vybraných městech),,,jízdní kolo,Brno-sever,muž,Ne,středa,květen,Husovice,,,,,,,,lehké zranění,"s přilbou (pouze u motocyklistů, příp. cyklistů)",řidičem motorového vozidla,"ve dne, viditelnost nezhoršená vlivem povětrnostních podmínek",na jízdním pruhu,řidič,dobrý -žádné nepříznivé okolnosti nebyly zjiště,den,,1,70955,1,70955,1,70955,3,34,1,1978,1,78,2012,0,0,1,0,0,2,9,1,920,5,-1158866.195,-595794.856,60206120894,2012/05/23 00:00:00+00,22000,20000,80bc84c5-1a2c-45e1-b672-d548ba19c9f5
-596475.978999998,-1167854.385,610,Brno-Chrlice,ne,nesprávný způsob jízdy,srážka s jedoucím nekolejovým vozidlem,nehoda s následky na životě nebo zdraví,vyhýbání bez dostatečného bočního odstupu (vůle),"povrch suchý, neznečistěný",neztížené,dobré,žádné nebo žádné z uvedených,uzel (křižovatka sledovaná ve vybraných městech),,,jízdní kolo,Brno-Chrlice,muž,Ne,středa,květen,Chrlice,,,,,,,,lehké zranění,"s přilbou (pouze u motocyklistů, příp. cyklistů)",řidičem motorového vozidla,"ve dne, viditelnost nezhoršená vlivem povětrnostních podmínek",na jízdním pruhu,řidič,dobrý -žádné nepříznivé okolnosti nebyly zjiště,den,,1,70956,1,70956,1,70956,3,65,1,1947,1,47,2012,0,0,1,0,0,2,14,1,1400,5,-1167854.385,-596475.979,60206120898,2012/05/23 00:00:00+00,7000,2000,5c93efd0-4a81-4bab-b25c-797738ccd6a0
-603388.348999999,-1157382.116,611,Brno-Bystrc,ne,nesprávný způsob jízdy,havárie,nehoda s následky na životě nebo zdraví,řidič se plně nevěnoval řízení vozidla,"povrch suchý, neznečistěný",neztížené,dobré,žádné nebo žádné z uvedených,komunikace místní,,,jízdní kolo,Brno-Bystrc,muž,Ne,pátek,květen,Bystrc,,,,,,,,lehké zranění,"bez přilby (pouze u motocyklistů, příp. cyklistů)",řidičem nemotorového vozidla,"ve dne, viditelnost nezhoršená vlivem povětrnostních podmínek",na jízdním pruhu,řidič,dobrý -žádné nepříznivé okolnosti nebyly zjiště,den,,1,70958,1,70958,1,70958,5,19,1,1993,1,93,2012,0,0,1,0,0,1,18,1,1810,5,-1157382.116,-603388.349,60206120917,2012/05/25 00:00:00+00,1000,1000,7f619554-64ea-4104-9e8c-f1a7d9f1d68b
-594159.035999998,-1167418.729,612,Brno-Tuřany,ne,nepřiměřená rychlost jízdy,jiný druh nehody,nehoda s následky na životě nebo zdraví,jiný druh nepřiměřené rychlosti,"povrch suchý, neznečistěný",neztížené,dobré,žádné nebo žádné z uvedených,komunikace sledovaná (ve vybraných městech),,,jízdní kolo,Brno-Tuřany,muž,Ne,sobota,květen,Tuřany,,,,,,,,lehké zranění,"s přilbou (pouze u motocyklistů, příp. cyklistů)",řidičem nemotorového vozidla,"ve dne, viditelnost nezhoršená vlivem povětrnostních podmínek",na jízdním pruhu,řidič,dobrý -žádné nepříznivé okolnosti nebyly zjiště,den,,1,70959,1,70959,1,70959,6,39,1,1973,1,73,2012,0,0,1,0,0,1,20,1,2035,5,-1167418.729,-594159.036,60206120924,2012/05/26 00:00:00+00,1500,500,d617e5dd-7d42-462f-8c8f-80c3933c00aa
-598188.217,-1152715.861,613,Brno-Jehnice,nezjišťováno,nesprávný způsob jízdy,srážka s jedoucím nekolejovým vozidlem,nehoda s následky na životě nebo zdraví,řidič se plně nevěnoval řízení vozidla,"povrch suchý, neznečistěný",neztížené,dobré,žádné nebo žádné z uvedených,komunikace sledovaná (ve vybraných městech),,,jízdní kolo,Brno-Jehnice,muž,Nezjišťován,pátek,červen,Jehnice,,,,,,,,lehké zranění,"s přilbou (pouze u motocyklistů, příp. cyklistů)",řidičem motorového vozidla,"ve dne, viditelnost nezhoršená vlivem povětrnostních podmínek",na jízdním pruhu,řidič,dobrý -žádné nepříznivé okolnosti nebyly zjiště,noc,,1,70960,1,70960,1,70960,5,34,1,1978,1,78,2012,0,0,1,0,0,2,5,1,510,6,-1152715.861,-598188.217,60206121065,2012/06/15 00:00:00+00,5000,0,b663e35c-e726-4821-a333-3fbfb234287e
-591766.826000001,-1160189.521,614,Brno-Líšeň,ne,nedání přenosti v jízdě,srážka s jedoucím nekolejovým vozidlem,nehoda s následky na životě nebo zdraví,proti příkazu dopravní značky DEJ PŘEDNOST,"povrch suchý, neznečistěný",neztížené,dobré,přechod pro chodce,uzel (křižovatka sledovaná ve vybraných městech),,,jízdní kolo,Brno-Líšeň,žena,Ne,pátek,červen,Líšeň,,,,,,,,lehké zranění,"bez přilby (pouze u motocyklistů, příp. cyklistů)",řidičem motorového vozidla,"ve dne, viditelnost nezhoršená vlivem povětrnostních podmínek",na jízdním pruhu,řidič,dobrý -žádné nepříznivé okolnosti nebyly zjiště,den,,1,70961,1,70961,1,70961,5,44,1,1968,1,68,2012,0,0,1,0,0,2,6,1,625,6,-1160189.521,-591766.826,60206121066,2012/06/15 00:00:00+00,11000,1000,129a1862-3eee-4ca4-b914-ddc5fa4a2f39
-594729.414999999,-1160971.085,615,Brno-Židenice,nezjišťováno,nepřiměřená rychlost jízdy,jiný druh nehody,nehoda s následky na životě nebo zdraví,nepřizpůsobení rychlosti vlastnostem vozidla a nákladu,"povrch suchý, neznečistěný",neztížené,dobré,přechod pro chodce,komunikace sledovaná (ve vybraných městech),,,jízdní kolo,Brno-Židenice,muž,Nezjišťován,sobota,červen,Židenice,,,,,,,,lehké zranění,"bez přilby (pouze u motocyklistů, příp. cyklistů)",řidičem nemotorového vozidla,"ve dne, viditelnost nezhoršená vlivem povětrnostních podmínek",na jízdním pruhu,řidič,dobrý -žádné nepříznivé okolnosti nebyly zjiště,den,,1,70962,1,70962,1,70962,6,42,1,1970,1,70,2012,0,0,1,0,0,1,16,1,1630,6,-1160971.085,-594729.415,60206121074,2012/06/16 00:00:00+00,5000,5000,fe8f0fbf-ec56-4c27-ac8e-35d41b753e29
-596221.182,-1160355.519,616,Brno-Židenice,nezjišťováno,nesprávný způsob jízdy,jiný druh nehody,nehoda s následky na životě nebo zdraví,řidič se plně nevěnoval řízení vozidla,"povrch suchý, neznečistěný",neztížené,dobré,žádné nebo žádné z uvedených,komunikace místní,,,jízdní kolo,Brno-Židenice,chlapec (do 15 let),Nezjišťován,neděle,červen,Zábrdovice,,,,,,,,bez zraněn,"bez přilby (pouze u motocyklistů, příp. cyklistů)",řidičem nemotorového vozidla,"ve dne, viditelnost nezhoršená vlivem povětrnostních podmínek",na chodníku nebo ostrůvku,řidič,dobrý -žádné nepříznivé okolnosti nebyly zjiště,den,,0,70963,1,70963,1,70963,7,12,1,2000,1,0,2012,0,0,0,1,0,1,9,1,915,6,-1160355.519,-596221.182,60206121080,2012/06/17 00:00:00+00,0,0,3cbb8737-f7d3-4739-93a7-9b94496d1156
-595165.706,-1160918.859,617,Brno-Židenice,nezjišťováno,nesprávný způsob jízdy,"srážka s vozidlem zaparkovaným, odstaveným",nehoda s následky na životě nebo zdraví,řidič se plně nevěnoval řízení vozidla,"povrch suchý, neznečistěný",neztížené,dobré,žádné nebo žádné z uvedených,komunikace sledovaná (ve vybraných městech),,,jízdní kolo,Brno-Židenice,muž,Nezjišťován,neděle,červen,Židenice,,,,,,,,lehké zranění,"s přilbou (pouze u motocyklistů, příp. cyklistů)",řidičem nemotorového vozidla,"ve dne, viditelnost nezhoršená vlivem povětrnostních podmínek",na jízdním pruhu,řidič,dobrý -žádné nepříznivé okolnosti nebyly zjiště,den,,1,70964,1,70964,1,70964,7,40,1,1972,1,72,2012,0,0,1,0,0,1,16,1,1650,6,-1160918.859,-595165.706,60206121084,2012/06/17 00:00:00+00,10000,0,e198437e-46b9-4141-a00f-e6768f012d80
-595307.686999999,-1160601.759,618,Brno-Židenice,ne,nepřiměřená rychlost jízdy,srážka s jedoucím nekolejovým vozidlem,nehoda s následky na životě nebo zdraví,"nepřizpůsobení rychlosti dopravně technickému stavu vozovky (zatáčka, klesání, stoupání, šířka vozovky apod.)","povrch suchý, neznečistěný",neztížené,dobré,žádné nebo žádné z uvedených,komunikace místní,,,jízdní kolo,Brno-Židenice,chlapec (do 15 let),Ne,středa,červen,Židenice,,,,,,,,lehké zranění,"s přilbou (pouze u motocyklistů, příp. cyklistů)",řidičem nemotorového vozidla,"ve dne, viditelnost nezhoršená vlivem povětrnostních podmínek",na jízdním pruhu,řidič,dobrý -žádné nepříznivé okolnosti nebyly zjiště,den,,1,70965,1,70965,1,70965,3,8,1,2004,1,4,2012,0,0,1,0,0,1,18,1,1840,6,-1160601.759,-595307.687,60206121109,2012/06/20 00:00:00+00,10000,8000,995e1f1c-5f6e-4f1d-93f7-fb0f8467dafb
-597220.561000001,-1161282.603,619,Brno-střed,ano,nesprávný způsob jízdy,havárie,nehoda s následky na životě nebo zdraví,řidič se plně nevěnoval řízení vozidla,"povrch suchý, neznečistěný",neztížené,dobré,v blízkosti přechodu pro chodce (do vzdálenosti 20 m),uzel (křižovatka sledovaná ve vybraných městech),,,jízdní kolo,Brno-střed,muž,"Ano, obsah alkoholu v krvi 1,5‰ a více",pátek,červen,Trnitá,,,,,,,,lehké zranění,"bez přilby (pouze u motocyklistů, příp. cyklistů)",řidičem nemotorového vozidla,"v noci - s veřejným osvětlením, viditelnost nezhoršená vlivem povětrnostních podmínek",na jízdním pruhu,řidič,pod vlivem alkoholu obsah alkoholu v krvi 1 ‰ a víc,noc,,1,70966,1,70966,1,70966,5,64,1,1948,1,48,2012,0,0,1,0,0,1,23,1,2340,6,-1161282.603,-597220.561,60206121124,2012/06/22 00:00:00+00,1000,1000,90abdb22-a9e8-43a7-ae25-19c166ecc5e0
-593429.708000001,-1164285.726,620,Brno-Slatina,ne,nedání přenosti v jízdě,srážka s jedoucím nekolejovým vozidlem,nehoda s následky na životě nebo zdraví,proti příkazu dopravní značky DEJ PŘEDNOST,"povrch suchý, neznečistěný",neztížené,dobré,"zastávka tramvaje, autobusu, trolejbusu bez nástup. ostrůvku",komunikace sledovaná (ve vybraných městech),,,jízdní kolo,Brno-Slatina,muž,Ne,pondělí,červen,Slatina,,,,,,,,lehké zranění,"s přilbou (pouze u motocyklistů, příp. cyklistů)",řidičem motorového vozidla,"ve dne, viditelnost nezhoršená vlivem povětrnostních podmínek",na jízdním pruhu,řidič,dobrý -žádné nepříznivé okolnosti nebyly zjiště,noc,,1,70967,1,70967,1,70967,1,49,1,1963,1,63,2012,0,0,1,0,0,2,5,1,520,6,-1164285.726,-593429.708,60206121132,2012/06/25 00:00:00+00,21000,15000,872e140c-dd52-4969-97f6-f37a5792ee65
-597358.824999999,-1164044.224,621,Brno-jih,ne,nesprávný způsob jízdy,srážka s jedoucím nekolejovým vozidlem,nehoda s následky na životě nebo zdraví,řidič se plně nevěnoval řízení vozidla,"povrch suchý, neznečistěný",neztížené,dobré,v blízkosti přechodu pro chodce (do vzdálenosti 20 m),komunikace sledovaná (ve vybraných městech),,,jízdní kolo,Brno-jih,muž,Ne,pondělí,červen,Horní Heršpice,,,,,,,,lehké zranění,"bez přilby (pouze u motocyklistů, příp. cyklistů)",řidičem motorového vozidla,"ve dne, viditelnost nezhoršená vlivem povětrnostních podmínek",na jízdním pruhu,řidič,dobrý -žádné nepříznivé okolnosti nebyly zjiště,den,,1,70970,1,70970,1,70970,1,21,1,1991,1,91,2012,0,0,1,0,0,2,14,1,1415,6,-1164044.224,-597358.825,60206121138,2012/06/25 00:00:00+00,18000,0,e677b38b-444c-46b4-ba6e-036201817259
-598716.458000001,-1158491.638,622,Brno-Královo Pole,ne,nesprávný způsob jízdy,srážka s jedoucím nekolejovým vozidlem,nehoda s následky na životě nebo zdraví,řidič se plně nevěnoval řízení vozidla,"povrch suchý, neznečistěný",neztížené,dobré,parkoviště přiléhající ke komunikaci,komunikace sledovaná (ve vybraných městech),,,jízdní kolo,Brno-Královo Pole,muž,Ne,úterý,červen,Královo Pole,,,,,,,,lehké zranění,"s přilbou (pouze u motocyklistů, příp. cyklistů)",řidičem motorového vozidla,"ve dne, viditelnost nezhoršená vlivem povětrnostních podmínek",na jízdním pruhu,řidič,dobrý -žádné nepříznivé okolnosti nebyly zjiště,den,,1,70971,1,70971,1,70971,2,39,1,1973,1,73,2012,0,0,1,0,0,2,20,1,2010,6,-1158491.638,-598716.458,60206121149,2012/06/26 00:00:00+00,57000,50000,b21249c1-d355-49e6-a681-be115f5d9c4b