X,Y,objectid_1,zuj,alkohol_vinik,hlavni_pricina,srazka,nasledky,pricina,stav_vozovky,povetrnostni_podm,rozhled,misto_nehody,druh_komun,pneumatiky,druh_pohonu,druh_vozidla,mestska_cast,pohlavi,alkohol,den_v_tydnu,mesic_t,katastr,chovani_chodce,stav_chodce,drogy_chodec,alkohol_chodec,osobni_prepravnik,reflexni_prvky,kategorie_chodce,nasledek,ozn_osoba,zavineni,viditelnost,situovani,osoba,stav_ridic,doba,smrt_po,lz,target_fid_1,join_count_1,objectid,join_count,target_fid,den,vek,smrt_dny,rok_nar,p48a,p59d,rok,tz,smrt,lehce_zran_os,tezce_zran_os,usmrceno_os,id_vozidla,hodina,ovlivneni_ridice,cas,mesic,e,d,id_nehody,datum,hmotna_skoda_1,skoda_vozidlo,globalid
-600467.419,-1157991.815,623,Brno-Žabovřesky,ne,nezaviněno řidičem,srážka s chodcem,nehoda s následky na životě nebo zdraví,nezaviněná řidičem,"povrch suchý, neznečistěný",neztížené,dobré,žádné nebo žádné z uvedených,komunikace sledovaná (ve vybraných městech),,,jízdní kolo,Brno-Žabovřesky,žena,Ne,středa,červen,Žabovřesky,,,,,,,,lehké zranění,"s přilbou (pouze u motocyklistů, příp. cyklistů)",chodcem,"ve dne, viditelnost nezhoršená vlivem povětrnostních podmínek",na jízdním pruhu,řidič,dobrý -žádné nepříznivé okolnosti nebyly zjiště,den,,1,70972,1,70972,1,70972,3,26,1,1986,1,86,2012,0,0,1,0,0,1,7,1,730,6,-1157991.815,-600467.419,60206121151,2012/06/27 00:00:00+00,4000,1000,2a49ed99-9705-437c-9afb-6a462c347a96
-600416.230999999,-1158088.387,624,Brno-Žabovřesky,ne,nepřiměřená rychlost jízdy,havárie,nehoda s následky na životě nebo zdraví,nepřizpůsobení rychlosti vlastnostem vozidla a nákladu,"povrch suchý, neznečistěný",neztížené,dobré,parkoviště přiléhající ke komunikaci,komunikace místní,,,jízdní kolo,Brno-Žabovřesky,muž,Ne,neděle,červenec,Žabovřesky,,,,,,,,těžké zranění,"bez přilby (pouze u motocyklistů, příp. cyklistů)",řidičem nemotorového vozidla,"ve dne, viditelnost nezhoršená vlivem povětrnostních podmínek",na jízdním pruhu,řidič,dobrý -žádné nepříznivé okolnosti nebyly zjiště,den,,0,70974,1,70974,1,70974,7,30,1,1982,1,82,2012,1,0,0,1,0,1,15,1,1515,7,-1158088.387,-600416.231,60206121176,2012/07/01 00:00:00+00,0,0,e21e00fc-5807-4234-aded-23ce39f2c48d
-595740.884,-1158401.311,625,Brno-sever,ne,nedání přenosti v jízdě,srážka s jedoucím nekolejovým vozidlem,nehoda s následky na životě nebo zdraví,vozidlu přijíždějícímu zprava,"povrch suchý, neznečistěný",neztížené,dobré,žádné nebo žádné z uvedených,komunikace místní,,,jízdní kolo,Brno-sever,muž,Ne,neděle,červenec,Husovice,,,,,,,,lehké zranění,"s přilbou (pouze u motocyklistů, příp. cyklistů)",řidičem motorového vozidla,"ve dne, viditelnost nezhoršená vlivem povětrnostních podmínek",na jízdním pruhu,řidič,dobrý -žádné nepříznivé okolnosti nebyly zjiště,den,,1,70975,1,70975,1,70975,7,31,1,1981,1,81,2012,0,0,1,0,0,2,17,1,1730,7,-1158401.311,-595740.884,60206121178,2012/07/01 00:00:00+00,15000,5000,e17ee8dd-db47-41b1-965a-6a63c5fd2342
-596268.920000002,-1161218.853,626,Brno-Židenice,ano,nesprávný způsob jízdy,havárie,nehoda s následky na životě nebo zdraví,řidič se plně nevěnoval řízení vozidla,"povrch suchý, neznečistěný",neztížené,"špatné - vlivem okolní zástavby (budovy, plné zábradlí apod.)",v blízkosti přechodu pro chodce (do vzdálenosti 20 m),komunikace sledovaná (ve vybraných městech),,,jízdní kolo,Brno-Židenice,muž,"Ano, obsah alkoholu v krvi 1,5‰ a více",neděle,červenec,Židenice,,,,,,,,lehké zranění,"bez přilby (pouze u motocyklistů, příp. cyklistů)",řidičem nemotorového vozidla,"v noci - s veřejným osvětlením, viditelnost nezhoršená vlivem povětrnostních podmínek",na jízdním pruhu,řidič,pod vlivem alkoholu obsah alkoholu v krvi 1 ‰ a víc,noc,,1,70976,1,70976,1,70976,7,57,1,1955,1,55,2012,0,0,1,0,0,1,21,1,2135,7,-1161218.853,-596268.92,60206121180,2012/07/01 00:00:00+00,0,0,691d9b91-5d7a-4814-a4a1-4a04779031cb
-601495.609999999,-1158518,627,Brno-Komín,ne,nedání přenosti v jízdě,srážka s jedoucím nekolejovým vozidlem,nehoda s následky na životě nebo zdraví,proti příkazu dopravní značky DEJ PŘEDNOST,"povrch suchý, neznečistěný",neztížené,dobré,v blízkosti přechodu pro chodce (do vzdálenosti 20 m),uzel (křižovatka sledovaná ve vybraných městech),,,jízdní kolo,Brno-Komín,muž,Ne,úterý,červenec,Komín,,,,,,,,těžké zranění,"bez přilby (pouze u motocyklistů, příp. cyklistů)",řidičem motorového vozidla,"ve dne, viditelnost nezhoršená vlivem povětrnostních podmínek",na jízdním pruhu,řidič,dobrý -žádné nepříznivé okolnosti nebyly zjiště,den,,0,70977,1,70977,1,70977,2,54,1,1958,1,58,2012,1,0,0,1,0,2,7,1,720,7,-1158518,-601495.61,60206121189,2012/07/03 00:00:00+00,3000,1000,e12ddf1d-f999-429b-b7bf-b97f0985f463
-599150.916000001,-1156185.429,628,Brno-Řečkovice a Mokrá Hora,ne,nesprávný způsob jízdy,srážka s jedoucím nekolejovým vozidlem,nehoda s následky na životě nebo zdraví,řidič se plně nevěnoval řízení vozidla,"povrch suchý, neznečistěný",neztížené,dobré,v blízkosti přechodu pro chodce (do vzdálenosti 20 m),komunikace sledovaná (ve vybraných městech),,,jízdní kolo,Brno-Řečkovice a Mokrá Hora,muž,Ne,středa,červenec,Řečkovice,,,,,,,,lehké zranění,"s přilbou (pouze u motocyklistů, příp. cyklistů)",řidičem nemotorového vozidla,"ve dne, viditelnost nezhoršená vlivem povětrnostních podmínek",na jízdním pruhu,řidič,dobrý -žádné nepříznivé okolnosti nebyly zjiště,den,,1,70979,1,70979,1,70979,3,24,1,1988,1,88,2012,0,0,1,0,0,1,14,1,1440,7,-1156185.429,-599150.916,60206121232,2012/07/11 00:00:00+00,30000,10000,86449a03-9112-4bbd-90d4-c640363b9638
-598588.287999999,-1159417.133,629,Brno-střed,ne,nedání přenosti v jízdě,srážka s jedoucím nekolejovým vozidlem,nehoda s následky na životě nebo zdraví,při odbočování vlevo,"povrch suchý, neznečistěný",neztížené,dobré,přechod pro chodce,uzel (křižovatka sledovaná ve vybraných městech),,,jízdní kolo,Brno-střed,muž,Ne,čtvrtek,červenec,Veveří,,,,,,,,lehké zranění,"s přilbou (pouze u motocyklistů, příp. cyklistů)",řidičem motorového vozidla,"ve dne, viditelnost nezhoršená vlivem povětrnostních podmínek",na jízdním pruhu,řidič,dobrý -žádné nepříznivé okolnosti nebyly zjiště,den,,1,70980,1,70980,1,70980,4,51,1,1961,1,61,2012,0,0,1,0,0,2,12,1,1210,7,-1159417.133,-598588.288,60206121240,2012/07/12 00:00:00+00,31000,30000,6ac82bf9-3879-4301-b66c-ca94ffc7c3df
-594619.140000001,-1157452.991,630,Brno-Maloměřice a Obřany,ano,nesprávný způsob jízdy,havárie,nehoda s následky na životě nebo zdraví,řidič se plně nevěnoval řízení vozidla,povrch mokrý,neztížené,dobré,žádné nebo žádné z uvedených,komunikace sledovaná (ve vybraných městech),,,jízdní kolo,Brno-Maloměřice a Obřany,muž,"Ano, obsah alkoholu v krvi od 1,0‰ do 1,5‰",sobota,červenec,Maloměřice,,,,,,,,lehké zranění,"s přilbou (pouze u motocyklistů, příp. cyklistů)",řidičem nemotorového vozidla,"ve dne, viditelnost nezhoršená vlivem povětrnostních podmínek",na jízdním pruhu,řidič,pod vlivem alkoholu obsah alkoholu v krvi 1 ‰ a víc,den,,1,70981,1,70981,1,70981,6,64,1,1948,1,48,2012,0,0,1,0,0,1,18,1,1852,7,-1157452.991,-594619.14,60206121257,2012/07/14 00:00:00+00,0,0,f803041a-8f72-4a51-9ec1-a29d384f006c
-598462.291999999,-1159959.607,631,Brno-střed,ne,nedání přenosti v jízdě,srážka s jedoucím nekolejovým vozidlem,nehoda s následky na životě nebo zdraví,při vjíždění na silnici,povrch mokrý,neztížené,dobré,žádné nebo žádné z uvedených,komunikace místní,,,jízdní kolo,Brno-střed,muž,Ne,čtvrtek,červenec,Veveří,,,,,,,,lehké zranění,"bez přilby (pouze u motocyklistů, příp. cyklistů)",řidičem motorového vozidla,"ve dne, viditelnost nezhoršená vlivem povětrnostních podmínek",na jízdním pruhu,řidič,dobrý -žádné nepříznivé okolnosti nebyly zjiště,den,,1,70984,1,70984,1,70984,4,19,1,1993,1,93,2012,0,0,1,0,0,2,12,1,1232,7,-1159959.607,-598462.292,60206121283,2012/07/19 00:00:00+00,31000,10000,34348db3-847a-4d36-b166-1a339e104119
-600180.245999999,-1162987.561,632,Brno-Bohunice,ne,nesprávný způsob jízdy,srážka s jedoucím nekolejovým vozidlem,nehoda s následky na životě nebo zdraví,řidič se plně nevěnoval řízení vozidla,"povrch suchý, neznečistěný",neztížené,dobré,přechod pro chodce,uzel (křižovatka sledovaná ve vybraných městech),,,jízdní kolo,Brno-Bohunice,muž,Ne,pátek,červenec,Bohunice,,,,,,,,lehké zranění,"s přilbou (pouze u motocyklistů, příp. cyklistů)",řidičem motorového vozidla,"ve dne, viditelnost nezhoršená vlivem povětrnostních podmínek",na jízdním pruhu,řidič,dobrý -žádné nepříznivé okolnosti nebyly zjiště,den,,1,70985,1,70985,1,70985,5,62,1,1950,1,50,2012,0,0,1,0,0,2,10,1,1040,7,-1162987.561,-600180.246,60206121289,2012/07/20 00:00:00+00,7000,1000,b4bc37f5-4419-4bca-b4d8-40ed7efb3d88
-595951.524,-1161175.238,633,Brno-Židenice,ano,nepřiměřená rychlost jízdy,havárie,nehoda s následky na životě nebo zdraví,nepřizpůsobení rychlosti vlastnostem vozidla a nákladu,povrch mokrý,"na počátku deště, slabý déšť, mrholení apod.",dobré,žádné nebo žádné z uvedených,komunikace sledovaná (ve vybraných městech),,,jízdní kolo,Brno-Židenice,muž,"Ano, obsah alkoholu v krvi 1,5‰ a více",sobota,červenec,Židenice,,,,,,,,lehké zranění,"bez přilby (pouze u motocyklistů, příp. cyklistů)",řidičem nemotorového vozidla,"ve dne, viditelnost nezhoršená vlivem povětrnostních podmínek",na jízdním pruhu,řidič,pod vlivem alkoholu obsah alkoholu v krvi 1 ‰ a víc,den,,1,70986,1,70986,1,70986,6,29,1,1983,1,83,2012,0,0,1,0,0,1,20,1,2010,7,-1161175.238,-595951.524,60206121301,2012/07/21 00:00:00+00,0,0,869449d9-2842-4198-9e0a-ebb3ac24e480
-598774.866,-1156956.245,634,Brno-Královo Pole,ano,nesprávný způsob jízdy,jiný druh nehody,nehoda s následky na životě nebo zdraví,nezvládnutí řízení vozidla,povrch mokrý,neztížené,dobré,žádné nebo žádné z uvedených,komunikace sledovaná (ve vybraných městech),,,jízdní kolo,Brno-Královo Pole,muž,"Ano, obsah alkoholu v krvi od 1,0‰ do 1,5‰",sobota,červenec,Královo Pole,,,,,,,,bez zraněn,"s přilbou (pouze u motocyklistů, příp. cyklistů)",řidičem nemotorového vozidla,"v noci - s veřejným osvětlením, viditelnost nezhoršená vlivem povětrnostních podmínek",na chodníku nebo ostrůvku,řidič,pod vlivem alkoholu obsah alkoholu v krvi 1 ‰ a víc,noc,,0,70987,1,70987,1,70987,6,22,1,1990,1,90,2012,0,0,1,0,0,1,22,1,2210,7,-1156956.245,-598774.866,60206121303,2012/07/21 00:00:00+00,3000,3000,5735f59b-1a3f-45b2-8599-943a1ce7d256
-598774.866,-1156956.245,635,Brno-Královo Pole,ano,nesprávný způsob jízdy,jiný druh nehody,nehoda s následky na životě nebo zdraví,nezvládnutí řízení vozidla,povrch mokrý,neztížené,dobré,žádné nebo žádné z uvedených,komunikace sledovaná (ve vybraných městech),,,jízdní kolo,Brno-Královo Pole,žena,"Ano, obsah alkoholu v krvi od 1,0‰ do 1,5‰",sobota,červenec,Královo Pole,,,,,,,,lehké zranění,"s přilbou (pouze u motocyklistů, příp. cyklistů)",řidičem nemotorového vozidla,"v noci - s veřejným osvětlením, viditelnost nezhoršená vlivem povětrnostních podmínek",na chodníku nebo ostrůvku,ostatní spolucestující (i v postranním vozíku motocyklu),pod vlivem alkoholu obsah alkoholu v krvi 1 ‰ a víc,noc,,1,70988,1,70988,1,70988,6,21,1,1991,1,91,2012,0,0,1,0,0,1,22,1,2210,7,-1156956.245,-598774.866,60206121303,2012/07/21 00:00:00+00,3000,3000,c97f0fa6-1ded-4ae2-b301-e08d1bbfc73f
-596207.052999999,-1159344.85,636,Brno-sever,ne,nepřiměřená rychlost jízdy,havárie,nehoda s následky na životě nebo zdraví,nepřizpůsobení rychlosti vlastnostem vozidla a nákladu,"povrch suchý, neznečistěný",neztížené,dobré,žádné nebo žádné z uvedených,komunikace sledovaná (ve vybraných městech),,,jízdní kolo,Brno-sever,muž,Ne,úterý,červenec,Husovice,,,,,,,,lehké zranění,"s přilbou (pouze u motocyklistů, příp. cyklistů)",řidičem nemotorového vozidla,"ve dne, viditelnost nezhoršená vlivem povětrnostních podmínek",na kolejích tramvaje,řidič,dobrý -žádné nepříznivé okolnosti nebyly zjiště,den,,1,70991,1,70991,1,70991,2,51,1,1961,1,61,2012,0,0,1,0,0,1,14,1,1455,7,-1159344.85,-596207.053,60206121322,2012/07/24 00:00:00+00,0,0,d87995bf-c4c1-4473-ab6d-13502bdac194
-599191.548999999,-1152867.252,637,Brno-Řečkovice a Mokrá Hora,ne,nezaviněno řidičem,srážka s chodcem,nehoda s následky na životě nebo zdraví,nezaviněná řidičem,"povrch suchý, neznečistěný",neztížené,dobré,žádné nebo žádné z uvedených,komunikace místní,,,jízdní kolo,Brno-Řečkovice a Mokrá Hora,muž,Ne,úterý,červenec,Mokrá Hora,,,,,,,,bez zraněn,"s přilbou (pouze u motocyklistů, příp. cyklistů)",chodcem,"ve dne, viditelnost nezhoršená vlivem povětrnostních podmínek",na stezce pro cyklisty,řidič,dobrý -žádné nepříznivé okolnosti nebyly zjiště,den,,0,70992,1,70992,1,70992,2,41,1,1971,1,71,2012,0,0,1,0,0,1,19,1,1905,7,-1152867.252,-599191.549,60206121326,2012/07/24 00:00:00+00,0,0,055cbfc3-88a5-4091-94ff-75720d040610
-603641.651999999,-1157251.68,638,Brno-Bystrc,nezjišťováno,nedání přenosti v jízdě,srážka s jedoucím nekolejovým vozidlem,nehoda s následky na životě nebo zdraví,proti příkazu dopravní značky DEJ PŘEDNOST,povrch mokrý,"na počátku deště, slabý déšť, mrholení apod.",dobré,žádné nebo žádné z uvedených,komunikace sledovaná (ve vybraných městech),,,jízdní kolo,Brno-Bystrc,žena,Nezjišťován,středa,červenec,Bystrc,,,,,,,,lehké zranění,"bez přilby (pouze u motocyklistů, příp. cyklistů)",řidičem motorového vozidla,"ve dne, viditelnost nezhoršená vlivem povětrnostních podmínek",na jízdním pruhu,řidič,dobrý -žádné nepříznivé okolnosti nebyly zjiště,den,,1,70993,1,70993,1,70993,3,23,1,1989,1,89,2012,0,0,1,0,0,2,6,1,635,7,-1157251.68,-603641.652,60206121329,2012/07/25 00:00:00+00,1000,0,e4fbc374-cd62-401d-a9df-a64ab11644bc
-596766.059999999,-1160152.91,639,Brno-sever,ne,nepřiměřená rychlost jízdy,"srážka s vozidlem zaparkovaným, odstaveným",nehoda pouze s hmotnou škodou,nepřizpůsobení rychlosti vlastnostem vozidla a nákladu,"povrch suchý, neznečistěný",neztížené,dobré,parkoviště přiléhající ke komunikaci,komunikace sledovaná (ve vybraných městech),,,jízdní kolo,Brno-sever,muž,Ne,pátek,červenec,Zábrdovice,,,,,,,,bez zraněn,"bez přilby (pouze u motocyklistů, příp. cyklistů)",řidičem nemotorového vozidla,"ve dne, viditelnost nezhoršená vlivem povětrnostních podmínek",na jízdním pruhu,řidič,dobrý -žádné nepříznivé okolnosti nebyly zjiště,den,,0,70994,1,70994,1,70994,5,37,1,1975,1,75,2012,0,0,0,0,0,1,9,1,915,7,-1160152.91,-596766.06,60206121344,2012/07/27 00:00:00+00,11000,1000,5e3a015a-47b3-40d6-ada2-881580389afb
-600107.774,-1155360.705,640,Brno-Medlánky,ano,nesprávný způsob jízdy,"srážka s vozidlem zaparkovaným, odstaveným",nehoda s následky na životě nebo zdraví,řidič se plně nevěnoval řízení vozidla,"povrch suchý, neznečistěný",neztížené,dobré,žádné nebo žádné z uvedených,komunikace sledovaná (ve vybraných městech),,,jízdní kolo,Brno-Medlánky,muž,"Ano, obsah alkoholu v krvi od 0,5‰ do 0,8‰",sobota,červenec,Medlánky,,,,,,,,lehké zranění,"bez přilby (pouze u motocyklistů, příp. cyklistů)",řidičem nemotorového vozidla,"ve dne, viditelnost nezhoršená vlivem povětrnostních podmínek",na jízdním pruhu,řidič,"pod vlivem alkoholu, obsah alkoholu v krvi do 0,99 ‰",den,,1,70995,1,70995,1,70995,6,48,1,1964,1,64,2012,0,0,1,0,0,1,18,1,1815,7,-1155360.705,-600107.774,60206121352,2012/07/28 00:00:00+00,15000,10000,2fb0691d-671a-41bd-b962-b4adad5f8fb6
-599146.686000001,-1166362.319,641,Brno-jih,ne,nepřiměřená rychlost jízdy,jiný druh nehody,nehoda s následky na životě nebo zdraví,nepřizpůsobení rychlosti vlastnostem vozidla a nákladu,"povrch suchý, neznečistěný",neztížené,dobré,žádné nebo žádné z uvedených,komunikace místní,,,jízdní kolo,Brno-jih,muž,Ne,úterý,červenec,Přízřenice,,,,,,,,těžké zranění,"bez přilby (pouze u motocyklistů, příp. cyklistů)",řidičem nemotorového vozidla,"ve dne, viditelnost nezhoršená vlivem povětrnostních podmínek",mimo komunikaci,řidič,dobrý -žádné nepříznivé okolnosti nebyly zjiště,den,,0,70996,1,70996,1,70996,2,45,1,1967,1,67,2012,1,0,0,1,0,1,6,1,650,7,-1166362.319,-599146.686,60206121362,2012/07/31 00:00:00+00,2500,500,cf8a1884-ff46-4f55-a4c4-efb797a22b28
-599146.686000001,-1166362.319,642,Brno-jih,ne,nepřiměřená rychlost jízdy,jiný druh nehody,nehoda s následky na životě nebo zdraví,nepřizpůsobení rychlosti vlastnostem vozidla a nákladu,"povrch suchý, neznečistěný",neztížené,dobré,žádné nebo žádné z uvedených,komunikace místní,,,jízdní kolo,Brno-jih,žena,Ne,úterý,červenec,Přízřenice,,,,,,,,bez zraněn,"s přilbou (pouze u motocyklistů, příp. cyklistů)",řidičem nemotorového vozidla,"ve dne, viditelnost nezhoršená vlivem povětrnostních podmínek",mimo komunikaci,řidič,dobrý -žádné nepříznivé okolnosti nebyly zjiště,den,,0,70997,1,70997,1,70997,2,31,1,1981,1,81,2012,0,0,0,1,0,2,6,1,650,7,-1166362.319,-599146.686,60206121362,2012/07/31 00:00:00+00,2500,500,92009365-1a4c-4605-a429-20656ca84832
-595801.789000001,-1165848.48,643,Brno-Tuřany,ne,nesprávé předjíždění,srážka s jedoucím nekolejovým vozidlem,nehoda s následky na životě nebo zdraví,jiný druh nesprávného předjíždění,"povrch suchý, neznečistěný",neztížené,dobré,v blízkosti přechodu pro chodce (do vzdálenosti 20 m),komunikace sledovaná (ve vybraných městech),,,jízdní kolo,Brno-Tuřany,muž,Ne,pátek,srpen,Holásky,,,,,,,,lehké zranění,"s přilbou (pouze u motocyklistů, příp. cyklistů)",řidičem nemotorového vozidla,"v noci - s veřejným osvětlením, viditelnost nezhoršená vlivem povětrnostních podmínek",na jízdním pruhu,řidič,dobrý -žádné nepříznivé okolnosti nebyly zjiště,den,,1,70998,1,70998,1,70998,5,47,1,1965,1,65,2012,0,0,1,0,0,1,19,1,1915,8,-1165848.48,-595801.789,60206121387,2012/08/03 00:00:00+00,20000,5000,0555ab88-281d-4b5a-b135-ecbf3268fbca
-594210.693,-1157639.557,644,Brno-Maloměřice a Obřany,ne,nesprávný způsob jízdy,srážka s jedoucím nekolejovým vozidlem,nehoda s následky na životě nebo zdraví,jiný druh nesprávného způsobu jízdy,"povrch suchý, neznečistěný",neztížené,dobré,žádné nebo žádné z uvedených,komunikace místní,,,jízdní kolo,Brno-Maloměřice a Obřany,chlapec (do 15 let),Ne,sobota,srpen,Maloměřice,,,,,,,,těžké zranění,"s přilbou (pouze u motocyklistů, příp. cyklistů)",řidičem nemotorového vozidla,"ve dne, viditelnost nezhoršená vlivem povětrnostních podmínek",na jízdním pruhu,řidič,dobrý -žádné nepříznivé okolnosti nebyly zjiště,den,,0,70999,1,70999,1,70999,6,5,1,2007,1,7,2012,1,0,0,1,0,1,8,1,850,8,-1157639.557,-594210.693,60206121388,2012/08/04 00:00:00+00,19000,1000,f7ac4694-2399-4891-b2a8-787f0655a8db
-598862.741999999,-1157135.528,645,Brno-Královo Pole,ano,nesprávný způsob jízdy,havárie,nehoda s následky na životě nebo zdraví,nezvládnutí řízení vozidla,"povrch suchý, neznečistěný",neztížené,dobré,žádné nebo žádné z uvedených,uzel (křižovatka sledovaná ve vybraných městech),,,jízdní kolo,Brno-Královo Pole,žena,"Ano, obsah alkoholu v krvi do 0,24 ‰",sobota,srpen,Královo Pole,,,,,,,,lehké zranění,"s přilbou (pouze u motocyklistů, příp. cyklistů)",řidičem nemotorového vozidla,"ve dne, viditelnost nezhoršená vlivem povětrnostních podmínek",na kolejích tramvaje,řidič,"pod vlivem alkoholu, obsah alkoholu v krvi do 0,99 ‰",den,,1,71000,1,71000,1,71000,6,39,1,1973,1,73,2012,0,0,1,0,0,1,16,1,1620,8,-1157135.528,-598862.742,60206121392,2012/08/04 00:00:00+00,1000,1000,636c3641-5fc4-4b79-9d31-d13a6ddc0f66
-596173.147999998,-1158544.854,646,Brno-sever,ne,nedání přenosti v jízdě,srážka s jedoucím nekolejovým vozidlem,nehoda s následky na životě nebo zdraví,při vjíždění na silnici,"povrch suchý, neznečistěný",neztížené,dobré,parkoviště přiléhající ke komunikaci,komunikace sledovaná (ve vybraných městech),,,jízdní kolo,Brno-sever,muž,Ne,úterý,srpen,Husovice,,,,,,,,lehké zranění,"bez přilby (pouze u motocyklistů, příp. cyklistů)",řidičem motorového vozidla,"ve dne, viditelnost nezhoršená vlivem povětrnostních podmínek",na jízdním pruhu,řidič,dobrý -žádné nepříznivé okolnosti nebyly zjiště,den,,1,71002,1,71002,1,71002,2,37,1,1975,1,75,2012,0,0,1,0,0,2,17,1,1730,8,-1158544.854,-596173.148,60206121406,2012/08/07 00:00:00+00,25000,20000,a58f6f25-bccd-4b2c-941a-b25e70f4686e
-595718.655000001,-1168981.641,647,Brno-Chrlice,ne,nedání přenosti v jízdě,srážka s jedoucím nekolejovým vozidlem,nehoda s následky na životě nebo zdraví,proti příkazu dopravní značky STŮJ DEJ PŘEDNOST,"povrch suchý, neznečistěný",neztížené,dobré,žádné nebo žádné z uvedených,komunikace sledovaná (ve vybraných městech),,,jízdní kolo,Brno-Chrlice,muž,Ne,středa,srpen,Chrlice,,,,,,,,lehké zranění,"s přilbou (pouze u motocyklistů, příp. cyklistů)",řidičem motorového vozidla,"ve dne, viditelnost nezhoršená vlivem povětrnostních podmínek",na jízdním pruhu,řidič,dobrý -žádné nepříznivé okolnosti nebyly zjiště,den,,1,71003,1,71003,1,71003,3,24,1,1988,1,88,2012,0,0,1,0,0,2,6,1,625,8,-1168981.641,-595718.655,60206121408,2012/08/08 00:00:00+00,17000,15000,d3d7f221-fdc3-4d29-ba77-9e2ea844c9cf
-599963.535,-1157644.502,648,Brno-Žabovřesky,ne,nesprávný způsob jízdy,havárie,nehoda s následky na životě nebo zdraví,řidič se plně nevěnoval řízení vozidla,"povrch suchý, neznečistěný",neztížené,dobré,žádné nebo žádné z uvedených,komunikace místní,,,jízdní kolo,Brno-Žabovřesky,muž,Ne,čtvrtek,srpen,Žabovřesky,,,,,,,,těžké zranění,"s přilbou (pouze u motocyklistů, příp. cyklistů)",řidičem nemotorového vozidla,"ve dne, viditelnost nezhoršená vlivem povětrnostních podmínek",na jízdním pruhu,řidič,dobrý -žádné nepříznivé okolnosti nebyly zjiště,den,,0,71004,1,71004,1,71004,4,38,1,1974,1,74,2012,1,0,0,1,0,1,18,1,1815,8,-1157644.502,-599963.535,60206121418,2012/08/09 00:00:00+00,2000,2000,dee9c617-4e92-4e76-bf82-8a40bfada73c
-600032.238000002,-1152307.599,649,Brno-Ivanovice,nezjišťováno,nesprávný způsob jízdy,havárie,nehoda s následky na životě nebo zdraví,řidič se plně nevěnoval řízení vozidla,"povrch suchý, neznečistěný",neztížené,dobré,žádné nebo žádné z uvedených,komunikace sledovaná (ve vybraných městech),,,jízdní kolo,Brno-Ivanovice,muž,Nezjišťován,sobota,srpen,Ivanovice,,,,,,,,lehké zranění,"bez přilby (pouze u motocyklistů, příp. cyklistů)",řidičem nemotorového vozidla,"ve dne, viditelnost nezhoršená vlivem povětrnostních podmínek",na jízdním pruhu,řidič,pod vlivem alkoholu obsah alkoholu v krvi 1 ‰ a víc,den,,1,71005,1,71005,1,71005,6,47,1,1965,1,65,2012,0,0,1,0,0,1,18,1,1821,8,-1152307.599,-600032.238,60206121427,2012/08/11 00:00:00+00,2000,2000,fb668937-45ab-4798-8175-1e2689633e07
-596754.743000001,-1160097.939,650,Brno-sever,ano,nesprávný způsob jízdy,srážka s jedoucím nekolejovým vozidlem,nehoda pouze s hmotnou škodou,řidič se plně nevěnoval řízení vozidla,"povrch suchý, neznečistěný",neztížené,dobré,v blízkosti přechodu pro chodce (do vzdálenosti 20 m),uzel (křižovatka sledovaná ve vybraných městech),,,jízdní kolo,Brno-sever,muž,"Ano, obsah alkoholu v krvi od 0,24‰ do 0,5‰",neděle,srpen,Zábrdovice,,,,,,,,bez zraněn,"bez přilby (pouze u motocyklistů, příp. cyklistů)",řidičem nemotorového vozidla,"ve dne, viditelnost nezhoršená vlivem povětrnostních podmínek",na jízdním pruhu,řidič,"pod vlivem alkoholu, obsah alkoholu v krvi do 0,99 ‰",den,,0,71006,1,71006,1,71006,7,50,1,1962,1,62,2012,0,0,0,0,0,1,16,1,1620,8,-1160097.939,-596754.743,60206121431,2012/08/12 00:00:00+00,10000,0,5f53e771-4005-40c5-97fa-cfa6da5bd195
-601016.394000001,-1155187.739,651,Brno-Medlánky,ne,nesprávný způsob jízdy,srážka s jedoucím nekolejovým vozidlem,nehoda s následky na životě nebo zdraví,řidič se plně nevěnoval řízení vozidla,"povrch suchý, neznečistěný",neztížené,dobré,žádné nebo žádné z uvedených,komunikace účelová - polní a lesní cesty atd.,,,jízdní kolo,Brno-Medlánky,muž,Ne,neděle,srpen,Medlánky,,,,,,,,lehké zranění,"s přilbou (pouze u motocyklistů, příp. cyklistů)",řidičem nemotorového vozidla,"ve dne, viditelnost nezhoršená vlivem povětrnostních podmínek",na jízdním pruhu,řidič,dobrý -žádné nepříznivé okolnosti nebyly zjiště,den,,1,71007,1,71007,1,71007,7,42,1,1970,1,70,2012,0,0,1,0,0,1,17,1,1710,8,-1155187.739,-601016.394,60206121432,2012/08/12 00:00:00+00,1000,1000,5b502295-0c83-4913-ab3e-b84f53bb3f39