X,Y,objectid_1,zuj,alkohol_vinik,hlavni_pricina,srazka,nasledky,pricina,stav_vozovky,povetrnostni_podm,rozhled,misto_nehody,druh_komun,pneumatiky,druh_pohonu,druh_vozidla,mestska_cast,pohlavi,alkohol,den_v_tydnu,mesic_t,katastr,chovani_chodce,stav_chodce,drogy_chodec,alkohol_chodec,osobni_prepravnik,reflexni_prvky,kategorie_chodce,nasledek,ozn_osoba,zavineni,viditelnost,situovani,osoba,stav_ridic,doba,smrt_po,lz,target_fid_1,join_count_1,objectid,join_count,target_fid,den,vek,smrt_dny,rok_nar,p48a,p59d,rok,tz,smrt,lehce_zran_os,tezce_zran_os,usmrceno_os,id_vozidla,hodina,ovlivneni_ridice,cas,mesic,e,d,id_nehody,datum,hmotna_skoda_1,skoda_vozidlo,globalid
-601016.394000001,-1155187.739,652,Brno-Medlánky,ne,nesprávný způsob jízdy,srážka s jedoucím nekolejovým vozidlem,nehoda s následky na životě nebo zdraví,řidič se plně nevěnoval řízení vozidla,"povrch suchý, neznečistěný",neztížené,dobré,žádné nebo žádné z uvedených,komunikace účelová - polní a lesní cesty atd.,,,jízdní kolo,Brno-Medlánky,muž,Ne,neděle,srpen,Medlánky,,,,,,,,bez zraněn,"s přilbou (pouze u motocyklistů, příp. cyklistů)",řidičem nemotorového vozidla,"ve dne, viditelnost nezhoršená vlivem povětrnostních podmínek",na jízdním pruhu,řidič,dobrý -žádné nepříznivé okolnosti nebyly zjiště,den,,0,71008,1,71008,1,71008,7,22,1,1990,1,90,2012,0,0,1,0,0,2,17,1,1710,8,-1155187.739,-601016.394,60206121432,2012/08/12 00:00:00+00,1000,1000,167bd7c9-e62f-4d8c-93a4-81b036ae3b9a
-601554.236000001,-1157419.841,653,Brno-Komín,ne,nesprávný způsob jízdy,srážka s jedoucím nekolejovým vozidlem,nehoda pouze s hmotnou škodou,řidič se plně nevěnoval řízení vozidla,"povrch suchý, neznečistěný",neztížené,dobré,žádné nebo žádné z uvedených,komunikace místní,,,jízdní kolo,Brno-Komín,chlapec (do 15 let),Ne,pondělí,srpen,Komín,,,,,,,,bez zraněn,"bez přilby (pouze u motocyklistů, příp. cyklistů)",řidičem nemotorového vozidla,"ve dne, viditelnost nezhoršená vlivem povětrnostních podmínek",na jízdním pruhu,řidič,dobrý -žádné nepříznivé okolnosti nebyly zjiště,den,,0,71010,1,71010,1,71010,1,9,1,2003,1,3,2012,0,0,0,0,0,1,13,1,1315,8,-1157419.841,-601554.236,60206121533,2012/08/27 00:00:00+00,1000,1000,dce6c26e-7245-47ef-892e-bd8e6ac54221
-595437.916999999,-1159158.863,654,Brno-Maloměřice a Obřany,ano,nepřiměřená rychlost jízdy,havárie,nehoda s následky na životě nebo zdraví,"nepřizpůsobení rychlosti stavu vozovky (náledí, výtluky, bláto, mokrý povrch apod.)","povrch suchý, neznečistěný",neztížené,dobré,žádné nebo žádné z uvedených,uzel (křižovatka sledovaná ve vybraných městech),,,jízdní kolo,Brno-Maloměřice a Obřany,muž,"Ano, obsah alkoholu v krvi od 0,24‰ do 0,5‰",úterý,srpen,Maloměřice,,,,,,,,lehké zranění,"s přilbou (pouze u motocyklistů, příp. cyklistů)",řidičem nemotorového vozidla,"ve dne, viditelnost nezhoršená vlivem povětrnostních podmínek",na jízdním pruhu,řidič,"pod vlivem alkoholu, obsah alkoholu v krvi do 0,99 ‰",den,,1,71011,1,71011,1,71011,2,54,1,1958,1,58,2012,0,0,1,0,0,1,16,1,1650,8,-1159158.863,-595437.917,60206121542,2012/08/28 00:00:00+00,0,0,cdc51657-4fb4-4f97-9aab-5c37a3325b3a
-600031.004999999,-1153183.841,655,Brno-Ivanovice,ne,nedání přenosti v jízdě,srážka s jedoucím nekolejovým vozidlem,nehoda s následky na životě nebo zdraví,proti příkazu dopravní značky STŮJ DEJ PŘEDNOST,"povrch suchý, neznečistěný",neztížené,dobré,přechod pro chodce,uzel (křižovatka sledovaná ve vybraných městech),,,jízdní kolo,Brno-Ivanovice,muž,Ne,středa,srpen,Ivanovice,,,,,,,,lehké zranění,"s přilbou (pouze u motocyklistů, příp. cyklistů)",řidičem motorového vozidla,"ve dne, viditelnost nezhoršená vlivem povětrnostních podmínek",na jízdním pruhu,řidič,dobrý -žádné nepříznivé okolnosti nebyly zjiště,den,,1,71012,1,71012,1,71012,3,45,1,1967,1,67,2012,0,0,1,0,0,2,8,1,810,8,-1153183.841,-600031.005,60206121543,2012/08/29 00:00:00+00,56000,50000,faed52d6-4ed3-4d0a-87ff-e45d3b31e419
-604512.588,-1157308.015,656,Brno-Bystrc,nezjišťováno,nesprávný způsob jízdy,havárie,nehoda s následky na životě nebo zdraví,řidič se plně nevěnoval řízení vozidla,"povrch suchý, neznečistěný",neztížené,dobré,žádné nebo žádné z uvedených,komunikace místní,,,jízdní kolo,Brno-Bystrc,chlapec (do 15 let),Nezjišťován,čtvrtek,srpen,Bystrc,,,,,,,,lehké zranění,"bez přilby (pouze u motocyklistů, příp. cyklistů)",řidičem nemotorového vozidla,"ve dne, viditelnost nezhoršená vlivem povětrnostních podmínek",na jízdním pruhu,řidič,dobrý -žádné nepříznivé okolnosti nebyly zjiště,den,,1,71013,1,71013,1,71013,4,14,1,1998,1,98,2012,0,0,1,0,0,1,18,1,1820,8,-1157308.015,-604512.588,60206121553,2012/08/30 00:00:00+00,1000,1000,f0ccf1ad-4194-412d-be6c-ee7e4ad3d9bf
-596357.419,-1161502.708,657,Brno-Černovice,ne,nedání přenosti v jízdě,srážka s jedoucím nekolejovým vozidlem,nehoda s následky na životě nebo zdraví,proti příkazu dopravní značky STŮJ DEJ PŘEDNOST,"povrch suchý, neznečistěný",neztížené,dobré,přechod pro chodce,uzel (křižovatka sledovaná ve vybraných městech),,,jízdní kolo,Brno-Černovice,žena,Ne,neděle,září,Černovice,,,,,,,,těžké zranění,"s přilbou (pouze u motocyklistů, příp. cyklistů)",řidičem motorového vozidla,"ve dne, viditelnost nezhoršená vlivem povětrnostních podmínek",na jízdním pruhu,řidič,dobrý -žádné nepříznivé okolnosti nebyly zjiště,den,,0,71014,1,71014,1,71014,7,38,1,1974,1,74,2012,1,0,0,1,0,2,17,1,1710,9,-1161502.708,-596357.419,60206121579,2012/09/02 00:00:00+00,16000,10000,abb93139-afd9-4f3f-b1e5-dffd226fda87
-603263.539999999,-1160259.519,658,Brno-Kohoutovice,ne,nedání přenosti v jízdě,srážka s jedoucím nekolejovým vozidlem,nehoda s následky na životě nebo zdraví,při vjíždění na silnici,"povrch suchý, neznečistěný",neztížené,dobré,žádné nebo žádné z uvedených,komunikace sledovaná (ve vybraných městech),,,jízdní kolo,Brno-Kohoutovice,muž,Ne,úterý,září,Kohoutovice,,,,,,,,lehké zranění,"bez přilby (pouze u motocyklistů, příp. cyklistů)",řidičem motorového vozidla,"ve dne, viditelnost nezhoršená vlivem povětrnostních podmínek",žádné z uvedenýc,řidič,"pod vlivem alkoholu, obsah alkoholu v krvi do 0,99 ‰",den,,1,71015,1,71015,1,71015,2,51,1,1961,1,61,2012,0,0,1,0,0,2,17,1,1720,9,-1160259.519,-603263.54,60206121590,2012/09/04 00:00:00+00,11000,1000,be398a60-a115-4566-9e12-57674f51d38b
-599450.022999998,-1157793.074,659,Brno-Královo Pole,ne,nedání přenosti v jízdě,srážka s jedoucím nekolejovým vozidlem,nehoda s následky na životě nebo zdraví,při odbočování vlevo,"povrch suchý, neznečistěný",neztížené,dobré,v blízkosti přechodu pro chodce (do vzdálenosti 20 m),komunikace sledovaná (ve vybraných městech),,,jízdní kolo,Brno-Královo Pole,muž,Ne,středa,září,Královo Pole,,,,,,,,lehké zranění,"s přilbou (pouze u motocyklistů, příp. cyklistů)",řidičem motorového vozidla,"ve dne, viditelnost nezhoršená vlivem povětrnostních podmínek",na jízdním pruhu,řidič,dobrý -žádné nepříznivé okolnosti nebyly zjiště,den,,1,71016,1,71016,1,71016,3,39,1,1973,1,73,2012,0,0,1,0,0,2,8,4,855,9,-1157793.074,-599450.023,60206121592,2012/09/05 00:00:00+00,40000,30000,5caed596-9b27-412a-8041-ac7465f7a238
-597217.750999998,-1164058.641,660,Brno-jih,ne,nedání přenosti v jízdě,srážka s jedoucím nekolejovým vozidlem,nehoda s následky na životě nebo zdraví,proti příkazu dopravní značky DEJ PŘEDNOST,"povrch suchý, neznečistěný",neztížené,dobré,parkoviště přiléhající ke komunikaci,komunikace sledovaná (ve vybraných městech),,,jízdní kolo,Brno-jih,muž,Ne,pátek,září,Horní Heršpice,,,,,,,,lehké zranění,"bez přilby (pouze u motocyklistů, příp. cyklistů)",řidičem motorového vozidla,"ve dne, viditelnost nezhoršená vlivem povětrnostních podmínek",na jízdním pruhu,řidič,dobrý -žádné nepříznivé okolnosti nebyly zjiště,den,,1,71017,1,71017,1,71017,5,50,1,1962,1,62,2012,0,0,1,0,0,2,7,1,750,9,-1164058.641,-597217.751,60206121604,2012/09/07 00:00:00+00,1000,0,192c890f-3d01-4cc1-9965-8c33dce2e258
-591235.833000001,-1160264.438,661,Brno-Líšeň,nezjišťováno,nepřiměřená rychlost jízdy,srážka s jedoucím nekolejovým vozidlem,nehoda s následky na životě nebo zdraví,jiný druh nepřiměřené rychlosti,"povrch suchý, neznečistěný",neztížené,dobré,přechod pro chodce,komunikace sledovaná (ve vybraných městech),,,jízdní kolo,Brno-Líšeň,muž,Nezjišťován,sobota,září,Líšeň,,,,,,,,lehké zranění,"bez přilby (pouze u motocyklistů, příp. cyklistů)",řidičem nemotorového vozidla,"ve dne, viditelnost nezhoršená vlivem povětrnostních podmínek",na jízdním pruhu,řidič,dobrý -žádné nepříznivé okolnosti nebyly zjiště,den,,1,71018,1,71018,1,71018,6,39,1,1973,1,73,2012,0,0,1,0,0,1,15,1,1550,9,-1160264.438,-591235.833,60206121614,2012/09/08 00:00:00+00,10500,10000,4fba0336-eea4-45c9-ab2d-c62a7bd50e44
-594072.254999999,-1160621.92,662,Brno-Vinohrady,ne,nedání přenosti v jízdě,srážka s jedoucím nekolejovým vozidlem,nehoda s následky na životě nebo zdraví,při odbočování vlevo,"povrch suchý, neznečistěný",neztížené,dobré,žádné nebo žádné z uvedených,uzel (křižovatka sledovaná ve vybraných městech),,,jízdní kolo,Brno-Vinohrady,muž,Ne,neděle,září,Židenice,,,,,,,,těžké zranění,"bez přilby (pouze u motocyklistů, příp. cyklistů)",řidičem motorového vozidla,"ve dne, viditelnost nezhoršená vlivem povětrnostních podmínek",na jízdním pruhu,řidič,dobrý -žádné nepříznivé okolnosti nebyly zjiště,den,,0,71019,1,71019,1,71019,7,55,1,1957,1,57,2012,1,0,0,1,0,2,18,1,1817,9,-1160621.92,-594072.255,60206121619,2012/09/09 00:00:00+00,2000,0,c6f7d3a7-ef8d-4480-9990-33ce70783018
-600863.374000002,-1160635.647,663,Brno-střed,ne,nesprávný způsob jízdy,srážka s jedoucím nekolejovým vozidlem,nehoda s následky na životě nebo zdraví,řidič se plně nevěnoval řízení vozidla,"povrch suchý, neznečistěný",neztížené,dobré,žádné nebo žádné z uvedených,uzel (křižovatka sledovaná ve vybraných městech),,,jízdní kolo,Brno-střed,muž,Ne,čtvrtek,září,Pisárky,,,,,,,,těžké zranění,"bez přilby (pouze u motocyklistů, příp. cyklistů)",řidičem motorového vozidla,"ve dne, viditelnost nezhoršená vlivem povětrnostních podmínek",žádné z uvedenýc,řidič,dobrý -žádné nepříznivé okolnosti nebyly zjiště,den,,0,71020,1,71020,1,71020,4,28,1,1984,1,84,2012,1,0,0,1,0,2,7,1,730,9,-1160635.647,-600863.374,60206121651,2012/09/13 00:00:00+00,25000,20000,48bc2d8a-f994-4e8f-a88b-98bed0354847
-594454.278000001,-1158229.396,664,Brno-Maloměřice a Obřany,ne,nepřiměřená rychlost jízdy,havárie,nehoda s následky na životě nebo zdraví,jiný druh nepřiměřené rychlosti,"povrch suchý, neznečistěný",neztížené,dobré,žádné nebo žádné z uvedených,komunikace sledovaná (ve vybraných městech),,,jízdní kolo,Brno-Maloměřice a Obřany,muž,Ne,neděle,září,Maloměřice,,,,,,,,lehké zranění,"bez přilby (pouze u motocyklistů, příp. cyklistů)",řidičem nemotorového vozidla,"ve dne, viditelnost nezhoršená vlivem povětrnostních podmínek",na jízdním pruhu,řidič,dobrý -žádné nepříznivé okolnosti nebyly zjiště,den,,1,71021,1,71021,1,71021,7,34,1,1978,1,78,2012,0,0,1,0,0,1,17,1,1700,9,-1158229.396,-594454.278,60206121677,2012/09/16 00:00:00+00,1000,1000,7bd8ee2b-0bae-4211-8578-d4f2d72d2157
-601598.160999998,-1157167.207,665,Brno-Komín,ne,nesprávé předjíždění,srážka s jedoucím nekolejovým vozidlem,nehoda s následky na životě nebo zdraví,"při předjíždění došlo k ohrožení předjížděného řidiče vozidla (vynucované zařazení, předjížděný řidič musel prudce brzdit, měnit směr jízdy apod.)","povrch suchý, neznečistěný",neztížené,dobré,žádné nebo žádné z uvedených,komunikace místní,,,jízdní kolo,Brno-Komín,muž,Ne,pondělí,září,Komín,,,,,,,,lehké zranění,"s přilbou (pouze u motocyklistů, příp. cyklistů)",řidičem motorového vozidla,"v noci - s veřejným osvětlením, viditelnost nezhoršená vlivem povětrnostních podmínek",na jízdním pruhu,řidič,dobrý -žádné nepříznivé okolnosti nebyly zjiště,den,,1,71022,1,71022,1,71022,1,30,1,1982,1,82,2012,0,0,1,0,0,2,19,1,1940,9,-1157167.207,-601598.161,60206121689,2012/09/17 00:00:00+00,11000,10000,b8b30e22-0ed3-44ab-b996-0ea0dca7e4fb
-595316.160999998,-1158353.804,666,Brno-Maloměřice a Obřany,ne,nesprávný způsob jízdy,havárie,nehoda s následky na životě nebo zdraví,řidič se plně nevěnoval řízení vozidla,"povrch suchý, neznečistěný",neztížené,dobré,žádné nebo žádné z uvedených,komunikace sledovaná (ve vybraných městech),,,jízdní kolo,Brno-Maloměřice a Obřany,muž,Ne,pondělí,září,Maloměřice,,,,,,,,lehké zranění,"s přilbou (pouze u motocyklistů, příp. cyklistů)",řidičem nemotorového vozidla,"ve dne, viditelnost nezhoršená vlivem povětrnostních podmínek",na kolejích tramvaje,řidič,dobrý -žádné nepříznivé okolnosti nebyly zjiště,den,,1,71023,1,71023,1,71023,1,40,1,1972,1,72,2012,0,0,1,0,0,1,18,1,1830,9,-1158353.804,-595316.161,60206121691,2012/09/17 00:00:00+00,0,0,ede87666-6fa6-48b7-94ab-efa44721f76c
-596360.280000001,-1155317.6,667,Brno-sever,ne,nesprávný způsob jízdy,jiný druh nehody,nehoda s následky na životě nebo zdraví,řidič se plně nevěnoval řízení vozidla,"povrch suchý, neznečistěný",neztížené,dobré,"výjezd z parkoviště, lesní cesty apod. (pol.36=7,8)",komunikace účelová - polní a lesní cesty atd.,,,jízdní kolo,Brno-sever,muž,Ne,úterý,září,Soběšice,,,,,,,,lehké zranění,"bez přilby (pouze u motocyklistů, příp. cyklistů)",řidičem nemotorového vozidla,"ve dne, viditelnost nezhoršená vlivem povětrnostních podmínek",na jízdním pruhu,řidič,dobrý -žádné nepříznivé okolnosti nebyly zjiště,den,,1,71024,1,71024,1,71024,2,70,1,1942,1,42,2012,0,0,1,0,0,1,15,1,1520,9,-1155317.6,-596360.28,60206121700,2012/09/18 00:00:00+00,1000,1000,b086a59a-d22f-418b-b694-1243ec1e56d9
-596888.456,-1162923.847,668,Brno-jih,ne,nesprávný způsob jízdy,srážka s jedoucím nekolejovým vozidlem,nehoda s následky na životě nebo zdraví,jiný druh nesprávného způsobu jízdy,"povrch suchý, neznečistěný",neztížené,dobré,žádné nebo žádné z uvedených,komunikace sledovaná (ve vybraných městech),,,jízdní kolo,Brno-jih,muž,Ne,středa,září,Komárov,,,,,,,,lehké zranění,"s přilbou (pouze u motocyklistů, příp. cyklistů)",řidičem nemotorového vozidla,"ve dne, viditelnost nezhoršená vlivem povětrnostních podmínek",na chodníku nebo ostrůvku,řidič,dobrý -žádné nepříznivé okolnosti nebyly zjiště,den,,1,71025,1,71025,1,71025,3,42,1,1970,1,70,2012,0,0,1,0,0,1,6,1,655,9,-1162923.847,-596888.456,60206121702,2012/09/19 00:00:00+00,11000,1000,391be4e5-79a4-414d-950a-d90e233f509e
-595118.131999999,-1161034.563,669,Brno-Židenice,ne,nepřiměřená rychlost jízdy,havárie,nehoda s následky na životě nebo zdraví,jiný druh nepřiměřené rychlosti,"povrch suchý, neznečistěný",neztížené,dobré,"zastávka autobusu, trolejbusu, tramvaje s nástup. ostrůvkem",komunikace sledovaná (ve vybraných městech),,,jízdní kolo,Brno-Židenice,muž,Ne,úterý,září,Židenice,,,,,,,,lehké zranění,"bez přilby (pouze u motocyklistů, příp. cyklistů)",řidičem nemotorového vozidla,"v noci - s veřejným osvětlením, viditelnost nezhoršená vlivem povětrnostních podmínek",na jízdním pruhu,řidič,dobrý -žádné nepříznivé okolnosti nebyly zjiště,den,,1,71026,1,71026,1,71026,2,53,1,1959,1,59,2012,0,0,1,0,0,1,19,1,1930,9,-1161034.563,-595118.132,60206121757,2012/09/25 00:00:00+00,1000,1000,fb383b7f-569a-404a-97ad-bdd1854e9cb2
-596794.561999999,-1159945.016,670,Brno-sever,ne,nedání přenosti v jízdě,srážka s jedoucím nekolejovým vozidlem,nehoda s následky na životě nebo zdraví,proti příkazu dopravní značky DEJ PŘEDNOST,"povrch suchý, neznečistěný",neztížené,dobré,přechod pro chodce,uzel (křižovatka sledovaná ve vybraných městech),,,jízdní kolo,Brno-sever,žena,Ne,středa,září,Zábrdovice,,,,,,,,lehké zranění,"bez přilby (pouze u motocyklistů, příp. cyklistů)",řidičem nemotorového vozidla,"v noci - s veřejným osvětlením, viditelnost nezhoršená vlivem povětrnostních podmínek",na jízdním pruhu,řidič,dobrý -žádné nepříznivé okolnosti nebyly zjiště,noc,,1,71027,1,71027,1,71027,3,27,1,1985,1,85,2012,0,0,1,0,0,1,2,1,210,9,-1159945.016,-596794.562,60206121760,2012/09/26 00:00:00+00,22000,20000,9bbeb68b-be1c-4f7c-a27a-8b5d3017e84e
-598962.022,-1156810.515,671,Brno-Královo Pole,ne,nedání přenosti v jízdě,srážka s jedoucím nekolejovým vozidlem,nehoda s následky na životě nebo zdraví,při odbočování vlevo,"povrch suchý, neznečistěný",neztížené,dobré,žádné nebo žádné z uvedených,komunikace sledovaná (ve vybraných městech),,,jízdní kolo,Brno-Královo Pole,muž,Ne,středa,září,Královo Pole,,,,,,,,lehké zranění,"s přilbou (pouze u motocyklistů, příp. cyklistů)",řidičem motorového vozidla,"ve dne, viditelnost nezhoršená vlivem povětrnostních podmínek",na jízdním pruhu,řidič,dobrý -žádné nepříznivé okolnosti nebyly zjiště,den,,1,71029,1,71029,1,71029,3,36,1,1976,1,76,2012,0,0,1,0,0,2,17,1,1725,9,-1156810.515,-598962.022,60206121768,2012/09/26 00:00:00+00,120000,100000,9841636b-54a8-45ba-bf04-b264652f5f71
-599533.561999999,-1157532.799,672,Brno-Královo Pole,ne,nedání přenosti v jízdě,srážka s jedoucím nekolejovým vozidlem,nehoda s následky na životě nebo zdraví,při odbočování vlevo,"povrch suchý, neznečistěný",neztížené,dobré,přechod pro chodce,komunikace sledovaná (ve vybraných městech),,,jízdní kolo,Brno-Královo Pole,muž,Ne,pondělí,říjen,Královo Pole,,,,,,,,lehké zranění,"bez přilby (pouze u motocyklistů, příp. cyklistů)",řidičem motorového vozidla,"ve dne, viditelnost nezhoršená vlivem povětrnostních podmínek",na jízdním pruhu,řidič,dobrý -žádné nepříznivé okolnosti nebyly zjiště,den,,1,71031,1,71031,1,71031,1,20,1,1992,1,92,2012,0,0,1,0,0,2,16,1,1615,10,-1157532.799,-599533.562,60206121803,2012/10/01 00:00:00+00,10000,0,ee3f5e3d-0a67-4a9e-907e-72c67b4c481e
-597889.800000001,-1164053.501,673,Brno-jih,ne,nesprávný způsob jízdy,srážka s jedoucím nekolejovým vozidlem,nehoda s následky na životě nebo zdraví,řidič se plně nevěnoval řízení vozidla,"povrch suchý, neznečistěný",neztížené,dobré,v blízkosti přechodu pro chodce (do vzdálenosti 20 m),uzel (křižovatka sledovaná ve vybraných městech),,,jízdní kolo,Brno-jih,muž,Ne,čtvrtek,říjen,Horní Heršpice,,,,,,,,lehké zranění,"bez přilby (pouze u motocyklistů, příp. cyklistů)",řidičem motorového vozidla,"ve dne, viditelnost nezhoršená vlivem povětrnostních podmínek",na jízdním pruhu,řidič,dobrý -žádné nepříznivé okolnosti nebyly zjiště,den,,1,71032,1,71032,1,71032,4,71,1,1941,1,41,2012,0,0,1,0,0,2,10,1,1036,10,-1164053.501,-597889.8,60206121829,2012/10/04 00:00:00+00,21000,20000,7419d2be-6038-4392-8615-7a91eb4ed545
-593257.850000001,-1160141.033,674,Brno-Líšeň,ne,nezaviněno řidičem,srážka s chodcem,nehoda s následky na životě nebo zdraví,nezaviněná řidičem,"povrch suchý, neznečistěný",neztížené,dobré,žádné nebo žádné z uvedených,komunikace místní,,,jízdní kolo,Brno-Líšeň,muž,Ne,pátek,říjen,Líšeň,,,,,,,,lehké zranění,"s přilbou (pouze u motocyklistů, příp. cyklistů)",chodcem,"ve dne, viditelnost nezhoršená vlivem povětrnostních podmínek",na jízdním pruhu,řidič,dobrý -žádné nepříznivé okolnosti nebyly zjiště,den,,1,71033,1,71033,1,71033,5,32,1,1980,1,80,2012,0,0,1,1,0,1,7,1,700,10,-1160141.033,-593257.85,60206121834,2012/10/05 00:00:00+00,6000,5000,34feba39-0d84-4f5f-837a-bc6923eb3c4f
-597256.679000001,-1160494.597,675,Brno-střed,nezjišťováno,nesprávný způsob jízdy,havárie,nehoda s následky na životě nebo zdraví,řidič se plně nevěnoval řízení vozidla,"povrch suchý, neznečistěný",neztížené,dobré,žádné nebo žádné z uvedených,komunikace sledovaná (ve vybraných městech),,,jízdní kolo,Brno-střed,muž,Nezjišťován,sobota,říjen,Zábrdovice,,,,,,,,těžké zranění,"bez přilby (pouze u motocyklistů, příp. cyklistů)",řidičem nemotorového vozidla,"v noci - s veřejným osvětlením, viditelnost nezhoršená vlivem povětrnostních podmínek",na jízdním pruhu,řidič,dobrý -žádné nepříznivé okolnosti nebyly zjiště,noc,,0,71034,1,71034,1,71034,6,65,1,1947,1,47,2012,1,0,0,1,0,1,21,1,2115,10,-1160494.597,-597256.679,60206121853,2012/10/06 00:00:00+00,0,0,6f90017e-9102-4139-a59d-bca2601b8c3f
-596727.521000002,-1161610.066,676,Brno-Černovice,ne,nedání přenosti v jízdě,jiný druh nehody,nehoda s následky na životě nebo zdraví,při vjíždění na silnici,"povrch suchý, neznečistěný",neztížené,dobré,žádné nebo žádné z uvedených,komunikace sledovaná (ve vybraných městech),,,jízdní kolo,Brno-Černovice,muž,Ne,pondělí,říjen,Černovice,,,,,,,,lehké zranění,"s přilbou (pouze u motocyklistů, příp. cyklistů)",řidičem nemotorového vozidla,"ve dne, viditelnost nezhoršená vlivem povětrnostních podmínek",na jízdním pruhu,řidič,dobrý -žádné nepříznivé okolnosti nebyly zjiště,den,,1,71035,1,71035,1,71035,1,55,1,1957,1,57,2012,0,0,1,0,0,1,11,1,1130,10,-1161610.066,-596727.521,60206121864,2012/10/08 00:00:00+00,30000,20000,8080f46d-b45e-4c78-a66b-10100cefa0bf
-600139.390999999,-1162963.985,677,Brno-Bohunice,ne,nedání přenosti v jízdě,srážka s jedoucím nekolejovým vozidlem,nehoda s následky na životě nebo zdraví,proti příkazu dopravní značky DEJ PŘEDNOST,"povrch suchý, neznečistěný",neztížené,dobré,v blízkosti přechodu pro chodce (do vzdálenosti 20 m),uzel (křižovatka sledovaná ve vybraných městech),,,jízdní kolo,Brno-Bohunice,muž,Ne,čtvrtek,říjen,Bohunice,,,,,,,,lehké zranění,"s přilbou (pouze u motocyklistů, příp. cyklistů)",řidičem motorového vozidla,"v noci - s veřejným osvětlením, viditelnost nezhoršená vlivem povětrnostních podmínek",na jízdním pruhu,řidič,dobrý -žádné nepříznivé okolnosti nebyly zjiště,noc,,1,71036,1,71036,1,71036,4,49,1,1963,1,63,2012,0,0,1,0,0,2,5,1,515,10,-1162963.985,-600139.391,60206121880,2012/10/11 00:00:00+00,2000,1000,5966b9b8-cf69-4249-a614-75c6c7be1d01
-595867.146000002,-1162811.444,678,Brno-Černovice,ano,nesprávný způsob jízdy,jiný druh nehody,nehoda s následky na životě nebo zdraví,řidič se plně nevěnoval řízení vozidla,povrch mokrý,neztížené,dobré,žádné nebo žádné z uvedených,komunikace místní,,,jízdní kolo,Brno-Černovice,muž,"Ano, obsah alkoholu v krvi do 0,24 ‰",úterý,říjen,Černovice,,,,,,,,lehké zranění,"bez přilby (pouze u motocyklistů, příp. cyklistů)",řidičem nemotorového vozidla,"ve dne, viditelnost nezhoršená vlivem povětrnostních podmínek",na jízdním pruhu,řidič,"pod vlivem alkoholu, obsah alkoholu v krvi do 0,99 ‰",den,,1,71037,1,71037,1,71037,2,59,1,1953,1,53,2012,0,0,1,0,0,1,15,0,1520,10,-1162811.444,-595867.146,60206121920,2012/10/16 00:00:00+00,2000,2000,6f818a1f-b545-43e3-b6c2-954f78e913cd
-597530.452,-1159311.068,679,Brno-sever,ne,nedání přenosti v jízdě,srážka s jedoucím nekolejovým vozidlem,nehoda s následky na životě nebo zdraví,vozidlu přijíždějícímu zprava,"povrch suchý, neznečistěný",neztížené,dobré,žádné nebo žádné z uvedených,komunikace místní,,,jízdní kolo,Brno-sever,muž,Ne,úterý,říjen,Černá Pole,,,,,,,,usmrcení,"bez přilby (pouze u motocyklistů, příp. cyklistů)",řidičem motorového vozidla,"ve dne, viditelnost nezhoršená vlivem povětrnostních podmínek",na jízdním pruhu,řidič,dobrý -žádné nepříznivé okolnosti nebyly zjiště,den,,0,71038,1,71038,1,71038,2,90,1,1922,1,22,2012,0,1,0,0,1,2,17,1,1730,10,-1159311.068,-597530.452,60206121922,2012/10/16 00:00:00+00,15000,5000,f7ce0b19-05f4-402c-9f99-6fb2ca5f1325
-601643.101,-1158696.259,680,Brno-Žabovřesky,ne,nesprávný způsob jízdy,jiný druh nehody,nehoda s následky na životě nebo zdraví,řidič se plně nevěnoval řízení vozidla,povrch mokrý,"na počátku deště, slabý déšť, mrholení apod.",dobré,přechod pro chodce,komunikace sledovaná (ve vybraných městech),,,jízdní kolo,Brno-Žabovřesky,muž,Ne,pátek,listopad,Žabovřesky,,,,,,,,lehké zranění,"bez přilby (pouze u motocyklistů, příp. cyklistů)",řidičem motorového vozidla,"v noci - s veřejným osvětlením, viditelnost nezhoršená vlivem povětrnostních podmínek",na jízdním pruhu,řidič,dobrý -žádné nepříznivé okolnosti nebyly zjiště,den,,1,71040,1,71040,1,71040,5,67,1,1945,1,45,2012,0,0,1,0,0,2,17,1,1705,11,-1158696.259,-601643.101,60206122045,2012/11/02 00:00:00+00,17000,2000,069e548c-a144-485c-89e3-b37b33e181e4