X,Y,objectid_1,zuj,alkohol_vinik,hlavni_pricina,srazka,nasledky,pricina,stav_vozovky,povetrnostni_podm,rozhled,misto_nehody,druh_komun,pneumatiky,druh_pohonu,druh_vozidla,mestska_cast,pohlavi,alkohol,den_v_tydnu,mesic_t,katastr,chovani_chodce,stav_chodce,drogy_chodec,alkohol_chodec,osobni_prepravnik,reflexni_prvky,kategorie_chodce,nasledek,ozn_osoba,zavineni,viditelnost,situovani,osoba,stav_ridic,doba,smrt_po,lz,target_fid_1,join_count_1,objectid,join_count,target_fid,den,vek,smrt_dny,rok_nar,p48a,p59d,rok,tz,smrt,lehce_zran_os,tezce_zran_os,usmrceno_os,id_vozidla,hodina,ovlivneni_ridice,cas,mesic,e,d,id_nehody,datum,hmotna_skoda_1,skoda_vozidlo,globalid
-601825.965999998,-1157846.657,681,Brno-Komín,ne,nesprávný způsob jízdy,srážka s jedoucím nekolejovým vozidlem,nehoda s následky na životě nebo zdraví,řidič se plně nevěnoval řízení vozidla,"povrch suchý, neznečistěný",neztížené,dobré,přechod pro chodce,komunikace sledovaná (ve vybraných městech),,,jízdní kolo,Brno-Komín,žena,Ne,středa,listopad,Komín,,,,,,,,lehké zranění,"bez přilby (pouze u motocyklistů, příp. cyklistů)",řidičem nemotorového vozidla,"v noci - s veřejným osvětlením, viditelnost nezhoršená vlivem povětrnostních podmínek",na jízdním pruhu,řidič,dobrý -žádné nepříznivé okolnosti nebyly zjiště,den,,1,71041,1,71041,1,71041,3,53,1,1959,1,59,2012,0,0,1,0,0,1,16,1,1650,11,-1157846.657,-601825.966,60206122086,2012/11/07 00:00:00+00,50000,30000,0e3f43f9-c4ec-4ef6-9e69-24fc5986449b
-595161.324999999,-1157908.819,682,Brno-Maloměřice a Obřany,ano,nesprávný způsob jízdy,"srážka s vozidlem zaparkovaným, odstaveným",nehoda s následky na životě nebo zdraví,řidič se plně nevěnoval řízení vozidla,"povrch suchý, neznečistěný",neztížené,dobré,"zastávka autobusu, trolejbusu, tramvaje s nástup. ostrůvkem",komunikace sledovaná (ve vybraných městech),,,jízdní kolo,Brno-Maloměřice a Obřany,muž,"Ano, obsah alkoholu v krvi do 0,24 ‰",čtvrtek,listopad,Maloměřice,,,,,,,,lehké zranění,"bez přilby (pouze u motocyklistů, příp. cyklistů)",řidičem nemotorového vozidla,"ve dne, viditelnost nezhoršená vlivem povětrnostních podmínek",na jízdním pruhu,řidič,"pod vlivem alkoholu, obsah alkoholu v krvi do 0,99 ‰",den,,1,71042,1,71042,1,71042,4,40,1,1972,1,72,2012,0,0,1,0,0,1,15,1,1515,11,-1157908.819,-595161.325,60206122093,2012/11/08 00:00:00+00,21000,500,cfe2cb6c-4878-4bd8-95d2-56bd60c0a1f4
-599538.627,-1157821.748,683,Brno-Královo Pole,ne,nesprávný způsob jízdy,havárie,nehoda s následky na životě nebo zdraví,řidič se plně nevěnoval řízení vozidla,"povrch suchý, neznečistěný",neztížené,dobré,žádné nebo žádné z uvedených,komunikace místní,,,jízdní kolo,Brno-Královo Pole,muž,Ne,sobota,listopad,Královo Pole,,,,,,,,lehké zranění,"bez přilby (pouze u motocyklistů, příp. cyklistů)",řidičem nemotorového vozidla,"ve dne, viditelnost nezhoršená vlivem povětrnostních podmínek",na jízdním pruhu,řidič,dobrý -žádné nepříznivé okolnosti nebyly zjiště,den,,1,71043,1,71043,1,71043,6,29,1,1983,1,83,2012,0,0,1,0,0,1,15,1,1515,11,-1157821.748,-599538.627,60206122110,2012/11/10 00:00:00+00,500,500,9a779b89-cc20-4fc3-9570-9c10a1056f47
-598181.276000001,-1159669.267,684,Brno-střed,ne,nesprávný způsob jízdy,srážka s jedoucím nekolejovým vozidlem,nehoda s následky na životě nebo zdraví,jiný druh nesprávného způsobu jízdy,povrch mokrý,neztížené,dobré,žádné nebo žádné z uvedených,komunikace sledovaná (ve vybraných městech),,,jízdní kolo,Brno-střed,muž,Ne,pondělí,listopad,Černá Pole,,,,,,,,lehké zranění,"s přilbou (pouze u motocyklistů, příp. cyklistů)",řidičem motorového vozidla,"ve dne, viditelnost nezhoršená vlivem povětrnostních podmínek",na jízdním pruhu,řidič,dobrý -žádné nepříznivé okolnosti nebyly zjiště,den,,1,71044,1,71044,1,71044,1,27,1,1985,1,85,2012,0,0,1,0,0,2,9,1,955,11,-1159669.267,-598181.276,60206122123,2012/11/12 00:00:00+00,6000,1000,80bf68c0-7068-4c28-a9f1-992689c167e3
-604504.818999998,-1156420.317,685,Brno-Bystrc,ne,nepřiměřená rychlost jízdy,srážka s chodcem,nehoda s následky na životě nebo zdraví,"nepřizpůsobení rychlosti dopravně technickému stavu vozovky (zatáčka, klesání, stoupání, šířka vozovky apod.)","povrch suchý, neznečistěný",neztížené,dobré,žádné nebo žádné z uvedených,komunikace místní,,,jízdní kolo,Brno-Bystrc,muž,Ne,středa,listopad,Bystrc,,,,,,,,bez zraněn,"bez přilby (pouze u motocyklistů, příp. cyklistů)",řidičem nemotorového vozidla,"ve dne, viditelnost nezhoršená vlivem povětrnostních podmínek",na jízdním pruhu,řidič,dobrý -žádné nepříznivé okolnosti nebyly zjiště,den,,0,71045,1,71045,1,71045,3,20,1,1992,3,92,2012,0,0,1,0,0,1,14,1,1435,11,-1156420.317,-604504.819,60206122144,2012/11/14 00:00:00+00,4000,0,9cc4c05c-b9b5-4914-870e-d6948e6d37ca
-599179.287999999,-1156130.267,686,Brno-Řečkovice a Mokrá Hora,ne,nedání přenosti v jízdě,srážka s jedoucím nekolejovým vozidlem,nehoda s následky na životě nebo zdraví,při odbočování vlevo,"povrch suchý, neznečistěný",neztížené,dobré,žádné nebo žádné z uvedených,uzel (křižovatka sledovaná ve vybraných městech),,,jízdní kolo,Brno-Řečkovice a Mokrá Hora,muž,Ne,čtvrtek,listopad,Řečkovice,,,,,,,,lehké zranění,"s přilbou (pouze u motocyklistů, příp. cyklistů)",řidičem motorového vozidla,"ve dne, viditelnost nezhoršená vlivem povětrnostních podmínek",na jízdním pruhu,řidič,dobrý -žádné nepříznivé okolnosti nebyly zjiště,den,,1,71046,1,71046,1,71046,4,35,1,1977,1,77,2012,0,0,1,0,0,2,13,1,1355,11,-1156130.267,-599179.288,60206122205,2012/11/22 00:00:00+00,23000,3000,cd1b5a93-1b2d-4473-8dd8-3463741b593a
-599908.044,-1158454.452,687,Brno-Žabovřesky,ne,nedání přenosti v jízdě,srážka s jedoucím nekolejovým vozidlem,nehoda s následky na životě nebo zdraví,vozidlu přijíždějícímu zprava,"povrch suchý, neznečistěný",neztížené,dobré,žádné nebo žádné z uvedených,komunikace sledovaná (ve vybraných městech),,,jízdní kolo,Brno-Žabovřesky,muž,Ne,úterý,listopad,Žabovřesky,,,,,,,,lehké zranění,"bez přilby (pouze u motocyklistů, příp. cyklistů)",řidičem motorového vozidla,"v noci - s veřejným osvětlením, viditelnost nezhoršená vlivem povětrnostních podmínek",na jízdním pruhu,řidič,dobrý -žádné nepříznivé okolnosti nebyly zjiště,den,,1,71047,1,71047,1,71047,2,68,1,1944,1,44,2012,0,0,1,0,0,2,16,1,1605,11,-1158454.452,-599908.044,60206122239,2012/11/27 00:00:00+00,1000,0,5eef0fa9-0add-40b2-a156-313ea6c9596c
-598357.506000001,-1159344.036,688,Brno-střed,ne,nesprávný způsob jízdy,srážka s jedoucím nekolejovým vozidlem,nehoda s následky na životě nebo zdraví,jiný druh nesprávného způsobu jízdy,povrch mokrý,déšť,dobré,žádné nebo žádné z uvedených,komunikace sledovaná (ve vybraných městech),,,jízdní kolo,Brno-střed,muž,Ne,úterý,prosinec,Veveří,,,,,,,,lehké zranění,"bez přilby (pouze u motocyklistů, příp. cyklistů)",řidičem motorového vozidla,"v noci - s veřejným osvětlením, zhoršená viditelnost vlivem povětrnostních podmínek (mlha, déšť, sněžení apod.)",na jízdním pruhu,řidič,dobrý -žádné nepříznivé okolnosti nebyly zjiště,den,,1,71048,1,71048,1,71048,2,26,1,1986,1,86,2012,0,0,1,0,0,2,18,1,1850,12,-1159344.036,-598357.506,60206122278,2012/12/04 00:00:00+00,3000,2000,84a42d83-c919-4ce3-9744-3f57ab653eb1
-596815.75,-1159159.447,689,Brno-sever,ne,nesprávný způsob jízdy,srážka s jedoucím nekolejovým vozidlem,nehoda s následky na životě nebo zdraví,řidič se plně nevěnoval řízení vozidla,"povrch suchý, neznečistěný",neztížené,dobré,žádné nebo žádné z uvedených,komunikace sledovaná (ve vybraných městech),,,jízdní kolo,Brno-sever,muž,Ne,středa,prosinec,Černá Pole,,,,,,,,lehké zranění,"s přilbou (pouze u motocyklistů, příp. cyklistů)",řidičem motorového vozidla,"v noci - s veřejným osvětlením, viditelnost nezhoršená vlivem povětrnostních podmínek",na jízdním pruhu,řidič,dobrý -žádné nepříznivé okolnosti nebyly zjiště,den,,1,71049,1,71049,1,71049,3,56,1,1956,1,56,2012,0,0,1,0,0,2,18,1,1855,12,-1159159.447,-596815.75,60206122341,2012/12/12 00:00:00+00,21000,15000,b4d66f15-a7e6-4dd6-9fed-46d3974011c8
-598900.324999999,-1158313.559,690,Brno-Královo Pole,ne,nedání přenosti v jízdě,srážka s jedoucím nekolejovým vozidlem,nehoda s následky na životě nebo zdraví,při odbočování vlevo,"povrch suchý, neznečistěný",neztížené,dobré,žádné nebo žádné z uvedených,komunikace sledovaná (ve vybraných městech),,,jízdní kolo,Brno-Královo Pole,muž,Ne,pátek,leden,Královo Pole,,,,,,,,lehké zranění,"s přilbou (pouze u motocyklistů, příp. cyklistů)",řidičem motorového vozidla,"ve dne, viditelnost nezhoršená vlivem povětrnostních podmínek",na jízdním pruhu,řidič,dobrý -žádné nepříznivé okolnosti nebyly zjiště,den,,1,71050,1,71050,1,71050,5,61,1,1952,1,52,2013,0,0,1,0,0,2,14,1,1405,1,-1158313.559,-598900.325,60206130015,2013/01/04 00:00:00+00,50000,20000,724ab897-5d80-444f-a4b4-901ae9ef3210
-603019.914000001,-1157260.485,691,Brno-Komín,ne,nedání přenosti v jízdě,jiný druh nehody,nehoda s následky na životě nebo zdraví,jiné nedání přednosti,"povrch suchý, neznečistěný",neztížené,dobré,přechod pro chodce,komunikace sledovaná (ve vybraných městech),,,jízdní kolo,Brno-Komín,muž,Ne,pátek,leden,Komín,,,,,,,,lehké zranění,"bez přilby (pouze u motocyklistů, příp. cyklistů)",řidičem motorového vozidla,"ve dne, viditelnost nezhoršená vlivem povětrnostních podmínek",na jízdním pruhu,řidič,dobrý -žádné nepříznivé okolnosti nebyly zjiště,den,,1,71051,1,71051,1,71051,5,59,1,1954,1,54,2013,0,0,1,0,0,2,14,1,1420,1,-1157260.485,-603019.914,60206130016,2013/01/04 00:00:00+00,10000,5000,dae18e88-00b3-4b95-8a25-fadf05bf32d7
-593483.465,-1159407.993,692,Brno-Vinohrady,ne,nesprávný způsob jízdy,havárie,nehoda s následky na životě nebo zdraví,nezvládnutí řízení vozidla,"povrch suchý, neznečistěný",neztížené,dobré,žádné nebo žádné z uvedených,komunikace místní,,,jízdní kolo,Brno-Vinohrady,muž,Ne,čtvrtek,březen,Židenice,,,,,,,,těžké zranění,"bez přilby (pouze u motocyklistů, příp. cyklistů)",řidičem nemotorového vozidla,"v noci - bez veřejného osvětlení, viditelnost nezhoršená vlivem povětrnostních podmínek",žádné z uvedenýc,řidič,dobrý -žádné nepříznivé okolnosti nebyly zjiště,den,,0,71053,1,71053,1,71053,4,57,1,1956,1,56,2013,1,0,0,1,0,1,17,1,1715,3,-1159407.993,-593483.465,60206130405,2013/03/07 00:00:00+00,2000,2000,7a66f4ab-6ea9-4417-b1b9-9694e8588c7e
-599323.530999999,-1164187.196,693,Brno-jih,ne,nesprávný způsob jízdy,srážka s jedoucím nekolejovým vozidlem,nehoda s následky na životě nebo zdraví,chyby při udání směru jízdy,"povrch suchý, neznečistěný",neztížené,dobré,žádné nebo žádné z uvedených,uzel (křižovatka sledovaná ve vybraných městech),,,jízdní kolo,Brno-jih,muž,Ne,úterý,duben,Horní Heršpice,,,,,,,,lehké zranění,"s přilbou (pouze u motocyklistů, příp. cyklistů)",řidičem motorového vozidla,"ve dne, viditelnost nezhoršená vlivem povětrnostních podmínek",na jízdním pruhu,řidič,dobrý -žádné nepříznivé okolnosti nebyly zjiště,den,,1,71054,1,71054,1,71054,2,58,1,1955,1,55,2013,0,0,1,0,0,2,6,1,615,4,-1164187.196,-599323.531,60206130606,2013/04/09 00:00:00+00,40000,20000,e8647dc6-1fb7-4639-9bbd-7dc383ea5710
-598830.653000001,-1154287.873,694,Brno-Řečkovice a Mokrá Hora,ne,nedání přenosti v jízdě,srážka s jedoucím nekolejovým vozidlem,nehoda s následky na životě nebo zdraví,proti příkazu dopravní značky STŮJ DEJ PŘEDNOST,"povrch suchý, neznečistěný",neztížené,dobré,žádné nebo žádné z uvedených,komunikace sledovaná (ve vybraných městech),,,jízdní kolo,Brno-Řečkovice a Mokrá Hora,muž,Ne,úterý,duben,Řečkovice,,,,,,,,lehké zranění,"s přilbou (pouze u motocyklistů, příp. cyklistů)",řidičem motorového vozidla,"ve dne, viditelnost nezhoršená vlivem povětrnostních podmínek",na jízdním pruhu,řidič,dobrý -žádné nepříznivé okolnosti nebyly zjiště,den,,1,71055,1,71055,1,71055,2,26,1,1987,1,87,2013,0,0,1,0,0,2,7,1,710,4,-1154287.873,-598830.653,60206130607,2013/04/09 00:00:00+00,60000,30000,955f801d-1f93-49e6-b465-f23b23859001
-598656.754000001,-1157877.697,695,Brno-Královo Pole,ne,nepřiměřená rychlost jízdy,jiný druh nehody,nehoda s následky na životě nebo zdraví,nepřizpůsobení rychlosti vlastnostem vozidla a nákladu,"povrch suchý, neznečistěný",neztížené,dobré,v blízkosti přechodu pro chodce (do vzdálenosti 20 m),uzel (křižovatka sledovaná ve vybraných městech),,,jízdní kolo,Brno-Královo Pole,žena,Ne,sobota,duben,Královo Pole,,,,,,,,lehké zranění,"s přilbou (pouze u motocyklistů, příp. cyklistů)",řidičem nemotorového vozidla,"ve dne, viditelnost nezhoršená vlivem povětrnostních podmínek",na jízdním pruhu,řidič,dobrý -žádné nepříznivé okolnosti nebyly zjiště,den,,1,71056,1,71056,1,71056,6,20,1,1993,1,93,2013,0,0,1,0,0,1,18,1,1840,4,-1157877.697,-598656.754,60206130638,2013/04/13 00:00:00+00,1000,1000,94b50e86-47cf-48a9-af8b-6490a6ca7205
-594073.318999998,-1160621.603,696,Brno-Vinohrady,ne,nedání přenosti v jízdě,srážka s jedoucím nekolejovým vozidlem,nehoda s následky na životě nebo zdraví,proti příkazu dopravní značky STŮJ DEJ PŘEDNOST,"povrch suchý, neznečistěný",neztížené,dobré,žádné nebo žádné z uvedených,uzel (křižovatka sledovaná ve vybraných městech),,,jízdní kolo,Brno-Vinohrady,žena,Ne,úterý,duben,Židenice,,,,,,,,lehké zranění,"s přilbou (pouze u motocyklistů, příp. cyklistů)",řidičem motorového vozidla,"ve dne, viditelnost nezhoršená vlivem povětrnostních podmínek",na jízdním pruhu,řidič,dobrý -žádné nepříznivé okolnosti nebyly zjiště,den,,1,71057,1,71057,1,71057,2,27,1,1986,1,86,2013,0,0,1,0,0,2,6,1,625,4,-1160621.603,-594073.319,60206130661,2013/04/16 00:00:00+00,11000,1000,397a8b2a-8d79-4b55-bcc1-7fb8a42744b9
-590315.204,-1160648.014,697,Brno-Líšeň,ne,nesprávný způsob jízdy,jiný druh nehody,nehoda pouze s hmotnou škodou,"bezohledná, agresivní, neohleduplná jízda","povrch suchý, neznečistěný",neztížené,dobré,žádné nebo žádné z uvedených,komunikace místní,,,jízdní kolo,Brno-Líšeň,dívka (do 15 let),Ne,úterý,duben,Líšeň,,,,,,,,bez zraněn,"s přilbou (pouze u motocyklistů, příp. cyklistů)",řidičem motorového vozidla,"ve dne, viditelnost nezhoršená vlivem povětrnostních podmínek",na jízdním pruhu,řidič,dobrý -žádné nepříznivé okolnosti nebyly zjiště,den,,0,71058,1,71058,1,71058,2,4,1,2009,1,9,2013,0,0,0,0,0,2,14,1,1450,4,-1160648.014,-590315.204,60206130667,2013/04/16 00:00:00+00,1000,0,7e1f897f-a6b4-48dc-941f-7dd5e68f4430
-599385.776000001,-1155184.097,698,Brno-Řečkovice a Mokrá Hora,ne,nedání přenosti v jízdě,srážka s jedoucím nekolejovým vozidlem,nehoda s následky na životě nebo zdraví,vozidlu přijíždějícímu zprava,"povrch suchý, neznečistěný",neztížené,dobré,žádné nebo žádné z uvedených,komunikace místní,,,jízdní kolo,Brno-Řečkovice a Mokrá Hora,muž,Ne,středa,duben,Řečkovice,,,,,,,,lehké zranění,"s přilbou (pouze u motocyklistů, příp. cyklistů)",řidičem motorového vozidla,"ve dne, viditelnost nezhoršená vlivem povětrnostních podmínek",na jízdním pruhu,řidič,dobrý -žádné nepříznivé okolnosti nebyly zjiště,den,,1,71059,1,71059,1,71059,3,21,1,1992,1,92,2013,0,0,1,0,0,2,17,1,1700,4,-1155184.097,-599385.776,60206130737,2013/04/24 00:00:00+00,41000,10000,4b020fd3-0fd9-4874-8c06-fc895a7e8ad4
-598788.568,-1157428.609,699,Brno-Královo Pole,ne,nedání přenosti v jízdě,srážka s jedoucím nekolejovým vozidlem,nehoda pouze s hmotnou škodou,při odbočování vlevo,"povrch suchý, neznečistěný",neztížené,dobré,v blízkosti přechodu pro chodce (do vzdálenosti 20 m),uzel (křižovatka sledovaná ve vybraných městech),,,jízdní kolo,Brno-Královo Pole,muž,Ne,čtvrtek,duben,Královo Pole,,,,,,,,bez zraněn,"bez přilby (pouze u motocyklistů, příp. cyklistů)",řidičem motorového vozidla,"v noci - s veřejným osvětlením, viditelnost nezhoršená vlivem povětrnostních podmínek",na jízdním pruhu,řidič,"pod vlivem alkoholu, obsah alkoholu v krvi do 0,99 ‰",noc,,0,71060,1,71060,1,71060,4,25,1,1988,1,88,2013,0,0,0,0,0,2,23,0,2315,4,-1157428.609,-598788.568,60206130748,2013/04/25 00:00:00+00,22000,20000,2a2e0a20-65f1-4dc8-8db9-8d8a2bde7e53
-593743.311999999,-1162573.375,700,Brno-Slatina,ne,nedání přenosti v jízdě,srážka s jedoucím nekolejovým vozidlem,nehoda s následky na životě nebo zdraví,při odbočování vlevo,"povrch suchý, neznečistěný",neztížené,dobré,čerpadlo pohonných hmot,komunikace sledovaná (ve vybraných městech),,,jízdní kolo,Brno-Slatina,muž,Ne,pátek,duben,Slatina,,,,,,,,lehké zranění,"bez přilby (pouze u motocyklistů, příp. cyklistů)",řidičem motorového vozidla,"v noci - s veřejným osvětlením, viditelnost nezhoršená vlivem povětrnostních podmínek",na jízdním pruhu,řidič,dobrý -žádné nepříznivé okolnosti nebyly zjiště,noc,,1,71061,1,71061,1,71061,5,26,1,1987,1,87,2013,0,0,1,0,0,2,21,1,2145,4,-1162573.375,-593743.312,60206130757,2013/04/26 00:00:00+00,11000,1000,2ef1042d-53bb-4570-abf2-a64c480b71bb
-599477.759,-1155217.187,701,Brno-Řečkovice a Mokrá Hora,ne,nedání přenosti v jízdě,srážka s jedoucím nekolejovým vozidlem,nehoda s následky na životě nebo zdraví,proti příkazu dopravní značky DEJ PŘEDNOST,"povrch suchý, neznečistěný",neztížené,dobré,v blízkosti přechodu pro chodce (do vzdálenosti 20 m),uzel (křižovatka sledovaná ve vybraných městech),,,jízdní kolo,Brno-Řečkovice a Mokrá Hora,muž,Ne,pondělí,duben,Řečkovice,,,,,,,,lehké zranění,"s přilbou (pouze u motocyklistů, příp. cyklistů)",řidičem motorového vozidla,"ve dne, viditelnost nezhoršená vlivem povětrnostních podmínek",na jízdním pruhu,řidič,dobrý -žádné nepříznivé okolnosti nebyly zjiště,den,,1,71062,1,71062,1,71062,1,30,1,1983,1,83,2013,0,0,1,0,0,2,16,1,1640,4,-1155217.187,-599477.759,60206130773,2013/04/29 00:00:00+00,12000,10000,aec7107d-031d-4461-8ee1-ca38ed1df687
-600094.734000001,-1154477.043,702,Brno-Řečkovice a Mokrá Hora,nezjišťováno,nedání přenosti v jízdě,srážka s jedoucím nekolejovým vozidlem,nehoda s následky na životě nebo zdraví,při vjíždění na silnici,"povrch suchý, neznečistěný",neztížené,dobré,parkoviště přiléhající ke komunikaci,komunikace místní,,,jízdní kolo,Brno-Řečkovice a Mokrá Hora,žena,Nezjišťován,sobota,duben,Řečkovice,,,,,,,,lehké zranění,"s přilbou (pouze u motocyklistů, příp. cyklistů)",řidičem motorového vozidla,"ve dne, viditelnost nezhoršená vlivem povětrnostních podmínek",na jízdním pruhu,řidič,dobrý -žádné nepříznivé okolnosti nebyly zjiště,den,,1,71063,1,71063,1,71063,6,27,1,1986,1,86,2013,0,0,1,0,0,2,13,1,1300,4,-1154477.043,-600094.734,60206130776,2013/04/20 00:00:00+00,23000,10000,320a2b1d-832f-4936-a8bc-3875ea281168
-607296.820999999,-1155615.007,703,Brno-Bystrc,ne,nepřiměřená rychlost jízdy,havárie,nehoda s následky na životě nebo zdraví,jiný druh nepřiměřené rychlosti,"povrch suchý, neznečistěný",neztížené,dobré,žádné nebo žádné z uvedených,komunikace účelová - polní a lesní cesty atd.,,,jízdní kolo,Brno-Bystrc,žena,Ne,úterý,duben,Bystrc,,,,,,,,těžké zranění,"s přilbou (pouze u motocyklistů, příp. cyklistů)",řidičem nemotorového vozidla,"ve dne, viditelnost nezhoršená vlivem povětrnostních podmínek",na jízdním pruhu,řidič,dobrý -žádné nepříznivé okolnosti nebyly zjiště,den,,0,71064,1,71064,1,71064,2,58,1,1955,1,55,2013,1,0,0,1,0,1,17,1,1755,4,-1155615.007,-607296.821,60206130783,2013/04/30 00:00:00+00,1000,1000,c354364e-946f-42df-a3d8-cf46623ea60b
-594831.901000001,-1161000.323,704,Brno-Židenice,nezjišťováno,nepřiměřená rychlost jízdy,havárie,nehoda s následky na životě nebo zdraví,"nepřizpůsobení rychlosti stavu vozovky (náledí, výtluky, bláto, mokrý povrch apod.)",povrch mokrý,neztížené,dobré,žádné nebo žádné z uvedených,komunikace sledovaná (ve vybraných městech),,,jízdní kolo,Brno-Židenice,žena,Nezjišťován,středa,květen,Židenice,,,,,,,,lehké zranění,"s přilbou (pouze u motocyklistů, příp. cyklistů)",řidičem nemotorového vozidla,"v noci - s veřejným osvětlením, viditelnost nezhoršená vlivem povětrnostních podmínek",na jízdním pruhu,řidič,dobrý -žádné nepříznivé okolnosti nebyly zjiště,noc,,1,71066,1,71066,1,71066,3,30,1,1983,1,83,2013,0,0,1,0,0,1,2,1,20,5,-1161000.323,-594831.901,60206130829,2013/05/08 00:00:00+00,5000,5000,305e456e-ceed-42b7-8d20-e1dbaecb6c72
-596783.158,-1159985.205,705,Brno-sever,ano,nepřiměřená rychlost jízdy,havárie,nehoda s následky na životě nebo zdraví,jiný druh nepřiměřené rychlosti,"povrch suchý, neznečistěný",neztížené,dobré,žádné nebo žádné z uvedených,komunikace sledovaná (ve vybraných městech),,,jízdní kolo,Brno-sever,muž,"Ano, obsah alkoholu v krvi 1,5‰ a více",středa,duben,Zábrdovice,,,,,,,,lehké zranění,"bez přilby (pouze u motocyklistů, příp. cyklistů)",řidičem nemotorového vozidla,"v noci - s veřejným osvětlením, viditelnost nezhoršená vlivem povětrnostních podmínek",na jízdním pruhu,řidič,pod vlivem alkoholu obsah alkoholu v krvi 1 ‰ a víc,noc,,1,71067,1,71067,1,71067,3,33,1,1980,1,80,2013,0,0,1,0,0,1,23,1,2355,4,-1159985.205,-596783.158,60206130885,2013/04/17 00:00:00+00,1000,1000,04246c3e-ec72-446b-a15c-a7373c71afac
-595726.289000001,-1158386.647,706,Brno-sever,nezjišťováno,nesprávný způsob jízdy,srážka s jedoucím nekolejovým vozidlem,nehoda s následky na životě nebo zdraví,"jízda po nesprávné straně vozovky, vjetí do protisměru","povrch suchý, neznečistěný",neztížené,dobré,žádné nebo žádné z uvedených,komunikace místní,,,jízdní kolo,Brno-sever,muž,Nezjišťován,středa,květen,Husovice,,,,,,,,lehké zranění,"bez přilby (pouze u motocyklistů, příp. cyklistů)",řidičem nemotorového vozidla,"ve dne, viditelnost nezhoršená vlivem povětrnostních podmínek",na jízdním pruhu,řidič,dobrý -žádné nepříznivé okolnosti nebyly zjiště,den,,1,71068,1,71068,1,71068,3,40,1,1973,1,73,2013,0,0,1,0,0,1,16,1,1600,5,-1158386.647,-595726.289,60206130889,2013/05/15 00:00:00+00,10000,10000,d49d4db1-a359-4eec-b655-e852a9227447
-598173.833999999,-1159886.251,707,Brno-střed,ano,nesprávný způsob jízdy,havárie,nehoda s následky na životě nebo zdraví,nezvládnutí řízení vozidla,"povrch suchý, neznečistěný",neztížené,dobré,žádné nebo žádné z uvedených,komunikace místní,,,jízdní kolo,Brno-střed,muž,"Ano, obsah alkoholu v krvi od 0,8‰ do 1,0‰",čtvrtek,květen,Veveří,,,,,,,,bez zraněn,"bez přilby (pouze u motocyklistů, příp. cyklistů)",řidičem nemotorového vozidla,"v noci - s veřejným osvětlením, viditelnost nezhoršená vlivem povětrnostních podmínek",na jízdním pruhu,řidič,"pod vlivem alkoholu, obsah alkoholu v krvi do 0,99 ‰",den,,0,71069,1,71069,1,71069,4,23,1,1990,1,90,2013,0,0,1,0,0,1,20,1,2030,5,-1159886.251,-598173.834,60206130902,2013/05/16 00:00:00+00,0,0,1072d416-22f9-488d-b55e-e0c771963ffa
-598173.833999999,-1159886.251,708,Brno-střed,ano,nesprávný způsob jízdy,havárie,nehoda s následky na životě nebo zdraví,nezvládnutí řízení vozidla,"povrch suchý, neznečistěný",neztížené,dobré,žádné nebo žádné z uvedených,komunikace místní,,,jízdní kolo,Brno-střed,žena,"Ano, obsah alkoholu v krvi od 0,8‰ do 1,0‰",čtvrtek,květen,Veveří,,,,,,,,lehké zranění,"bez přilby (pouze u motocyklistů, příp. cyklistů)",řidičem nemotorového vozidla,"v noci - s veřejným osvětlením, viditelnost nezhoršená vlivem povětrnostních podmínek",na jízdním pruhu,ostatní spolucestující (i v postranním vozíku motocyklu),"pod vlivem alkoholu, obsah alkoholu v krvi do 0,99 ‰",den,,1,71070,1,71070,1,71070,4,24,1,1989,1,89,2013,0,0,1,0,0,1,20,1,2030,5,-1159886.251,-598173.834,60206130902,2013/05/16 00:00:00+00,0,0,6a187116-4ea8-4c30-bf77-2ec559d22593
-603413.537999999,-1156991.281,709,Brno-Bystrc,ne,nepřiměřená rychlost jízdy,srážka s pevnou překážkou,nehoda s následky na životě nebo zdraví,"nepřizpůsobení rychlosti dopravně technickému stavu vozovky (zatáčka, klesání, stoupání, šířka vozovky apod.)","povrch suchý, neznečistěný",neztížené,dobré,žádné nebo žádné z uvedených,uzel (křižovatka sledovaná ve vybraných městech),,,jízdní kolo,Brno-Bystrc,žena,Ne,neděle,květen,Bystrc,,,,,,,,lehké zranění,"bez přilby (pouze u motocyklistů, příp. cyklistů)",řidičem nemotorového vozidla,"ve dne, viditelnost nezhoršená vlivem povětrnostních podmínek",na chodníku nebo ostrůvku,řidič,dobrý -žádné nepříznivé okolnosti nebyly zjiště,den,,1,71071,1,71071,1,71071,7,44,1,1969,1,69,2013,0,0,1,0,0,1,12,1,1200,5,-1156991.281,-603413.538,60206130919,2013/05/19 00:00:00+00,2500,500,0f1d6575-f3ea-4b36-ab09-558037715936
-595990.616,-1161197.399,710,Brno-Židenice,ne,nesprávný způsob jízdy,havárie,nehoda s následky na životě nebo zdraví,řidič se plně nevěnoval řízení vozidla,"povrch suchý, neznečistěný",neztížené,dobré,žádné nebo žádné z uvedených,komunikace sledovaná (ve vybraných městech),,,jízdní kolo,Brno-Židenice,muž,Ne,neděle,květen,Židenice,,,,,,,,lehké zranění,"bez přilby (pouze u motocyklistů, příp. cyklistů)",řidičem nemotorového vozidla,"ve dne, viditelnost nezhoršená vlivem povětrnostních podmínek",na jízdním pruhu,řidič,dobrý -žádné nepříznivé okolnosti nebyly zjiště,den,,1,71072,1,71072,1,71072,7,36,1,1977,1,77,2013,0,0,1,0,0,1,14,1,1400,5,-1161197.399,-595990.616,60206130920,2013/05/19 00:00:00+00,1000,1000,08559e87-6396-47e4-b42e-b547b9863cc9