X,Y,objectid_1,zuj,alkohol_vinik,hlavni_pricina,srazka,nasledky,pricina,stav_vozovky,povetrnostni_podm,rozhled,misto_nehody,druh_komun,pneumatiky,druh_pohonu,druh_vozidla,mestska_cast,pohlavi,alkohol,den_v_tydnu,mesic_t,katastr,chovani_chodce,stav_chodce,drogy_chodec,alkohol_chodec,osobni_prepravnik,reflexni_prvky,kategorie_chodce,nasledek,ozn_osoba,zavineni,viditelnost,situovani,osoba,stav_ridic,doba,smrt_po,lz,target_fid_1,join_count_1,objectid,join_count,target_fid,den,vek,smrt_dny,rok_nar,p48a,p59d,rok,tz,smrt,lehce_zran_os,tezce_zran_os,usmrceno_os,id_vozidla,hodina,ovlivneni_ridice,cas,mesic,e,d,id_nehody,datum,hmotna_skoda_1,skoda_vozidlo,globalid
-597337.416000001,-1164392.406,711,Brno-jih,nezjišťováno,nezaviněno řidičem,srážka s chodcem,nehoda s následky na životě nebo zdraví,nezaviněná řidičem,"povrch suchý, neznečistěný",neztížené,dobré,žádné nebo žádné z uvedených,"komunikace účelová - ostatní (parkoviště, odpočívky apod.",,,jízdní kolo,Brno-jih,muž,Nezjišťován,pondělí,květen,Horní Heršpice,,,,,,,,těžké zranění,"s přilbou (pouze u motocyklistů, příp. cyklistů)",chodcem,"ve dne, viditelnost nezhoršená vlivem povětrnostních podmínek",žádné z uvedenýc,řidič,dobrý -žádné nepříznivé okolnosti nebyly zjiště,den,,0,71073,1,71073,1,71073,1,53,1,1960,1,60,2013,1,0,0,1,0,1,18,1,1820,5,-1164392.406,-597337.416,60206130937,2013/05/20 00:00:00+00,2500,2000,2af3e156-06fc-4b42-b59f-e9d1179175c4
-599820.574000001,-1159169.632,712,Brno-Žabovřesky,ano,nepřiměřená rychlost jízdy,havárie,nehoda s následky na životě nebo zdraví,"nepřizpůsobení rychlosti stavu vozovky (náledí, výtluky, bláto, mokrý povrch apod.)",povrch mokrý,neztížené,dobré,žádné nebo žádné z uvedených,komunikace sledovaná (ve vybraných městech),,,jízdní kolo,Brno-Žabovřesky,muž,"Ano, obsah alkoholu v krvi 1,5‰ a více",středa,květen,Žabovřesky,,,,,,,,lehké zranění,"bez přilby (pouze u motocyklistů, příp. cyklistů)",řidičem nemotorového vozidla,"v noci - s veřejným osvětlením, viditelnost nezhoršená vlivem povětrnostních podmínek",na jízdním pruhu,řidič,pod vlivem alkoholu obsah alkoholu v krvi 1 ‰ a víc,noc,,1,71074,1,71074,1,71074,3,26,1,1987,1,87,2013,0,0,1,0,0,1,2,0,215,5,-1159169.632,-599820.574,60206130947,2013/05/22 00:00:00+00,1000,1000,7eadc057-cfd6-49aa-8bba-2e8319c53ba9
-600238.202,-1156694.013,713,Brno-Královo Pole,ne,nesprávný způsob jízdy,havárie,nehoda s následky na životě nebo zdraví,nezvládnutí řízení vozidla,"povrch suchý, neznečistěný",neztížené,dobré,žádné nebo žádné z uvedených,komunikace místní,,,jízdní kolo,Brno-Královo Pole,muž,Ne,středa,květen,Královo Pole,,,,,,,,lehké zranění,"bez přilby (pouze u motocyklistů, příp. cyklistů)",řidičem nemotorového vozidla,"ve dne, viditelnost nezhoršená vlivem povětrnostních podmínek",na jízdním pruhu,řidič,dobrý -žádné nepříznivé okolnosti nebyly zjiště,den,,1,71075,1,71075,1,71075,3,77,1,1936,1,36,2013,0,0,1,0,0,1,14,1,1415,5,-1156694.013,-600238.202,60206130950,2013/05/22 00:00:00+00,1000,0,edb994c2-8e9d-4045-8f06-ac59136f193c
-600081.388,-1154464.733,714,Brno-Řečkovice a Mokrá Hora,nezjišťováno,nesprávný způsob jízdy,srážka s jedoucím nekolejovým vozidlem,nehoda pouze s hmotnou škodou,"jízda po nesprávné straně vozovky, vjetí do protisměru","povrch suchý, neznečistěný",neztížené,"špatné - vlivem okolní zástavby (budovy, plné zábradlí apod.)",žádné nebo žádné z uvedených,komunikace místní,,,jízdní kolo,Brno-Řečkovice a Mokrá Hora,,Nezjišťován,čtvrtek,květen,Řečkovice,,,,,,,,,,řidičem nemotorového vozidla,"ve dne, viditelnost nezhoršená vlivem povětrnostních podmínek",žádné z uvedenýc,,,den,,0,71077,1,71077,1,71077,4,,,,1,,2013,0,0,0,0,0,1,19,,1915,5,-1154464.733,-600081.388,60206130989,2013/05/09 00:00:00+00,15000,15000,50db9277-51bb-4b1c-a4e9-9a804a371307
-596714.908,-1161109.423,715,Brno-střed,ne,nepřiměřená rychlost jízdy,havárie,nehoda s následky na životě nebo zdraví,"nepřizpůsobení rychlosti stavu vozovky (náledí, výtluky, bláto, mokrý povrch apod.)",povrch mokrý,déšť,dobré,žádné nebo žádné z uvedených,komunikace účelová - polní a lesní cesty atd.,,,jízdní kolo,Brno-střed,žena,Ne,pondělí,květen,Trnitá,,,,,,,,těžké zranění,"bez přilby (pouze u motocyklistů, příp. cyklistů)",řidičem nemotorového vozidla,"ve dne, viditelnost nezhoršená vlivem povětrnostních podmínek",na stezce pro cyklisty,řidič,dobrý -žádné nepříznivé okolnosti nebyly zjiště,den,,0,71078,1,71078,1,71078,1,27,1,1986,1,86,2013,1,0,0,1,0,1,8,1,830,5,-1161109.423,-596714.908,60206130991,2013/05/27 00:00:00+00,1000,1000,4a49f220-a3ea-41f2-8100-6de66039246c
-597937.243000001,-1159993.462,716,Brno-střed,nezjišťováno,nesprávný způsob jízdy,srážka s jedoucím nekolejovým vozidlem,nehoda pouze s hmotnou škodou,řidič se plně nevěnoval řízení vozidla,povrch mokrý,déšť,dobré,žádné nebo žádné z uvedených,komunikace místní,,,jízdní kolo,Brno-střed,muž,Nezjišťován,čtvrtek,květen,Černá Pole,,,,,,,,bez zraněn,"s přilbou (pouze u motocyklistů, příp. cyklistů)",řidičem motorového vozidla,"ve dne, viditelnost nezhoršená vlivem povětrnostních podmínek",na jízdním pruhu,řidič,dobrý -žádné nepříznivé okolnosti nebyly zjiště,den,,0,71080,1,71080,1,71080,4,30,1,1983,1,83,2013,0,0,0,0,0,2,10,1,1000,5,-1159993.462,-597937.243,60206131017,2013/05/30 00:00:00+00,100,0,ad1be470-0c70-4aad-ae7a-f84151dc4cda
-603029.309999999,-1157239.265,717,Brno-Komín,ne,nesprávný způsob jízdy,srážka s jedoucím nekolejovým vozidlem,nehoda s následky na životě nebo zdraví,jiný druh nesprávného způsobu jízdy,"povrch suchý, neznečistěný",neztížené,dobré,přechod pro chodce,komunikace sledovaná (ve vybraných městech),,,jízdní kolo,Brno-Komín,žena,Ne,středa,červen,Komín,,,,,,,,lehké zranění,"s přilbou (pouze u motocyklistů, příp. cyklistů)",řidičem nemotorového vozidla,"ve dne, viditelnost nezhoršená vlivem povětrnostních podmínek",na jízdním pruhu,řidič,dobrý -žádné nepříznivé okolnosti nebyly zjiště,den,,1,71082,1,71082,1,71082,3,30,1,1983,1,83,2013,0,0,1,0,0,1,16,1,1655,6,-1157239.265,-603029.31,60206131120,2013/06/12 00:00:00+00,21000,20000,3982b488-fa70-4d0d-bca4-591c22e722bf
-603933.372000001,-1162407.684,718,Brno-Bosonohy,ne,nedání přenosti v jízdě,srážka s jedoucím nekolejovým vozidlem,nehoda s následky na životě nebo zdraví,vozidlu přijíždějícímu zprava,"povrch suchý, neznečistěný",neztížené,dobré,parkoviště přiléhající ke komunikaci,komunikace místní,,,jízdní kolo,Brno-Bosonohy,muž,Ne,neděle,červen,Bosonohy,,,,,,,,lehké zranění,"bez přilby (pouze u motocyklistů, příp. cyklistů)",řidičem nemotorového vozidla,"v noci - bez veřejného osvětlení, viditelnost nezhoršená vlivem povětrnostních podmínek",na jízdním pruhu,řidič,dobrý -žádné nepříznivé okolnosti nebyly zjiště,den,,1,71083,1,71083,1,71083,7,19,1,1994,1,94,2013,0,0,2,0,0,1,20,1,2046,6,-1162407.684,-603933.372,60206131156,2013/06/16 00:00:00+00,43000,40000,6283e608-8782-4cc1-a00f-b424f94ee9bb
-603933.372000001,-1162407.684,719,Brno-Bosonohy,ne,nedání přenosti v jízdě,srážka s jedoucím nekolejovým vozidlem,nehoda s následky na životě nebo zdraví,vozidlu přijíždějícímu zprava,"povrch suchý, neznečistěný",neztížené,dobré,parkoviště přiléhající ke komunikaci,komunikace místní,,,jízdní kolo,Brno-Bosonohy,muž,Ne,neděle,červen,Bosonohy,,,,,,,,lehké zranění,"bez přilby (pouze u motocyklistů, příp. cyklistů)",řidičem nemotorového vozidla,"v noci - bez veřejného osvětlení, viditelnost nezhoršená vlivem povětrnostních podmínek",na jízdním pruhu,ostatní spolucestující (i v postranním vozíku motocyklu),dobrý -žádné nepříznivé okolnosti nebyly zjiště,den,,1,71084,1,71084,1,71084,7,17,1,1996,1,96,2013,0,0,2,0,0,1,20,1,2046,6,-1162407.684,-603933.372,60206131156,2013/06/16 00:00:00+00,43000,40000,cc863964-594f-461c-8531-c28f657380dc
-603592.057999998,-1156791.234,720,Brno-Bystrc,ano,nesprávný způsob jízdy,"srážka s vozidlem zaparkovaným, odstaveným",nehoda s následky na životě nebo zdraví,řidič se plně nevěnoval řízení vozidla,"povrch suchý, neznečistěný",neztížené,dobré,žádné nebo žádné z uvedených,komunikace místní,,,jízdní kolo,Brno-Bystrc,žena,"Ano, obsah alkoholu v krvi od 0,24‰ do 0,5‰",úterý,červen,Bystrc,,,,,,,,lehké zranění,"s přilbou (pouze u motocyklistů, příp. cyklistů)",řidičem nemotorového vozidla,"ve dne, viditelnost nezhoršená vlivem povětrnostních podmínek",na jízdním pruhu,řidič,"pod vlivem alkoholu, obsah alkoholu v krvi do 0,99 ‰",den,,1,71085,1,71085,1,71085,2,47,1,1966,1,66,2013,0,0,1,0,0,1,15,1,1550,6,-1156791.234,-603592.058,60206131174,2013/06/18 00:00:00+00,5000,5000,8c7f08cb-7bdc-49e4-9c40-cdad5cffd3b4
-598686.679000001,-1157804.726,721,Brno-Královo Pole,ne,nedání přenosti v jízdě,srážka s jedoucím nekolejovým vozidlem,nehoda s následky na životě nebo zdraví,při odbočování vlevo,"povrch suchý, neznečistěný",neztížené,dobré,žádné nebo žádné z uvedených,uzel (křižovatka sledovaná ve vybraných městech),,,jízdní kolo,Brno-Královo Pole,muž,Ne,neděle,červen,Královo Pole,,,,,,,,lehké zranění,"s přilbou (pouze u motocyklistů, příp. cyklistů)",řidičem motorového vozidla,"ve dne, viditelnost nezhoršená vlivem povětrnostních podmínek",na jízdním pruhu,řidič,dobrý -žádné nepříznivé okolnosti nebyly zjiště,den,,1,71086,1,71086,1,71086,7,28,1,1985,1,85,2013,0,0,1,0,0,2,11,1,1140,6,-1157804.726,-598686.679,60206131206,2013/06/23 00:00:00+00,25000,10000,3e556250-782d-4f0a-9092-8a5ab4e4cf95
-596267.953000002,-1158759.372,722,Brno-sever,ne,nesprávný způsob jízdy,havárie,nehoda s následky na životě nebo zdraví,řidič se plně nevěnoval řízení vozidla,"povrch suchý, neznečistěný",neztížené,dobré,parkoviště přiléhající ke komunikaci,komunikace sledovaná (ve vybraných městech),,,jízdní kolo,Brno-sever,muž,Ne,neděle,červen,Husovice,,,,,,,,lehké zranění,"s přilbou (pouze u motocyklistů, příp. cyklistů)",řidičem nemotorového vozidla,"ve dne, viditelnost nezhoršená vlivem povětrnostních podmínek",na jízdním pruhu,řidič,dobrý -žádné nepříznivé okolnosti nebyly zjiště,den,,1,71087,1,71087,1,71087,7,39,1,1974,1,74,2013,0,0,1,0,0,1,15,1,1510,6,-1158759.372,-596267.953,60206131207,2013/06/23 00:00:00+00,6000,5000,50a7287a-4131-4121-aca2-460492681f2c
-598085.614,-1157261.757,723,Brno-Královo Pole,ne,nesprávný způsob jízdy,srážka s jedoucím nekolejovým vozidlem,nehoda s následky na životě nebo zdraví,nedodržení bezpečné vzdálenosti za vozidlem,"povrch suchý, neznečistěný",neztížené,dobré,žádné nebo žádné z uvedených,komunikace sledovaná (ve vybraných městech),,,jízdní kolo,Brno-Královo Pole,muž,Ne,neděle,červen,Královo Pole,,,,,,,,těžké zranění,"bez přilby (pouze u motocyklistů, příp. cyklistů)",řidičem nemotorového vozidla,"ve dne, viditelnost nezhoršená vlivem povětrnostních podmínek",na jízdním pruhu,řidič,dobrý -žádné nepříznivé okolnosti nebyly zjiště,den,,0,71088,1,71088,1,71088,7,57,1,1956,1,56,2013,1,0,0,1,0,1,19,1,1905,6,-1157261.757,-598085.614,60206131256,2013/06/30 00:00:00+00,2000,1000,d1299793-1788-4d38-9649-f0b6a4d65938
-598233.300000001,-1159539.021,724,Brno-střed,ne,nedání přenosti v jízdě,srážka s jedoucím nekolejovým vozidlem,nehoda s následky na životě nebo zdraví,při odbočování vlevo,"povrch suchý, neznečistěný",neztížené,dobré,žádné nebo žádné z uvedených,uzel (křižovatka sledovaná ve vybraných městech),,,jízdní kolo,Brno-střed,muž,Ne,neděle,červenec,Veveří,,,,,,,,lehké zranění,"s přilbou (pouze u motocyklistů, příp. cyklistů)",řidičem motorového vozidla,"ve dne, zhoršená viditelnost (svítání, soumrak)",žádné z uvedenýc,řidič,dobrý -žádné nepříznivé okolnosti nebyly zjiště,den,,1,71090,1,71090,1,71090,7,30,1,1983,1,83,2013,0,0,1,0,0,2,20,1,2032,7,-1159539.021,-598233.3,60206131300,2013/07/07 00:00:00+00,18000,8000,ee468b7d-5994-48f4-8f3a-c94b91f6a463
-600027.807,-1153184.804,725,Brno-Ivanovice,ne,nedání přenosti v jízdě,srážka s jedoucím nekolejovým vozidlem,nehoda s následky na životě nebo zdraví,proti příkazu dopravní značky DEJ PŘEDNOST,"povrch suchý, neznečistěný",neztížené,dobré,žádné nebo žádné z uvedených,uzel (křižovatka sledovaná ve vybraných městech),,,jízdní kolo,Brno-Ivanovice,muž,Ne,pátek,červenec,Ivanovice,,,,,,,,lehké zranění,"bez přilby (pouze u motocyklistů, příp. cyklistů)",řidičem motorového vozidla,"ve dne, viditelnost nezhoršená vlivem povětrnostních podmínek",na jízdním pruhu,řidič,dobrý -žádné nepříznivé okolnosti nebyly zjiště,den,,1,71092,1,71092,1,71092,5,39,1,1974,1,74,2013,0,0,1,0,0,2,15,1,1548,7,-1153184.804,-600027.807,60206131335,2013/07/12 00:00:00+00,26000,5000,0dd9faee-2c6d-404c-8355-e6fc92c8dfd8
-594306.884,-1163621.65,726,Brno-Černovice,ne,nedání přenosti v jízdě,srážka s jedoucím nekolejovým vozidlem,nehoda s následky na životě nebo zdraví,proti příkazu dopravní značky DEJ PŘEDNOST,"povrch suchý, neznečistěný",neztížené,dobré,přechod pro chodce,uzel (křižovatka sledovaná ve vybraných městech),,,jízdní kolo,Brno-Černovice,žena,Ne,pátek,červenec,Černovice,,,,,,,,lehké zranění,"bez přilby (pouze u motocyklistů, příp. cyklistů)",řidičem motorového vozidla,"ve dne, viditelnost nezhoršená vlivem povětrnostních podmínek",na jízdním pruhu,řidič,dobrý -žádné nepříznivé okolnosti nebyly zjiště,den,,1,71093,1,71093,1,71093,5,59,1,1954,1,54,2013,0,0,1,0,0,2,17,1,1730,7,-1163621.65,-594306.884,60206131337,2013/07/12 00:00:00+00,2000,1000,fd20cfc6-d2d3-468f-9ccc-1fc996b5aac5
-601850.497000001,-1158820.124,727,Brno-Jundrov,ne,nesprávný způsob jízdy,srážka s pevnou překážkou,nehoda pouze s hmotnou škodou,řidič se plně nevěnoval řízení vozidla,"povrch suchý, neznečistěný",neztížené,dobré,žádné nebo žádné z uvedených,"komunikace účelová - ostatní (parkoviště, odpočívky apod.",,,jízdní kolo,Brno-Jundrov,,Ne,čtvrtek,červenec,Jundrov,,,,,,,,,,řidičem motorového vozidla,"ve dne, viditelnost nezhoršená vlivem povětrnostních podmínek",na jízdním pruhu,,,den,,0,71095,1,71095,1,71095,4,,,,1,,2013,0,0,0,0,0,2,10,,1040,7,-1158820.124,-601850.497,60206131361,2013/07/18 00:00:00+00,11000,10000,e3311fe9-1fd9-4ba5-a67f-fea11ae861ee
-597351.910999998,-1159915.874,728,Brno-sever,nezjišťováno,nesprávný způsob jízdy,havárie,nehoda s následky na životě nebo zdraví,řidič se plně nevěnoval řízení vozidla,"povrch suchý, znečistěný (písek, prach, listí, štěrk atd.)",neztížené,dobré,přechod pro chodce,komunikace místní,,,jízdní kolo,Brno-sever,muž,Nezjišťován,neděle,červenec,Černá Pole,,,,,,,,lehké zranění,"s přilbou (pouze u motocyklistů, příp. cyklistů)",řidičem nemotorového vozidla,"ve dne, viditelnost nezhoršená vlivem povětrnostních podmínek",na jízdním pruhu,řidič,dobrý -žádné nepříznivé okolnosti nebyly zjiště,den,,1,71096,1,71096,1,71096,7,16,1,1997,1,97,2013,0,0,1,0,0,1,10,1,1015,7,-1159915.874,-597351.911,60206131380,2013/07/21 00:00:00+00,1000,1000,94a61206-c0ac-41d5-b005-25f70ef4c70a
-597351.910999998,-1159915.874,729,Brno-sever,nezjišťováno,nesprávný způsob jízdy,havárie,nehoda s následky na životě nebo zdraví,řidič se plně nevěnoval řízení vozidla,"povrch suchý, znečistěný (písek, prach, listí, štěrk atd.)",neztížené,dobré,přechod pro chodce,komunikace místní,,,jízdní kolo,Brno-sever,muž,Nezjišťován,neděle,červenec,Černá Pole,,,,,,,,bez zraněn,"bez přilby (pouze u motocyklistů, příp. cyklistů)",řidičem nemotorového vozidla,"ve dne, viditelnost nezhoršená vlivem povětrnostních podmínek",na jízdním pruhu,řidič,dobrý -žádné nepříznivé okolnosti nebyly zjiště,den,,0,71097,1,71097,1,71097,7,15,1,1998,1,98,2013,0,0,1,0,0,2,10,1,1015,7,-1159915.874,-597351.911,60206131380,2013/07/21 00:00:00+00,1000,1000,584defa6-0266-46ab-a3ec-2c4fcea99777
-603900.170000002,-1156408.896,730,Brno-Bystrc,ne,nedání přenosti v jízdě,srážka s jedoucím nekolejovým vozidlem,nehoda s následky na životě nebo zdraví,při odbočování vlevo,"povrch suchý, neznečistěný",neztížené,dobré,žádné nebo žádné z uvedených,uzel (křižovatka sledovaná ve vybraných městech),,,jízdní kolo,Brno-Bystrc,muž,Ne,neděle,červenec,Bystrc,,,,,,,,lehké zranění,"bez přilby (pouze u motocyklistů, příp. cyklistů)",řidičem motorového vozidla,"ve dne, viditelnost nezhoršená vlivem povětrnostních podmínek",na jízdním pruhu,řidič,dobrý -žádné nepříznivé okolnosti nebyly zjiště,den,,1,71098,1,71098,1,71098,7,40,1,1973,1,73,2013,0,0,1,0,0,2,16,1,1625,7,-1156408.896,-603900.17,60206131383,2013/07/21 00:00:00+00,6000,5000,e783394c-9a0c-4fd0-8048-f90d34398434
-599314.322999999,-1155774.638,731,Brno-Řečkovice a Mokrá Hora,ne,nedání přenosti v jízdě,srážka s jedoucím nekolejovým vozidlem,nehoda s následky na životě nebo zdraví,při odbočování vlevo,"povrch suchý, neznečistěný",neztížené,dobré,žádné nebo žádné z uvedených,uzel (křižovatka sledovaná ve vybraných městech),,,jízdní kolo,Brno-Řečkovice a Mokrá Hora,muž,Ne,úterý,červenec,Řečkovice,,,,,,,,lehké zranění,"bez přilby (pouze u motocyklistů, příp. cyklistů)",řidičem motorového vozidla,"ve dne, viditelnost nezhoršená vlivem povětrnostních podmínek",na jízdním pruhu,řidič,dobrý -žádné nepříznivé okolnosti nebyly zjiště,den,,1,71099,1,71099,1,71099,2,21,1,1992,1,92,2013,0,0,1,0,0,2,18,1,1820,7,-1155774.638,-599314.323,60206131399,2013/07/23 00:00:00+00,7000,2000,1be4f300-8486-409c-b7f9-51df9ef7d27b
-600999.18,-1158161.026,732,Brno-Komín,ne,nedání přenosti v jízdě,srážka s jedoucím nekolejovým vozidlem,nehoda s následky na životě nebo zdraví,proti příkazu dopravní značky DEJ PŘEDNOST,"povrch suchý, neznečistěný",neztížené,dobré,žádné nebo žádné z uvedených,uzel (křižovatka sledovaná ve vybraných městech),,,jízdní kolo,Brno-Komín,muž,Ne,úterý,červenec,Komín,,,,,,,,lehké zranění,"bez přilby (pouze u motocyklistů, příp. cyklistů)",řidičem motorového vozidla,"ve dne, viditelnost nezhoršená vlivem povětrnostních podmínek",na jízdním pruhu,řidič,dobrý -žádné nepříznivé okolnosti nebyly zjiště,den,,1,71100,1,71100,1,71100,2,40,1,1973,1,73,2013,0,0,1,0,0,2,19,1,1945,7,-1158161.026,-600999.18,60206131400,2013/07/23 00:00:00+00,60000,50000,3fe166e5-bd70-488b-8731-c650c7f8e8fc
-596296.563999999,-1156154.709,733,Brno-sever,ano,nesprávný způsob jízdy,srážka s jedoucím nekolejovým vozidlem,nehoda pouze s hmotnou škodou,řidič se plně nevěnoval řízení vozidla,"povrch suchý, neznečistěný",neztížené,dobré,žádné nebo žádné z uvedených,komunikace sledovaná (ve vybraných městech),,,jízdní kolo,Brno-sever,muž,"Ano, obsah alkoholu v krvi od 0,5‰ do 0,8‰",pátek,červenec,Lesná,,,,,,,,bez zraněn,"s přilbou (pouze u motocyklistů, příp. cyklistů)",řidičem motorového vozidla,"ve dne, viditelnost nezhoršená vlivem povětrnostních podmínek",na jízdním pruhu,řidič,dobrý -žádné nepříznivé okolnosti nebyly zjiště,den,,0,71102,1,71102,1,71102,5,49,1,1964,1,64,2013,0,0,0,0,0,2,13,1,1355,7,-1156154.709,-596296.564,60206131432,2013/07/26 00:00:00+00,3000,2000,16ac5056-bebb-43f1-84f7-f79e27ed5fcf
-600053.416000001,-1153170.278,734,Brno-Ivanovice,ne,nedání přenosti v jízdě,srážka s jedoucím nekolejovým vozidlem,nehoda s následky na životě nebo zdraví,proti příkazu dopravní značky DEJ PŘEDNOST,"povrch suchý, neznečistěný",neztížené,dobré,přechod pro chodce,uzel (křižovatka sledovaná ve vybraných městech),,,jízdní kolo,Brno-Ivanovice,muž,Ne,neděle,červenec,Ivanovice,,,,,,,,lehké zranění,"s přilbou (pouze u motocyklistů, příp. cyklistů)",řidičem motorového vozidla,"ve dne, viditelnost nezhoršená vlivem povětrnostních podmínek",na jízdním pruhu,řidič,dobrý -žádné nepříznivé okolnosti nebyly zjiště,den,,1,71103,1,71103,1,71103,7,26,1,1987,1,87,2013,0,0,1,0,0,2,20,1,2005,7,-1153170.278,-600053.416,60206131445,2013/07/28 00:00:00+00,22000,2000,9b331ea6-41f6-479a-bde5-f797bd5171e9
-599790.219999999,-1158732.976,735,Brno-Žabovřesky,ne,nezaviněno řidičem,"srážka s vozidlem zaparkovaným, odstaveným",nehoda s následky na životě nebo zdraví,nezaviněná řidičem,"povrch suchý, neznečistěný",neztížené,dobré,žádné nebo žádné z uvedených,komunikace sledovaná (ve vybraných městech),,,jízdní kolo,Brno-Žabovřesky,muž,Ne,pondělí,červenec,Žabovřesky,,,,,,,,lehké zranění,"bez přilby (pouze u motocyklistů, příp. cyklistů)",jiným účastníkem silničního provozu,"ve dne, viditelnost nezhoršená vlivem povětrnostních podmínek",na jízdním pruhu,řidič,dobrý -žádné nepříznivé okolnosti nebyly zjiště,den,,1,71105,1,71105,1,71105,1,22,1,1991,1,91,2013,0,0,1,0,0,2,15,1,1525,7,-1158732.976,-599790.22,60206131457,2013/07/29 00:00:00+00,6000,1000,9e4c5ce2-ed97-41d7-b227-19283bd0a3c0
-601156.598999999,-1162356.447,736,Brno-Bohunice,ne,nedání přenosti v jízdě,srážka s jedoucím nekolejovým vozidlem,nehoda s následky na životě nebo zdraví,jiné nedání přednosti,"povrch suchý, neznečistěný",neztížené,dobré,žádné nebo žádné z uvedených,uzel (křižovatka sledovaná ve vybraných městech),,,jízdní kolo,Brno-Bohunice,muž,Ne,úterý,červenec,Bohunice,,,,,,,,lehké zranění,"bez přilby (pouze u motocyklistů, příp. cyklistů)",řidičem motorového vozidla,"ve dne, viditelnost nezhoršená vlivem povětrnostních podmínek",na jízdním pruhu,řidič,dobrý -žádné nepříznivé okolnosti nebyly zjiště,den,,1,71106,1,71106,1,71106,2,46,1,1967,1,67,2013,0,0,1,0,0,2,15,1,1540,7,-1162356.447,-601156.599,60206131463,2013/07/30 00:00:00+00,17000,10000,1374e28c-f881-4cb0-9f9c-fff48a7100d8
-603638.899,-1160913.916,737,Brno-Kohoutovice,ne,nesprávný způsob jízdy,"srážka s vozidlem zaparkovaným, odstaveným",nehoda s následky na životě nebo zdraví,řidič se plně nevěnoval řízení vozidla,"povrch suchý, neznečistěný",neztížené,dobré,žádné nebo žádné z uvedených,komunikace sledovaná (ve vybraných městech),,,jízdní kolo,Brno-Kohoutovice,muž,Ne,úterý,červenec,Kohoutovice,,,,,,,,lehké zranění,"bez přilby (pouze u motocyklistů, příp. cyklistů)",řidičem motorového vozidla,"ve dne, viditelnost nezhoršená vlivem povětrnostních podmínek",na jízdním pruhu,řidič,dobrý -žádné nepříznivé okolnosti nebyly zjiště,den,,1,71107,1,71107,1,71107,2,23,1,1990,1,90,2013,0,0,1,0,0,2,16,1,1612,7,-1160913.916,-603638.899,60206131464,2013/07/30 00:00:00+00,5000,1000,18301353-74b0-47ea-b16d-9bb412a46f9d
-595731.565000001,-1159218.162,738,Brno-Maloměřice a Obřany,nezjišťováno,nesprávný způsob jízdy,"srážka s vozidlem zaparkovaným, odstaveným",nehoda pouze s hmotnou škodou,řidič se plně nevěnoval řízení vozidla,"povrch suchý, neznečistěný",neztížené,dobré,žádné nebo žádné z uvedených,komunikace místní,,,jízdní kolo,Brno-Maloměřice a Obřany,,Nezjišťován,úterý,červenec,Maloměřice,,,,,,,,,,řidičem nemotorového vozidla,"ve dne, viditelnost nezhoršená vlivem povětrnostních podmínek",na jízdním pruhu,,,den,,0,71108,1,71108,1,71108,2,,,,0,,2013,0,0,0,0,0,1,17,,1745,7,-1159218.162,-595731.565,60206131466,2013/07/30 00:00:00+00,30000,30000,92862fc7-b715-4259-9c8e-8778feacc5e3
-594738.690000001,-1162180.742,739,Brno-Černovice,ne,nedání přenosti v jízdě,srážka s jedoucím nekolejovým vozidlem,nehoda s následky na životě nebo zdraví,jiné nedání přednosti,"povrch suchý, neznečistěný",neztížené,dobré,žádné nebo žádné z uvedených,komunikace sledovaná (ve vybraných městech),,,jízdní kolo,Brno-Černovice,žena,Ne,středa,červenec,Černovice,,,,,,,,lehké zranění,"bez přilby (pouze u motocyklistů, příp. cyklistů)",řidičem motorového vozidla,"ve dne, viditelnost nezhoršená vlivem povětrnostních podmínek",na jízdním pruhu,řidič,dobrý -žádné nepříznivé okolnosti nebyly zjiště,den,,1,71109,1,71109,1,71109,3,39,1,1974,1,74,2013,0,0,1,0,0,2,8,1,815,7,-1162180.742,-594738.69,60206131470,2013/07/31 00:00:00+00,10000,5000,c77c1c36-d12b-423a-a89f-6fa1c4d1fc4d