X,Y,objectid_1,zuj,alkohol_vinik,hlavni_pricina,srazka,nasledky,pricina,stav_vozovky,povetrnostni_podm,rozhled,misto_nehody,druh_komun,pneumatiky,druh_pohonu,druh_vozidla,mestska_cast,pohlavi,alkohol,den_v_tydnu,mesic_t,katastr,chovani_chodce,stav_chodce,drogy_chodec,alkohol_chodec,osobni_prepravnik,reflexni_prvky,kategorie_chodce,nasledek,ozn_osoba,zavineni,viditelnost,situovani,osoba,stav_ridic,doba,smrt_po,lz,target_fid_1,join_count_1,objectid,join_count,target_fid,den,vek,smrt_dny,rok_nar,p48a,p59d,rok,tz,smrt,lehce_zran_os,tezce_zran_os,usmrceno_os,id_vozidla,hodina,ovlivneni_ridice,cas,mesic,e,d,id_nehody,datum,hmotna_skoda_1,skoda_vozidlo,globalid
-600031.864,-1153188.675,740,Brno-Ivanovice,ne,nepřiměřená rychlost jízdy,srážka s pevnou překážkou,nehoda s následky na životě nebo zdraví,"nepřizpůsobení rychlosti stavu vozovky (náledí, výtluky, bláto, mokrý povrch apod.)","povrch suchý, neznečistěný",neztížené,dobré,žádné nebo žádné z uvedených,uzel (křižovatka sledovaná ve vybraných městech),,,jízdní kolo,Brno-Ivanovice,muž,Ne,středa,červenec,Ivanovice,,,,,,,,lehké zranění,"bez přilby (pouze u motocyklistů, příp. cyklistů)",řidičem nemotorového vozidla,"v noci - s veřejným osvětlením, viditelnost nezhoršená vlivem povětrnostních podmínek",na jízdním pruhu,řidič,dobrý -žádné nepříznivé okolnosti nebyly zjiště,noc,,1,71110,1,71110,1,71110,3,68,1,1945,1,45,2013,0,0,1,0,0,1,23,1,2300,7,-1153188.675,-600031.864,60206131480,2013/07/31 00:00:00+00,0,0,9dfddbe9-bc02-49bd-a111-6c288a02017f
-598836.252999999,-1157218.763,741,Brno-Královo Pole,ne,nedání přenosti v jízdě,jiný druh nehody,nehoda s následky na životě nebo zdraví,při odbočování vlevo,"povrch suchý, neznečistěný",neztížené,dobré,v blízkosti přechodu pro chodce (do vzdálenosti 20 m),uzel (křižovatka sledovaná ve vybraných městech),,,jízdní kolo,Brno-Královo Pole,muž,Ne,pátek,srpen,Královo Pole,,,,,,,,těžké zranění,"bez přilby (pouze u motocyklistů, příp. cyklistů)",řidičem motorového vozidla,"ve dne, viditelnost nezhoršená vlivem povětrnostních podmínek",na jízdním pruhu,řidič,dobrý -žádné nepříznivé okolnosti nebyly zjiště,den,,0,71111,1,71111,1,71111,5,45,1,1968,1,68,2013,1,0,0,1,0,2,6,1,630,8,-1157218.763,-598836.253,60206131489,2013/08/02 00:00:00+00,0,0,62bc170d-1636-4bed-8a53-e2c0a56ea224
-599268.883000001,-1158035.669,742,Brno-Královo Pole,ne,nesprávný způsob jízdy,jiný druh nehody,nehoda s následky na životě nebo zdraví,řidič se plně nevěnoval řízení vozidla,"povrch suchý, neznečistěný",neztížené,dobré,žádné nebo žádné z uvedených,komunikace sledovaná (ve vybraných městech),,,jízdní kolo,Brno-Královo Pole,muž,Ne,neděle,srpen,Královo Pole,,,,,,,,lehké zranění,"bez přilby (pouze u motocyklistů, příp. cyklistů)",řidičem nemotorového vozidla,"ve dne, viditelnost nezhoršená vlivem povětrnostních podmínek",na jízdním pruhu,řidič,dobrý -žádné nepříznivé okolnosti nebyly zjiště,den,,1,71112,1,71112,1,71112,7,73,1,1940,1,40,2013,0,0,1,0,0,1,18,1,1815,8,-1158035.669,-599268.883,60206131504,2013/08/04 00:00:00+00,3000,3000,de4fed9a-c883-4569-a7a7-97a146cfc99e
-595366.515999999,-1160980.639,743,Brno-Židenice,ne,nedání přenosti v jízdě,srážka s jedoucím nekolejovým vozidlem,nehoda s následky na životě nebo zdraví,při odbočování vlevo,"povrch suchý, neznečistěný",neztížené,dobré,přechod pro chodce,uzel (křižovatka sledovaná ve vybraných městech),,,jízdní kolo,Brno-Židenice,žena,Ne,úterý,srpen,Židenice,,,,,,,,lehké zranění,"s přilbou (pouze u motocyklistů, příp. cyklistů)",řidičem motorového vozidla,"ve dne, viditelnost nezhoršená vlivem povětrnostních podmínek",na jízdním pruhu,řidič,dobrý -žádné nepříznivé okolnosti nebyly zjiště,den,,1,71113,1,71113,1,71113,2,19,1,1994,1,94,2013,0,0,1,0,0,2,6,1,645,8,-1160980.639,-595366.516,60206131516,2013/08/06 00:00:00+00,23000,2000,86467d96-3c0d-4a79-8e2d-fced91cfc8e2
-595514.673999999,-1167036.372,744,Brno-Chrlice,ano,nesprávný způsob jízdy,havárie,nehoda s následky na životě nebo zdraví,řidič se plně nevěnoval řízení vozidla,"povrch suchý, neznečistěný",neztížené,dobré,žádné nebo žádné z uvedených,komunikace místní,,,jízdní kolo,Brno-Chrlice,muž,"Ano, obsah alkoholu v krvi 1,5‰ a více",středa,srpen,Chrlice,,,,,,,,lehké zranění,"bez přilby (pouze u motocyklistů, příp. cyklistů)",řidičem nemotorového vozidla,"ve dne, viditelnost nezhoršená vlivem povětrnostních podmínek",na jízdním pruhu,řidič,pod vlivem alkoholu obsah alkoholu v krvi 1 ‰ a víc,den,,1,71114,1,71114,1,71114,3,57,1,1956,1,56,2013,0,0,1,0,0,1,12,0,1200,8,-1167036.372,-595514.674,60206131521,2013/08/07 00:00:00+00,2000,2000,a5bd33a6-4f2c-45ad-812d-ac179b00cd82
-597413.653000001,-1163686.89,745,Brno-jih,nezjišťováno,nesprávný způsob jízdy,jiný druh nehody,nehoda s následky na životě nebo zdraví,řidič se plně nevěnoval řízení vozidla,"povrch suchý, neznečistěný",neztížené,dobré,žádné nebo žádné z uvedených,komunikace místní,,,jízdní kolo,Brno-jih,muž,Nezjišťován,čtvrtek,červenec,Komárov,,,,,,,,lehké zranění,"s přilbou (pouze u motocyklistů, příp. cyklistů)",řidičem nemotorového vozidla,"ve dne, viditelnost nezhoršená vlivem povětrnostních podmínek",na jízdním pruhu,řidič,dobrý -žádné nepříznivé okolnosti nebyly zjiště,den,,1,71115,1,71115,1,71115,4,35,1,1978,1,78,2013,0,0,1,0,0,2,13,1,1300,7,-1163686.89,-597413.653,60206131525,2013/07/25 00:00:00+00,5000,0,140aba9f-5c7e-474a-af08-56a524009488
-597413.653000001,-1163686.89,746,Brno-jih,nezjišťováno,nesprávný způsob jízdy,jiný druh nehody,nehoda s následky na životě nebo zdraví,řidič se plně nevěnoval řízení vozidla,"povrch suchý, neznečistěný",neztížené,dobré,žádné nebo žádné z uvedených,komunikace místní,,,jízdní kolo,Brno-jih,muž,Nezjišťován,čtvrtek,červenec,Komárov,,,,,,,,bez zraněn,"s přilbou (pouze u motocyklistů, příp. cyklistů)",řidičem nemotorového vozidla,"ve dne, viditelnost nezhoršená vlivem povětrnostních podmínek",na jízdním pruhu,řidič,dobrý -žádné nepříznivé okolnosti nebyly zjiště,den,,0,71116,1,71116,1,71116,4,21,1,1992,1,92,2013,0,0,1,0,0,1,13,1,1300,7,-1163686.89,-597413.653,60206131525,2013/07/25 00:00:00+00,5000,0,a9627659-ae0a-4cdc-a60f-992ba6f66965
-604495.396000002,-1156424.651,747,Brno-Bystrc,ne,nepřiměřená rychlost jízdy,srážka s chodcem,nehoda s následky na životě nebo zdraví,nepřizpůsobení rychlosti intenzitě (hustotě) provozu,"povrch suchý, neznečistěný",neztížené,dobré,žádné nebo žádné z uvedených,komunikace místní,,,jízdní kolo,Brno-Bystrc,muž,Ne,čtvrtek,srpen,Bystrc,,,,,,,,lehké zranění,"bez přilby (pouze u motocyklistů, příp. cyklistů)",řidičem nemotorového vozidla,"ve dne, viditelnost nezhoršená vlivem povětrnostních podmínek",na stezce pro cyklisty,řidič,dobrý -žádné nepříznivé okolnosti nebyly zjiště,den,,1,71117,1,71117,1,71117,4,48,1,1965,1,65,2013,0,0,1,0,0,1,16,1,1610,8,-1156424.651,-604495.396,60206131527,2013/08/08 00:00:00+00,500,500,017229d0-5959-42d9-bcda-1da65aec5713
-596424.460999999,-1159453.685,748,Brno-sever,ne,nesprávný způsob jízdy,srážka s jedoucím nekolejovým vozidlem,nehoda s následky na životě nebo zdraví,řidič se plně nevěnoval řízení vozidla,"povrch suchý, neznečistěný",neztížené,dobré,žádné nebo žádné z uvedených,komunikace sledovaná (ve vybraných městech),,,jízdní kolo,Brno-sever,žena,Ne,pátek,srpen,Husovice,,,,,,,,lehké zranění,"bez přilby (pouze u motocyklistů, příp. cyklistů)",řidičem motorového vozidla,"ve dne, viditelnost nezhoršená vlivem povětrnostních podmínek",na jízdním pruhu,řidič,dobrý -žádné nepříznivé okolnosti nebyly zjiště,den,,1,71118,1,71118,1,71118,5,33,1,1980,1,80,2013,0,0,1,0,0,2,8,1,845,8,-1159453.685,-596424.461,60206131535,2013/08/09 00:00:00+00,9000,1000,c43e77ba-ec15-4e5d-afcf-2b1a9a000363
-598968.258000001,-1158076.966,749,Brno-Královo Pole,nezjišťováno,nesprávný způsob jízdy,srážka s jedoucím nekolejovým vozidlem,nehoda s následky na životě nebo zdraví,"bezohledná, agresivní, neohleduplná jízda","povrch suchý, neznečistěný",neztížené,dobré,žádné nebo žádné z uvedených,komunikace sledovaná (ve vybraných městech),,,jízdní kolo,Brno-Královo Pole,muž,Nezjišťován,středa,srpen,Královo Pole,,,,,,,,lehké zranění,"s přilbou (pouze u motocyklistů, příp. cyklistů)",řidičem nemotorového vozidla,"ve dne, viditelnost nezhoršená vlivem povětrnostních podmínek",na stezce pro cyklisty,řidič,dobrý -žádné nepříznivé okolnosti nebyly zjiště,den,,1,71121,1,71121,1,71121,3,40,1,1973,1,73,2013,0,0,1,0,0,2,17,1,1750,8,-1158076.966,-598968.258,60206131582,2013/08/14 00:00:00+00,1000,1000,090b4ea9-bf62-4588-a84d-32a5b3deee8d
-598187.697000001,-1152662.184,750,Brno-Jehnice,nezjišťováno,nesprávný způsob jízdy,havárie,nehoda s následky na životě nebo zdraví,řidič se plně nevěnoval řízení vozidla,"povrch suchý, neznečistěný",neztížené,dobré,žádné nebo žádné z uvedených,komunikace sledovaná (ve vybraných městech),,,jízdní kolo,Brno-Jehnice,žena,Nezjišťován,čtvrtek,srpen,Jehnice,,,,,,,,lehké zranění,"s přilbou (pouze u motocyklistů, příp. cyklistů)",řidičem nemotorového vozidla,"ve dne, viditelnost nezhoršená vlivem povětrnostních podmínek",na jízdním pruhu,řidič,dobrý -žádné nepříznivé okolnosti nebyly zjiště,den,,1,71122,1,71122,1,71122,4,60,1,1953,1,53,2013,0,0,1,0,0,1,19,1,1955,8,-1152662.184,-598187.697,60206131591,2013/08/15 00:00:00+00,2000,1000,05d6f232-14b1-48c0-8024-36c69c53af2f
-602059.581999999,-1157676.21,751,Brno-Komín,nezjišťováno,nepřiměřená rychlost jízdy,srážka s jedoucím nekolejovým vozidlem,nehoda s následky na životě nebo zdraví,jiný druh nepřiměřené rychlosti,"povrch suchý, neznečistěný",neztížené,dobré,žádné nebo žádné z uvedených,komunikace sledovaná (ve vybraných městech),,,jízdní kolo,Brno-Komín,,Nezjišťován,sobota,srpen,Komín,,,,,,,,,,řidičem nemotorového vozidla,"v noci - s veřejným osvětlením, viditelnost nezhoršená vlivem povětrnostních podmínek",na stezce pro cyklisty,,,noc,,0,71126,1,71126,1,71126,6,,,,1,,2013,0,0,0,1,0,1,22,,2210,8,-1157676.21,-602059.582,60206131614,2013/08/17 00:00:00+00,6000,5000,a94767e1-d2c7-4818-8a70-a41b2eadd69b
-602059.581999999,-1157676.21,752,Brno-Komín,nezjišťováno,nepřiměřená rychlost jízdy,srážka s jedoucím nekolejovým vozidlem,nehoda s následky na životě nebo zdraví,jiný druh nepřiměřené rychlosti,"povrch suchý, neznečistěný",neztížené,dobré,žádné nebo žádné z uvedených,komunikace sledovaná (ve vybraných městech),,,jízdní kolo,Brno-Komín,žena,Nezjišťován,sobota,srpen,Komín,,,,,,,,těžké zranění,"s přilbou (pouze u motocyklistů, příp. cyklistů)",řidičem nemotorového vozidla,"v noci - s veřejným osvětlením, viditelnost nezhoršená vlivem povětrnostních podmínek",na stezce pro cyklisty,řidič,dobrý -žádné nepříznivé okolnosti nebyly zjiště,noc,,0,71127,1,71127,1,71127,6,57,1,1956,1,56,2013,1,0,0,1,0,2,22,1,2210,8,-1157676.21,-602059.582,60206131614,2013/08/17 00:00:00+00,6000,5000,92949769-5eef-4434-b1bf-c6d484bf8702
-605096.210999999,-1157301.768,753,Brno-Bystrc,ne,nedání přenosti v jízdě,srážka s jedoucím nekolejovým vozidlem,nehoda s následky na životě nebo zdraví,při odbočování vlevo,"povrch suchý, neznečistěný",neztížené,dobré,žádné nebo žádné z uvedených,uzel (křižovatka sledovaná ve vybraných městech),,,jízdní kolo,Brno-Bystrc,muž,Ne,neděle,srpen,Bystrc,,,,,,,,lehké zranění,"s přilbou (pouze u motocyklistů, příp. cyklistů)",řidičem motorového vozidla,"ve dne, viditelnost nezhoršená vlivem povětrnostních podmínek",na jízdním pruhu,řidič,dobrý -žádné nepříznivé okolnosti nebyly zjiště,den,,1,71128,1,71128,1,71128,7,41,1,1972,1,72,2013,0,0,1,0,0,2,17,1,1755,8,-1157301.768,-605096.211,60206131616,2013/08/18 00:00:00+00,55000,20000,f46fee74-adfc-41b3-9ef1-57d81df887c8
-595830.943999998,-1155350.452,754,Brno-Maloměřice a Obřany,nezjišťováno,nesprávný způsob jízdy,srážka s jedoucím nekolejovým vozidlem,nehoda s následky na životě nebo zdraví,"jízda po nesprávné straně vozovky, vjetí do protisměru","povrch suchý, neznečistěný",neztížené,dobré,žádné nebo žádné z uvedených,komunikace místní,,,jízdní kolo,Brno-Maloměřice a Obřany,muž,Nezjišťován,neděle,srpen,Obřany,,,,,,,,lehké zranění,"s přilbou (pouze u motocyklistů, příp. cyklistů)",řidičem motorového vozidla,"ve dne, viditelnost nezhoršená vlivem povětrnostních podmínek",na jízdním pruhu,řidič,dobrý -žádné nepříznivé okolnosti nebyly zjiště,den,,1,71129,1,71129,1,71129,7,46,1,1967,1,67,2013,0,0,1,0,0,2,17,1,1715,8,-1155350.452,-595830.944,60206131621,2013/08/18 00:00:00+00,26000,5000,75e79452-5ebf-4d00-91c2-6dfc02f1932f
-603330.096000001,-1156356.589,755,Brno-Bystrc,nezjišťováno,nesprávný způsob jízdy,havárie,nehoda s následky na životě nebo zdraví,řidič se plně nevěnoval řízení vozidla,"povrch suchý, neznečistěný",neztížené,dobré,žádné nebo žádné z uvedených,komunikace místní,,,jízdní kolo,Brno-Bystrc,chlapec (do 15 let),Nezjišťován,pondělí,srpen,Bystrc,,,,,,,,lehké zranění,"bez přilby (pouze u motocyklistů, příp. cyklistů)",řidičem nemotorového vozidla,"ve dne, viditelnost nezhoršená vlivem povětrnostních podmínek",na jízdním pruhu,řidič,dobrý -žádné nepříznivé okolnosti nebyly zjiště,den,,1,71130,1,71130,1,71130,1,13,1,2000,1,0,2013,0,0,1,0,0,1,13,1,1345,8,-1156356.589,-603330.096,60206131623,2013/08/19 00:00:00+00,1000,1000,070904fa-37bf-40e1-921d-5496887d74eb
-596990.945,-1161310.289,756,Brno-střed,ne,nezaviněno řidičem,srážka s chodcem,nehoda s následky na životě nebo zdraví,nezaviněná řidičem,"povrch suchý, neznečistěný",neztížené,dobré,"zastávka autobusu, trolejbusu, tramvaje s nástup. ostrůvkem",komunikace sledovaná (ve vybraných městech),,,jízdní kolo,Brno-střed,muž,Ne,úterý,srpen,Trnitá,,,,,,,,bez zraněn,"s přilbou (pouze u motocyklistů, příp. cyklistů)",chodcem,"ve dne, viditelnost nezhoršená vlivem povětrnostních podmínek",na jízdním pruhu,řidič,dobrý -žádné nepříznivé okolnosti nebyly zjiště,den,,0,71131,1,71131,1,71131,2,26,1,1987,1,87,2013,0,0,1,0,0,1,16,1,1613,8,-1161310.289,-596990.945,60206131633,2013/08/20 00:00:00+00,0,0,69d11279-7851-4394-8ca6-0db325705181
-600029.84,-1153184.61,757,Brno-Ivanovice,ne,nedání přenosti v jízdě,srážka s jedoucím nekolejovým vozidlem,nehoda s následky na životě nebo zdraví,proti příkazu dopravní značky DEJ PŘEDNOST,"povrch suchý, neznečistěný",neztížené,dobré,v blízkosti přechodu pro chodce (do vzdálenosti 20 m),uzel (křižovatka sledovaná ve vybraných městech),,,jízdní kolo,Brno-Ivanovice,muž,Ne,úterý,srpen,Ivanovice,,,,,,,,lehké zranění,"s přilbou (pouze u motocyklistů, příp. cyklistů)",řidičem motorového vozidla,"ve dne, viditelnost nezhoršená vlivem povětrnostních podmínek",na jízdním pruhu,řidič,dobrý -žádné nepříznivé okolnosti nebyly zjiště,den,,1,71132,1,71132,1,71132,2,30,1,1983,1,83,2013,0,0,1,0,0,2,18,1,1810,8,-1153184.61,-600029.84,60206131634,2013/08/20 00:00:00+00,15000,10000,3e8c244d-9fd8-4343-a137-e57e68338bba
-601286.973999999,-1160652.118,758,Brno-střed,ne,nesprávný způsob jízdy,srážka s jedoucím nekolejovým vozidlem,nehoda pouze s hmotnou škodou,řidič se plně nevěnoval řízení vozidla,"povrch suchý, neznečistěný",neztížené,dobré,žádné nebo žádné z uvedených,komunikace sledovaná (ve vybraných městech),,,jízdní kolo,Brno-střed,,Ne,středa,srpen,Pisárky,,,,,,,,,,řidičem nemotorového vozidla,"ve dne, viditelnost nezhoršená vlivem povětrnostních podmínek",žádné z uvedenýc,,,den,,0,71133,1,71133,1,71133,3,,,,0,,2013,0,0,0,0,0,1,18,,1815,8,-1160652.118,-601286.974,60206131644,2013/08/21 00:00:00+00,40000,40000,a2448208-1776-4e50-adf8-280eb42a69f2
-598234.223999999,-1158408.663,759,Brno-Královo Pole,ne,nedání přenosti v jízdě,srážka s jedoucím nekolejovým vozidlem,nehoda s následky na životě nebo zdraví,vozidlu přijíždějícímu zprava,povrch mokrý,"na počátku deště, slabý déšť, mrholení apod.",dobré,žádné nebo žádné z uvedených,komunikace místní,,,jízdní kolo,Brno-Královo Pole,žena,Ne,úterý,srpen,Ponava,,,,,,,,lehké zranění,"bez přilby (pouze u motocyklistů, příp. cyklistů)",řidičem nemotorového vozidla,"ve dne, zhoršená viditelnost vlivem povětrnostních podmínek (mlha, sněžení, déšť apod.)",na jízdním pruhu,řidič,dobrý -žádné nepříznivé okolnosti nebyly zjiště,den,,1,71134,1,71134,1,71134,2,34,1,1979,1,79,2013,0,0,1,0,0,1,15,1,1550,8,-1158408.663,-598234.224,60206131680,2013/08/27 00:00:00+00,2000,2000,70025adf-0820-457e-992d-c45a928c848c
-598137.203000002,-1159798.074,760,Brno-střed,ne,nesprávný způsob jízdy,srážka s jedoucím nekolejovým vozidlem,nehoda s následky na životě nebo zdraví,řidič se plně nevěnoval řízení vozidla,"povrch suchý, neznečistěný",neztížené,dobré,parkoviště přiléhající ke komunikaci,komunikace sledovaná (ve vybraných městech),,,jízdní kolo,Brno-střed,muž,Ne,čtvrtek,srpen,Veveří,,,,,,,,lehké zranění,"s přilbou (pouze u motocyklistů, příp. cyklistů)",řidičem motorového vozidla,"ve dne, viditelnost nezhoršená vlivem povětrnostních podmínek",na jízdním pruhu,řidič,dobrý -žádné nepříznivé okolnosti nebyly zjiště,den,,1,71135,1,71135,1,71135,4,35,1,1978,1,78,2013,0,0,1,0,0,2,8,1,800,8,-1159798.074,-598137.203,60206131690,2013/08/29 00:00:00+00,6000,1000,45f4b6f8-7d1b-43b6-9185-0b615f312e3d
-599998.280000001,-1156460.426,761,Brno-Medlánky,ano,nepřiměřená rychlost jízdy,havárie,nehoda s následky na životě nebo zdraví,"nepřizpůsobení rychlosti dopravně technickému stavu vozovky (zatáčka, klesání, stoupání, šířka vozovky apod.)","povrch suchý, neznečistěný",neztížené,dobré,žádné nebo žádné z uvedených,komunikace místní,,,jízdní kolo,Brno-Medlánky,muž,"Ano, obsah alkoholu v krvi 1,5‰ a více",úterý,září,Medlánky,,,,,,,,těžké zranění,"bez přilby (pouze u motocyklistů, příp. cyklistů)",řidičem nemotorového vozidla,"v noci - s veřejným osvětlením, viditelnost nezhoršená vlivem povětrnostních podmínek",na jízdním pruhu,řidič,pod vlivem alkoholu obsah alkoholu v krvi 1 ‰ a víc,noc,,0,71136,1,71136,1,71136,2,29,1,1984,1,84,2013,1,0,0,1,0,1,3,1,325,9,-1156460.426,-599998.28,60206131714,2013/09/03 00:00:00+00,5000,5000,febb4ffa-03b3-4bc5-b71b-858cad46a65d
-599269.554000001,-1155842.693,762,Brno-Řečkovice a Mokrá Hora,ne,nesprávný způsob jízdy,jiný druh nehody,nehoda s následky na životě nebo zdraví,řidič se plně nevěnoval řízení vozidla,"povrch suchý, neznečistěný",neztížené,dobré,přechod pro chodce,komunikace sledovaná (ve vybraných městech),,,jízdní kolo,Brno-Řečkovice a Mokrá Hora,muž,Ne,úterý,září,Řečkovice,,,,,,,,lehké zranění,"bez přilby (pouze u motocyklistů, příp. cyklistů)",řidičem nemotorového vozidla,"ve dne, viditelnost nezhoršená vlivem povětrnostních podmínek",na jízdním pruhu,řidič,dobrý -žádné nepříznivé okolnosti nebyly zjiště,den,,1,71137,1,71137,1,71137,2,34,1,1979,1,79,2013,0,0,1,0,0,1,9,1,940,9,-1155842.693,-599269.554,60206131715,2013/09/03 00:00:00+00,25000,5000,223b4159-4996-4b0f-8b7e-a2db3d83be20
-597836.173,-1157549.025,763,Brno-Královo Pole,ne,nesprávný způsob jízdy,havárie,nehoda s následky na životě nebo zdraví,řidič se plně nevěnoval řízení vozidla,"povrch suchý, neznečistěný",neztížené,dobré,žádné nebo žádné z uvedených,komunikace sledovaná (ve vybraných městech),,,jízdní kolo,Brno-Královo Pole,muž,Ne,čtvrtek,září,Královo Pole,,,,,,,,lehké zranění,"s přilbou (pouze u motocyklistů, příp. cyklistů)",řidičem nemotorového vozidla,"ve dne, viditelnost nezhoršená vlivem povětrnostních podmínek",na jízdním pruhu,řidič,dobrý -žádné nepříznivé okolnosti nebyly zjiště,den,,1,71138,1,71138,1,71138,4,66,1,1947,1,47,2013,0,0,1,0,0,1,15,1,1500,9,-1157549.025,-597836.173,60206131734,2013/09/05 00:00:00+00,2000,1000,c0d3c33c-5437-49d3-bfa0-dc3ae6c034d8
-594737.638999999,-1160990.442,764,Brno-Židenice,ne,nedání přenosti v jízdě,srážka s jedoucím nekolejovým vozidlem,nehoda s následky na životě nebo zdraví,při odbočování vlevo,"povrch suchý, neznečistěný",neztížené,dobré,přechod pro chodce,komunikace sledovaná (ve vybraných městech),,,jízdní kolo,Brno-Židenice,muž,Ne,středa,září,Židenice,,,,,,,,lehké zranění,"bez přilby (pouze u motocyklistů, příp. cyklistů)",řidičem motorového vozidla,"ve dne, viditelnost nezhoršená vlivem povětrnostních podmínek",na jízdním pruhu,řidič,dobrý -žádné nepříznivé okolnosti nebyly zjiště,den,,1,71139,1,71139,1,71139,3,29,1,1984,1,84,2013,0,0,1,0,0,2,15,1,1555,9,-1160990.442,-594737.639,60206131782,2013/09/11 00:00:00+00,52000,2000,9b3c27b5-9661-4da1-a398-b41c53a8f751
-599976.822999999,-1158658.067,765,Brno-Žabovřesky,ne,nedání přenosti v jízdě,srážka s jedoucím nekolejovým vozidlem,nehoda s následky na životě nebo zdraví,při otáčení nebo couvání,"povrch suchý, neznečistěný",neztížené,dobré,žádné nebo žádné z uvedených,komunikace sledovaná (ve vybraných městech),,,jízdní kolo,Brno-Žabovřesky,žena,Ne,čtvrtek,září,Žabovřesky,,,,,,,,lehké zranění,"s přilbou (pouze u motocyklistů, příp. cyklistů)",řidičem motorového vozidla,"ve dne, viditelnost nezhoršená vlivem povětrnostních podmínek",na jízdním pruhu,řidič,dobrý -žádné nepříznivé okolnosti nebyly zjiště,den,,1,71140,1,71140,1,71140,4,23,1,1990,1,90,2013,0,0,1,0,0,2,7,1,735,9,-1158658.067,-599976.823,60206131787,2013/09/12 00:00:00+00,21000,1000,ef100603-3287-4b49-ab7e-94d04f01236d
-600178.774999999,-1162987.806,766,Brno-Bohunice,ne,nedání přenosti v jízdě,srážka s jedoucím nekolejovým vozidlem,nehoda s následky na životě nebo zdraví,při odbočování vlevo,"povrch suchý, neznečistěný",neztížené,dobré,přechod pro chodce,uzel (křižovatka sledovaná ve vybraných městech),,,jízdní kolo,Brno-Bohunice,muž,Ne,čtvrtek,září,Bohunice,,,,,,,,lehké zranění,"s přilbou (pouze u motocyklistů, příp. cyklistů)",řidičem motorového vozidla,"ve dne, viditelnost nezhoršená vlivem povětrnostních podmínek",na jízdním pruhu,řidič,dobrý -žádné nepříznivé okolnosti nebyly zjiště,den,,1,71142,1,71142,1,71142,4,66,1,1947,1,47,2013,0,0,1,0,0,2,18,1,1800,9,-1162987.806,-600178.775,60206131860,2013/09/19 00:00:00+00,48000,30000,a4585bdc-c624-41cd-86e4-817880dff4a3
-596272.686999999,-1161515.695,767,Brno-Černovice,ne,nesprávný způsob jízdy,havárie,nehoda s následky na životě nebo zdraví,řidič se plně nevěnoval řízení vozidla,"povrch suchý, neznečistěný",neztížené,dobré,žádné nebo žádné z uvedených,komunikace sledovaná (ve vybraných městech),,,jízdní kolo,Brno-Černovice,muž,Ne,čtvrtek,září,Černovice,,,,,,,,lehké zranění,"bez přilby (pouze u motocyklistů, příp. cyklistů)",řidičem nemotorového vozidla,"ve dne, viditelnost nezhoršená vlivem povětrnostních podmínek",na jízdním pruhu,řidič,pod vlivem alkoholu obsah alkoholu v krvi 1 ‰ a víc,den,,1,71143,1,71143,1,71143,4,44,1,1969,1,69,2013,0,0,1,0,0,1,20,1,2030,9,-1161515.695,-596272.687,60206131861,2013/09/19 00:00:00+00,1000,1000,cdf325d7-1000-412f-839b-8df17319e2cb
-604238.932999998,-1157191.152,768,Brno-Bystrc,ne,nesprávný způsob jízdy,srážka s pevnou překážkou,nehoda s následky na životě nebo zdraví,řidič se plně nevěnoval řízení vozidla,"povrch suchý, neznečistěný",neztížené,dobré,v blízkosti přechodu pro chodce (do vzdálenosti 20 m),komunikace sledovaná (ve vybraných městech),,,jízdní kolo,Brno-Bystrc,muž,Ne,pondělí,září,Bystrc,,,,,,,,lehké zranění,"bez přilby (pouze u motocyklistů, příp. cyklistů)",řidičem motorového vozidla,"ve dne, zhoršená viditelnost (svítání, soumrak)",na jízdním pruhu,řidič,dobrý -žádné nepříznivé okolnosti nebyly zjiště,noc,,1,71144,1,71144,1,71144,1,49,1,1964,1,64,2013,0,0,1,0,0,2,5,1,545,9,-1157191.152,-604238.933,60206131880,2013/09/23 00:00:00+00,21000,20000,551a6cec-f166-483c-81f5-a71328976e39
-600030.868999999,-1153186.217,769,Brno-Ivanovice,ne,nedání přenosti v jízdě,srážka s jedoucím nekolejovým vozidlem,nehoda s následky na životě nebo zdraví,proti příkazu dopravní značky DEJ PŘEDNOST,"povrch suchý, neznečistěný",neztížené,dobré,žádné nebo žádné z uvedených,uzel (křižovatka sledovaná ve vybraných městech),,,jízdní kolo,Brno-Ivanovice,muž,Ne,úterý,říjen,Ivanovice,,,,,,,,těžké zranění,"bez přilby (pouze u motocyklistů, příp. cyklistů)",řidičem motorového vozidla,"ve dne, viditelnost nezhoršená vlivem povětrnostních podmínek",žádné z uvedenýc,řidič,dobrý -žádné nepříznivé okolnosti nebyly zjiště,den,,0,71145,1,71145,1,71145,2,35,1,1978,1,78,2013,1,0,0,1,0,2,9,1,953,10,-1153186.217,-600030.869,60206131937,2013/10/01 00:00:00+00,45000,30000,a66aff6e-d151-4859-87f6-d6ffc974c8c2