X,Y,objectid_1,zuj,alkohol_vinik,hlavni_pricina,srazka,nasledky,pricina,stav_vozovky,povetrnostni_podm,rozhled,misto_nehody,druh_komun,pneumatiky,druh_pohonu,druh_vozidla,mestska_cast,pohlavi,alkohol,den_v_tydnu,mesic_t,katastr,chovani_chodce,stav_chodce,drogy_chodec,alkohol_chodec,osobni_prepravnik,reflexni_prvky,kategorie_chodce,nasledek,ozn_osoba,zavineni,viditelnost,situovani,osoba,stav_ridic,doba,smrt_po,lz,target_fid_1,join_count_1,objectid,join_count,target_fid,den,vek,smrt_dny,rok_nar,p48a,p59d,rok,tz,smrt,lehce_zran_os,tezce_zran_os,usmrceno_os,id_vozidla,hodina,ovlivneni_ridice,cas,mesic,e,d,id_nehody,datum,hmotna_skoda_1,skoda_vozidlo,globalid
-595077.114999998,-1161047.979,770,Brno-Židenice,ano,nedání přenosti v jízdě,srážka s jedoucím nekolejovým vozidlem,nehoda s následky na životě nebo zdraví,proti příkazu dopravní značky DEJ PŘEDNOST,povrch mokrý,déšť,dobré,v blízkosti přechodu pro chodce (do vzdálenosti 20 m),uzel (křižovatka sledovaná ve vybraných městech),,,jízdní kolo,Brno-Židenice,muž,"Ano, obsah alkoholu v krvi od 0,5‰ do 0,8‰",středa,říjen,Židenice,,,,,,,,lehké zranění,"s přilbou (pouze u motocyklistů, příp. cyklistů)",řidičem motorového vozidla,"v noci - s veřejným osvětlením, zhoršená viditelnost vlivem povětrnostních podmínek (mlha, déšť, sněžení apod.)",na jízdním pruhu,řidič,dobrý -žádné nepříznivé okolnosti nebyly zjiště,noc,,1,71148,1,71148,1,71148,3,39,1,1974,1,74,2013,0,0,1,0,0,2,1,1,1,10,-1161047.979,-595077.115,60206132072,2013/10/16 00:00:00+00,11000,1000,b4cf935e-a18d-4f5e-8724-88798de0ded0
-603359.811999999,-1160172.539,771,Brno-Kohoutovice,ne,nedání přenosti v jízdě,srážka s jedoucím nekolejovým vozidlem,nehoda s následky na životě nebo zdraví,při vjíždění na silnici,povrch mokrý,neztížené,dobré,žádné nebo žádné z uvedených,komunikace sledovaná (ve vybraných městech),,,jízdní kolo,Brno-Kohoutovice,muž,Ne,středa,říjen,Kohoutovice,,,,,,,,lehké zranění,"bez přilby (pouze u motocyklistů, příp. cyklistů)",řidičem motorového vozidla,"ve dne, viditelnost nezhoršená vlivem povětrnostních podmínek",na jízdním pruhu,řidič,dobrý -žádné nepříznivé okolnosti nebyly zjiště,den,,1,71149,1,71149,1,71149,3,39,1,1974,1,74,2013,0,0,1,0,0,2,6,1,645,10,-1160172.539,-603359.812,60206132075,2013/10/16 00:00:00+00,5000,1000,fb0945e8-c694-4126-9aa2-dd9581649299
-596897.239999998,-1157875.066,772,Brno-Královo Pole,ne,nedání přenosti v jízdě,srážka s jedoucím nekolejovým vozidlem,nehoda s následky na životě nebo zdraví,proti příkazu dopravní značky DEJ PŘEDNOST,"povrch suchý, neznečistěný",neztížené,dobré,v blízkosti přechodu pro chodce (do vzdálenosti 20 m),komunikace sledovaná (ve vybraných městech),,,jízdní kolo,Brno-Královo Pole,muž,Ne,čtvrtek,říjen,Černá Pole,,,,,,,,lehké zranění,"s přilbou (pouze u motocyklistů, příp. cyklistů)",řidičem motorového vozidla,"v noci - bez veřejného osvětlení, viditelnost nezhoršená vlivem povětrnostních podmínek",na jízdním pruhu,řidič,dobrý -žádné nepříznivé okolnosti nebyly zjiště,noc,,1,71150,1,71150,1,71150,4,35,1,1978,1,78,2013,0,0,1,0,0,2,5,1,550,10,-1157875.066,-596897.24,60206132082,2013/10/17 00:00:00+00,18000,15000,78dbaa39-8b76-447f-8f03-4aa8afb891f4
-601289.285999998,-1160649.933,773,Brno-střed,ne,nedání přenosti v jízdě,srážka s jedoucím nekolejovým vozidlem,nehoda s následky na životě nebo zdraví,jiné nedání přednosti,"povrch suchý, neznečistěný",neztížené,dobré,přechod pro chodce,uzel (křižovatka sledovaná ve vybraných městech),,,jízdní kolo,Brno-střed,muž,Ne,úterý,říjen,Pisárky,,,,,,,,lehké zranění,"bez přilby (pouze u motocyklistů, příp. cyklistů)",řidičem motorového vozidla,"ve dne, viditelnost nezhoršená vlivem povětrnostních podmínek",na jízdním pruhu,řidič,dobrý -žádné nepříznivé okolnosti nebyly zjiště,den,,1,71151,1,71151,1,71151,2,26,1,1987,1,87,2013,0,0,1,0,0,2,12,1,1250,10,-1160649.933,-601289.286,60206132128,2013/10/22 00:00:00+00,22000,1000,18a432c4-22dc-4532-96e8-dc80a7bfe1cf
-598941.971999999,-1159178,774,Brno-střed,ne,nedání přenosti v jízdě,srážka s jedoucím nekolejovým vozidlem,nehoda s následky na životě nebo zdraví,při odbočování vlevo,"povrch suchý, neznečistěný",neztížené,dobré,v blízkosti přechodu pro chodce (do vzdálenosti 20 m),uzel (křižovatka sledovaná ve vybraných městech),,,jízdní kolo,Brno-střed,žena,Ne,středa,říjen,Veveří,,,,,,,,lehké zranění,"s přilbou (pouze u motocyklistů, příp. cyklistů)",řidičem motorového vozidla,"ve dne, zhoršená viditelnost (svítání, soumrak)",na jízdním pruhu,řidič,dobrý -žádné nepříznivé okolnosti nebyly zjiště,den,,1,71152,1,71152,1,71152,3,32,1,1981,1,81,2013,0,0,1,0,0,2,7,1,713,10,-1159178,-598941.972,60206132135,2013/10/23 00:00:00+00,26000,5000,3a8e7d27-106f-4986-96c0-3c236295b903
-601333.317000002,-1157893.543,775,Brno-Komín,ne,nedání přenosti v jízdě,srážka s jedoucím nekolejovým vozidlem,nehoda s následky na životě nebo zdraví,proti příkazu dopravní značky DEJ PŘEDNOST,povrch mokrý,neztížené,dobré,v blízkosti přechodu pro chodce (do vzdálenosti 20 m),uzel (křižovatka sledovaná ve vybraných městech),,,jízdní kolo,Brno-Komín,muž,Ne,čtvrtek,listopad,Komín,,,,,,,,lehké zranění,"s přilbou (pouze u motocyklistů, příp. cyklistů)",řidičem motorového vozidla,"ve dne, viditelnost nezhoršená vlivem povětrnostních podmínek",na jízdním pruhu,řidič,dobrý -žádné nepříznivé okolnosti nebyly zjiště,den,,1,71154,1,71154,1,71154,4,25,1,1988,1,88,2013,0,0,1,0,0,2,9,1,915,11,-1157893.543,-601333.317,60206132244,2013/11/07 00:00:00+00,1000,0,fb549131-4892-486d-af2d-c471f5c7587c
-596700.153999999,-1161081.373,776,Brno-střed,ne,nesprávný způsob jízdy,havárie,nehoda s následky na životě nebo zdraví,řidič se plně nevěnoval řízení vozidla,"povrch suchý, neznečistěný",neztížené,dobré,žádné nebo žádné z uvedených,komunikace místní,,,jízdní kolo,Brno-střed,muž,Ne,čtvrtek,listopad,Trnitá,,,,,,,,těžké zranění,"s přilbou (pouze u motocyklistů, příp. cyklistů)",řidičem nemotorového vozidla,"ve dne, zhoršená viditelnost (svítání, soumrak)",na stezce pro cyklisty,řidič,dobrý -žádné nepříznivé okolnosti nebyly zjiště,den,,0,71155,1,71155,1,71155,4,62,1,1951,1,51,2013,1,0,0,1,0,1,17,1,1735,11,-1161081.373,-596700.154,60206132252,2013/11/07 00:00:00+00,0,0,89352944-63a2-49d9-bfb7-1958c2e5b18f
-601154.261999998,-1160607.656,777,Brno-střed,ne,nesprávný způsob jízdy,srážka s jedoucím nekolejovým vozidlem,nehoda s následky na životě nebo zdraví,řidič se plně nevěnoval řízení vozidla,"povrch suchý, neznečistěný",neztížené,dobré,žádné nebo žádné z uvedených,komunikace sledovaná (ve vybraných městech),,,jízdní kolo,Brno-střed,žena,Ne,neděle,listopad,Pisárky,,,,,,,,lehké zranění,"s přilbou (pouze u motocyklistů, příp. cyklistů)",řidičem motorového vozidla,"ve dne, viditelnost nezhoršená vlivem povětrnostních podmínek",na jízdním pruhu,řidič,dobrý -žádné nepříznivé okolnosti nebyly zjiště,den,,1,71157,1,71157,1,71157,7,49,1,1964,1,64,2013,0,0,1,0,0,2,15,1,1530,11,-1160607.656,-601154.262,60206132332,2013/11/17 00:00:00+00,15000,5000,ad4df2b7-dc14-4057-87a8-c36be58d8750
-599291.609999999,-1155777.444,778,Brno-Řečkovice a Mokrá Hora,ne,nesprávný způsob jízdy,srážka s jedoucím nekolejovým vozidlem,nehoda s následky na životě nebo zdraví,řidič se plně nevěnoval řízení vozidla,"povrch suchý, neznečistěný",neztížené,dobré,přechod pro chodce,uzel (křižovatka sledovaná ve vybraných městech),,,jízdní kolo,Brno-Řečkovice a Mokrá Hora,muž,Ne,pondělí,prosinec,Řečkovice,,,,,,,,lehké zranění,"s přilbou (pouze u motocyklistů, příp. cyklistů)",řidičem nemotorového vozidla,"ve dne, viditelnost nezhoršená vlivem povětrnostních podmínek",na jízdním pruhu,řidič,dobrý -žádné nepříznivé okolnosti nebyly zjiště,den,,1,71158,1,71158,1,71158,1,70,1,1943,1,43,2013,0,0,1,0,0,1,15,1,1500,12,-1155777.444,-599291.61,60206132450,2013/12/02 00:00:00+00,15000,10000,e81d0cf1-b3f8-4889-ab69-2d0a213e8065
-596340.113000002,-1161494.448,779,Brno-Černovice,ne,nedání přenosti v jízdě,srážka s jedoucím nekolejovým vozidlem,nehoda s následky na životě nebo zdraví,proti příkazu dopravní značky DEJ PŘEDNOST,"povrch suchý, neznečistěný",neztížené,dobré,žádné nebo žádné z uvedených,uzel (křižovatka sledovaná ve vybraných městech),,,jízdní kolo,Brno-Černovice,muž,Ne,pátek,prosinec,Černovice,,,,,,,,lehké zranění,"s přilbou (pouze u motocyklistů, příp. cyklistů)",řidičem motorového vozidla,"v noci - s veřejným osvětlením, viditelnost nezhoršená vlivem povětrnostních podmínek",na jízdním pruhu,řidič,dobrý -žádné nepříznivé okolnosti nebyly zjiště,den,,1,71159,1,71159,1,71159,5,56,1,1957,1,57,2013,0,0,1,0,0,2,16,1,1600,12,-1161494.448,-596340.113,60206132481,2013/12/06 00:00:00+00,2000,1000,d987aed4-9358-429c-acb0-d1e68eec7cdc
-597723.149999999,-1159710.561,780,Brno-střed,ne,nedání přenosti v jízdě,srážka s jedoucím nekolejovým vozidlem,nehoda s následky na životě nebo zdraví,proti příkazu dopravní značky DEJ PŘEDNOST,"povrch suchý, neznečistěný",neztížené,dobré,parkoviště přiléhající ke komunikaci,komunikace sledovaná (ve vybraných městech),,,jízdní kolo,Brno-střed,muž,Ne,neděle,prosinec,Černá Pole,,,,,,,,lehké zranění,"s přilbou (pouze u motocyklistů, příp. cyklistů)",řidičem motorového vozidla,"v noci - s veřejným osvětlením, viditelnost nezhoršená vlivem povětrnostních podmínek",na jízdním pruhu,řidič,dobrý -žádné nepříznivé okolnosti nebyly zjiště,den,,1,71161,1,71161,1,71161,7,46,1,1967,1,67,2013,0,0,1,0,0,2,18,1,1840,12,-1159710.561,-597723.15,60206132561,2013/12/15 00:00:00+00,15000,10000,b8e3f0b1-929e-41cd-b052-908fab3ddd6e
-597455.419,-1157634.132,781,Brno-Královo Pole,ne,nedání přenosti v jízdě,srážka s jedoucím nekolejovým vozidlem,nehoda s následky na životě nebo zdraví,při odbočování vlevo,povrch mokrý,déšť,dobré,žádné nebo žádné z uvedených,komunikace sledovaná (ve vybraných městech),,,jízdní kolo,Brno-Královo Pole,žena,Ne,pondělí,leden,Královo Pole,,,,,,,,těžké zranění,"s přilbou (pouze u motocyklistů, příp. cyklistů)",řidičem motorového vozidla,"ve dne, viditelnost nezhoršená vlivem povětrnostních podmínek",na jízdním pruhu,řidič,dobrý -žádné nepříznivé okolnosti nebyly zjiště,den,,0,71163,1,71163,1,71163,1,44,1,1970,1,70,2014,1,0,0,1,0,2,7,1,700,1,-1157634.132,-597455.419,60206140102,2014/01/20 00:00:00+00,10000,5000,664d918d-bb20-44f9-974b-dae776683a69
-598967.997000001,-1159159.117,782,Brno-střed,ne,nedání přenosti v jízdě,srážka s jedoucím nekolejovým vozidlem,nehoda s následky na životě nebo zdraví,při odbočování vlevo,"povrch suchý, neznečistěný",neztížené,dobré,v blízkosti přechodu pro chodce (do vzdálenosti 20 m),uzel (křižovatka sledovaná ve vybraných městech),,,jízdní kolo,Brno-střed,muž,Ne,pondělí,březen,Veveří,,,,,,,,lehké zranění,"s přilbou (pouze u motocyklistů, příp. cyklistů)",řidičem motorového vozidla,"ve dne, viditelnost nezhoršená vlivem povětrnostních podmínek",na jízdním pruhu,řidič,dobrý -žádné nepříznivé okolnosti nebyly zjiště,den,,1,71168,1,71168,1,71168,1,53,1,1961,1,61,2014,0,0,1,0,0,2,15,1,1540,3,-1159159.117,-598967.997,60206140374,2014/03/03 00:00:00+00,22000,20000,74b3a0e4-ef65-4df8-86cb-3b3f583beda3
-599431.425999999,-1156276.387,783,Brno-Medlánky,nezjišťováno,nesprávný způsob jízdy,srážka s jedoucím nekolejovým vozidlem,nehoda s následky na životě nebo zdraví,nesprávné otáčení nebo couvání,"povrch suchý, neznečistěný",neztížené,dobré,parkoviště přiléhající ke komunikaci,komunikace místní,,,jízdní kolo,Brno-Medlánky,žena,Nezjišťován,středa,leden,Medlánky,,,,,,,,lehké zranění,"bez přilby (pouze u motocyklistů, příp. cyklistů)",řidičem motorového vozidla,"ve dne, viditelnost nezhoršená vlivem povětrnostních podmínek",na jízdním pruhu,řidič,dobrý -žádné nepříznivé okolnosti nebyly zjiště,den,,1,71169,1,71169,1,71169,3,24,1,1990,1,90,2014,0,0,1,0,0,2,15,1,1530,1,-1156276.387,-599431.426,60206140379,2014/01/29 00:00:00+00,2000,0,370ae808-5393-4634-a377-646426ee7c94
-593940.828000002,-1159834.414,784,Brno-Vinohrady,ne,nedání přenosti v jízdě,srážka s jedoucím nekolejovým vozidlem,nehoda s následky na životě nebo zdraví,při odbočování vlevo,"povrch suchý, neznečistěný",neztížené,dobré,v blízkosti přechodu pro chodce (do vzdálenosti 20 m),uzel (křižovatka sledovaná ve vybraných městech),,,jízdní kolo,Brno-Vinohrady,muž,Ne,středa,březen,Židenice,,,,,,,,lehké zranění,"s přilbou (pouze u motocyklistů, příp. cyklistů)",řidičem motorového vozidla,"v noci - s veřejným osvětlením, viditelnost nezhoršená vlivem povětrnostních podmínek",na jízdním pruhu,řidič,dobrý -žádné nepříznivé okolnosti nebyly zjiště,den,,1,71171,1,71171,1,71171,3,28,1,1986,1,86,2014,0,0,1,0,0,2,18,1,1845,3,-1159834.414,-593940.828,60206140436,2014/03/12 00:00:00+00,25000,20000,9067aae7-b848-4691-903e-82cbae52ceec
-601086.116999999,-1159725.9,785,Brno-Jundrov,ne,nesprávný způsob jízdy,srážka s jedoucím nekolejovým vozidlem,nehoda s následky na životě nebo zdraví,"jízda po nesprávné straně vozovky, vjetí do protisměru","povrch suchý, znečistěný (písek, prach, listí, štěrk atd.)",neztížené,dobré,žádné nebo žádné z uvedených,komunikace účelová - polní a lesní cesty atd.,,,jízdní kolo,Brno-Jundrov,muž,Ne,čtvrtek,březen,Jundrov,,,,,,,,lehké zranění,"s přilbou (pouze u motocyklistů, příp. cyklistů)",řidičem nemotorového vozidla,"ve dne, viditelnost nezhoršená vlivem povětrnostních podmínek",na stezce pro cyklisty,řidič,dobrý -žádné nepříznivé okolnosti nebyly zjiště,den,,1,71172,1,71172,1,71172,4,18,1,1996,1,96,2014,0,0,2,0,0,2,17,1,1745,3,-1159725.9,-601086.117,60206140521,2014/03/20 00:00:00+00,20000,5000,bed05678-84a9-4d92-b3c1-6d87cd3d30a8
-601086.116999999,-1159725.9,786,Brno-Jundrov,ne,nesprávný způsob jízdy,srážka s jedoucím nekolejovým vozidlem,nehoda s následky na životě nebo zdraví,"jízda po nesprávné straně vozovky, vjetí do protisměru","povrch suchý, znečistěný (písek, prach, listí, štěrk atd.)",neztížené,dobré,žádné nebo žádné z uvedených,komunikace účelová - polní a lesní cesty atd.,,,jízdní kolo,Brno-Jundrov,muž,Ne,čtvrtek,březen,Jundrov,,,,,,,,lehké zranění,"s přilbou (pouze u motocyklistů, příp. cyklistů)",řidičem nemotorového vozidla,"ve dne, viditelnost nezhoršená vlivem povětrnostních podmínek",na stezce pro cyklisty,řidič,dobrý -žádné nepříznivé okolnosti nebyly zjiště,den,,1,71173,1,71173,1,71173,4,31,1,1983,1,83,2014,0,0,2,0,0,1,17,1,1745,3,-1159725.9,-601086.117,60206140521,2014/03/20 00:00:00+00,20000,5000,df6d00fa-458a-4390-b37b-d73a1a2c0cd8
-599637.324000001,-1164060.354,787,Brno-jih,ne,nedání přenosti v jízdě,srážka s jedoucím nekolejovým vozidlem,nehoda s následky na životě nebo zdraví,proti příkazu dopravní značky STŮJ DEJ PŘEDNOST,"povrch suchý, neznečistěný",neztížené,dobré,žádné nebo žádné z uvedených,komunikace místní,,,jízdní kolo,Brno-jih,muž,Ne,úterý,březen,Horní Heršpice,,,,,,,,lehké zranění,"s přilbou (pouze u motocyklistů, příp. cyklistů)",řidičem motorového vozidla,"v noci - s veřejným osvětlením, viditelnost nezhoršená vlivem povětrnostních podmínek",na jízdním pruhu,řidič,dobrý -žádné nepříznivé okolnosti nebyly zjiště,den,,1,71174,1,71174,1,71174,2,27,1,1987,1,87,2014,0,0,1,0,0,2,18,1,1830,3,-1164060.354,-599637.324,60206140560,2014/03/25 00:00:00+00,23000,2000,c67875cc-4bec-4d88-b17f-84074f98c8b6
-597672.035999998,-1163075.622,788,Brno-jih,ne,nedání přenosti v jízdě,srážka s jedoucím nekolejovým vozidlem,nehoda s následky na životě nebo zdraví,proti příkazu dopravní značky DEJ PŘEDNOST,"povrch suchý, neznečistěný",neztížené,dobré,přechod pro chodce,uzel (křižovatka sledovaná ve vybraných městech),,,jízdní kolo,Brno-jih,žena,Ne,čtvrtek,březen,Horní Heršpice,,,,,,,,lehké zranění,"s přilbou (pouze u motocyklistů, příp. cyklistů)",řidičem nemotorového vozidla,"ve dne, viditelnost nezhoršená vlivem povětrnostních podmínek",na jízdním pruhu,řidič,dobrý -žádné nepříznivé okolnosti nebyly zjiště,den,,1,71175,1,71175,1,71175,4,44,1,1970,1,70,2014,0,0,1,0,0,1,17,1,1705,3,-1163075.622,-597672.036,60206140577,2014/03/27 00:00:00+00,53000,2000,2f2db7ae-1f2d-4b6a-8958-b208b10f7d4c
-597866.359000001,-1164054.149,789,Brno-jih,ne,nedání přenosti v jízdě,srážka s jedoucím nekolejovým vozidlem,nehoda s následky na životě nebo zdraví,jiné nedání přednosti,"povrch suchý, neznečistěný",neztížené,dobré,žádné nebo žádné z uvedených,uzel (křižovatka sledovaná ve vybraných městech),,,jízdní kolo,Brno-jih,muž,Ne,středa,duben,Horní Heršpice,,,,,,,,těžké zranění,"s přilbou (pouze u motocyklistů, příp. cyklistů)",řidičem motorového vozidla,"ve dne, viditelnost nezhoršená vlivem povětrnostních podmínek",žádné z uvedenýc,řidič,dobrý -žádné nepříznivé okolnosti nebyly zjiště,den,,0,71176,1,71176,1,71176,3,42,1,1972,1,72,2014,1,0,0,1,0,2,6,1,607,4,-1164054.149,-597866.359,60206140605,2014/04/02 00:00:00+00,40000,10000,921fd0c5-207d-4a7d-b488-b215e27661a2
-596963.699999999,-1162929.516,790,Brno-jih,ne,nedání přenosti v jízdě,srážka s jedoucím nekolejovým vozidlem,nehoda s následky na životě nebo zdraví,proti příkazu dopravní značky STŮJ DEJ PŘEDNOST,"povrch suchý, neznečistěný",neztížené,dobré,žádné nebo žádné z uvedených,uzel (křižovatka sledovaná ve vybraných městech),,,jízdní kolo,Brno-jih,muž,Ne,pátek,duben,Komárov,,,,,,,,lehké zranění,"s přilbou (pouze u motocyklistů, příp. cyklistů)",řidičem motorového vozidla,"ve dne, viditelnost nezhoršená vlivem povětrnostních podmínek",na jízdním pruhu,řidič,dobrý -žádné nepříznivé okolnosti nebyly zjiště,den,,1,71179,1,71179,1,71179,5,41,1,1973,1,73,2014,0,0,1,0,0,2,15,1,1530,4,-1162929.516,-596963.7,60206140635,2014/04/04 00:00:00+00,21000,10000,06d86576-76a6-489f-b0b6-d302716446a6
-596334.493999999,-1160668.079,791,Brno-Židenice,nezjišťováno,nesprávé předjíždění,srážka s jedoucím nekolejovým vozidlem,nehoda s následky na životě nebo zdraví,"při předjíždění došlo k ohrožení předjížděného řidiče vozidla (vynucované zařazení, předjížděný řidič musel prudce brzdit, měnit směr jízdy apod.)","povrch suchý, neznečistěný",neztížené,dobré,"most, nadjezd, podjezd, tunel",komunikace sledovaná (ve vybraných městech),,,jízdní kolo,Brno-Židenice,žena,Nezjišťován,pondělí,duben,Židenice,,,,,,,,lehké zranění,"bez přilby (pouze u motocyklistů, příp. cyklistů)",řidičem motorového vozidla,"ve dne, viditelnost nezhoršená vlivem povětrnostních podmínek",na jízdním pruhu,řidič,dobrý -žádné nepříznivé okolnosti nebyly zjiště,den,,1,71180,1,71180,1,71180,1,49,1,1965,1,65,2014,0,0,1,0,0,2,12,1,1250,4,-1160668.079,-596334.494,60206140653,2014/04/07 00:00:00+00,5000,0,2121c196-34fe-47bf-a3fd-c5c4977b7754
-596841.666999999,-1154893.758,792,Brno-sever,ne,nedání přenosti v jízdě,havárie,nehoda s následky na životě nebo zdraví,při vjíždění na silnici,"povrch suchý, neznečistěný",neztížené,dobré,parkoviště přiléhající ke komunikaci,komunikace sledovaná (ve vybraných městech),,,jízdní kolo,Brno-sever,muž,Ne,pátek,duben,Soběšice,,,,,,,,lehké zranění,"s přilbou (pouze u motocyklistů, příp. cyklistů)",řidičem motorového vozidla,"ve dne, viditelnost nezhoršená vlivem povětrnostních podmínek",na jízdním pruhu,řidič,dobrý -žádné nepříznivé okolnosti nebyly zjiště,den,,1,71182,1,71182,1,71182,5,52,1,1962,1,62,2014,0,0,1,0,0,2,17,1,1705,4,-1154893.758,-596841.667,60206140696,2014/04/11 00:00:00+00,25000,20000,1afd72e8-5a5d-4e89-ab10-8297c69b87fb
-601662.055,-1162259.797,793,Brno-Nový Lískovec,ano,nesprávný způsob jízdy,srážka s jedoucím nekolejovým vozidlem,nehoda s následky na životě nebo zdraví,řidič se plně nevěnoval řízení vozidla,"povrch suchý, neznečistěný",neztížené,dobré,žádné nebo žádné z uvedených,uzel (křižovatka sledovaná ve vybraných městech),,,jízdní kolo,Brno-Nový Lískovec,muž,"Ano, obsah alkoholu v krvi od 1,0‰ do 1,5‰",pátek,duben,Nový Lískovec,,,,,,,,lehké zranění,"s přilbou (pouze u motocyklistů, příp. cyklistů)",řidičem nemotorového vozidla,"ve dne, viditelnost nezhoršená vlivem povětrnostních podmínek",na jízdním pruhu,řidič,pod vlivem alkoholu obsah alkoholu v krvi 1 ‰ a víc,den,,1,71183,1,71183,1,71183,5,69,1,1945,1,45,2014,0,0,1,0,0,1,15,1,1550,4,-1162259.797,-601662.055,60206140746,2014/04/18 00:00:00+00,5500,5000,ea962498-80e0-4712-8c04-d2be1c392073
-598087.346999999,-1159264.819,794,Brno-Královo Pole,ne,nesprávný způsob jízdy,srážka s jedoucím nekolejovým vozidlem,nehoda s následky na životě nebo zdraví,nesprávné otáčení nebo couvání,"povrch suchý, neznečistěný",neztížené,dobré,žádné nebo žádné z uvedených,komunikace sledovaná (ve vybraných městech),,,jízdní kolo,Brno-Královo Pole,muž,Ne,sobota,duben,Ponava,,,,,,,,lehké zranění,"s přilbou (pouze u motocyklistů, příp. cyklistů)",řidičem motorového vozidla,"v noci - s veřejným osvětlením, viditelnost nezhoršená vlivem povětrnostních podmínek",na jízdním pruhu,řidič,dobrý -žádné nepříznivé okolnosti nebyly zjiště,den,,1,71184,1,71184,1,71184,6,35,1,1979,1,79,2014,0,0,1,0,0,2,20,1,2000,4,-1159264.819,-598087.347,60206140752,2014/04/19 00:00:00+00,35000,10000,f7d92b79-7a3c-4f98-afa4-d49e594be354
-599066.991999999,-1159877.064,795,Brno-střed,nezjišťováno,nesprávný způsob jízdy,jiný druh nehody,nehoda s následky na životě nebo zdraví,nesprávné otáčení nebo couvání,"povrch suchý, neznečistěný",neztížené,dobré,žádné nebo žádné z uvedených,komunikace místní,,,jízdní kolo,Brno-střed,muž,Nezjišťován,pátek,květen,Veveří,,,,,,,,lehké zranění,"bez přilby (pouze u motocyklistů, příp. cyklistů)",řidičem motorového vozidla,"ve dne, viditelnost nezhoršená vlivem povětrnostních podmínek",na jízdním pruhu,řidič,dobrý -žádné nepříznivé okolnosti nebyly zjiště,den,,1,71185,1,71185,1,71185,5,28,1,1986,1,86,2014,0,0,1,0,0,2,14,1,1420,5,-1159877.064,-599066.992,60206140837,2014/05/02 00:00:00+00,2000,0,9ef65ab8-143b-403c-bf40-076b72854d67
-595093.960999999,-1161008.953,796,Brno-Židenice,ano,nesprávný způsob jízdy,havárie,nehoda s následky na životě nebo zdraví,řidič se plně nevěnoval řízení vozidla,"povrch suchý, neznečistěný",neztížené,dobré,"zastávka autobusu, trolejbusu, tramvaje s nástup. ostrůvkem",komunikace sledovaná (ve vybraných městech),,,jízdní kolo,Brno-Židenice,muž,"Ano, obsah alkoholu v krvi od 0,5‰ do 0,8‰",neděle,květen,Židenice,,,,,,,,lehké zranění,"bez přilby (pouze u motocyklistů, příp. cyklistů)",řidičem nemotorového vozidla,"ve dne, viditelnost nezhoršená vlivem povětrnostních podmínek",na kolejích tramvaje,řidič,"pod vlivem alkoholu, obsah alkoholu v krvi do 0,99 ‰",den,,1,71186,1,71186,1,71186,7,43,1,1971,1,71,2014,0,0,1,0,0,1,18,0,1835,5,-1161008.953,-595093.961,60206140850,2014/05/04 00:00:00+00,1000,1000,58d8abcb-4444-48e5-b861-38c385de166f
-599457.02,-1157659.003,797,Brno-Královo Pole,ne,nedání přenosti v jízdě,srážka s jedoucím nekolejovým vozidlem,nehoda s následky na životě nebo zdraví,při odbočování vlevo,"povrch suchý, neznečistěný",neztížené,dobré,přechod pro chodce,uzel (křižovatka sledovaná ve vybraných městech),,,jízdní kolo,Brno-Královo Pole,muž,Ne,středa,květen,Královo Pole,,,,,,,,lehké zranění,"s přilbou (pouze u motocyklistů, příp. cyklistů)",řidičem motorového vozidla,"ve dne, viditelnost nezhoršená vlivem povětrnostních podmínek",na jízdním pruhu,řidič,dobrý -žádné nepříznivé okolnosti nebyly zjiště,den,,1,71187,1,71187,1,71187,3,36,1,1978,1,78,2014,0,0,1,0,0,2,7,1,755,5,-1157659.003,-599457.02,60206140876,2014/05/07 00:00:00+00,25000,5000,8aaf36e0-e761-4cdf-9ab4-457671a589a7
-596067.203000002,-1159141.604,798,Brno-sever,ne,nedání přenosti v jízdě,srážka s jedoucím nekolejovým vozidlem,nehoda s následky na životě nebo zdraví,při vjíždění na silnici,"povrch suchý, neznečistěný",neztížené,dobré,žádné nebo žádné z uvedených,komunikace sledovaná (ve vybraných městech),,,jízdní kolo,Brno-sever,chlapec (do 15 let),Ne,úterý,květen,Husovice,,,,,,,,lehké zranění,"bez přilby (pouze u motocyklistů, příp. cyklistů)",řidičem nemotorového vozidla,"ve dne, viditelnost nezhoršená vlivem povětrnostních podmínek",na jízdním pruhu,řidič,dobrý -žádné nepříznivé okolnosti nebyly zjiště,den,,1,71188,1,71188,1,71188,2,9,1,2005,1,5,2014,0,0,1,0,0,1,19,1,1940,5,-1159141.604,-596067.203,60206140966,2014/05/20 00:00:00+00,31000,10000,8f00bbff-c43a-4dcb-b416-08bc7a5fd901