X,Y,objectid_1,zuj,alkohol_vinik,hlavni_pricina,srazka,nasledky,pricina,stav_vozovky,povetrnostni_podm,rozhled,misto_nehody,druh_komun,pneumatiky,druh_pohonu,druh_vozidla,mestska_cast,pohlavi,alkohol,den_v_tydnu,mesic_t,katastr,chovani_chodce,stav_chodce,drogy_chodec,alkohol_chodec,osobni_prepravnik,reflexni_prvky,kategorie_chodce,nasledek,ozn_osoba,zavineni,viditelnost,situovani,osoba,stav_ridic,doba,smrt_po,lz,target_fid_1,join_count_1,objectid,join_count,target_fid,den,vek,smrt_dny,rok_nar,p48a,p59d,rok,tz,smrt,lehce_zran_os,tezce_zran_os,usmrceno_os,id_vozidla,hodina,ovlivneni_ridice,cas,mesic,e,d,id_nehody,datum,hmotna_skoda_1,skoda_vozidlo,globalid
-598217.743000001,-1159534.723,858,Brno-střed,ne,nedání přenosti v jízdě,srážka s jedoucím nekolejovým vozidlem,nehoda s následky na životě nebo zdraví,při odbočování vlevo,"povrch suchý, neznečistěný",neztížené,dobré,přechod pro chodce,komunikace sledovaná (ve vybraných městech),,,jízdní kolo,Brno-střed,muž,Ne,čtvrtek,říjen,Veveří,,,,,,,,lehké zranění,"bez přilby (pouze u motocyklistů, příp. cyklistů)",řidičem motorového vozidla,"v noci - s veřejným osvětlením, viditelnost nezhoršená vlivem povětrnostních podmínek",na jízdním pruhu,řidič,dobrý -žádné nepříznivé okolnosti nebyly zjiště,den,,1,71265,1,71265,1,71265,4,34,1,1980,1,80,2014,0,0,1,0,0,2,18,1,1830,10,-1159534.723,-598217.743,60206142135,2014/10/23 00:00:00+00,21000,1000,8d275eb2-d63d-4acb-8224-cdb0d26f2c9b
-598828.276000001,-1155336.788,859,Brno-Řečkovice a Mokrá Hora,nezjišťováno,nesprávný způsob jízdy,havárie,nehoda s následky na životě nebo zdraví,řidič se plně nevěnoval řízení vozidla,"povrch suchý, neznečistěný",neztížené,dobré,žádné nebo žádné z uvedených,komunikace místní,,,jízdní kolo,Brno-Řečkovice a Mokrá Hora,žena,Nezjišťován,sobota,říjen,Řečkovice,,,,,,,,lehké zranění,"bez přilby (pouze u motocyklistů, příp. cyklistů)",řidičem nemotorového vozidla,"ve dne, viditelnost nezhoršená vlivem povětrnostních podmínek",na jízdním pruhu,řidič,dobrý -žádné nepříznivé okolnosti nebyly zjiště,den,,1,71266,1,71266,1,71266,6,68,1,1946,1,46,2014,0,0,1,0,0,1,16,1,1625,10,-1155336.788,-598828.276,60206142146,2014/10/25 00:00:00+00,0,0,ca7289ec-523d-4c67-8c86-3daf065b5577
-598241.616,-1157195.254,860,Brno-Královo Pole,ne,nedání přenosti v jízdě,srážka s jedoucím nekolejovým vozidlem,nehoda s následky na životě nebo zdraví,vozidlu přijíždějícímu zprava,povrch mokrý,neztížené,dobré,žádné nebo žádné z uvedených,komunikace místní,,,jízdní kolo,Brno-Královo Pole,žena,Ne,pondělí,prosinec,Královo Pole,,,,,,,,lehké zranění,"s přilbou (pouze u motocyklistů, příp. cyklistů)",řidičem motorového vozidla,"v noci - s veřejným osvětlením, viditelnost nezhoršená vlivem povětrnostních podmínek",na jízdním pruhu,řidič,dobrý -žádné nepříznivé okolnosti nebyly zjiště,noc,,1,71267,1,71267,1,71267,1,43,1,1971,1,71,2014,0,0,1,0,0,2,5,1,525,12,-1157195.254,-598241.616,60206142414,2014/12/01 00:00:00+00,21000,1000,88b19d52-1f09-4d74-ada1-1ef3108289e5
-594684.217,-1166258.882,861,Brno-Tuřany,ano,nesprávný způsob jízdy,"srážka s vozidlem zaparkovaným, odstaveným",nehoda pouze s hmotnou škodou,řidič se plně nevěnoval řízení vozidla,"povrch suchý, neznečistěný",neztížené,dobré,parkoviště přiléhající ke komunikaci,komunikace sledovaná (ve vybraných městech),,,jízdní kolo,Brno-Tuřany,muž,"Ano, obsah alkoholu v krvi 1,5‰ a více",pondělí,prosinec,Tuřany,,,,,,,,bez zraněn,"bez přilby (pouze u motocyklistů, příp. cyklistů)",řidičem nemotorového vozidla,"v noci - s veřejným osvětlením, viditelnost nezhoršená vlivem povětrnostních podmínek",na jízdním pruhu,řidič,pod vlivem alkoholu obsah alkoholu v krvi 1 ‰ a víc,den,,0,71268,1,71268,1,71268,1,55,1,1959,1,59,2014,0,0,0,0,0,1,19,1,1910,12,-1166258.882,-594684.217,60206142460,2014/12/08 00:00:00+00,1000,1000,da7de2b3-3d24-4a26-8713-ad50e8882e3c
-600076.577,-1154460.893,862,Brno-Řečkovice a Mokrá Hora,ne,nedání přenosti v jízdě,srážka s jedoucím nekolejovým vozidlem,nehoda s následky na životě nebo zdraví,proti příkazu dopravní značky DEJ PŘEDNOST,povrch mokrý,déšť,dobré,v blízkosti přechodu pro chodce (do vzdálenosti 20 m),uzel (křižovatka sledovaná ve vybraných městech),,,jízdní kolo,Brno-Řečkovice a Mokrá Hora,žena,Ne,středa,prosinec,Řečkovice,,,,,,,,lehké zranění,"s přilbou (pouze u motocyklistů, příp. cyklistů)",řidičem motorového vozidla,"v noci - s veřejným osvětlením, zhoršená viditelnost vlivem povětrnostních podmínek (mlha, déšť, sněžení apod.)",na jízdním pruhu,řidič,dobrý -žádné nepříznivé okolnosti nebyly zjiště,noc,,1,71270,1,71270,1,71270,3,34,1,1980,1,80,2014,0,0,1,0,0,2,5,1,510,12,-1154460.893,-600076.577,60206142549,2014/12/17 00:00:00+00,11000,1000,75d03d41-fc19-4f66-9a09-795fb603d05c
-600412.469000001,-1157941.669,863,Brno-Žabovřesky,ano,nesprávný způsob jízdy,srážka s jedoucím nekolejovým vozidlem,nehoda s následky na životě nebo zdraví,řidič se plně nevěnoval řízení vozidla,povrch mokrý,"na počátku deště, slabý déšť, mrholení apod.",dobré,žádné nebo žádné z uvedených,uzel (křižovatka sledovaná ve vybraných městech),,,jízdní kolo,Brno-Žabovřesky,muž,"Ano, obsah alkoholu v krvi 1,5‰ a více",sobota,leden,Žabovřesky,,,,,,,,lehké zranění,"bez přilby (pouze u motocyklistů, příp. cyklistů)",řidičem nemotorového vozidla,"v noci - s veřejným osvětlením, zhoršená viditelnost vlivem povětrnostních podmínek (mlha, déšť, sněžení apod.)",žádné z uvedenýc,řidič,pod vlivem alkoholu obsah alkoholu v krvi 1 ‰ a víc,noc,,1,71271,1,71271,1,71271,6,44,1,1971,1,71,2015,0,0,1,0,0,1,23,1,2335,1,-1157941.669,-600412.469,60206150064,2015/01/10 00:00:00+00,42000,2000,714e1ea8-6268-4fe6-9640-1600ef85dece
-601813.456999999,-1158901.342,864,Brno-Jundrov,ne,nedání přenosti v jízdě,srážka s jedoucím nekolejovým vozidlem,nehoda s následky na životě nebo zdraví,při otáčení nebo couvání,povrch mokrý,sněžení,dobré,parkoviště přiléhající ke komunikaci,komunikace sledovaná (ve vybraných městech),,,jízdní kolo,Brno-Jundrov,muž,Ne,pondělí,únor,Jundrov,,,,,,,,lehké zranění,"s přilbou (pouze u motocyklistů, příp. cyklistů)",řidičem motorového vozidla,"ve dne, viditelnost nezhoršená vlivem povětrnostních podmínek",na jízdním pruhu,řidič,dobrý -žádné nepříznivé okolnosti nebyly zjiště,den,,1,71273,1,71273,1,71273,1,55,1,1960,1,60,2015,0,0,1,0,0,2,15,1,1530,2,-1158901.342,-601813.457,60206150198,2015/02/02 00:00:00+00,11000,7000,cf7f9780-25b7-4af0-95b7-7cce8056c7c0
-601175.329,-1160616.818,865,Brno-střed,nezjišťováno,nedání přenosti v jízdě,srážka s jedoucím nekolejovým vozidlem,nehoda s následky na životě nebo zdraví,jiné nedání přednosti,"povrch suchý, neznečistěný",neztížené,dobré,přechod pro chodce,komunikace sledovaná (ve vybraných městech),,,jízdní kolo,Brno-střed,žena,Nezjišťován,úterý,únor,Pisárky,,,,,,,,lehké zranění,"s přilbou (pouze u motocyklistů, příp. cyklistů)",řidičem motorového vozidla,"ve dne, viditelnost nezhoršená vlivem povětrnostních podmínek",na jízdním pruhu,řidič,dobrý -žádné nepříznivé okolnosti nebyly zjiště,den,,1,71274,1,71274,1,71274,2,23,1,1992,1,92,2015,0,0,1,0,0,2,17,1,1700,2,-1160616.818,-601175.329,60206150310,2015/02/17 00:00:00+00,2000,2000,ac75b332-bafe-43b2-b378-7f65662ed39d
-595715.445999999,-1158306.628,866,Brno-sever,nezjišťováno,nesprávný způsob jízdy,havárie,nehoda s následky na životě nebo zdraví,řidič se plně nevěnoval řízení vozidla,"povrch suchý, neznečistěný",neztížené,dobré,žádné nebo žádné z uvedených,komunikace místní,,,jízdní kolo,Brno-sever,muž,Nezjišťován,neděle,březen,Husovice,,,,,,,,těžké zranění,"bez přilby (pouze u motocyklistů, příp. cyklistů)",řidičem nemotorového vozidla,"ve dne, viditelnost nezhoršená vlivem povětrnostních podmínek",na jízdním pruhu,řidič,dobrý -žádné nepříznivé okolnosti nebyly zjiště,den,,0,71275,1,71275,1,71275,7,64,1,1951,1,51,2015,1,0,0,1,0,1,9,1,955,3,-1158306.628,-595715.446,60206150371,2015/03/01 00:00:00+00,5000,5000,bc2c53d8-5d39-4253-a9cb-3f9f012c7957
-596189.223000001,-1161223.292,867,Brno-Židenice,ne,nesprávný způsob jízdy,srážka s jedoucím nekolejovým vozidlem,nehoda s následky na životě nebo zdraví,řidič se plně nevěnoval řízení vozidla,"povrch suchý, neznečistěný",neztížené,dobré,žádné nebo žádné z uvedených,komunikace sledovaná (ve vybraných městech),,,jízdní kolo,Brno-Židenice,muž,Ne,pondělí,březen,Židenice,,,,,,,,těžké zranění,"bez přilby (pouze u motocyklistů, příp. cyklistů)",řidičem motorového vozidla,"ve dne, viditelnost nezhoršená vlivem povětrnostních podmínek",na jízdním pruhu,řidič,dobrý -žádné nepříznivé okolnosti nebyly zjiště,den,,0,71276,1,71276,1,71276,1,52,1,1963,1,63,2015,1,0,0,1,0,2,13,1,1310,3,-1161223.292,-596189.223,60206150377,2015/03/02 00:00:00+00,0,0,eff65d1b-e5b2-4030-88f6-97d42096f6bf
-602467.57,-1160116.098,868,Brno-Kohoutovice,ne,nesprávný způsob jízdy,srážka s jedoucím nekolejovým vozidlem,nehoda s následky na životě nebo zdraví,řidič se plně nevěnoval řízení vozidla,"povrch suchý, neznečistěný",neztížené,dobré,přechod pro chodce,komunikace sledovaná (ve vybraných městech),,,jízdní kolo,Brno-Kohoutovice,dívka (do 15 let),Ne,úterý,březen,Pisárky,,,,,,,,lehké zranění,"bez přilby (pouze u motocyklistů, příp. cyklistů)",řidičem nemotorového vozidla,"ve dne, zhoršená viditelnost (svítání, soumrak)",na jízdním pruhu,řidič,dobrý -žádné nepříznivé okolnosti nebyly zjiště,den,,1,71277,1,71277,1,71277,2,11,1,2004,1,4,2015,0,0,1,0,0,1,18,1,1805,3,-1160116.098,-602467.57,60206150458,2015/03/17 00:00:00+00,12000,10000,167e8e17-8c3c-4449-afa5-c8627e80d39d
-597382.947999999,-1164043.924,869,Brno-jih,nezjišťováno,nedání přenosti v jízdě,srážka s chodcem,nehoda pouze s hmotnou škodou,chodci na vyznačeném přechodu,"povrch suchý, neznečistěný",neztížené,dobré,přechod pro chodce,komunikace sledovaná (ve vybraných městech),,,jízdní kolo,Brno-jih,,Nezjišťován,neděle,březen,Horní Heršpice,,,,,,,,,,řidičem motorového vozidla,"ve dne, viditelnost nezhoršená vlivem povětrnostních podmínek",žádné z uvedenýc,,,den,,0,71278,1,71278,1,71278,7,,,,1,,2015,0,0,0,0,0,2,14,,1426,3,-1164043.924,-597382.948,60206150528,2015/03/29 00:00:00+00,2000,0,5833cf24-1612-4000-8ff9-62d538bd7cc2
-596909.524,-1159837.714,870,Brno-sever,ano,nepřiměřená rychlost jízdy,havárie,nehoda s následky na životě nebo zdraví,"nepřizpůsobení rychlosti dopravně technickému stavu vozovky (zatáčka, klesání, stoupání, šířka vozovky apod.)","povrch suchý, neznečistěný",neztížené,dobré,v blízkosti přechodu pro chodce (do vzdálenosti 20 m),uzel (křižovatka sledovaná ve vybraných městech),,,jízdní kolo,Brno-sever,muž,"Ano, obsah alkoholu v krvi 1,5‰ a více",středa,duben,Zábrdovice,,,,,,,,lehké zranění,"bez přilby (pouze u motocyklistů, příp. cyklistů)",řidičem nemotorového vozidla,"v noci - s veřejným osvětlením, viditelnost nezhoršená vlivem povětrnostních podmínek",na jízdním pruhu,řidič,pod vlivem alkoholu obsah alkoholu v krvi 1 ‰ a víc,noc,,1,71279,1,71279,1,71279,3,34,1,1981,1,81,2015,0,0,1,0,0,1,21,1,2138,4,-1159837.714,-596909.524,60206150601,2015/04/08 00:00:00+00,0,0,f6a36482-a517-4bc3-9e5d-726d119b871f
-596473.484000001,-1164683.315,871,Brno-Tuřany,ne,nedání přenosti v jízdě,srážka s jedoucím nekolejovým vozidlem,nehoda s následky na životě nebo zdraví,proti příkazu dopravní značky DEJ PŘEDNOST,"povrch suchý, neznečistěný",neztížené,dobré,"výjezd z parkoviště, lesní cesty apod. (pol.36=7,8)",komunikace sledovaná (ve vybraných městech),,,jízdní kolo,Brno-Tuřany,žena,Ne,pátek,duben,Brněnské Ivanovice,,,,,,,,lehké zranění,"bez přilby (pouze u motocyklistů, příp. cyklistů)",řidičem motorového vozidla,"ve dne, viditelnost nezhoršená vlivem povětrnostních podmínek",na jízdním pruhu,řidič,dobrý -žádné nepříznivé okolnosti nebyly zjiště,den,,1,71280,1,71280,1,71280,5,43,1,1972,1,72,2015,0,0,1,0,0,2,10,1,1003,4,-1164683.315,-596473.484,60206150607,2015/04/10 00:00:00+00,16000,1000,1bf6208b-46cc-4e8e-9661-db3c49083415
-598313.407000002,-1157531.522,872,Brno-Královo Pole,ne,nedání přenosti v jízdě,srážka s jedoucím nekolejovým vozidlem,nehoda s následky na životě nebo zdraví,při otáčení nebo couvání,"povrch suchý, neznečistěný",neztížené,dobré,parkoviště přiléhající ke komunikaci,komunikace sledovaná (ve vybraných městech),,,jízdní kolo,Brno-Královo Pole,muž,Ne,pátek,duben,Královo Pole,,,,,,,,lehké zranění,"s přilbou (pouze u motocyklistů, příp. cyklistů)",řidičem motorového vozidla,"v noci - s veřejným osvětlením, viditelnost nezhoršená vlivem povětrnostních podmínek",na jízdním pruhu,řidič,dobrý -žádné nepříznivé okolnosti nebyly zjiště,noc,,1,71281,1,71281,1,71281,5,34,1,1981,1,81,2015,0,0,1,0,0,2,22,1,2210,4,-1157531.522,-598313.407,60206150615,2015/04/10 00:00:00+00,41000,1000,8947234f-eafb-4c6c-b3de-7fb88764580c
-595637.159000002,-1159090.009,873,Brno-Maloměřice a Obřany,ne,nesprávný způsob jízdy,srážka s jedoucím nekolejovým vozidlem,nehoda s následky na životě nebo zdraví,nedodržení bezpečné vzdálenosti za vozidlem,"povrch suchý, neznečistěný",neztížené,dobré,"most, nadjezd, podjezd, tunel",komunikace místní,,,jízdní kolo,Brno-Maloměřice a Obřany,muž,Ne,čtvrtek,duben,Maloměřice,,,,,,,,lehké zranění,"bez přilby (pouze u motocyklistů, příp. cyklistů)",řidičem nemotorového vozidla,"ve dne, viditelnost nezhoršená vlivem povětrnostních podmínek",na jízdním pruhu,řidič,dobrý -žádné nepříznivé okolnosti nebyly zjiště,den,,1,71285,1,71285,1,71285,4,36,1,1979,1,79,2015,0,0,1,0,0,1,9,1,940,4,-1159090.009,-595637.159,60206150644,2015/04/16 00:00:00+00,6000,5000,f8f0709c-c88e-4b72-b249-d4d97962d950
-603598.612,-1159740.68,874,Brno-Kohoutovice,ano,nesprávný způsob jízdy,havárie,nehoda s následky na životě nebo zdraví,řidič se plně nevěnoval řízení vozidla,"povrch suchý, neznečistěný",neztížené,dobré,parkoviště přiléhající ke komunikaci,komunikace místní,,,jízdní kolo,Brno-Kohoutovice,muž,"Ano, obsah alkoholu v krvi 1,5‰ a více",pátek,duben,Kohoutovice,,,,,,,,lehké zranění,"bez přilby (pouze u motocyklistů, příp. cyklistů)",řidičem nemotorového vozidla,"ve dne, zhoršená viditelnost (svítání, soumrak)",na jízdním pruhu,řidič,pod vlivem alkoholu obsah alkoholu v krvi 1 ‰ a víc,den,,1,71286,1,71286,1,71286,5,23,1,1992,1,92,2015,0,0,1,0,0,1,20,1,2008,4,-1159740.68,-603598.612,60206150655,2015/04/17 00:00:00+00,500,500,e0199870-2852-4a35-a806-2325cb32f210
-596385.934,-1158294.705,875,Brno-sever,ne,nesprávný způsob jízdy,havárie,nehoda s následky na životě nebo zdraví,řidič se plně nevěnoval řízení vozidla,"povrch suchý, neznečistěný",neztížené,dobré,žádné nebo žádné z uvedených,komunikace sledovaná (ve vybraných městech),,,jízdní kolo,Brno-sever,žena,Ne,středa,květen,Černá Pole,,,,,,,,lehké zranění,"s přilbou (pouze u motocyklistů, příp. cyklistů)",řidičem nemotorového vozidla,"ve dne, viditelnost nezhoršená vlivem povětrnostních podmínek",na jízdním pruhu,řidič,dobrý -žádné nepříznivé okolnosti nebyly zjiště,den,,1,71288,1,71288,1,71288,3,69,1,1946,1,46,2015,0,0,1,0,0,1,16,1,1625,5,-1158294.705,-596385.934,60206150775,2015/05/06 00:00:00+00,1000,1000,c2f44202-e7d3-463c-af79-6b6ef293ea49
-592594.506999999,-1163334.237,876,Brno-Slatina,nezjišťováno,nesprávný způsob jízdy,havárie,nehoda s následky na životě nebo zdraví,nezvládnutí řízení vozidla,"povrch suchý, neznečistěný",neztížené,dobré,žádné nebo žádné z uvedených,komunikace místní,,,jízdní kolo,Brno-Slatina,muž,Nezjišťován,středa,květen,Slatina,,,,,,,,lehké zranění,"bez přilby (pouze u motocyklistů, příp. cyklistů)",řidičem nemotorového vozidla,"ve dne, viditelnost nezhoršená vlivem povětrnostních podmínek",na jízdním pruhu,řidič,jiný nepříznivý sta,den,,1,71290,1,71290,1,71290,3,42,1,1973,1,73,2015,0,0,1,0,0,1,16,1,1642,5,-1163334.237,-592594.507,60206150817,2015/05/13 00:00:00+00,1000,1000,f3755cea-e31b-4f1f-a8fd-b37556dda6d5
-601088.460000001,-1159792.651,877,Brno-Jundrov,ne,nesprávný způsob jízdy,srážka s jedoucím nekolejovým vozidlem,nehoda s následky na životě nebo zdraví,řidič se plně nevěnoval řízení vozidla,"povrch suchý, neznečistěný",neztížené,dobré,žádné nebo žádné z uvedených,komunikace sledovaná (ve vybraných městech),,,jízdní kolo,Brno-Jundrov,muž,Ne,pátek,květen,Jundrov,,,,,,,,bez zraněn,"s přilbou (pouze u motocyklistů, příp. cyklistů)",řidičem nemotorového vozidla,"ve dne, viditelnost nezhoršená vlivem povětrnostních podmínek",na stezce pro cyklisty,řidič,dobrý -žádné nepříznivé okolnosti nebyly zjiště,den,,0,71291,1,71291,1,71291,5,32,1,1983,1,83,2015,0,0,1,0,0,2,16,1,1644,5,-1159792.651,-601088.46,60206150833,2015/05/15 00:00:00+00,4000,0,6472e033-7bde-4bc9-bdb7-35276cd5f0a5
-601088.460000001,-1159792.651,878,Brno-Jundrov,ne,nesprávný způsob jízdy,srážka s jedoucím nekolejovým vozidlem,nehoda s následky na životě nebo zdraví,řidič se plně nevěnoval řízení vozidla,"povrch suchý, neznečistěný",neztížené,dobré,žádné nebo žádné z uvedených,komunikace sledovaná (ve vybraných městech),,,jízdní kolo,Brno-Jundrov,žena,Ne,pátek,květen,Jundrov,,,,,,,,lehké zranění,"bez přilby (pouze u motocyklistů, příp. cyklistů)",řidičem nemotorového vozidla,"ve dne, viditelnost nezhoršená vlivem povětrnostních podmínek",na stezce pro cyklisty,řidič,dobrý -žádné nepříznivé okolnosti nebyly zjiště,den,,1,71292,1,71292,1,71292,5,28,1,1987,1,87,2015,0,0,1,0,0,1,16,1,1644,5,-1159792.651,-601088.46,60206150833,2015/05/15 00:00:00+00,4000,0,f7a6f547-bcfd-4ebc-97a1-3ba46c7463c8
-595490.910999998,-1157775.468,879,Brno-Maloměřice a Obřany,ne,nesprávný způsob jízdy,srážka s pevnou překážkou,nehoda s následky na životě nebo zdraví,řidič se plně nevěnoval řízení vozidla,"povrch suchý, neznečistěný",neztížené,dobré,žádné nebo žádné z uvedených,komunikace účelová - polní a lesní cesty atd.,,,jízdní kolo,Brno-Maloměřice a Obřany,žena,Ne,sobota,květen,Maloměřice,,,,,,,,lehké zranění,"s přilbou (pouze u motocyklistů, příp. cyklistů)",řidičem nemotorového vozidla,"ve dne, viditelnost nezhoršená vlivem povětrnostních podmínek",žádné z uvedenýc,řidič,dobrý -žádné nepříznivé okolnosti nebyly zjiště,den,,1,71293,1,71293,1,71293,6,24,1,1991,1,91,2015,0,0,1,0,0,1,10,1,1004,5,-1157775.468,-595490.911,60206150836,2015/05/16 00:00:00+00,3000,3000,fd948b24-9870-431f-a19d-f918ba653ebf
-599444.807999998,-1157689.634,880,Brno-Královo Pole,ne,nedání přenosti v jízdě,srážka s jedoucím nekolejovým vozidlem,nehoda s následky na životě nebo zdraví,při odbočování vlevo,"povrch suchý, neznečistěný",neztížené,dobré,v blízkosti přechodu pro chodce (do vzdálenosti 20 m),uzel (křižovatka sledovaná ve vybraných městech),,,jízdní kolo,Brno-Královo Pole,muž,Ne,středa,květen,Královo Pole,,,,,,,,lehké zranění,"bez přilby (pouze u motocyklistů, příp. cyklistů)",řidičem motorového vozidla,"ve dne, viditelnost nezhoršená vlivem povětrnostních podmínek",na jízdním pruhu,řidič,dobrý -žádné nepříznivé okolnosti nebyly zjiště,den,,1,71296,1,71296,1,71296,3,23,1,1992,1,92,2015,0,0,1,0,0,2,8,4,855,5,-1157689.634,-599444.808,60206150903,2015/05/27 00:00:00+00,16000,1000,35966453-caea-4a60-8c40-60e47ad9c944
-604186.436000001,-1155421.385,881,Brno-Kníničky,ne,nesprávný způsob jízdy,srážka s jedoucím nekolejovým vozidlem,nehoda s následky na životě nebo zdraví,řidič se plně nevěnoval řízení vozidla,"povrch suchý, neznečistěný",neztížené,dobré,žádné nebo žádné z uvedených,komunikace místní,,,jízdní kolo,Brno-Kníničky,muž,Ne,neděle,květen,Kníničky,,,,,,,,lehké zranění,"bez přilby (pouze u motocyklistů, příp. cyklistů)",řidičem motorového vozidla,"ve dne, viditelnost nezhoršená vlivem povětrnostních podmínek",na jízdním pruhu,řidič,dobrý -žádné nepříznivé okolnosti nebyly zjiště,den,,1,71297,1,71297,1,71297,7,79,1,1936,1,36,2015,0,0,1,0,0,2,13,1,1355,5,-1155421.385,-604186.436,60206150926,2015/05/31 00:00:00+00,1000,0,acab8189-899a-4111-a94b-0a6b9265605d
-604050.984000001,-1156281.934,882,Brno-Bystrc,ne,nezaviněno řidičem,srážka s chodcem,nehoda s následky na životě nebo zdraví,nezaviněná řidičem,"povrch suchý, neznečistěný",neztížené,dobré,žádné nebo žádné z uvedených,komunikace místní,,,jízdní kolo,Brno-Bystrc,žena,Ne,středa,červen,Bystrc,,,,,,,,lehké zranění,"s přilbou (pouze u motocyklistů, příp. cyklistů)",chodcem,"ve dne, viditelnost nezhoršená vlivem povětrnostních podmínek",na jízdním pruhu,řidič,dobrý -žádné nepříznivé okolnosti nebyly zjiště,den,,1,71302,1,71302,1,71302,3,28,1,1987,1,87,2015,0,0,1,0,0,1,16,1,1630,6,-1156281.934,-604050.984,60206150955,2015/06/03 00:00:00+00,1000,1000,51c79e8e-b1c0-4656-939e-904239c46db4
-594733.953000002,-1160989.817,883,Brno-Židenice,ne,nedání přenosti v jízdě,srážka s jedoucím nekolejovým vozidlem,nehoda s následky na životě nebo zdraví,při odbočování vlevo,"povrch suchý, neznečistěný",neztížené,dobré,žádné nebo žádné z uvedených,komunikace sledovaná (ve vybraných městech),,,jízdní kolo,Brno-Židenice,muž,Ne,čtvrtek,červen,Židenice,,,,,,,,lehké zranění,"s přilbou (pouze u motocyklistů, příp. cyklistů)",řidičem motorového vozidla,"ve dne, viditelnost nezhoršená vlivem povětrnostních podmínek",na jízdním pruhu,řidič,dobrý -žádné nepříznivé okolnosti nebyly zjiště,den,,1,71303,1,71303,1,71303,4,30,1,1985,1,85,2015,0,0,1,0,0,2,6,1,640,6,-1160989.817,-594733.953,60206150962,2015/06/04 00:00:00+00,33000,30000,67061324-6351-4391-8706-d164efe8d78e
-603448.629000001,-1156742.29,884,Brno-Bystrc,ne,nesprávný způsob jízdy,jiný druh nehody,nehoda s následky na životě nebo zdraví,jiný druh nesprávného způsobu jízdy,"povrch suchý, neznečistěný",neztížené,dobré,parkoviště přiléhající ke komunikaci,komunikace místní,,,jízdní kolo,Brno-Bystrc,muž,Ne,sobota,květen,Bystrc,,,,,,,,lehké zranění,"s přilbou (pouze u motocyklistů, příp. cyklistů)",řidičem motorového vozidla,"ve dne, viditelnost nezhoršená vlivem povětrnostních podmínek",na jízdním pruhu,řidič,dobrý -žádné nepříznivé okolnosti nebyly zjiště,den,,1,71304,1,71304,1,71304,6,69,1,1946,1,46,2015,0,0,1,0,0,2,9,1,930,5,-1156742.29,-603448.629,60206150967,2015/05/16 00:00:00+00,1000,0,09bad5e3-c029-473f-9d6b-045786016a09
-597413.256999999,-1163714.774,885,Brno-jih,ne,nezaviněno řidičem,srážka s chodcem,nehoda s následky na životě nebo zdraví,nezaviněná řidičem,"povrch suchý, neznečistěný",neztížené,dobré,žádné nebo žádné z uvedených,komunikace místní,,,jízdní kolo,Brno-jih,muž,Ne,pátek,červen,Komárov,,,,,,,,bez zraněn,"bez přilby (pouze u motocyklistů, příp. cyklistů)",chodcem,"ve dne, viditelnost nezhoršená vlivem povětrnostních podmínek",na stezce pro cyklisty,řidič,dobrý -žádné nepříznivé okolnosti nebyly zjiště,den,,0,71305,1,71305,1,71305,5,43,1,1972,1,72,2015,0,0,1,0,0,1,16,1,1615,6,-1163714.774,-597413.257,60206150972,2015/06/05 00:00:00+00,0,0,53546fad-2b48-4452-8718-01a727ada246
-598328.691,-1158693.97,886,Brno-Královo Pole,ano,nesprávný způsob jízdy,havárie,nehoda s následky na životě nebo zdraví,řidič se plně nevěnoval řízení vozidla,"povrch suchý, neznečistěný",neztížené,dobré,žádné nebo žádné z uvedených,komunikace sledovaná (ve vybraných městech),,,jízdní kolo,Brno-Královo Pole,muž,"Ano, obsah alkoholu v krvi od 0,8‰ do 1,0‰",středa,červen,Ponava,,,,,,,,lehké zranění,"bez přilby (pouze u motocyklistů, příp. cyklistů)",řidičem nemotorového vozidla,"v noci - s veřejným osvětlením, viditelnost nezhoršená vlivem povětrnostních podmínek",na jízdním pruhu,řidič,"pod vlivem alkoholu, obsah alkoholu v krvi do 0,99 ‰",noc,,1,71306,1,71306,1,71306,3,36,1,1979,1,79,2015,0,0,1,0,0,1,22,1,2210,6,-1158693.97,-598328.691,60206151009,2015/06/10 00:00:00+00,2000,2000,40f277a0-3fb9-47f0-9986-4a4ddaf0082a
-598859.423999999,-1157186.499,887,Brno-Královo Pole,ne,nedání přenosti v jízdě,srážka s jedoucím nekolejovým vozidlem,nehoda s následky na životě nebo zdraví,při odbočování vlevo,"povrch suchý, neznečistěný",neztížené,dobré,žádné nebo žádné z uvedených,komunikace sledovaná (ve vybraných městech),,,jízdní kolo,Brno-Královo Pole,muž,Ne,čtvrtek,červen,Královo Pole,,,,,,,,lehké zranění,"bez přilby (pouze u motocyklistů, příp. cyklistů)",řidičem motorového vozidla,"ve dne, viditelnost nezhoršená vlivem povětrnostních podmínek",na jízdním pruhu,řidič,dobrý -žádné nepříznivé okolnosti nebyly zjiště,den,,1,71307,1,71307,1,71307,4,42,1,1973,1,73,2015,0,0,1,0,0,2,13,1,1340,6,-1157186.499,-598859.424,60206151014,2015/06/11 00:00:00+00,40000,10000,da9d8b1c-e4ec-4f24-a3c8-69fea0171524