X,Y,objectid_1,zuj,alkohol_vinik,hlavni_pricina,srazka,nasledky,pricina,stav_vozovky,povetrnostni_podm,rozhled,misto_nehody,druh_komun,pneumatiky,druh_pohonu,druh_vozidla,mestska_cast,pohlavi,alkohol,den_v_tydnu,mesic_t,katastr,chovani_chodce,stav_chodce,drogy_chodec,alkohol_chodec,osobni_prepravnik,reflexni_prvky,kategorie_chodce,nasledek,ozn_osoba,zavineni,viditelnost,situovani,osoba,stav_ridic,doba,smrt_po,lz,target_fid_1,join_count_1,objectid,join_count,target_fid,den,vek,smrt_dny,rok_nar,p48a,p59d,rok,tz,smrt,lehce_zran_os,tezce_zran_os,usmrceno_os,id_vozidla,hodina,ovlivneni_ridice,cas,mesic,e,d,id_nehody,datum,hmotna_skoda_1,skoda_vozidlo,globalid
-594210.778000001,-1161805.939,888,Brno-Židenice,ne,nedání přenosti v jízdě,srážka s jedoucím nekolejovým vozidlem,nehoda s následky na životě nebo zdraví,"jízda na ""červenou"" 3-barevného semaforu","povrch suchý, neznečistěný",neztížené,dobré,žádné nebo žádné z uvedených,uzel (křižovatka sledovaná ve vybraných městech),,,jízdní kolo,Brno-Židenice,muž,Ne,úterý,červen,Židenice,,,,,,,,lehké zranění,"s přilbou (pouze u motocyklistů, příp. cyklistů)",řidičem nemotorového vozidla,"ve dne, viditelnost nezhoršená vlivem povětrnostních podmínek",na jízdním pruhu,řidič,dobrý -žádné nepříznivé okolnosti nebyly zjiště,den,,1,71309,1,71309,1,71309,2,33,1,1982,1,82,2015,0,0,1,0,0,1,8,1,800,6,-1161805.939,-594210.778,60206151049,2015/06/16 00:00:00+00,7000,5000,eb91c380-86e0-4d39-9043-ac23e4e12e2c
-604194.962000001,-1155996.589,889,Brno-Bystrc,ne,nepřiměřená rychlost jízdy,havárie,nehoda s následky na životě nebo zdraví,"nepřizpůsobení rychlosti dopravně technickému stavu vozovky (zatáčka, klesání, stoupání, šířka vozovky apod.)","povrch suchý, neznečistěný",neztížené,dobré,žádné nebo žádné z uvedených,komunikace sledovaná (ve vybraných městech),,,jízdní kolo,Brno-Bystrc,muž,Ne,úterý,červen,Bystrc,,,,,,,,lehké zranění,"s přilbou (pouze u motocyklistů, příp. cyklistů)",řidičem nemotorového vozidla,"ve dne, viditelnost nezhoršená vlivem povětrnostních podmínek",na jízdním pruhu,řidič,dobrý -žádné nepříznivé okolnosti nebyly zjiště,den,,1,71310,1,71310,1,71310,2,41,1,1974,1,74,2015,0,0,1,0,0,1,16,1,1615,6,-1155996.589,-604194.962,60206151053,2015/06/16 00:00:00+00,1000,1000,7628cc25-32a0-486e-82ae-a404391589a6
-603219.570999999,-1156697.036,890,Brno-Bystrc,ne,nedání přenosti v jízdě,srážka s jedoucím nekolejovým vozidlem,nehoda s následky na životě nebo zdraví,při odbočování vlevo,"povrch suchý, neznečistěný",neztížené,dobré,přechod pro chodce,uzel (křižovatka sledovaná ve vybraných městech),,,jízdní kolo,Brno-Bystrc,muž,Ne,čtvrtek,červen,Bystrc,,,,,,,,lehké zranění,"s přilbou (pouze u motocyklistů, příp. cyklistů)",řidičem motorového vozidla,"ve dne, viditelnost nezhoršená vlivem povětrnostních podmínek",na jízdním pruhu,řidič,dobrý -žádné nepříznivé okolnosti nebyly zjiště,den,,1,71311,1,71311,1,71311,4,46,1,1969,1,69,2015,0,0,1,0,0,2,19,1,1930,6,-1156697.036,-603219.571,60206151069,2015/06/18 00:00:00+00,13000,3000,397346f5-12e9-4bf8-8452-6167dc9bbcf8
-599033.509,-1157150.861,891,Brno-Královo Pole,ano,nepřiměřená rychlost jízdy,"srážka s vozidlem zaparkovaným, odstaveným",nehoda s následky na životě nebo zdraví,jiný druh nepřiměřené rychlosti,"povrch suchý, neznečistěný",neztížené,dobré,parkoviště přiléhající ke komunikaci,komunikace místní,,,jízdní kolo,Brno-Královo Pole,muž,"Ano, obsah alkoholu v krvi 1,5‰ a více",čtvrtek,červen,Královo Pole,,,,,,,,lehké zranění,"bez přilby (pouze u motocyklistů, příp. cyklistů)",řidičem nemotorového vozidla,"v noci - s veřejným osvětlením, viditelnost nezhoršená vlivem povětrnostních podmínek",na jízdním pruhu,řidič,pod vlivem alkoholu obsah alkoholu v krvi 1 ‰ a víc,noc,,1,71312,1,71312,1,71312,4,21,1,1994,1,94,2015,0,0,1,0,0,1,22,1,2248,6,-1157150.861,-599033.509,60206151071,2015/06/18 00:00:00+00,26000,25000,a2c2a257-7f16-42ee-b920-c246b5d224e4
-597230.866,-1167029.328,892,Brno-jih,ne,nedání přenosti v jízdě,srážka s jedoucím nekolejovým vozidlem,nehoda s následky na životě nebo zdraví,při odbočování vlevo,povrch mokrý,déšť,dobré,žádné nebo žádné z uvedených,komunikace místní,,,jízdní kolo,Brno-jih,muž,Ne,pondělí,červen,Přízřenice,,,,,,,,lehké zranění,"s přilbou (pouze u motocyklistů, příp. cyklistů)",řidičem motorového vozidla,"ve dne, viditelnost nezhoršená vlivem povětrnostních podmínek",na jízdním pruhu,řidič,dobrý -žádné nepříznivé okolnosti nebyly zjiště,den,,1,71313,1,71313,1,71313,1,55,1,1960,1,60,2015,0,0,1,0,0,2,16,1,1637,6,-1167029.328,-597230.866,60206151101,2015/06/22 00:00:00+00,11000,1000,4a7ea235-017f-48ad-94bc-a8096c3df75d
-599968.337000001,-1155243.935,893,Brno-Medlánky,nezjišťováno,nesprávé předjíždění,srážka s jedoucím nekolejovým vozidlem,nehoda s následky na životě nebo zdraví,"při předjíždění došlo k ohrožení předjížděného řidiče vozidla (vynucované zařazení, předjížděný řidič musel prudce brzdit, měnit směr jízdy apod.)","povrch suchý, neznečistěný",neztížené,dobré,žádné nebo žádné z uvedených,komunikace místní,,,jízdní kolo,Brno-Medlánky,muž,Nezjišťován,úterý,červen,Medlánky,,,,,,,,lehké zranění,"s přilbou (pouze u motocyklistů, příp. cyklistů)",řidičem motorového vozidla,"ve dne, viditelnost nezhoršená vlivem povětrnostních podmínek",na jízdním pruhu,řidič,dobrý -žádné nepříznivé okolnosti nebyly zjiště,den,,1,71314,1,71314,1,71314,2,37,1,1978,1,78,2015,0,0,1,0,0,2,16,1,1645,6,-1155243.935,-599968.337,60206151112,2015/06/23 00:00:00+00,15000,10000,2ab42205-4333-4673-83cf-216769007683
-607300.403000001,-1155612.935,894,Brno-Bystrc,ne,nepřiměřená rychlost jízdy,havárie,nehoda s následky na životě nebo zdraví,jiný druh nepřiměřené rychlosti,"povrch suchý, neznečistěný",neztížené,dobré,žádné nebo žádné z uvedených,komunikace účelová - polní a lesní cesty atd.,,,jízdní kolo,Brno-Bystrc,muž,Ne,čtvrtek,červen,Bystrc,,,,,,,,těžké zranění,"s přilbou (pouze u motocyklistů, příp. cyklistů)",řidičem nemotorového vozidla,"ve dne, viditelnost nezhoršená vlivem povětrnostních podmínek",na jízdním pruhu,řidič,dobrý -žádné nepříznivé okolnosti nebyly zjiště,den,,0,71316,1,71316,1,71316,4,78,1,1937,1,37,2015,1,0,0,1,0,1,12,1,1205,6,-1155612.935,-607300.403,60206151125,2015/06/25 00:00:00+00,0,0,1a7b407c-a126-480b-a79d-a785a3f842bd
-598652.923999999,-1159260.456,895,Brno-střed,ne,nesprávný způsob jízdy,srážka s chodcem,nehoda s následky na životě nebo zdraví,řidič se plně nevěnoval řízení vozidla,"povrch suchý, neznečistěný",neztížené,dobré,žádné nebo žádné z uvedených,komunikace sledovaná (ve vybraných městech),,,jízdní kolo,Brno-střed,muž,Ne,čtvrtek,červenec,Veveří,,,,,,,,bez zraněn,"s přilbou (pouze u motocyklistů, příp. cyklistů)",řidičem nemotorového vozidla,"ve dne, viditelnost nezhoršená vlivem povětrnostních podmínek",na stezce pro cyklisty,řidič,dobrý -žádné nepříznivé okolnosti nebyly zjiště,den,,0,71318,1,71318,1,71318,4,47,1,1968,1,68,2015,0,0,1,0,0,1,12,1,1240,7,-1159260.456,-598652.924,60206151189,2015/07/02 00:00:00+00,0,0,fc81332d-49a5-47ff-a625-9f2ad0e2e0c2
-601376.366999999,-1160648.885,896,Brno-střed,ne,nedání přenosti v jízdě,jiný druh nehody,nehoda s následky na životě nebo zdraví,proti příkazu dopravní značky DEJ PŘEDNOST,"povrch suchý, neznečistěný",neztížené,dobré,žádné nebo žádné z uvedených,uzel (křižovatka sledovaná ve vybraných městech),,,jízdní kolo,Brno-střed,muž,Ne,čtvrtek,červenec,Pisárky,,,,,,,,lehké zranění,"s přilbou (pouze u motocyklistů, příp. cyklistů)",řidičem motorového vozidla,"ve dne, viditelnost nezhoršená vlivem povětrnostních podmínek",na jízdním pruhu,řidič,dobrý -žádné nepříznivé okolnosti nebyly zjiště,den,,1,71319,1,71319,1,71319,4,28,1,1987,1,87,2015,0,0,1,0,0,2,20,1,2025,7,-1160648.885,-601376.367,60206151195,2015/07/02 00:00:00+00,2000,1000,c6dd4166-fd21-4400-9fec-ead4300f7761
-598755.603999998,-1158907.167,897,Brno-Královo Pole,ano,nesprávný způsob jízdy,havárie,nehoda s následky na životě nebo zdraví,řidič se plně nevěnoval řízení vozidla,"povrch suchý, neznečistěný",neztížené,dobré,žádné nebo žádné z uvedených,komunikace místní,,,jízdní kolo,Brno-Královo Pole,muž,"Ano, obsah alkoholu v krvi od 0,8‰ do 1,0‰",sobota,červenec,Ponava,,,,,,,,lehké zranění,"bez přilby (pouze u motocyklistů, příp. cyklistů)",řidičem nemotorového vozidla,"ve dne, viditelnost nezhoršená vlivem povětrnostních podmínek",na stezce pro cyklisty,řidič,"pod vlivem alkoholu, obsah alkoholu v krvi do 0,99 ‰",den,,1,71320,1,71320,1,71320,6,29,1,1986,1,86,2015,0,0,1,0,0,1,20,1,2040,7,-1158907.167,-598755.604,60206151219,2015/07/04 00:00:00+00,1000,1000,e488b118-85a6-490c-be0b-245e3fcc420d
-597394.761999998,-1164042.459,898,Brno-jih,ne,nesprávný způsob jízdy,srážka s jedoucím nekolejovým vozidlem,nehoda s následky na životě nebo zdraví,řidič se plně nevěnoval řízení vozidla,"povrch suchý, neznečistěný",neztížené,dobré,žádné nebo žádné z uvedených,komunikace sledovaná (ve vybraných městech),,,jízdní kolo,Brno-jih,muž,Ne,neděle,červenec,Horní Heršpice,,,,,,,,lehké zranění,"s přilbou (pouze u motocyklistů, příp. cyklistů)",řidičem motorového vozidla,"ve dne, viditelnost nezhoršená vlivem povětrnostních podmínek",na jízdním pruhu,řidič,dobrý -žádné nepříznivé okolnosti nebyly zjiště,den,,1,71321,1,71321,1,71321,7,35,1,1980,1,80,2015,0,0,1,0,0,2,12,1,1220,7,-1164042.459,-597394.762,60206151260,2015/07/12 00:00:00+00,15000,5000,7af8fafe-8e57-4607-971b-70f8dbb79406
-598493.348999999,-1159619.115,899,Brno-střed,nezjišťováno,nesprávný způsob jízdy,srážka s jedoucím nekolejovým vozidlem,nehoda s následky na životě nebo zdraví,řidič se plně nevěnoval řízení vozidla,"povrch suchý, neznečistěný",neztížené,dobré,přechod pro chodce,uzel (křižovatka sledovaná ve vybraných městech),,,jízdní kolo,Brno-střed,muž,Nezjišťován,středa,červenec,Veveří,,,,,,,,lehké zranění,"s přilbou (pouze u motocyklistů, příp. cyklistů)",řidičem nemotorového vozidla,"v noci - s veřejným osvětlením, viditelnost nezhoršená vlivem povětrnostních podmínek",na jízdním pruhu,řidič,dobrý -žádné nepříznivé okolnosti nebyly zjiště,noc,,1,71323,1,71323,1,71323,3,37,1,1978,1,78,2015,0,0,1,0,0,2,23,1,2300,7,-1159619.115,-598493.349,60206151276,2015/07/01 00:00:00+00,7000,0,b37d2bc5-ea0e-46ca-90f7-66ed4318ec79
-604875.723999999,-1154337.228,900,Brno-Kníničky,nezjišťováno,nesprávný způsob jízdy,havárie,nehoda s následky na životě nebo zdraví,řidič se plně nevěnoval řízení vozidla,"povrch suchý, neznečistěný",neztížené,dobré,žádné nebo žádné z uvedených,komunikace místní,,,jízdní kolo,Brno-Kníničky,muž,Nezjišťován,středa,červenec,Kníničky,,,,,,,,lehké zranění,"bez přilby (pouze u motocyklistů, příp. cyklistů)",řidičem nemotorového vozidla,"ve dne, viditelnost nezhoršená vlivem povětrnostních podmínek",na jízdním pruhu,řidič,dobrý -žádné nepříznivé okolnosti nebyly zjiště,den,,1,71324,1,71324,1,71324,3,61,1,1954,1,54,2015,0,0,1,0,0,1,12,1,1220,7,-1154337.228,-604875.724,60206151279,2015/07/15 00:00:00+00,0,0,8cc43c4b-24d7-4b95-adb9-e9cd1084d765
-602588.903999999,-1160498.258,901,Brno-Kohoutovice,ano,nepřiměřená rychlost jízdy,havárie,nehoda s následky na životě nebo zdraví,"nepřizpůsobení rychlosti dopravně technickému stavu vozovky (zatáčka, klesání, stoupání, šířka vozovky apod.)","povrch suchý, neznečistěný",neztížené,dobré,žádné nebo žádné z uvedených,komunikace sledovaná (ve vybraných městech),,,jízdní kolo,Brno-Kohoutovice,muž,"Ano, obsah alkoholu v krvi 1,5‰ a více",čtvrtek,červenec,Pisárky,,,,,,,,lehké zranění,"bez přilby (pouze u motocyklistů, příp. cyklistů)",řidičem nemotorového vozidla,"v noci - bez veřejného osvětlení, viditelnost nezhoršená vlivem povětrnostních podmínek",na jízdním pruhu,řidič,pod vlivem alkoholu obsah alkoholu v krvi 1 ‰ a víc,noc,,1,71325,1,71325,1,71325,4,35,1,1980,1,80,2015,0,0,1,0,0,1,1,0,10,7,-1160498.258,-602588.904,60206151285,2015/07/16 00:00:00+00,2000,2000,3d0c4ef4-270e-46d6-a877-4d680e0ad0e6
-598347.096999999,-1159013.793,902,Brno-Královo Pole,ano,nesprávný způsob jízdy,havárie,nehoda s následky na životě nebo zdraví,nezvládnutí řízení vozidla,"povrch suchý, neznečistěný",neztížené,dobré,v blízkosti přechodu pro chodce (do vzdálenosti 20 m),komunikace sledovaná (ve vybraných městech),,,jízdní kolo,Brno-Královo Pole,žena,"Ano, obsah alkoholu v krvi 1,5‰ a více",čtvrtek,červenec,Ponava,,,,,,,,lehké zranění,"bez přilby (pouze u motocyklistů, příp. cyklistů)",řidičem nemotorového vozidla,"v noci - s veřejným osvětlením, viditelnost nezhoršená vlivem povětrnostních podmínek",na jízdním pruhu,řidič,pod vlivem alkoholu obsah alkoholu v krvi 1 ‰ a víc,noc,,1,71326,1,71326,1,71326,4,29,1,1986,1,86,2015,0,0,1,0,0,1,23,1,2320,7,-1159013.793,-598347.097,60206151293,2015/07/16 00:00:00+00,1000,1000,ec4f7dee-1942-4ee9-b517-4070ef1adcb7
-596662.633000001,-1164497.625,903,Brno-jih,ne,nedání přenosti v jízdě,srážka s jedoucím nekolejovým vozidlem,nehoda s následky na životě nebo zdraví,při vjíždění na silnici,"povrch suchý, neznečistěný",neztížené,dobré,žádné nebo žádné z uvedených,komunikace sledovaná (ve vybraných městech),,,jízdní kolo,Brno-jih,žena,Ne,pátek,červenec,Horní Heršpice,,,,,,,,lehké zranění,"bez přilby (pouze u motocyklistů, příp. cyklistů)",řidičem nemotorového vozidla,"ve dne, viditelnost nezhoršená vlivem povětrnostních podmínek",na jízdním pruhu,řidič,dobrý -žádné nepříznivé okolnosti nebyly zjiště,den,,1,71327,1,71327,1,71327,5,46,1,1969,1,69,2015,0,0,1,0,0,1,15,1,1555,7,-1164497.625,-596662.633,60206151347,2015/07/24 00:00:00+00,40000,30000,98357a18-d696-4cc1-8e2e-2fa74c4fdfb8
-599236.232999999,-1162787.181,904,Brno-střed,ne,nedání přenosti v jízdě,srážka s jedoucím nekolejovým vozidlem,nehoda s následky na životě nebo zdraví,při odbočování vlevo,"povrch suchý, neznečistěný",neztížené,dobré,žádné nebo žádné z uvedených,uzel (křižovatka sledovaná ve vybraných městech),,,jízdní kolo,Brno-střed,žena,Ne,pondělí,červenec,Štýřice,,,,,,,,lehké zranění,"s přilbou (pouze u motocyklistů, příp. cyklistů)",řidičem motorového vozidla,"ve dne, viditelnost nezhoršená vlivem povětrnostních podmínek",na jízdním pruhu,řidič,dobrý -žádné nepříznivé okolnosti nebyly zjiště,den,,1,71328,1,71328,1,71328,1,22,1,1993,1,93,2015,0,0,1,0,0,2,15,1,1515,7,-1162787.181,-599236.233,60206151364,2015/07/27 00:00:00+00,16000,10000,da19a735-47b4-469b-8398-c6f7f10e85ca
-596698.640000001,-1161040.821,905,Brno-střed,ne,nepřiměřená rychlost jízdy,havárie,nehoda s následky na životě nebo zdraví,jiný druh nepřiměřené rychlosti,"povrch suchý, neznečistěný",neztížené,dobré,žádné nebo žádné z uvedených,komunikace místní,,,jízdní kolo,Brno-střed,muž,Ne,sobota,srpen,Trnitá,,,,,,,,lehké zranění,"s přilbou (pouze u motocyklistů, příp. cyklistů)",řidičem nemotorového vozidla,"ve dne, viditelnost nezhoršená vlivem povětrnostních podmínek",na stezce pro cyklisty,řidič,dobrý -žádné nepříznivé okolnosti nebyly zjiště,den,,1,71329,1,71329,1,71329,6,52,1,1963,1,63,2015,0,0,1,0,0,1,19,1,1900,8,-1161040.821,-596698.64,60206151402,2015/08/01 00:00:00+00,1000,1000,bad67591-b311-4bde-9322-4c5f90aa8b6c
-599105.057999998,-1162393.77,906,Brno-střed,ano,nesprávný způsob jízdy,havárie,nehoda s následky na životě nebo zdraví,řidič se plně nevěnoval řízení vozidla,"povrch suchý, neznečistěný",neztížené,dobré,žádné nebo žádné z uvedených,komunikace místní,,,jízdní kolo,Brno-střed,muž,"Ano, obsah alkoholu v krvi 1,5‰ a více",neděle,srpen,Štýřice,,,,,,,,lehké zranění,"bez přilby (pouze u motocyklistů, příp. cyklistů)",řidičem nemotorového vozidla,"ve dne, viditelnost nezhoršená vlivem povětrnostních podmínek",na jízdním pruhu,řidič,pod vlivem alkoholu obsah alkoholu v krvi 1 ‰ a víc,den,,1,71330,1,71330,1,71330,7,30,1,1985,3,85,2015,0,0,1,0,0,1,14,1,1410,8,-1162393.77,-599105.058,60206151407,2015/08/02 00:00:00+00,1000,1000,1791052d-b837-4bc5-b7e0-896fa6c7be44
-601876.337000001,-1163490.463,907,Brno-Starý Lískovec,ano,nepřiměřená rychlost jízdy,havárie,nehoda s následky na životě nebo zdraví,"nepřizpůsobení rychlosti dopravně technickému stavu vozovky (zatáčka, klesání, stoupání, šířka vozovky apod.)",povrch mokrý,neztížené,dobré,parkoviště přiléhající ke komunikaci,komunikace místní,,,jízdní kolo,Brno-Starý Lískovec,muž,"Ano, obsah alkoholu v krvi 1,5‰ a více",neděle,srpen,Starý Lískovec,,,,,,,,lehké zranění,"bez přilby (pouze u motocyklistů, příp. cyklistů)",řidičem nemotorového vozidla,"ve dne, viditelnost nezhoršená vlivem povětrnostních podmínek",na jízdním pruhu,řidič,pod vlivem alkoholu obsah alkoholu v krvi 1 ‰ a víc,den,,1,71331,1,71331,1,71331,7,30,1,1985,1,85,2015,0,0,1,0,0,1,16,1,1655,8,-1163490.463,-601876.337,60206151409,2015/08/02 00:00:00+00,0,0,0ec2b268-5854-4f0c-b9de-bb3ce27703f3
-600325.912,-1163230.743,908,Brno-Bohunice,ne,nedání přenosti v jízdě,srážka s jedoucím nekolejovým vozidlem,nehoda s následky na životě nebo zdraví,při odbočování vlevo,"povrch suchý, neznečistěný",neztížené,dobré,žádné nebo žádné z uvedených,uzel (křižovatka sledovaná ve vybraných městech),,,jízdní kolo,Brno-Bohunice,žena,Ne,středa,srpen,Bohunice,,,,,,,,těžké zranění,"bez přilby (pouze u motocyklistů, příp. cyklistů)",řidičem motorového vozidla,"ve dne, viditelnost nezhoršená vlivem povětrnostních podmínek",na jízdním pruhu,řidič,dobrý -žádné nepříznivé okolnosti nebyly zjiště,den,,0,71332,1,71332,1,71332,3,27,1,1988,1,88,2015,1,0,0,1,0,2,17,1,1715,8,-1163230.743,-600325.912,60206151431,2015/08/05 00:00:00+00,10000,5000,d3ac4e53-5662-46b9-84de-4e64f0ef5676
-601483.956,-1158926.337,909,Brno-Žabovřesky,ne,nepřiměřená rychlost jízdy,srážka s jedoucím nekolejovým vozidlem,nehoda s následky na životě nebo zdraví,"nepřizpůsobení rychlosti dopravně technickému stavu vozovky (zatáčka, klesání, stoupání, šířka vozovky apod.)","povrch suchý, neznečistěný",neztížené,dobré,žádné nebo žádné z uvedených,komunikace místní,,,jízdní kolo,Brno-Žabovřesky,muž,Ne,pátek,srpen,Žabovřesky,,,,,,,,lehké zranění,"bez přilby (pouze u motocyklistů, příp. cyklistů)",řidičem nemotorového vozidla,"ve dne, viditelnost nezhoršená vlivem povětrnostních podmínek",na jízdním pruhu,řidič,dobrý -žádné nepříznivé okolnosti nebyly zjiště,den,,1,71335,1,71335,1,71335,5,37,1,1978,1,78,2015,0,0,1,0,0,1,19,1,1935,8,-1158926.337,-601483.956,60206151450,2015/08/07 00:00:00+00,21000,1000,c17eaad3-7910-4f77-b816-9a3add55ad6a
-596594.263,-1160250.703,910,Brno-sever,ano,nesprávný způsob jízdy,srážka s pevnou překážkou,nehoda s následky na životě nebo zdraví,řidič se plně nevěnoval řízení vozidla,"povrch suchý, neznečistěný",neztížené,dobré,žádné nebo žádné z uvedených,komunikace účelová - polní a lesní cesty atd.,,,jízdní kolo,Brno-sever,muž,"Ano, obsah alkoholu v krvi 1,5‰ a více",neděle,srpen,Zábrdovice,,,,,,,,lehké zranění,"bez přilby (pouze u motocyklistů, příp. cyklistů)",řidičem nemotorového vozidla,"v noci - bez veřejného osvětlení, viditelnost nezhoršená vlivem povětrnostních podmínek",na stezce pro cyklisty,řidič,pod vlivem alkoholu obsah alkoholu v krvi 1 ‰ a víc,noc,,1,71336,1,71336,1,71336,7,34,1,1981,1,81,2015,0,0,1,0,0,1,22,1,2242,8,-1160250.703,-596594.263,60206151463,2015/08/09 00:00:00+00,1000,1000,7c0b4286-68c5-45c9-95ac-282dfdb98b4a
-595011.908,-1158270.628,911,Brno-Maloměřice a Obřany,ne,nedání přenosti v jízdě,srážka s jedoucím nekolejovým vozidlem,nehoda s následky na životě nebo zdraví,při vjíždění na silnici,"povrch suchý, neznečistěný",neztížené,dobré,žádné nebo žádné z uvedených,komunikace místní,,,jízdní kolo,Brno-Maloměřice a Obřany,muž,Ne,pondělí,srpen,Maloměřice,,,,,,,,těžké zranění,"s přilbou (pouze u motocyklistů, příp. cyklistů)",řidičem nemotorového vozidla,"ve dne, viditelnost nezhoršená vlivem povětrnostních podmínek",na jízdním pruhu,řidič,dobrý -žádné nepříznivé okolnosti nebyly zjiště,den,,0,71337,1,71337,1,71337,1,63,1,1952,1,52,2015,1,0,0,1,0,1,6,1,627,8,-1158270.628,-595011.908,60206151464,2015/08/10 00:00:00+00,26000,10000,b64cc867-2223-4d3b-81d5-4c3b90cbaa4c
-606407.02,-1153646.357,912,Brno-Bystrc,ne,nesprávný způsob jízdy,havárie,nehoda s následky na životě nebo zdraví,řidič se plně nevěnoval řízení vozidla,"povrch suchý, neznečistěný",neztížené,dobré,žádné nebo žádné z uvedených,komunikace místní,,,jízdní kolo,Brno-Bystrc,muž,Ne,pondělí,srpen,Bystrc,,,,,,,,lehké zranění,"s přilbou (pouze u motocyklistů, příp. cyklistů)",řidičem nemotorového vozidla,"ve dne, viditelnost nezhoršená vlivem povětrnostních podmínek",na jízdním pruhu,řidič,dobrý -žádné nepříznivé okolnosti nebyly zjiště,den,,1,71338,1,71338,1,71338,1,47,1,1968,1,68,2015,0,0,1,0,0,1,17,1,1745,8,-1153646.357,-606407.02,60206151469,2015/08/10 00:00:00+00,2000,2000,454a80cc-5ff0-4c16-ad54-79869169bf0a
-596507.177000001,-1161608.651,913,Brno-Černovice,ano,nesprávný způsob jízdy,"srážka s vozidlem zaparkovaným, odstaveným",nehoda pouze s hmotnou škodou,řidič se plně nevěnoval řízení vozidla,"povrch suchý, neznečistěný",neztížené,dobré,žádné nebo žádné z uvedených,komunikace sledovaná (ve vybraných městech),,,jízdní kolo,Brno-Černovice,muž,"Ano, obsah alkoholu v krvi 1,5‰ a více",čtvrtek,srpen,Černovice,,,,,,,,bez zraněn,"bez přilby (pouze u motocyklistů, příp. cyklistů)",řidičem nemotorového vozidla,"v noci - s veřejným osvětlením, viditelnost nezhoršená vlivem povětrnostních podmínek",na jízdním pruhu,řidič,pod vlivem alkoholu obsah alkoholu v krvi 1 ‰ a víc,noc,,0,71340,1,71340,1,71340,4,30,1,1985,1,85,2015,0,0,0,0,0,1,2,1,25,8,-1161608.651,-596507.177,60206151493,2015/08/13 00:00:00+00,5000,5000,7387295c-391d-4fcd-9ce9-71b213935a7a
-596907.122000001,-1159841.474,914,Brno-sever,ne,nedání přenosti v jízdě,srážka s jedoucím nekolejovým vozidlem,nehoda s následky na životě nebo zdraví,při odbočování vlevo,povrch mokrý,déšť,dobré,žádné nebo žádné z uvedených,uzel (křižovatka sledovaná ve vybraných městech),,,jízdní kolo,Brno-sever,muž,Ne,pondělí,srpen,Zábrdovice,,,,,,,,těžké zranění,"s přilbou (pouze u motocyklistů, příp. cyklistů)",řidičem motorového vozidla,"v noci - s veřejným osvětlením, zhoršená viditelnost vlivem povětrnostních podmínek (mlha, déšť, sněžení apod.)",na jízdním pruhu,řidič,dobrý -žádné nepříznivé okolnosti nebyly zjiště,noc,,0,71342,1,71342,1,71342,1,46,1,1969,1,69,2015,1,0,0,1,0,2,21,1,2105,8,-1159841.474,-596907.122,60206151517,2015/08/17 00:00:00+00,17000,10000,94d85cd0-ca1b-4f97-b806-7e85a75aa50c
-601106.381000001,-1158080.31,915,Brno-Komín,ano,nesprávný způsob jízdy,"srážka s vozidlem zaparkovaným, odstaveným",nehoda pouze s hmotnou škodou,řidič se plně nevěnoval řízení vozidla,"povrch suchý, neznečistěný",neztížené,dobré,parkoviště přiléhající ke komunikaci,komunikace sledovaná (ve vybraných městech),,,jízdní kolo,Brno-Komín,muž,"Ano, obsah alkoholu v krvi od 0,8‰ do 1,0‰",čtvrtek,srpen,Komín,,,,,,,,bez zraněn,"bez přilby (pouze u motocyklistů, příp. cyklistů)",řidičem nemotorového vozidla,"v noci - s veřejným osvětlením, viditelnost nezhoršená vlivem povětrnostních podmínek",na chodníku nebo ostrůvku,řidič,"pod vlivem alkoholu, obsah alkoholu v krvi do 0,99 ‰",noc,,0,71343,1,71343,1,71343,4,65,1,1950,1,50,2015,0,0,0,0,0,1,21,1,2140,8,-1158080.31,-601106.381,60206151542,2015/08/20 00:00:00+00,10000,10000,12938d35-c6cb-41c0-99e9-a522e21c2d56
-595339.322999999,-1165830.472,916,Brno-Tuřany,ne,nepřiměřená rychlost jízdy,havárie,nehoda s následky na životě nebo zdraví,"nepřizpůsobení rychlosti dopravně technickému stavu vozovky (zatáčka, klesání, stoupání, šířka vozovky apod.)","povrch suchý, neznečistěný",neztížené,dobré,žádné nebo žádné z uvedených,komunikace sledovaná (ve vybraných městech),,,jízdní kolo,Brno-Tuřany,žena,Ne,sobota,srpen,Brněnské Ivanovice,,,,,,,,lehké zranění,"bez přilby (pouze u motocyklistů, příp. cyklistů)",řidičem nemotorového vozidla,"ve dne, viditelnost nezhoršená vlivem povětrnostních podmínek",na jízdním pruhu,řidič,dobrý -žádné nepříznivé okolnosti nebyly zjiště,den,,1,71344,1,71344,1,71344,6,52,1,1963,1,63,2015,0,0,1,0,0,1,12,1,1235,8,-1165830.472,-595339.323,60206151549,2015/08/22 00:00:00+00,1000,1000,78715f2e-7fef-465a-b81f-f4a18b5fa5a1