X,Y,objectid_1,zuj,alkohol_vinik,hlavni_pricina,srazka,nasledky,pricina,stav_vozovky,povetrnostni_podm,rozhled,misto_nehody,druh_komun,pneumatiky,druh_pohonu,druh_vozidla,mestska_cast,pohlavi,alkohol,den_v_tydnu,mesic_t,katastr,chovani_chodce,stav_chodce,drogy_chodec,alkohol_chodec,osobni_prepravnik,reflexni_prvky,kategorie_chodce,nasledek,ozn_osoba,zavineni,viditelnost,situovani,osoba,stav_ridic,doba,smrt_po,lz,target_fid_1,join_count_1,objectid,join_count,target_fid,den,vek,smrt_dny,rok_nar,p48a,p59d,rok,tz,smrt,lehce_zran_os,tezce_zran_os,usmrceno_os,id_vozidla,hodina,ovlivneni_ridice,cas,mesic,e,d,id_nehody,datum,hmotna_skoda_1,skoda_vozidlo,globalid
-598666.443,-1159730.698,917,Brno-střed,ne,nedání přenosti v jízdě,srážka s chodcem,nehoda pouze s hmotnou škodou,chodci na vyznačeném přechodu,"povrch suchý, neznečistěný",neztížené,dobré,přechod pro chodce,uzel (křižovatka sledovaná ve vybraných městech),,,jízdní kolo,Brno-střed,žena,Ne,pondělí,srpen,Veveří,,,,,,,,bez zraněn,"s přilbou (pouze u motocyklistů, příp. cyklistů)",řidičem nemotorového vozidla,"ve dne, viditelnost nezhoršená vlivem povětrnostních podmínek",na stezce pro cyklisty,řidič,dobrý -žádné nepříznivé okolnosti nebyly zjiště,den,,0,71346,1,71346,1,71346,1,19,1,1996,1,96,2015,0,0,0,0,0,1,16,1,1655,8,-1159730.698,-598666.443,60206151557,2015/08/24 00:00:00+00,2000,0,205cdbcb-afbd-430f-a101-470020841a5b
-591242.120000001,-1159462.39,918,Brno-Líšeň,ne,nesprávný způsob jízdy,havárie,nehoda s následky na životě nebo zdraví,"jízda po nesprávné straně vozovky, vjetí do protisměru","povrch suchý, neznečistěný",neztížené,dobré,žádné nebo žádné z uvedených,komunikace místní,,,jízdní kolo,Brno-Líšeň,muž,Ne,pondělí,srpen,Líšeň,,,,,,,,bez zraněn,"bez přilby (pouze u motocyklistů, příp. cyklistů)",řidičem nemotorového vozidla,"v noci - s veřejným osvětlením, viditelnost nezhoršená vlivem povětrnostních podmínek",na jízdním pruhu,řidič,dobrý -žádné nepříznivé okolnosti nebyly zjiště,den,,0,71347,1,71347,1,71347,1,68,1,1947,1,47,2015,0,0,1,0,0,1,20,1,2025,8,-1159462.39,-591242.12,60206151558,2015/08/24 00:00:00+00,10000,10000,f1abfc81-370e-4ab8-bf6b-e81230a02a05
-603017.203000002,-1157216.145,919,Brno-Komín,ne,nesprávný způsob jízdy,srážka s jedoucím nekolejovým vozidlem,nehoda s následky na životě nebo zdraví,řidič se plně nevěnoval řízení vozidla,"povrch suchý, neznečistěný",neztížené,dobré,přechod pro chodce,komunikace sledovaná (ve vybraných městech),,,jízdní kolo,Brno-Komín,muž,Ne,úterý,srpen,Komín,,,,,,,,lehké zranění,"s přilbou (pouze u motocyklistů, příp. cyklistů)",řidičem nemotorového vozidla,"ve dne, viditelnost nezhoršená vlivem povětrnostních podmínek",na jízdním pruhu,řidič,dobrý -žádné nepříznivé okolnosti nebyly zjiště,den,,1,71348,1,71348,1,71348,2,36,1,1979,1,79,2015,0,0,1,0,0,1,18,1,1820,8,-1157216.145,-603017.203,60206151566,2015/08/25 00:00:00+00,55000,5000,94fbfbe6-b248-4004-9552-6b8b161d9fc7
-593843.995999999,-1160578.305,920,Brno-Líšeň,ne,nedání přenosti v jízdě,srážka s jedoucím nekolejovým vozidlem,nehoda s následky na životě nebo zdraví,při odbočování vlevo,"povrch suchý, neznečistěný",neztížené,dobré,žádné nebo žádné z uvedených,uzel (křižovatka sledovaná ve vybraných městech),,,jízdní kolo,Brno-Líšeň,muž,Ne,pátek,srpen,Líšeň,,,,,,,,lehké zranění,"s přilbou (pouze u motocyklistů, příp. cyklistů)",řidičem motorového vozidla,"v noci - s veřejným osvětlením, viditelnost nezhoršená vlivem povětrnostních podmínek",žádné z uvedenýc,řidič,dobrý -žádné nepříznivé okolnosti nebyly zjiště,den,,1,71350,1,71350,1,71350,5,60,1,1955,1,55,2015,0,0,1,0,0,2,20,1,2035,8,-1160578.305,-593843.996,60206151586,2015/08/28 00:00:00+00,17000,5000,c167807f-ffb5-4114-90e1-23b24265e25e
-598851.039999999,-1157183.073,921,Brno-Královo Pole,ne,nepřiměřená rychlost jízdy,havárie,nehoda s následky na životě nebo zdraví,"nepřizpůsobení rychlosti dopravně technickému stavu vozovky (zatáčka, klesání, stoupání, šířka vozovky apod.)","povrch suchý, neznečistěný",neztížené,dobré,žádné nebo žádné z uvedených,komunikace sledovaná (ve vybraných městech),,,jízdní kolo,Brno-Královo Pole,muž,Ne,úterý,září,Královo Pole,,,,,,,,těžké zranění,"s přilbou (pouze u motocyklistů, příp. cyklistů)",řidičem nemotorového vozidla,"ve dne, viditelnost nezhoršená vlivem povětrnostních podmínek",na jízdním pruhu,řidič,dobrý -žádné nepříznivé okolnosti nebyly zjiště,den,,0,71351,1,71351,1,71351,2,53,1,1962,1,62,2015,1,0,0,1,0,1,6,1,630,9,-1157183.073,-598851.04,60206151606,2015/09/01 00:00:00+00,0,0,73bf5eb6-6b13-4f59-8238-fc3c852bf9e4
-600398.397,-1157917.058,922,Brno-Žabovřesky,ne,nepřiměřená rychlost jízdy,srážka s jedoucím nekolejovým vozidlem,nehoda s následky na životě nebo zdraví,nepřizpůsobení rychlosti intenzitě (hustotě) provozu,"povrch suchý, neznečistěný",neztížené,dobré,přechod pro chodce,uzel (křižovatka sledovaná ve vybraných městech),,,jízdní kolo,Brno-Žabovřesky,muž,Ne,čtvrtek,září,Žabovřesky,,,,,,,,lehké zranění,"s přilbou (pouze u motocyklistů, příp. cyklistů)",řidičem nemotorového vozidla,"ve dne, viditelnost nezhoršená vlivem povětrnostních podmínek",na jízdním pruhu,řidič,dobrý -žádné nepříznivé okolnosti nebyly zjiště,den,,1,71352,1,71352,1,71352,4,26,1,1989,1,89,2015,0,0,1,0,0,1,16,1,1600,9,-1157917.058,-600398.397,60206151629,2015/09/03 00:00:00+00,30000,30000,6a3d1e11-9d7a-45e0-b4ab-efa7087b5a93
-594176.480999999,-1163197.063,923,Brno-Černovice,nezjišťováno,nesprávný způsob jízdy,"srážka s vozidlem zaparkovaným, odstaveným",nehoda s následky na životě nebo zdraví,řidič se plně nevěnoval řízení vozidla,"povrch suchý, neznečistěný",neztížené,dobré,žádné nebo žádné z uvedených,komunikace místní,,,jízdní kolo,Brno-Černovice,žena,Nezjišťován,pondělí,září,Černovice,,,,,,,,lehké zranění,"s přilbou (pouze u motocyklistů, příp. cyklistů)",řidičem nemotorového vozidla,"v noci - bez veřejného osvětlení, viditelnost nezhoršená vlivem povětrnostních podmínek",na stezce pro cyklisty,řidič,dobrý -žádné nepříznivé okolnosti nebyly zjiště,noc,,1,71355,1,71355,1,71355,1,25,1,1990,1,90,2015,0,0,1,0,0,1,4,1,455,9,-1163197.063,-594176.481,60206151704,2015/09/14 00:00:00+00,13000,3000,d32d5b55-8fe0-4537-9483-2e7a152444d3
-597690.828000002,-1165684.44,924,Brno-jih,ne,nesprávný způsob jízdy,havárie,nehoda s následky na životě nebo zdraví,řidič se plně nevěnoval řízení vozidla,"povrch suchý, neznečistěný",neztížené,dobré,žádné nebo žádné z uvedených,komunikace sledovaná (ve vybraných městech),,,jízdní kolo,Brno-jih,muž,Ne,čtvrtek,září,Dolní Heršpice,,,,,,,,těžké zranění,"bez přilby (pouze u motocyklistů, příp. cyklistů)",řidičem nemotorového vozidla,"v noci - s veřejným osvětlením, viditelnost nezhoršená vlivem povětrnostních podmínek",na jízdním pruhu,řidič,dobrý -žádné nepříznivé okolnosti nebyly zjiště,noc,,0,71356,1,71356,1,71356,4,56,1,1959,1,59,2015,1,0,0,1,0,1,2,1,215,9,-1165684.44,-597690.828,60206151731,2015/09/17 00:00:00+00,1000,1000,d66929d7-3041-4f9c-9376-c2b90dc8801e
-594218.789999999,-1161849.147,925,Brno-Židenice,ano,nedání přenosti v jízdě,srážka s jedoucím nekolejovým vozidlem,nehoda pouze s hmotnou škodou,"jízda na ""červenou"" 3-barevného semaforu","povrch suchý, neznečistěný",neztížené,dobré,žádné nebo žádné z uvedených,uzel (křižovatka sledovaná ve vybraných městech),,,jízdní kolo,Brno-Židenice,muž,"Ano, obsah alkoholu v krvi od 1,0‰ do 1,5‰",čtvrtek,září,Židenice,,,,,,,,bez zraněn,"bez přilby (pouze u motocyklistů, příp. cyklistů)",řidičem nemotorového vozidla,"ve dne, viditelnost nezhoršená vlivem povětrnostních podmínek",na jízdním pruhu,řidič,pod vlivem alkoholu obsah alkoholu v krvi 1 ‰ a víc,den,,0,71358,1,71358,1,71358,4,24,1,1991,1,91,2015,0,0,0,0,0,1,18,1,1830,9,-1161849.147,-594218.79,60206151791,2015/09/24 00:00:00+00,5000,5000,f1a21181-2dcd-4094-abb5-3811d263fb56
-596073.521000002,-1157256.225,926,Brno-sever,ne,nesprávný způsob jízdy,srážka s jedoucím nekolejovým vozidlem,nehoda s následky na životě nebo zdraví,řidič se plně nevěnoval řízení vozidla,"povrch suchý, neznečistěný",neztížené,dobré,žádné nebo žádné z uvedených,komunikace místní,,,jízdní kolo,Brno-sever,muž,Ne,pátek,září,Lesná,,,,,,,,lehké zranění,"s přilbou (pouze u motocyklistů, příp. cyklistů)",řidičem nemotorového vozidla,"ve dne, viditelnost nezhoršená vlivem povětrnostních podmínek",na jízdním pruhu,řidič,dobrý -žádné nepříznivé okolnosti nebyly zjiště,den,,1,71359,1,71359,1,71359,5,30,1,1985,1,85,2015,0,0,1,0,0,1,7,1,700,9,-1157256.225,-596073.521,60206151794,2015/09/25 00:00:00+00,15000,5000,d83418c6-0fe7-4916-b5f4-cdd62fce23b4
-597159.960999999,-1160463.098,927,Brno-střed,nezjišťováno,nesprávný způsob jízdy,jiný druh nehody,nehoda s následky na životě nebo zdraví,řidič se plně nevěnoval řízení vozidla,"povrch suchý, neznečistěný",neztížené,dobré,žádné nebo žádné z uvedených,komunikace sledovaná (ve vybraných městech),,,jízdní kolo,Brno-střed,muž,Nezjišťován,pondělí,říjen,Zábrdovice,,,,,,,,lehké zranění,"bez přilby (pouze u motocyklistů, příp. cyklistů)",řidičem motorového vozidla,"ve dne, viditelnost nezhoršená vlivem povětrnostních podmínek",na jízdním pruhu,řidič,dobrý -žádné nepříznivé okolnosti nebyly zjiště,den,,1,71360,1,71360,1,71360,1,63,1,1952,1,52,2015,0,0,1,0,0,2,9,1,900,10,-1160463.098,-597159.961,60206151858,2015/10/05 00:00:00+00,0,0,9fb50269-3115-4cef-9fa9-1ec07e690ff8
-601921.763,-1160367.518,928,Brno-Kohoutovice,ne,nedání přenosti v jízdě,srážka s jedoucím nekolejovým vozidlem,nehoda s následky na životě nebo zdraví,při odbočování vlevo,"povrch suchý, neznečistěný",neztížené,dobré,žádné nebo žádné z uvedených,komunikace sledovaná (ve vybraných městech),,,jízdní kolo,Brno-Kohoutovice,muž,Ne,středa,říjen,Pisárky,,,,,,,,lehké zranění,"s přilbou (pouze u motocyklistů, příp. cyklistů)",řidičem motorového vozidla,"v noci - s veřejným osvětlením, viditelnost nezhoršená vlivem povětrnostních podmínek",na jízdním pruhu,řidič,dobrý -žádné nepříznivé okolnosti nebyly zjiště,noc,,1,71361,1,71361,1,71361,3,26,1,1989,1,89,2015,0,0,1,0,0,2,21,1,2110,10,-1160367.518,-601921.763,60206151876,2015/10/07 00:00:00+00,31000,10000,9e117984-5a07-4d26-8a14-fb75684ce2c8
-596964.335000001,-1159484.457,929,Brno-sever,ne,nedání přenosti v jízdě,srážka s jedoucím nekolejovým vozidlem,nehoda s následky na životě nebo zdraví,proti příkazu dopravní značky DEJ PŘEDNOST,povrch mokrý,"na počátku deště, slabý déšť, mrholení apod.",dobré,v blízkosti přechodu pro chodce (do vzdálenosti 20 m),komunikace sledovaná (ve vybraných městech),,,jízdní kolo,Brno-sever,žena,Ne,pátek,říjen,Černá Pole,,,,,,,,lehké zranění,"bez přilby (pouze u motocyklistů, příp. cyklistů)",řidičem motorového vozidla,"v noci - s veřejným osvětlením, viditelnost nezhoršená vlivem povětrnostních podmínek",na jízdním pruhu,řidič,dobrý -žádné nepříznivé okolnosti nebyly zjiště,den,,1,71362,1,71362,1,71362,5,54,1,1961,1,61,2015,0,0,1,0,0,3,6,4,625,10,-1159484.457,-596964.335,60206151887,2015/10/09 00:00:00+00,11000,0,b33992e4-1bbe-401b-abff-b62364ae00f7
-599025.351,-1157879.614,930,Brno-Královo Pole,ne,nedání přenosti v jízdě,srážka s jedoucím nekolejovým vozidlem,nehoda s následky na životě nebo zdraví,proti příkazu dopravní značky DEJ PŘEDNOST,povrch mokrý,déšť,dobré,v blízkosti přechodu pro chodce (do vzdálenosti 20 m),komunikace sledovaná (ve vybraných městech),,,jízdní kolo,Brno-Královo Pole,muž,Ne,středa,říjen,Královo Pole,,,,,,,,lehké zranění,"s přilbou (pouze u motocyklistů, příp. cyklistů)",řidičem motorového vozidla,"ve dne, viditelnost nezhoršená vlivem povětrnostních podmínek",na jízdním pruhu,řidič,dobrý -žádné nepříznivé okolnosti nebyly zjiště,den,,1,71363,1,71363,1,71363,3,55,1,1960,1,60,2015,0,0,1,0,0,2,8,1,810,10,-1157879.614,-599025.351,60206151929,2015/10/14 00:00:00+00,52000,50000,94a43e27-27cd-4c04-9cbb-9e0c6d1dcfff
-599161.703000002,-1165418.588,931,Brno-jih,ne,nedání přenosti v jízdě,srážka s jedoucím nekolejovým vozidlem,nehoda s následky na životě nebo zdraví,při odbočování vlevo,"povrch suchý, neznečistěný",neztížené,dobré,žádné nebo žádné z uvedených,komunikace místní,,,jízdní kolo,Brno-jih,muž,Ne,pondělí,listopad,Dolní Heršpice,,,,,,,,lehké zranění,"s přilbou (pouze u motocyklistů, příp. cyklistů)",řidičem nemotorového vozidla,"v noci - bez veřejného osvětlení, viditelnost nezhoršená vlivem povětrnostních podmínek",na jízdním pruhu,řidič,dobrý -žádné nepříznivé okolnosti nebyly zjiště,noc,,1,71364,1,71364,1,71364,1,55,1,1960,1,60,2015,0,0,1,0,0,1,5,1,540,11,-1165418.588,-599161.703,60206152069,2015/11/02 00:00:00+00,26000,20000,8dac9bc4-4de6-4e72-80de-4b5a77dbdc5f
-597958.636,-1163568.977,932,Brno-jih,ne,nedání přenosti v jízdě,srážka s jedoucím nekolejovým vozidlem,nehoda s následky na životě nebo zdraví,vozidlu přijíždějícímu zprava,"povrch suchý, neznečistěný",neztížené,dobré,žádné nebo žádné z uvedených,komunikace místní,,,jízdní kolo,Brno-jih,muž,Ne,úterý,listopad,Horní Heršpice,,,,,,,,lehké zranění,"bez přilby (pouze u motocyklistů, příp. cyklistů)",řidičem nemotorového vozidla,"v noci - bez veřejného osvětlení, viditelnost nezhoršená vlivem povětrnostních podmínek",žádné z uvedenýc,řidič,dobrý -žádné nepříznivé okolnosti nebyly zjiště,den,,1,71366,1,71366,1,71366,2,28,1,1987,1,87,2015,0,0,1,0,0,1,6,1,605,11,-1163568.977,-597958.636,60206152076,2015/11/03 00:00:00+00,28000,5000,f572740b-cad5-4c93-b9b2-a2a82fffb5f7
-598759.603999998,-1159605.513,933,Brno-střed,ne,nesprávný způsob jízdy,srážka s jedoucím nekolejovým vozidlem,nehoda s následky na životě nebo zdraví,řidič se plně nevěnoval řízení vozidla,"povrch suchý, neznečistěný",neztížené,dobré,žádné nebo žádné z uvedených,komunikace sledovaná (ve vybraných městech),,,jízdní kolo,Brno-střed,žena,Ne,pondělí,listopad,Veveří,,,,,,,,lehké zranění,"bez přilby (pouze u motocyklistů, příp. cyklistů)",řidičem motorového vozidla,"v noci - s veřejným osvětlením, viditelnost nezhoršená vlivem povětrnostních podmínek",na jízdním pruhu,řidič,dobrý -žádné nepříznivé okolnosti nebyly zjiště,den,,1,71367,1,71367,1,71367,1,28,1,1987,1,87,2015,0,0,1,0,0,2,16,1,1645,11,-1159605.513,-598759.604,60206152173,2015/11/16 00:00:00+00,7000,2000,42da1226-0603-4345-afba-f994a3a315ff
-599763.342,-1160011.213,934,Brno-střed,ne,nepřiměřená rychlost jízdy,havárie,nehoda s následky na životě nebo zdraví,"nepřizpůsobení rychlosti stavu vozovky (náledí, výtluky, bláto, mokrý povrch apod.)",povrch mokrý,"na počátku deště, slabý déšť, mrholení apod.",dobré,žádné nebo žádné z uvedených,komunikace sledovaná (ve vybraných městech),,,jízdní kolo,Brno-střed,muž,Ne,středa,prosinec,Veveří,,,,,,,,lehké zranění,"s přilbou (pouze u motocyklistů, příp. cyklistů)",řidičem nemotorového vozidla,"v noci - s veřejným osvětlením, zhoršená viditelnost vlivem povětrnostních podmínek (mlha, déšť, sněžení apod.)",na jízdním pruhu,řidič,dobrý -žádné nepříznivé okolnosti nebyly zjiště,den,,1,71368,1,71368,1,71368,3,31,1,1984,1,84,2015,0,0,1,0,0,1,17,1,1710,12,-1160011.213,-599763.342,60206152342,2015/12/09 00:00:00+00,0,0,b677948b-3f1d-46f6-abd9-d50081dfc753
-597091.085000001,-1157767.115,935,Brno-Královo Pole,ne,nedání přenosti v jízdě,srážka s jedoucím nekolejovým vozidlem,nehoda s následky na životě nebo zdraví,při odbočování vlevo,"povrch suchý, neznečistěný",neztížené,dobré,v blízkosti přechodu pro chodce (do vzdálenosti 20 m),komunikace sledovaná (ve vybraných městech),,,jízdní kolo,Brno-Královo Pole,muž,Ne,pátek,leden,Královo Pole,,,,,,,,lehké zranění,"s přilbou (pouze u motocyklistů, příp. cyklistů)",řidičem motorového vozidla,"ve dne, viditelnost nezhoršená vlivem povětrnostních podmínek",na jízdním pruhu,řidič,dobrý -žádné nepříznivé okolnosti nebyly zjiště,den,,1,71369,1,71369,1,71369,5,25,1,1991,1,91,2016,0,0,1,0,0,2,13,1,1315,1,-1157767.115,-597091.085,60206160038,2016/01/08 00:00:00+00,32000,20000,7c0643d0-3e04-4421-97ca-9afb8027fca7
-595396.463,-1158753.151,936,Brno-Maloměřice a Obřany,ne,nezaviněno řidičem,srážka s chodcem,nehoda s následky na životě nebo zdraví,nezaviněná řidičem,"povrch suchý, neznečistěný",neztížené,dobré,"zastávka autobusu, trolejbusu, tramvaje s nástup. ostrůvkem",komunikace místní,,,jízdní kolo,Brno-Maloměřice a Obřany,muž,Ne,úterý,únor,Maloměřice,,,,,,,,bez zraněn,"s přilbou (pouze u motocyklistů, příp. cyklistů)",chodcem,"ve dne, viditelnost nezhoršená vlivem povětrnostních podmínek",na jízdním pruhu,řidič,dobrý -žádné nepříznivé okolnosti nebyly zjiště,den,,0,71370,1,71370,1,71370,2,48,1,1968,1,68,2016,0,0,0,1,0,1,14,1,1408,2,-1158753.151,-595396.463,60206160203,2016/02/02 00:00:00+00,0,0,3872075b-6c14-4ad8-b4aa-274c5115e590
-598503.375,-1158448.78,937,Brno-Královo Pole,ano,nedání přenosti v jízdě,srážka s jedoucím nekolejovým vozidlem,nehoda s následky na životě nebo zdraví,při odbočování vlevo,"povrch suchý, neznečistěný",neztížené,dobré,v blízkosti přechodu pro chodce (do vzdálenosti 20 m),uzel (křižovatka sledovaná ve vybraných městech),,,jízdní kolo,Brno-Královo Pole,muž,"Ano, obsah alkoholu v krvi od 1,0‰ do 1,5‰",úterý,únor,Ponava,,,,,,,,lehké zranění,"s přilbou (pouze u motocyklistů, příp. cyklistů)",řidičem motorového vozidla,"ve dne, zhoršená viditelnost (svítání, soumrak)",na jízdním pruhu,řidič,dobrý -žádné nepříznivé okolnosti nebyly zjiště,den,,1,71371,1,71371,1,71371,2,35,1,1981,1,81,2016,0,0,1,0,0,2,17,1,1725,2,-1158448.78,-598503.375,60206160205,2016/02/02 00:00:00+00,70000,20000,43e7f089-20e4-4bed-83a4-4d7493be1c51
-598981.061000001,-1158589.571,938,Brno-Královo Pole,ne,nedání přenosti v jízdě,srážka s jedoucím nekolejovým vozidlem,nehoda s následky na životě nebo zdraví,při vjíždění na silnici,"povrch suchý, neznečistěný",neztížené,dobré,žádné nebo žádné z uvedených,komunikace sledovaná (ve vybraných městech),,,jízdní kolo,Brno-Královo Pole,muž,Ne,středa,únor,Ponava,,,,,,,,lehké zranění,"s přilbou (pouze u motocyklistů, příp. cyklistů)",řidičem motorového vozidla,"ve dne, viditelnost nezhoršená vlivem povětrnostních podmínek",na jízdním pruhu,řidič,dobrý -žádné nepříznivé okolnosti nebyly zjiště,den,,1,71372,1,71372,1,71372,3,31,1,1985,1,85,2016,0,0,1,0,0,2,15,1,1520,2,-1158589.571,-598981.061,60206160215,2016/02/03 00:00:00+00,26000,5000,b0cbac85-ca1a-400f-9c38-61f373996bf5
-598720.331,-1164252.525,939,Brno-jih,ne,nepřiměřená rychlost jízdy,jiný druh nehody,nehoda s následky na životě nebo zdraví,nepřizpůsobení rychlosti vlastnostem vozidla a nákladu,"povrch suchý, neznečistěný",neztížené,dobré,žádné nebo žádné z uvedených,komunikace sledovaná (ve vybraných městech),,,jízdní kolo,Brno-jih,žena,Ne,pondělí,únor,Horní Heršpice,,,,,,,,lehké zranění,"bez přilby (pouze u motocyklistů, příp. cyklistů)",řidičem nemotorového vozidla,"ve dne, zhoršená viditelnost (svítání, soumrak)",žádné z uvedenýc,řidič,dobrý -žádné nepříznivé okolnosti nebyly zjiště,den,,1,71373,1,71373,1,71373,1,50,1,1966,1,66,2016,0,0,1,0,0,1,17,1,1710,2,-1164252.525,-598720.331,60206160233,2016/02/08 00:00:00+00,1000,1000,7a0cfb1a-03f8-4854-bc07-4cf6c2a2c8ad
-592650.454999998,-1163467.829,940,Brno-Slatina,ne,nesprávný způsob jízdy,srážka s jedoucím nekolejovým vozidlem,nehoda s následky na životě nebo zdraví,"jízda po nesprávné straně vozovky, vjetí do protisměru","povrch suchý, neznečistěný",neztížené,dobré,"zastávka tramvaje, autobusu, trolejbusu bez nástup. ostrůvku",komunikace sledovaná (ve vybraných městech),,,jízdní kolo,Brno-Slatina,muž,Ne,úterý,únor,Slatina,,,,,,,,těžké zranění,"bez přilby (pouze u motocyklistů, příp. cyklistů)",řidičem nemotorového vozidla,"ve dne, viditelnost nezhoršená vlivem povětrnostních podmínek",na jízdním pruhu,řidič,dobrý -žádné nepříznivé okolnosti nebyly zjiště,den,,0,71374,1,71374,1,71374,2,25,1,1991,1,91,2016,1,0,0,1,0,1,15,1,1550,2,-1163467.829,-592650.455,60206160240,2016/02/09 00:00:00+00,7000,5000,2a21e242-a31c-4bc5-86ef-d4c4fcb31762
-600070.954999998,-1158347.214,941,Brno-Žabovřesky,ne,nepřiměřená rychlost jízdy,havárie,nehoda s následky na životě nebo zdraví,jiný druh nepřiměřené rychlosti,"povrch suchý, neznečistěný",neztížené,dobré,žádné nebo žádné z uvedených,komunikace místní,,,jízdní kolo,Brno-Žabovřesky,muž,Ne,úterý,únor,Žabovřesky,,,,,,,,lehké zranění,"bez přilby (pouze u motocyklistů, příp. cyklistů)",řidičem nemotorového vozidla,"v noci - s veřejným osvětlením, viditelnost nezhoršená vlivem povětrnostních podmínek",na jízdním pruhu,řidič,dobrý -žádné nepříznivé okolnosti nebyly zjiště,den,,1,71375,1,71375,1,71375,2,20,1,1996,1,96,2016,0,0,1,0,0,1,19,1,1935,2,-1158347.214,-600070.955,60206160241,2016/02/09 00:00:00+00,0,0,7dca29c6-3d10-4133-b26c-b0aa5b432884
-598158.352000002,-1159726.94,942,Brno-střed,ne,nesprávný způsob jízdy,srážka s jedoucím nekolejovým vozidlem,nehoda s následky na životě nebo zdraví,řidič se plně nevěnoval řízení vozidla,"povrch suchý, neznečistěný",neztížené,dobré,žádné nebo žádné z uvedených,komunikace sledovaná (ve vybraných městech),,,jízdní kolo,Brno-střed,muž,Ne,pátek,únor,Černá Pole,,,,,,,,lehké zranění,"s přilbou (pouze u motocyklistů, příp. cyklistů)",řidičem nemotorového vozidla,"ve dne, viditelnost nezhoršená vlivem povětrnostních podmínek",na jízdním pruhu,řidič,dobrý -žádné nepříznivé okolnosti nebyly zjiště,den,,1,71376,1,71376,1,71376,5,74,1,1942,1,42,2016,0,0,1,0,0,1,13,1,1305,2,-1159726.94,-598158.352,60206160270,2016/02/12 00:00:00+00,11500,10000,ed37a1d3-5998-48a1-9177-f6af4e1cfa54
-593815.761,-1160328.896,943,Brno-Líšeň,ne,nesprávný způsob jízdy,srážka s jedoucím nekolejovým vozidlem,nehoda s následky na životě nebo zdraví,řidič se plně nevěnoval řízení vozidla,"povrch suchý, neznečistěný",neztížené,dobré,v blízkosti přechodu pro chodce (do vzdálenosti 20 m),komunikace sledovaná (ve vybraných městech),,,jízdní kolo,Brno-Líšeň,žena,Ne,neděle,únor,Líšeň,,,,,,,,těžké zranění,"s přilbou (pouze u motocyklistů, příp. cyklistů)",řidičem nemotorového vozidla,"ve dne, viditelnost nezhoršená vlivem povětrnostních podmínek",na jízdním pruhu,řidič,dobrý -žádné nepříznivé okolnosti nebyly zjiště,den,,0,71377,1,71377,1,71377,7,41,1,1975,1,75,2016,1,0,0,1,0,1,9,1,900,2,-1160328.896,-593815.761,60206160280,2016/02/14 00:00:00+00,23000,20000,8ee9bff4-67c4-4c9d-964f-03ede3f19870
-598698.601,-1164252.194,944,Brno-jih,ne,nesprávný způsob jízdy,srážka s jedoucím nekolejovým vozidlem,nehoda s následky na životě nebo zdraví,řidič se plně nevěnoval řízení vozidla,"povrch suchý, neznečistěný",neztížené,dobré,žádné nebo žádné z uvedených,komunikace sledovaná (ve vybraných městech),,,jízdní kolo,Brno-jih,muž,Ne,neděle,březen,Horní Heršpice,,,,,,,,lehké zranění,"bez přilby (pouze u motocyklistů, příp. cyklistů)",řidičem nemotorového vozidla,"ve dne, viditelnost nezhoršená vlivem povětrnostních podmínek",žádné z uvedenýc,řidič,dobrý -žádné nepříznivé okolnosti nebyly zjiště,den,,1,71379,1,71379,1,71379,7,75,1,1941,1,41,2016,0,0,1,0,0,1,13,1,1312,3,-1164252.194,-598698.601,60206160383,2016/03/06 00:00:00+00,7000,4000,ca574832-3fbb-47e1-93c4-a9d2ba4b37a5
-598698.601,-1164252.194,945,Brno-jih,ne,nesprávný způsob jízdy,srážka s jedoucím nekolejovým vozidlem,nehoda s následky na životě nebo zdraví,řidič se plně nevěnoval řízení vozidla,"povrch suchý, neznečistěný",neztížené,dobré,žádné nebo žádné z uvedených,komunikace sledovaná (ve vybraných městech),,,jízdní kolo,Brno-jih,muž,Ne,neděle,březen,Horní Heršpice,,,,,,,,bez zraněn,"s přilbou (pouze u motocyklistů, příp. cyklistů)",řidičem nemotorového vozidla,"ve dne, viditelnost nezhoršená vlivem povětrnostních podmínek",žádné z uvedenýc,řidič,dobrý -žádné nepříznivé okolnosti nebyly zjiště,den,,0,71380,1,71380,1,71380,7,60,1,1956,1,56,2016,0,0,1,0,0,2,13,1,1312,3,-1164252.194,-598698.601,60206160383,2016/03/06 00:00:00+00,7000,4000,6c9269d6-637f-4be8-9c4a-af5cc381ccf0