X,Y,objectid_1,zuj,alkohol_vinik,hlavni_pricina,srazka,nasledky,pricina,stav_vozovky,povetrnostni_podm,rozhled,misto_nehody,druh_komun,pneumatiky,druh_pohonu,druh_vozidla,mestska_cast,pohlavi,alkohol,den_v_tydnu,mesic_t,katastr,chovani_chodce,stav_chodce,drogy_chodec,alkohol_chodec,osobni_prepravnik,reflexni_prvky,kategorie_chodce,nasledek,ozn_osoba,zavineni,viditelnost,situovani,osoba,stav_ridic,doba,smrt_po,lz,target_fid_1,join_count_1,objectid,join_count,target_fid,den,vek,smrt_dny,rok_nar,p48a,p59d,rok,tz,smrt,lehce_zran_os,tezce_zran_os,usmrceno_os,id_vozidla,hodina,ovlivneni_ridice,cas,mesic,e,d,id_nehody,datum,hmotna_skoda_1,skoda_vozidlo,globalid
-599804.548999999,-1163051.578,946,Brno-střed,ne,nesprávný způsob jízdy,srážka s jedoucím nekolejovým vozidlem,nehoda s následky na životě nebo zdraví,řidič se plně nevěnoval řízení vozidla,"povrch suchý, neznečistěný",neztížené,dobré,žádné nebo žádné z uvedených,komunikace sledovaná (ve vybraných městech),,,jízdní kolo,Brno-střed,muž,Ne,pátek,duben,Štýřice,,,,,,,,lehké zranění,"bez přilby (pouze u motocyklistů, příp. cyklistů)",řidičem motorového vozidla,"ve dne, viditelnost nezhoršená vlivem povětrnostních podmínek",na jízdním pruhu,řidič,dobrý -žádné nepříznivé okolnosti nebyly zjiště,den,,1,71381,1,71381,1,71381,5,50,1,1966,1,66,2016,0,0,1,0,0,2,19,1,1900,4,-1163051.578,-599804.549,60206160533,2016/04/01 00:00:00+00,0,0,59e9f830-f42e-4712-8e4b-fb0d626817b0
-604298.534000002,-1157455.278,947,Brno-Bystrc,ne,nedání přenosti v jízdě,srážka s jedoucím nekolejovým vozidlem,nehoda s následky na životě nebo zdraví,proti příkazu dopravní značky DEJ PŘEDNOST,"povrch suchý, neznečistěný",neztížené,dobré,žádné nebo žádné z uvedených,uzel (křižovatka sledovaná ve vybraných městech),,,jízdní kolo,Brno-Bystrc,muž,Ne,pondělí,duben,Bystrc,,,,,,,,lehké zranění,"s přilbou (pouze u motocyklistů, příp. cyklistů)",řidičem motorového vozidla,"ve dne, viditelnost nezhoršená vlivem povětrnostních podmínek",na jízdním pruhu,řidič,dobrý -žádné nepříznivé okolnosti nebyly zjiště,den,,1,71383,1,71383,1,71383,1,25,1,1991,1,91,2016,0,0,1,0,0,2,15,1,1515,4,-1157455.278,-604298.534,60206160550,2016/04/04 00:00:00+00,31000,20000,e0cc99f6-593c-4640-a814-1578d00ca90c
-603020.249000002,-1157297.813,948,Brno-Komín,ne,nepřiměřená rychlost jízdy,srážka s jedoucím nekolejovým vozidlem,nehoda s následky na životě nebo zdraví,jiný druh nepřiměřené rychlosti,"povrch suchý, neznečistěný",neztížené,dobré,přechod pro chodce,komunikace sledovaná (ve vybraných městech),,,jízdní kolo,Brno-Komín,muž,Ne,pondělí,duben,Komín,,,,,,,,lehké zranění,"s přilbou (pouze u motocyklistů, příp. cyklistů)",řidičem nemotorového vozidla,"ve dne, viditelnost nezhoršená vlivem povětrnostních podmínek",na jízdním pruhu,řidič,dobrý -žádné nepříznivé okolnosti nebyly zjiště,den,,1,71384,1,71384,1,71384,1,42,1,1974,1,74,2016,0,0,1,0,0,1,18,1,1840,4,-1157297.813,-603020.249,60206160551,2016/04/04 00:00:00+00,80000,50000,4e9d0bd9-2c0c-49cd-ac8a-5f81a6e06f4f
-595781.239,-1162881.875,949,Brno-Černovice,nezjišťováno,nezaviněno řidičem,srážka s domácím zvířetem,nehoda s následky na životě nebo zdraví,nezaviněná řidičem,"povrch suchý, neznečistěný",neztížené,dobré,žádné nebo žádné z uvedených,komunikace místní,,,jízdní kolo,Brno-Černovice,žena,Nezjišťován,úterý,duben,Černovice,,,,,,,,těžké zranění,"s přilbou (pouze u motocyklistů, příp. cyklistů)","lesní zvěří, domácím zvířectvem","ve dne, viditelnost nezhoršená vlivem povětrnostních podmínek",na jízdním pruhu,řidič,dobrý -žádné nepříznivé okolnosti nebyly zjiště,den,,0,71385,1,71385,1,71385,2,37,1,1979,1,79,2016,1,0,0,1,0,1,8,1,835,4,-1162881.875,-595781.239,60206160555,2016/04/05 00:00:00+00,0,0,56d58a08-718f-48cc-882a-13808dd22079
-599284.07,-1155820.537,950,Brno-Řečkovice a Mokrá Hora,ne,nedání přenosti v jízdě,srážka s jedoucím nekolejovým vozidlem,nehoda s následky na životě nebo zdraví,při otáčení nebo couvání,povrch mokrý,déšť,dobré,parkoviště přiléhající ke komunikaci,komunikace sledovaná (ve vybraných městech),,,jízdní kolo,Brno-Řečkovice a Mokrá Hora,muž,Ne,pátek,duben,Řečkovice,,,,,,,,lehké zranění,"bez přilby (pouze u motocyklistů, příp. cyklistů)",řidičem motorového vozidla,"ve dne, viditelnost nezhoršená vlivem povětrnostních podmínek",na jízdním pruhu,řidič,dobrý -žádné nepříznivé okolnosti nebyly zjiště,den,,1,71387,1,71387,1,71387,5,23,1,1993,1,93,2016,0,0,1,0,0,2,16,1,1650,4,-1155820.537,-599284.07,60206160580,2016/04/08 00:00:00+00,10000,5000,35cda8b2-5a7d-4906-9785-3d2d4b8caea9
-601025.999000002,-1162824.435,951,Brno-Bohunice,ne,nedání přenosti v jízdě,srážka s jedoucím nekolejovým vozidlem,nehoda s následky na životě nebo zdraví,"jízda na ""červenou"" 3-barevného semaforu","povrch suchý, neznečistěný",neztížené,dobré,přechod pro chodce,uzel (křižovatka sledovaná ve vybraných městech),,,jízdní kolo,Brno-Bohunice,žena,Ne,čtvrtek,duben,Bohunice,,,,,,,,lehké zranění,"bez přilby (pouze u motocyklistů, příp. cyklistů)",řidičem motorového vozidla,"ve dne, viditelnost nezhoršená vlivem povětrnostních podmínek",na jízdním pruhu,řidič,dobrý -žádné nepříznivé okolnosti nebyly zjiště,den,,1,71389,1,71389,1,71389,4,31,1,1985,1,85,2016,0,0,1,0,0,2,17,1,1700,4,-1162824.435,-601025.999,60206160666,2016/04/21 00:00:00+00,11000,10000,28524298-f8ab-4327-b3d0-b2280d1e9678
-596401.778999999,-1154470.002,952,Brno-sever,ne,nedání přenosti v jízdě,srážka s jedoucím nekolejovým vozidlem,nehoda s následky na životě nebo zdraví,proti příkazu dopravní značky DEJ PŘEDNOST,"povrch suchý, neznečistěný",neztížené,dobré,žádné nebo žádné z uvedených,komunikace sledovaná (ve vybraných městech),,,jízdní kolo,Brno-sever,žena,Ne,úterý,duben,Soběšice,,,,,,,,lehké zranění,"s přilbou (pouze u motocyklistů, příp. cyklistů)",řidičem motorového vozidla,"ve dne, viditelnost nezhoršená vlivem povětrnostních podmínek",na jízdním pruhu,řidič,dobrý -žádné nepříznivé okolnosti nebyly zjiště,den,,1,71391,1,71391,1,71391,2,37,1,1979,1,79,2016,0,0,1,0,0,2,8,1,830,4,-1154470.002,-596401.779,60206160695,2016/04/26 00:00:00+00,10000,5000,7d74aaae-1216-40ed-bdd2-faf6b36caa98
-595367.443,-1160997.429,953,Brno-Židenice,ne,nedání přenosti v jízdě,srážka s jedoucím nekolejovým vozidlem,nehoda s následky na životě nebo zdraví,při odbočování vlevo,povrch mokrý,déšť,dobré,žádné nebo žádné z uvedených,uzel (křižovatka sledovaná ve vybraných městech),,,jízdní kolo,Brno-Židenice,muž,Ne,úterý,duben,Židenice,,,,,,,,lehké zranění,"bez přilby (pouze u motocyklistů, příp. cyklistů)",řidičem motorového vozidla,"v noci - s veřejným osvětlením, viditelnost nezhoršená vlivem povětrnostních podmínek",žádné z uvedenýc,řidič,"pod vlivem alkoholu, obsah alkoholu v krvi do 0,99 ‰",noc,,1,71392,1,71392,1,71392,2,33,1,1983,1,83,2016,0,0,1,0,0,2,21,1,2155,4,-1160997.429,-595367.443,60206160701,2016/04/26 00:00:00+00,9000,1000,3d744a02-6c50-4a0a-b110-69c7d568f8c3
-603460.602000002,-1155648.802,954,Brno-Kníničky,nezjišťováno,nesprávný způsob jízdy,srážka s jedoucím nekolejovým vozidlem,nehoda s následky na životě nebo zdraví,vyhýbání bez dostatečného bočního odstupu (vůle),"povrch suchý, neznečistěný",neztížené,dobré,přechod pro chodce,komunikace sledovaná (ve vybraných městech),,,jízdní kolo,Brno-Kníničky,žena,Nezjišťován,pondělí,květen,Kníničky,,,,,,,,lehké zranění,"s přilbou (pouze u motocyklistů, příp. cyklistů)",řidičem motorového vozidla,"ve dne, viditelnost nezhoršená vlivem povětrnostních podmínek",na jízdním pruhu,řidič,dobrý -žádné nepříznivé okolnosti nebyly zjiště,den,,1,71396,1,71396,1,71396,1,24,1,1992,1,92,2016,0,0,1,0,0,2,16,1,1620,5,-1155648.802,-603460.602,60206160789,2016/05/09 00:00:00+00,1000,0,ee6249b8-6b89-4819-ba28-3a41e8e72a61
-603686.464000002,-1155717.436,955,Brno-Kníničky,ano,nepřiměřená rychlost jízdy,havárie,nehoda s následky na životě nebo zdraví,jiný druh nepřiměřené rychlosti,"povrch suchý, neznečistěný",neztížené,dobré,žádné nebo žádné z uvedených,komunikace sledovaná (ve vybraných městech),,,jízdní kolo,Brno-Kníničky,muž,"Ano, obsah alkoholu v krvi 1,5‰ a více",sobota,květen,Kníničky,,,,,,,,těžké zranění,"bez přilby (pouze u motocyklistů, příp. cyklistů)",řidičem nemotorového vozidla,"ve dne, viditelnost nezhoršená vlivem povětrnostních podmínek",na jízdním pruhu,řidič,pod vlivem alkoholu obsah alkoholu v krvi 1 ‰ a víc,den,,0,71399,1,71399,1,71399,6,54,1,1962,1,62,2016,1,0,0,1,0,1,13,1,1337,5,-1155717.436,-603686.464,60206160845,2016/05/14 00:00:00+00,5000,5000,eec8c16b-f5f0-4607-b9c9-5e01006650d1
-596615.835000001,-1161420.432,956,Brno-Černovice,nezjišťováno,nedání přenosti v jízdě,srážka s jedoucím nekolejovým vozidlem,nehoda pouze s hmotnou škodou,proti příkazu dopravní značky DEJ PŘEDNOST,"povrch suchý, neznečistěný",neztížené,dobré,žádné nebo žádné z uvedených,uzel (křižovatka sledovaná ve vybraných městech),,,jízdní kolo,Brno-Černovice,muž,Nezjišťován,úterý,květen,Černovice,,,,,,,,bez zraněn,"s přilbou (pouze u motocyklistů, příp. cyklistů)",řidičem motorového vozidla,"ve dne, viditelnost nezhoršená vlivem povětrnostních podmínek",na jízdním pruhu,řidič,dobrý -žádné nepříznivé okolnosti nebyly zjiště,den,,0,71400,1,71400,1,71400,2,35,1,1981,1,81,2016,0,0,0,0,0,2,6,1,645,5,-1161420.432,-596615.835,60206160878,2016/05/03 00:00:00+00,1000,1000,92ffdbbb-4d78-4257-be39-654c523e9f0c
-597103.986000001,-1163061.472,957,Brno-jih,ne,nesprávný způsob jízdy,havárie,nehoda s následky na životě nebo zdraví,nezvládnutí řízení vozidla,"povrch suchý, neznečistěný",neztížené,dobré,žádné nebo žádné z uvedených,komunikace místní,,,jízdní kolo,Brno-jih,muž,Ne,sobota,květen,Komárov,,,,,,,,lehké zranění,"bez přilby (pouze u motocyklistů, příp. cyklistů)",řidičem nemotorového vozidla,"ve dne, viditelnost nezhoršená vlivem povětrnostních podmínek",na jízdním pruhu,řidič,dobrý -žádné nepříznivé okolnosti nebyly zjiště,den,,1,71402,1,71402,1,71402,6,40,1,1976,1,76,2016,0,0,1,0,0,1,13,1,1340,5,-1163061.472,-597103.986,60206160888,2016/05/21 00:00:00+00,100,100,f3f8c907-beab-4efd-8e06-0bfdd69df019
-590548.912,-1159825.766,958,Brno-Líšeň,ano,nesprávný způsob jízdy,srážka s chodcem,nehoda s následky na životě nebo zdraví,řidič se plně nevěnoval řízení vozidla,"povrch suchý, neznečistěný",neztížené,dobré,žádné nebo žádné z uvedených,komunikace místní,,,jízdní kolo,Brno-Líšeň,muž,"Ano, obsah alkoholu v krvi od 0,24‰ do 0,5‰",neděle,květen,Líšeň,,,,,,,,bez zraněn,"bez přilby (pouze u motocyklistů, příp. cyklistů)",řidičem nemotorového vozidla,"ve dne, viditelnost nezhoršená vlivem povětrnostních podmínek",na jízdním pruhu,řidič,"pod vlivem alkoholu, obsah alkoholu v krvi do 0,99 ‰",den,,0,71403,1,71403,1,71403,7,23,1,1993,1,93,2016,0,0,0,1,0,1,17,0,1700,5,-1159825.766,-590548.912,60206160896,2016/05/22 00:00:00+00,0,0,304fcde7-9c24-4618-ae2b-ee39b7246b22
-598633.998,-1154030.038,959,Brno-Řečkovice a Mokrá Hora,ne,nesprávný způsob jízdy,jiný druh nehody,nehoda s následky na životě nebo zdraví,nezvládnutí řízení vozidla,"povrch suchý, neznečistěný",neztížené,dobré,žádné nebo žádné z uvedených,komunikace místní,,,jízdní kolo,Brno-Řečkovice a Mokrá Hora,muž,Ne,neděle,květen,Řečkovice,,,,,,,,těžké zranění,"s přilbou (pouze u motocyklistů, příp. cyklistů)",řidičem nemotorového vozidla,"ve dne, viditelnost nezhoršená vlivem povětrnostních podmínek",na jízdním pruhu,řidič,dobrý -žádné nepříznivé okolnosti nebyly zjiště,den,,0,71405,1,71405,1,71405,7,54,1,1962,1,62,2016,1,0,0,1,0,1,17,1,1715,5,-1154030.038,-598633.998,60206160942,2016/05/29 00:00:00+00,10500,0,81691485-46da-4853-9f2c-1ccc916c7cd0
-603282.901999999,-1157352.612,960,Brno-Bystrc,nezjišťováno,nezaviněno řidičem,srážka s chodcem,nehoda s následky na životě nebo zdraví,nezaviněná řidičem,"povrch suchý, neznečistěný",neztížené,dobré,žádné nebo žádné z uvedených,komunikace místní,,,jízdní kolo,Brno-Bystrc,,Nezjišťován,pondělí,květen,Bystrc,,,,,,,,,,chodcem,"ve dne, viditelnost nezhoršená vlivem povětrnostních podmínek",na jízdním pruhu,,,den,,0,71406,1,71406,1,71406,1,,,,0,,2016,0,0,1,0,0,1,19,,1925,5,-1157352.612,-603282.902,60206160957,2016/05/30 00:00:00+00,0,0,7258e494-0674-4e43-ae18-eaf0dc2daa2e
-598251.559999999,-1157365.505,961,Brno-Královo Pole,ano,nepřiměřená rychlost jízdy,jiný druh nehody,nehoda s následky na životě nebo zdraví,jiný druh nepřiměřené rychlosti,"povrch suchý, neznečistěný",neztížené,dobré,parkoviště přiléhající ke komunikaci,komunikace místní,,,jízdní kolo,Brno-Královo Pole,žena,"Ano, obsah alkoholu v krvi 1,5‰ a více",čtvrtek,červen,Královo Pole,,,,,,,,lehké zranění,"bez přilby (pouze u motocyklistů, příp. cyklistů)",řidičem nemotorového vozidla,"ve dne, viditelnost nezhoršená vlivem povětrnostních podmínek",žádné z uvedenýc,řidič,pod vlivem alkoholu obsah alkoholu v krvi 1 ‰ a víc,den,,1,71407,1,71407,1,71407,4,47,1,1969,1,69,2016,0,0,1,0,0,1,9,1,950,6,-1157365.505,-598251.56,60206160970,2016/06/02 00:00:00+00,0,0,034dc6f9-c75e-4b7d-9587-dbff4b0b5f21
-599212.811000001,-1156000.304,962,Brno-Řečkovice a Mokrá Hora,ano,nesprávný způsob jízdy,havárie,nehoda s následky na životě nebo zdraví,řidič se plně nevěnoval řízení vozidla,"povrch suchý, neznečistěný",neztížené,dobré,žádné nebo žádné z uvedených,komunikace sledovaná (ve vybraných městech),,,jízdní kolo,Brno-Řečkovice a Mokrá Hora,muž,"Ano, obsah alkoholu v krvi 1,5‰ a více",středa,červen,Řečkovice,,,,,,,,lehké zranění,"s přilbou (pouze u motocyklistů, příp. cyklistů)",řidičem nemotorového vozidla,"v noci - s veřejným osvětlením, viditelnost nezhoršená vlivem povětrnostních podmínek",na jízdním pruhu,řidič,pod vlivem alkoholu obsah alkoholu v krvi 1 ‰ a víc,noc,,1,71409,1,71409,1,71409,3,27,1,1989,1,89,2016,0,0,1,0,0,1,1,1,115,6,-1156000.304,-599212.811,60206161001,2016/06/08 00:00:00+00,0,0,cea6cb29-2228-436d-a612-26124f475bdb
-602379.228999998,-1158374.939,963,Brno-Jundrov,nezjišťováno,nesprávný způsob jízdy,srážka s chodcem,nehoda s následky na životě nebo zdraví,řidič se plně nevěnoval řízení vozidla,"povrch suchý, neznečistěný",neztížené,dobré,žádné nebo žádné z uvedených,komunikace místní,,,jízdní kolo,Brno-Jundrov,,Nezjišťován,středa,červen,Jundrov,,,,,,,,,,řidičem nemotorového vozidla,"ve dne, viditelnost nezhoršená vlivem povětrnostních podmínek",na jízdním pruhu,,,den,,0,71410,1,71410,1,71410,3,,,,0,,2016,0,0,1,0,0,1,17,,1710,6,-1158374.939,-602379.229,60206161004,2016/06/08 00:00:00+00,0,0,5aed4de8-2346-4953-b827-7d8d9435e383
-596318.548999999,-1158034.03,964,Brno-sever,ano,nepřiměřená rychlost jízdy,havárie,nehoda s následky na životě nebo zdraví,"nepřizpůsobení rychlosti dopravně technickému stavu vozovky (zatáčka, klesání, stoupání, šířka vozovky apod.)","povrch suchý, neznečistěný",neztížené,dobré,žádné nebo žádné z uvedených,komunikace sledovaná (ve vybraných městech),,,jízdní kolo,Brno-sever,muž,"Ano, obsah alkoholu v krvi od 1,0‰ do 1,5‰",neděle,červen,Lesná,,,,,,,,lehké zranění,"bez přilby (pouze u motocyklistů, příp. cyklistů)",řidičem nemotorového vozidla,"v noci - s veřejným osvětlením, viditelnost nezhoršená vlivem povětrnostních podmínek",na jízdním pruhu,řidič,pod vlivem alkoholu obsah alkoholu v krvi 1 ‰ a víc,noc,,1,71411,1,71411,1,71411,7,43,1,1973,1,73,2016,0,0,1,0,0,1,1,1,1,6,-1158034.03,-596318.549,60206161021,2016/06/12 00:00:00+00,1000,1000,6dc41b50-de26-43ff-bad5-95659cabcbcd
-591395.111000001,-1159612.569,965,Brno-Líšeň,ne,nedání přenosti v jízdě,srážka s jedoucím nekolejovým vozidlem,nehoda s následky na životě nebo zdraví,při odbočování vlevo,povrch mokrý,neztížené,dobré,žádné nebo žádné z uvedených,komunikace sledovaná (ve vybraných městech),,,jízdní kolo,Brno-Líšeň,muž,Ne,pondělí,červen,Líšeň,,,,,,,,těžké zranění,"s přilbou (pouze u motocyklistů, příp. cyklistů)",řidičem motorového vozidla,"ve dne, viditelnost nezhoršená vlivem povětrnostních podmínek",na jízdním pruhu,řidič,dobrý -žádné nepříznivé okolnosti nebyly zjiště,den,,0,71412,1,71412,1,71412,1,37,1,1979,1,79,2016,1,0,0,1,0,2,13,1,1326,6,-1159612.569,-591395.111,60206161027,2016/06/13 00:00:00+00,102000,40000,6347ab0b-3d6f-4361-ae5f-11ffb286b1c6
-596014.789000001,-1163023.613,966,Brno-Černovice,ne,nedání přenosti v jízdě,srážka s jedoucím nekolejovým vozidlem,nehoda s následky na životě nebo zdraví,proti příkazu dopravní značky DEJ PŘEDNOST,"povrch suchý, neznečistěný",neztížené,dobré,přechod pro chodce,komunikace místní,,,jízdní kolo,Brno-Černovice,žena,Ne,úterý,červen,Černovice,,,,,,,,lehké zranění,"s přilbou (pouze u motocyklistů, příp. cyklistů)",řidičem motorového vozidla,"ve dne, viditelnost nezhoršená vlivem povětrnostních podmínek",na jízdním pruhu,řidič,dobrý -žádné nepříznivé okolnosti nebyly zjiště,den,,1,71413,1,71413,1,71413,2,40,1,1976,1,76,2016,0,0,1,0,0,2,6,1,640,6,-1163023.613,-596014.789,60206161038,2016/06/14 00:00:00+00,11000,1000,e7699f68-6360-4ceb-96d3-077f93eb829b
-598131.539999999,-1159868.305,967,Brno-střed,ne,nesprávný způsob jízdy,srážka s jedoucím nekolejovým vozidlem,nehoda s následky na životě nebo zdraví,nesprávné otáčení nebo couvání,"povrch suchý, neznečistěný",neztížené,dobré,přechod pro chodce,uzel (křižovatka sledovaná ve vybraných městech),,,jízdní kolo,Brno-střed,žena,Ne,úterý,červen,Veveří,,,,,,,,lehké zranění,"bez přilby (pouze u motocyklistů, příp. cyklistů)",řidičem motorového vozidla,"ve dne, viditelnost nezhoršená vlivem povětrnostních podmínek",na jízdním pruhu,řidič,dobrý -žádné nepříznivé okolnosti nebyly zjiště,den,,1,71414,1,71414,1,71414,2,24,1,1992,1,92,2016,0,0,1,0,0,2,12,1,1200,6,-1159868.305,-598131.54,60206161040,2016/06/14 00:00:00+00,31000,30000,ff021aac-3ff3-4830-88b4-89aa373aad0f
-595820.528000001,-1161761.482,968,Brno-Černovice,ne,nezaviněno řidičem,srážka s chodcem,nehoda s následky na životě nebo zdraví,nezaviněná řidičem,"povrch suchý, neznečistěný",neztížené,dobré,žádné nebo žádné z uvedených,komunikace sledovaná (ve vybraných městech),,,jízdní kolo,Brno-Černovice,muž,Ne,čtvrtek,červen,Černovice,,,,,,,,lehké zranění,"s přilbou (pouze u motocyklistů, příp. cyklistů)",chodcem,"ve dne, viditelnost nezhoršená vlivem povětrnostních podmínek",na jízdním pruhu,řidič,dobrý -žádné nepříznivé okolnosti nebyly zjiště,noc,,1,71415,1,71415,1,71415,4,34,1,1982,1,82,2016,0,0,1,1,0,1,5,1,545,6,-1161761.482,-595820.528,60206161058,2016/06/16 00:00:00+00,8000,5000,22cd9fa9-4a2f-495f-b34d-3606bc7e1915
-595013.864,-1161035.016,969,Brno-Židenice,ne,nesprávný způsob jízdy,havárie,nehoda s následky na životě nebo zdraví,řidič se plně nevěnoval řízení vozidla,"povrch suchý, neznečistěný",neztížené,dobré,žádné nebo žádné z uvedených,komunikace sledovaná (ve vybraných městech),,,jízdní kolo,Brno-Židenice,muž,Ne,sobota,červen,Židenice,,,,,,,,těžké zranění,"bez přilby (pouze u motocyklistů, příp. cyklistů)",řidičem nemotorového vozidla,"ve dne, viditelnost nezhoršená vlivem povětrnostních podmínek",na jízdním pruhu,řidič,dobrý -žádné nepříznivé okolnosti nebyly zjiště,den,,0,71416,1,71416,1,71416,6,30,1,1986,1,86,2016,1,0,0,1,0,1,20,1,2040,6,-1161035.016,-595013.864,60206161132,2016/06/25 00:00:00+00,1000,1000,e375be02-6f96-4cc4-b4be-339391c127b6
-599937.072999999,-1159823.463,970,Brno-střed,ne,nesprávný způsob jízdy,havárie,nehoda s následky na životě nebo zdraví,nezvládnutí řízení vozidla,"povrch suchý, neznečistěný",neztížené,dobré,žádné nebo žádné z uvedených,komunikace sledovaná (ve vybraných městech),,,jízdní kolo,Brno-střed,žena,Ne,úterý,červen,Veveří,,,,,,,,lehké zranění,"bez přilby (pouze u motocyklistů, příp. cyklistů)",řidičem nemotorového vozidla,"ve dne, viditelnost nezhoršená vlivem povětrnostních podmínek",na jízdním pruhu,řidič,dobrý -žádné nepříznivé okolnosti nebyly zjiště,den,,1,71417,1,71417,1,71417,2,25,1,1991,1,91,2016,0,0,1,0,0,1,17,1,1715,6,-1159823.463,-599937.073,60206161147,2016/06/28 00:00:00+00,5000,5000,c97ef80b-290e-476a-b383-14d7af28b1d4
-599240.844999999,-1162616.433,971,Brno-střed,ne,nesprávný způsob jízdy,srážka s jedoucím nekolejovým vozidlem,nehoda s následky na životě nebo zdraví,nesprávné otáčení nebo couvání,"povrch suchý, neznečistěný",neztížené,dobré,parkoviště přiléhající ke komunikaci,komunikace místní,,,jízdní kolo,Brno-střed,muž,Ne,středa,červen,Štýřice,,,,,,,,lehké zranění,"bez přilby (pouze u motocyklistů, příp. cyklistů)",řidičem motorového vozidla,"ve dne, viditelnost nezhoršená vlivem povětrnostních podmínek",na jízdním pruhu,řidič,dobrý -žádné nepříznivé okolnosti nebyly zjiště,den,,1,71418,1,71418,1,71418,3,32,1,1984,1,84,2016,0,0,1,0,0,2,8,1,840,6,-1162616.433,-599240.845,60206161154,2016/06/29 00:00:00+00,25000,20000,31be7db8-bdad-4827-9d1f-72c2884baa63
-602078.454999998,-1163713.353,972,Brno-Starý Lískovec,ne,nesprávný způsob jízdy,srážka s jedoucím nekolejovým vozidlem,nehoda s následky na životě nebo zdraví,nedodržení bezpečné vzdálenosti za vozidlem,"povrch suchý, neznečistěný",neztížené,dobré,žádné nebo žádné z uvedených,komunikace sledovaná (ve vybraných městech),,,jízdní kolo,Brno-Starý Lískovec,muž,Ne,neděle,červenec,Starý Lískovec,,,,,,,,těžké zranění,"bez přilby (pouze u motocyklistů, příp. cyklistů)",řidičem motorového vozidla,"ve dne, viditelnost nezhoršená vlivem povětrnostních podmínek",žádné z uvedenýc,řidič,pod vlivem alkoholu obsah alkoholu v krvi 1 ‰ a víc,den,,0,71420,1,71420,1,71420,7,53,1,1963,1,63,2016,1,0,0,1,0,2,15,1,1500,7,-1163713.353,-602078.455,60206161184,2016/07/03 00:00:00+00,1000,1000,535044ca-29ad-443a-b7d0-b11b1c6d1fe4
-595921.550999999,-1162885.672,973,Brno-Černovice,nezjišťováno,nesprávný způsob jízdy,"srážka s vozidlem zaparkovaným, odstaveným",nehoda pouze s hmotnou škodou,řidič se plně nevěnoval řízení vozidla,"povrch suchý, neznečistěný",neztížené,dobré,žádné nebo žádné z uvedených,komunikace místní,,,jízdní kolo,Brno-Černovice,,Nezjišťován,pondělí,červenec,Černovice,,,,,,,,,,řidičem nemotorového vozidla,"v noci - s veřejným osvětlením, viditelnost nezhoršená vlivem povětrnostních podmínek",na jízdním pruhu,,,den,,0,71421,1,71421,1,71421,1,,,,1,,2016,0,0,0,0,0,1,18,,1805,7,-1162885.672,-595921.551,60206161190,2016/07/04 00:00:00+00,10000,0,b9fc209f-0c44-4a40-b42c-5d3a2de8179d
-595654.539000001,-1159520.851,974,Brno-Židenice,ne,nedání přenosti v jízdě,srážka s jedoucím nekolejovým vozidlem,nehoda s následky na životě nebo zdraví,při odbočování vlevo,"povrch suchý, neznečistěný",neztížené,dobré,žádné nebo žádné z uvedených,komunikace místní,,,jízdní kolo,Brno-Židenice,dívka (do 15 let),Ne,pondělí,červenec,Židenice,,,,,,,,lehké zranění,"s přilbou (pouze u motocyklistů, příp. cyklistů)",řidičem motorového vozidla,"ve dne, viditelnost nezhoršená vlivem povětrnostních podmínek",na jízdním pruhu,řidič,dobrý -žádné nepříznivé okolnosti nebyly zjiště,den,,1,71422,1,71422,1,71422,1,7,1,2009,1,9,2016,0,0,2,0,0,3,20,1,2005,7,-1159520.851,-595654.539,60206161192,2016/07/04 00:00:00+00,16000,10000,cd0db431-7293-444b-8c10-8a9bb7f60893
-595654.539000001,-1159520.851,975,Brno-Židenice,ne,nedání přenosti v jízdě,srážka s jedoucím nekolejovým vozidlem,nehoda s následky na životě nebo zdraví,při odbočování vlevo,"povrch suchý, neznečistěný",neztížené,dobré,žádné nebo žádné z uvedených,komunikace místní,,,jízdní kolo,Brno-Židenice,muž,Ne,pondělí,červenec,Židenice,,,,,,,,lehké zranění,"s přilbou (pouze u motocyklistů, příp. cyklistů)",řidičem motorového vozidla,"ve dne, viditelnost nezhoršená vlivem povětrnostních podmínek",na jízdním pruhu,řidič,dobrý -žádné nepříznivé okolnosti nebyly zjiště,den,,1,71423,1,71423,1,71423,1,40,1,1976,1,76,2016,0,0,2,0,0,2,20,1,2005,7,-1159520.851,-595654.539,60206161192,2016/07/04 00:00:00+00,16000,10000,64b780cf-2225-4229-a393-81ef613d94d8
-596775.408,-1157766.177,976,Brno-sever,ne,nesprávný způsob jízdy,havárie,nehoda s následky na životě nebo zdraví,řidič se plně nevěnoval řízení vozidla,"povrch suchý, neznečistěný",neztížené,dobré,žádné nebo žádné z uvedených,komunikace sledovaná (ve vybraných městech),,,jízdní kolo,Brno-sever,muž,Ne,pátek,červenec,Lesná,,,,,,,,těžké zranění,"s přilbou (pouze u motocyklistů, příp. cyklistů)",řidičem nemotorového vozidla,"ve dne, viditelnost nezhoršená vlivem povětrnostních podmínek",na jízdním pruhu,řidič,dobrý -žádné nepříznivé okolnosti nebyly zjiště,den,,0,71424,1,71424,1,71424,5,44,1,1972,1,72,2016,1,0,0,1,0,1,7,1,730,7,-1157766.177,-596775.408,60206161202,2016/07/08 00:00:00+00,2000,2000,08934efb-2a93-4b79-b483-aebcbecf21fc