X,Y,objectid_1,zuj,alkohol_vinik,hlavni_pricina,srazka,nasledky,pricina,stav_vozovky,povetrnostni_podm,rozhled,misto_nehody,druh_komun,pneumatiky,druh_pohonu,druh_vozidla,mestska_cast,pohlavi,alkohol,den_v_tydnu,mesic_t,katastr,chovani_chodce,stav_chodce,drogy_chodec,alkohol_chodec,osobni_prepravnik,reflexni_prvky,kategorie_chodce,nasledek,ozn_osoba,zavineni,viditelnost,situovani,osoba,stav_ridic,doba,smrt_po,lz,target_fid_1,join_count_1,objectid,join_count,target_fid,den,vek,smrt_dny,rok_nar,p48a,p59d,rok,tz,smrt,lehce_zran_os,tezce_zran_os,usmrceno_os,id_vozidla,hodina,ovlivneni_ridice,cas,mesic,e,d,id_nehody,datum,hmotna_skoda_1,skoda_vozidlo,globalid
-598790.594999999,-1157417.254,977,Brno-Královo Pole,ne,nedání přenosti v jízdě,jiný druh nehody,nehoda s následky na životě nebo zdraví,při odbočování vlevo,povrch mokrý,neztížené,dobré,žádné nebo žádné z uvedených,komunikace sledovaná (ve vybraných městech),,,jízdní kolo,Brno-Královo Pole,muž,Ne,středa,červenec,Královo Pole,,,,,,,,lehké zranění,"bez přilby (pouze u motocyklistů, příp. cyklistů)",řidičem motorového vozidla,"ve dne, viditelnost nezhoršená vlivem povětrnostních podmínek",na jízdním pruhu,řidič,dobrý -žádné nepříznivé okolnosti nebyly zjiště,den,,1,71425,1,71425,1,71425,3,32,1,1984,1,84,2016,0,0,1,0,0,2,6,1,645,7,-1157417.254,-598790.595,60206161233,2016/07/13 00:00:00+00,1000,1000,08943ccc-1b3b-4a93-91a5-4a46053f7ef2
-593890.390000001,-1161080.888,978,Brno-Židenice,ne,nesprávný způsob jízdy,srážka s jedoucím nekolejovým vozidlem,nehoda s následky na životě nebo zdraví,vyhýbání bez dostatečného bočního odstupu (vůle),"povrch suchý, neznečistěný",neztížené,dobré,žádné nebo žádné z uvedených,komunikace sledovaná (ve vybraných městech),,,jízdní kolo,Brno-Židenice,muž,Ne,úterý,červenec,Židenice,,,,,,,,těžké zranění,"s přilbou (pouze u motocyklistů, příp. cyklistů)",řidičem motorového vozidla,"ve dne, viditelnost nezhoršená vlivem povětrnostních podmínek",na jízdním pruhu,řidič,dobrý -žádné nepříznivé okolnosti nebyly zjiště,den,,0,71426,1,71426,1,71426,2,47,1,1969,1,69,2016,1,0,0,1,0,2,6,1,650,7,-1161080.888,-593890.39,60206161273,2016/07/19 00:00:00+00,10000,5000,ffcc6776-a4e2-4fe9-a8ad-40a590e9282f
-595305.441,-1158326.171,979,Brno-Maloměřice a Obřany,ne,nesprávný způsob jízdy,srážka s jedoucím nekolejovým vozidlem,nehoda s následky na životě nebo zdraví,nedodržení bezpečné vzdálenosti za vozidlem,"povrch suchý, neznečistěný",neztížené,dobré,přechod pro chodce,komunikace sledovaná (ve vybraných městech),,,jízdní kolo,Brno-Maloměřice a Obřany,žena,Ne,úterý,červenec,Maloměřice,,,,,,,,lehké zranění,"s přilbou (pouze u motocyklistů, příp. cyklistů)",řidičem motorového vozidla,"ve dne, viditelnost nezhoršená vlivem povětrnostních podmínek",na kolejích tramvaje,řidič,dobrý -žádné nepříznivé okolnosti nebyly zjiště,den,,1,71428,1,71428,1,71428,2,32,1,1984,1,84,2016,0,0,1,0,0,2,15,1,1530,7,-1158326.171,-595305.441,60206161276,2016/07/19 00:00:00+00,31000,30000,f8c2a905-f87e-4dd3-a134-39cff6374fd5
-598583.513,-1157511.124,980,Brno-Královo Pole,nezjišťováno,nepřiměřená rychlost jízdy,"srážka s vozidlem zaparkovaným, odstaveným",nehoda s následky na životě nebo zdraví,jiný druh nepřiměřené rychlosti,"povrch suchý, neznečistěný",neztížené,dobré,v blízkosti přechodu pro chodce (do vzdálenosti 20 m),komunikace sledovaná (ve vybraných městech),,,jízdní kolo,Brno-Královo Pole,muž,Nezjišťován,pátek,červenec,Královo Pole,,,,,,,,lehké zranění,"bez přilby (pouze u motocyklistů, příp. cyklistů)",řidičem nemotorového vozidla,"ve dne, viditelnost nezhoršená vlivem povětrnostních podmínek",na jízdním pruhu,řidič,jiný nepříznivý sta,den,,1,71429,1,71429,1,71429,5,55,1,1961,1,61,2016,0,0,1,0,0,1,19,0,1920,7,-1157511.124,-598583.513,60206161294,2016/07/22 00:00:00+00,11000,10000,4f8a45f0-a583-4763-b21d-506e631b5ae4
-593961.914999999,-1160930.019,981,Brno-Židenice,ano,nepřiměřená rychlost jízdy,havárie,nehoda s následky na životě nebo zdraví,"nepřizpůsobení rychlosti dopravně technickému stavu vozovky (zatáčka, klesání, stoupání, šířka vozovky apod.)",povrch mokrý,neztížené,dobré,"most, nadjezd, podjezd, tunel",komunikace místní,,,jízdní kolo,Brno-Židenice,muž,"Ano, obsah alkoholu v krvi 1,5‰ a více",úterý,červenec,Židenice,,,,,,,,těžké zranění,"bez přilby (pouze u motocyklistů, příp. cyklistů)",řidičem nemotorového vozidla,"ve dne, zhoršená viditelnost (svítání, soumrak)",na jízdním pruhu,řidič,pod vlivem alkoholu obsah alkoholu v krvi 1 ‰ a víc,noc,,0,71431,1,71431,1,71431,2,54,1,1962,1,62,2016,1,0,0,1,0,1,21,1,2115,7,-1160930.019,-593961.915,60206161307,2016/07/26 00:00:00+00,1000,1000,02e6658c-de56-4697-9436-544349ad66a1
-598647.015999999,-1164182.828,982,Brno-jih,ano,nesprávný způsob jízdy,srážka s jedoucím nekolejovým vozidlem,nehoda s následky na životě nebo zdraví,řidič se plně nevěnoval řízení vozidla,"povrch suchý, neznečistěný",neztížené,dobré,"most, nadjezd, podjezd, tunel",komunikace místní,,,jízdní kolo,Brno-jih,muž,"Ano, obsah alkoholu v krvi od 0,24‰ do 0,5‰",úterý,červenec,Horní Heršpice,,,,,,,,bez zraněn,"s přilbou (pouze u motocyklistů, příp. cyklistů)",řidičem nemotorového vozidla,"v noci - s veřejným osvětlením, viditelnost nezhoršená vlivem povětrnostních podmínek",na stezce pro cyklisty,řidič,"pod vlivem alkoholu, obsah alkoholu v krvi do 0,99 ‰",noc,,0,71432,1,71432,1,71432,2,27,1,1989,1,89,2016,0,0,1,0,0,2,21,1,2145,7,-1164182.828,-598647.016,60206161308,2016/07/26 00:00:00+00,11000,10000,1647ccb4-3f8b-44fb-9cab-c2a868b423c8
-598647.015999999,-1164182.828,983,Brno-jih,ano,nesprávný způsob jízdy,srážka s jedoucím nekolejovým vozidlem,nehoda s následky na životě nebo zdraví,řidič se plně nevěnoval řízení vozidla,"povrch suchý, neznečistěný",neztížené,dobré,"most, nadjezd, podjezd, tunel",komunikace místní,,,jízdní kolo,Brno-jih,muž,"Ano, obsah alkoholu v krvi od 0,24‰ do 0,5‰",úterý,červenec,Horní Heršpice,,,,,,,,lehké zranění,"bez přilby (pouze u motocyklistů, příp. cyklistů)",řidičem nemotorového vozidla,"v noci - s veřejným osvětlením, viditelnost nezhoršená vlivem povětrnostních podmínek",na stezce pro cyklisty,řidič,"pod vlivem alkoholu, obsah alkoholu v krvi do 0,99 ‰",noc,,1,71433,1,71433,1,71433,2,46,1,1970,1,70,2016,0,0,1,0,0,1,21,1,2145,7,-1164182.828,-598647.016,60206161308,2016/07/26 00:00:00+00,11000,10000,cf08e624-5f52-4bd0-9bb8-035eeceb6828
-599531.346999999,-1158881.966,984,Brno-Žabovřesky,ano,nesprávný způsob jízdy,havárie,nehoda s následky na životě nebo zdraví,řidič se plně nevěnoval řízení vozidla,"povrch suchý, neznečistěný",neztížené,dobré,žádné nebo žádné z uvedených,komunikace sledovaná (ve vybraných městech),,,jízdní kolo,Brno-Žabovřesky,žena,"Ano, obsah alkoholu v krvi od 0,5‰ do 0,8‰",pátek,červenec,Žabovřesky,,,,,,,,lehké zranění,"bez přilby (pouze u motocyklistů, příp. cyklistů)",řidičem nemotorového vozidla,"v noci - s veřejným osvětlením, viditelnost nezhoršená vlivem povětrnostních podmínek",na jízdním pruhu,řidič,"pod vlivem alkoholu, obsah alkoholu v krvi do 0,99 ‰",noc,,1,71434,1,71434,1,71434,5,20,1,1996,1,96,2016,0,0,1,0,0,1,22,1,2226,7,-1158881.966,-599531.347,60206161332,2016/07/29 00:00:00+00,1000,1000,ce475cfa-f62f-4ab3-817f-b74825a54cd5
-595315.552999999,-1158343.202,985,Brno-Maloměřice a Obřany,ne,nesprávný způsob jízdy,havárie,nehoda s následky na životě nebo zdraví,řidič se plně nevěnoval řízení vozidla,"povrch suchý, neznečistěný",neztížené,dobré,"zastávka autobusu, trolejbusu, tramvaje s nástup. ostrůvkem",komunikace sledovaná (ve vybraných městech),,,jízdní kolo,Brno-Maloměřice a Obřany,žena,Ne,úterý,srpen,Maloměřice,,,,,,,,lehké zranění,"s přilbou (pouze u motocyklistů, příp. cyklistů)",řidičem nemotorového vozidla,"ve dne, viditelnost nezhoršená vlivem povětrnostních podmínek",na kolejích tramvaje,řidič,dobrý -žádné nepříznivé okolnosti nebyly zjiště,den,,1,71435,1,71435,1,71435,2,55,1,1961,1,61,2016,0,0,1,0,0,1,17,1,1700,8,-1158343.202,-595315.553,60206161353,2016/08/02 00:00:00+00,3000,3000,d10ffa48-fca7-4d0f-9644-f2d9cdd13450
-598303.84,-1159333.351,986,Brno-střed,ne,nedání přenosti v jízdě,srážka s jedoucím nekolejovým vozidlem,nehoda s následky na životě nebo zdraví,při odbočování vlevo,"povrch suchý, neznečistěný",neztížené,dobré,přechod pro chodce,uzel (křižovatka sledovaná ve vybraných městech),,,jízdní kolo,Brno-střed,muž,Ne,úterý,srpen,Veveří,,,,,,,,lehké zranění,"s přilbou (pouze u motocyklistů, příp. cyklistů)",řidičem nemotorového vozidla,"ve dne, viditelnost nezhoršená vlivem povětrnostních podmínek",na jízdním pruhu,řidič,dobrý -žádné nepříznivé okolnosti nebyly zjiště,den,,1,71436,1,71436,1,71436,2,27,1,1989,1,89,2016,0,0,1,0,0,1,20,1,2005,8,-1159333.351,-598303.84,60206161354,2016/08/02 00:00:00+00,40000,30000,f8927fc9-3b1e-4e32-b05e-2c7a29ac442f
-603620.877,-1156735.566,987,Brno-Bystrc,ano,nesprávé předjíždění,srážka s jedoucím nekolejovým vozidlem,nehoda s následky na životě nebo zdraví,"při předjíždění došlo k ohrožení předjížděného řidiče vozidla (vynucované zařazení, předjížděný řidič musel prudce brzdit, měnit směr jízdy apod.)","povrch suchý, neznečistěný",neztížené,dobré,v blízkosti přechodu pro chodce (do vzdálenosti 20 m),komunikace místní,,,jízdní kolo,Brno-Bystrc,muž,"Ano, obsah alkoholu v krvi od 0,24‰ do 0,5‰",sobota,srpen,Bystrc,,,,,,,,těžké zranění,"bez přilby (pouze u motocyklistů, příp. cyklistů)",řidičem nemotorového vozidla,"ve dne, viditelnost nezhoršená vlivem povětrnostních podmínek",na jízdním pruhu,řidič,dobrý -žádné nepříznivé okolnosti nebyly zjiště,den,,0,71437,1,71437,1,71437,6,44,1,1972,1,72,2016,1,0,0,1,0,2,20,1,2004,8,-1156735.566,-603620.877,60206161377,2016/08/06 00:00:00+00,5000,1000,fd7f8f30-6f9e-4e5d-ade5-42819fcb5e06
-603620.877,-1156735.566,988,Brno-Bystrc,ano,nesprávé předjíždění,srážka s jedoucím nekolejovým vozidlem,nehoda s následky na životě nebo zdraví,"při předjíždění došlo k ohrožení předjížděného řidiče vozidla (vynucované zařazení, předjížděný řidič musel prudce brzdit, měnit směr jízdy apod.)","povrch suchý, neznečistěný",neztížené,dobré,v blízkosti přechodu pro chodce (do vzdálenosti 20 m),komunikace místní,,,jízdní kolo,Brno-Bystrc,žena,"Ano, obsah alkoholu v krvi od 0,24‰ do 0,5‰",sobota,srpen,Bystrc,,,,,,,,bez zraněn,"s přilbou (pouze u motocyklistů, příp. cyklistů)",řidičem nemotorového vozidla,"ve dne, viditelnost nezhoršená vlivem povětrnostních podmínek",na jízdním pruhu,řidič,"pod vlivem alkoholu, obsah alkoholu v krvi do 0,99 ‰",den,,0,71438,1,71438,1,71438,6,33,1,1983,1,83,2016,0,0,0,1,0,1,20,1,2004,8,-1156735.566,-603620.877,60206161377,2016/08/06 00:00:00+00,5000,1000,8194534f-c475-4708-b8c4-74b4df3e7e3f
-597963.166999999,-1158255.316,989,Brno-Královo Pole,ne,nesprávný způsob jízdy,srážka s jedoucím nekolejovým vozidlem,nehoda s následky na životě nebo zdraví,řidič se plně nevěnoval řízení vozidla,"povrch suchý, neznečistěný",neztížené,dobré,v blízkosti přechodu pro chodce (do vzdálenosti 20 m),komunikace sledovaná (ve vybraných městech),,,jízdní kolo,Brno-Královo Pole,muž,Ne,pondělí,srpen,Ponava,,,,,,,,lehké zranění,"bez přilby (pouze u motocyklistů, příp. cyklistů)",řidičem motorového vozidla,"ve dne, viditelnost nezhoršená vlivem povětrnostních podmínek",na jízdním pruhu,řidič,dobrý -žádné nepříznivé okolnosti nebyly zjiště,den,,1,71439,1,71439,1,71439,1,28,1,1988,1,88,2016,0,0,1,0,0,2,7,1,745,8,-1158255.316,-597963.167,60206161383,2016/08/08 00:00:00+00,6000,1000,97dbe16e-06ac-4643-972f-cce4cfb50a34
-598659.425999999,-1157531.541,990,Brno-Královo Pole,ano,nepřiměřená rychlost jízdy,havárie,nehoda s následky na životě nebo zdraví,nepřizpůsobení rychlosti vlastnostem vozidla a nákladu,"povrch suchý, neznečistěný",neztížené,dobré,žádné nebo žádné z uvedených,komunikace místní,,,jízdní kolo,Brno-Královo Pole,žena,"Ano, obsah alkoholu v krvi od 0,24‰ do 0,5‰",pondělí,srpen,Královo Pole,,,,,,,,lehké zranění,"bez přilby (pouze u motocyklistů, příp. cyklistů)",řidičem nemotorového vozidla,"ve dne, viditelnost nezhoršená vlivem povětrnostních podmínek",na stezce pro cyklisty,řidič,"pod vlivem alkoholu, obsah alkoholu v krvi do 0,99 ‰",den,,1,71440,1,71440,1,71440,1,38,1,1978,1,78,2016,0,0,1,0,0,1,19,1,1930,8,-1157531.541,-598659.426,60206161423,2016/08/15 00:00:00+00,100,100,db5d589a-8c8f-4acd-b86f-f4bfa340fa6b
-600862.041000001,-1161743.414,991,Brno-střed,ne,nepřiměřená rychlost jízdy,havárie,nehoda s následky na životě nebo zdraví,"nepřizpůsobení rychlosti dopravně technickému stavu vozovky (zatáčka, klesání, stoupání, šířka vozovky apod.)","povrch suchý, neznečistěný",neztížené,dobré,žádné nebo žádné z uvedených,komunikace účelová - polní a lesní cesty atd.,,,jízdní kolo,Brno-střed,žena,Ne,pondělí,srpen,Pisárky,,,,,,,,lehké zranění,"bez přilby (pouze u motocyklistů, příp. cyklistů)",řidičem nemotorového vozidla,"ve dne, viditelnost nezhoršená vlivem povětrnostních podmínek",na stezce pro cyklisty,řidič,dobrý -žádné nepříznivé okolnosti nebyly zjiště,den,,1,71442,1,71442,1,71442,1,48,1,1968,1,68,2016,0,0,1,0,0,1,17,1,1745,8,-1161743.414,-600862.041,60206161462,2016/08/22 00:00:00+00,1000,1000,99692ee3-c229-4c0c-a2dc-beffcfa704e6
-605902.692000002,-1154011.25,992,Brno-Bystrc,ne,nesprávný způsob jízdy,srážka s jedoucím nekolejovým vozidlem,nehoda s následky na životě nebo zdraví,"jízda po nesprávné straně vozovky, vjetí do protisměru","povrch suchý, neznečistěný",neztížené,dobré,žádné nebo žádné z uvedených,komunikace sledovaná (ve vybraných městech),,,jízdní kolo,Brno-Bystrc,muž,Ne,pátek,srpen,Bystrc,,,,,,,,lehké zranění,"s přilbou (pouze u motocyklistů, příp. cyklistů)",řidičem motorového vozidla,"ve dne, viditelnost nezhoršená vlivem povětrnostních podmínek",na jízdním pruhu,řidič,dobrý -žádné nepříznivé okolnosti nebyly zjiště,den,,1,71444,1,71444,1,71444,5,17,1,1999,1,99,2016,0,0,1,0,0,2,17,1,1715,8,-1154011.25,-605902.692,60206161489,2016/08/26 00:00:00+00,35000,20000,72117cd5-aaa2-4460-ba51-e0819befcf44
-591397.374000002,-1159609.755,993,Brno-Líšeň,nezjišťováno,nedání přenosti v jízdě,srážka s jedoucím nekolejovým vozidlem,nehoda s následky na životě nebo zdraví,při odbočování vlevo,"povrch suchý, neznečistěný",neztížené,dobré,"zastávka tramvaje, autobusu, trolejbusu bez nástup. ostrůvku",komunikace sledovaná (ve vybraných městech),,,jízdní kolo,Brno-Líšeň,chlapec (do 15 let),Nezjišťován,pondělí,srpen,Líšeň,,,,,,,,těžké zranění,"s přilbou (pouze u motocyklistů, příp. cyklistů)",řidičem nemotorového vozidla,"ve dne, viditelnost nezhoršená vlivem povětrnostních podmínek",na jízdním pruhu,řidič,dobrý -žádné nepříznivé okolnosti nebyly zjiště,den,,0,71445,1,71445,1,71445,1,10,1,2006,1,6,2016,1,0,0,1,0,1,16,1,1644,8,-1159609.755,-591397.374,60206161499,2016/08/29 00:00:00+00,51300,50000,b613b274-eccb-4474-96f4-bf5982d335a1
-601186.438999999,-1161206.36,994,Brno-střed,ne,nepřiměřená rychlost jízdy,havárie,nehoda s následky na životě nebo zdraví,"nepřizpůsobení rychlosti dopravně technickému stavu vozovky (zatáčka, klesání, stoupání, šířka vozovky apod.)","povrch suchý, neznečistěný",neztížené,dobré,"most, nadjezd, podjezd, tunel",komunikace místní,,,jízdní kolo,Brno-střed,muž,Ne,úterý,srpen,Pisárky,,,,,,,,těžké zranění,"s přilbou (pouze u motocyklistů, příp. cyklistů)",řidičem nemotorového vozidla,"ve dne, viditelnost nezhoršená vlivem povětrnostních podmínek",na stezce pro cyklisty,řidič,dobrý -žádné nepříznivé okolnosti nebyly zjiště,den,,0,71446,1,71446,1,71446,2,72,1,1944,1,44,2016,1,0,0,1,0,1,17,1,1700,8,-1161206.36,-601186.439,60206161509,2016/08/30 00:00:00+00,500,500,849a8c41-ef4a-4c37-bcb8-e9a85c9468b1
-600591.984000001,-1161615.679,995,Brno-střed,ne,nedání přenosti v jízdě,srážka s jedoucím nekolejovým vozidlem,nehoda s následky na životě nebo zdraví,při vjíždění na silnici,"povrch suchý, neznečistěný",neztížené,dobré,přechod pro chodce,komunikace místní,,,jízdní kolo,Brno-střed,chlapec (do 15 let),Ne,středa,srpen,Pisárky,,,,,,,,lehké zranění,"s přilbou (pouze u motocyklistů, příp. cyklistů)",řidičem motorového vozidla,"ve dne, viditelnost nezhoršená vlivem povětrnostních podmínek",na chodníku nebo ostrůvku,řidič,dobrý -žádné nepříznivé okolnosti nebyly zjiště,den,,1,71447,1,71447,1,71447,3,9,1,2007,1,7,2016,0,0,1,0,0,2,16,1,1640,8,-1161615.679,-600591.984,60206161515,2016/08/31 00:00:00+00,1000,1000,b8f2cd73-166b-4e92-8876-3cd1b7e1dba4
-595117.120000001,-1161030.734,996,Brno-Židenice,ne,nesprávný způsob jízdy,havárie,nehoda s následky na životě nebo zdraví,řidič se plně nevěnoval řízení vozidla,"povrch suchý, neznečistěný",neztížené,dobré,přechod pro chodce,komunikace sledovaná (ve vybraných městech),,,jízdní kolo,Brno-Židenice,žena,Ne,neděle,září,Židenice,,,,,,,,lehké zranění,"s přilbou (pouze u motocyklistů, příp. cyklistů)",řidičem nemotorového vozidla,"ve dne, viditelnost nezhoršená vlivem povětrnostních podmínek",na jízdním pruhu,řidič,dobrý -žádné nepříznivé okolnosti nebyly zjiště,den,,1,71448,1,71448,1,71448,7,55,1,1961,1,61,2016,0,0,1,0,0,1,9,1,955,9,-1161030.734,-595117.12,60206161532,2016/09/04 00:00:00+00,2000,1000,fe0c602f-feaa-4e74-a303-771635b84911
-595742.848999999,-1167977.773,997,Brno-Chrlice,ne,nedání přenosti v jízdě,srážka s jedoucím nekolejovým vozidlem,nehoda s následky na životě nebo zdraví,při odbočování vlevo,"povrch suchý, neznečistěný",neztížené,dobré,žádné nebo žádné z uvedených,komunikace místní,,,jízdní kolo,Brno-Chrlice,muž,Ne,neděle,září,Chrlice,,,,,,,,lehké zranění,"bez přilby (pouze u motocyklistů, příp. cyklistů)",řidičem motorového vozidla,"ve dne, viditelnost nezhoršená vlivem povětrnostních podmínek",na jízdním pruhu,řidič,dobrý -žádné nepříznivé okolnosti nebyly zjiště,den,,1,71449,1,71449,1,71449,7,33,1,1983,1,83,2016,0,0,1,0,0,2,18,1,1820,9,-1167977.773,-595742.849,60206161534,2016/09/04 00:00:00+00,2000,1000,67ccacd6-bc47-4246-ab43-b8e1711a256b
-599678.363000002,-1153313.914,998,Brno-Ivanovice,ne,nedání přenosti v jízdě,srážka s jedoucím nekolejovým vozidlem,nehoda s následky na životě nebo zdraví,při odbočování vlevo,"povrch suchý, neznečistěný",neztížené,dobré,žádné nebo žádné z uvedených,uzel (křižovatka sledovaná ve vybraných městech),,,jízdní kolo,Brno-Ivanovice,muž,Ne,čtvrtek,září,Ivanovice,,,,,,,,lehké zranění,"s přilbou (pouze u motocyklistů, příp. cyklistů)",řidičem motorového vozidla,"ve dne, viditelnost nezhoršená vlivem povětrnostních podmínek",na jízdním pruhu,řidič,dobrý -žádné nepříznivé okolnosti nebyly zjiště,den,,1,71450,1,71450,1,71450,4,68,1,1948,1,48,2016,0,0,1,0,0,2,10,1,1020,9,-1153313.914,-599678.363,60206161561,2016/09/08 00:00:00+00,2000,1000,669e0fa0-2ffb-45a5-8c5c-4b48570aafaf
-596286.333999999,-1160251.555,999,Brno-Židenice,ne,nedání přenosti v jízdě,srážka s jedoucím nekolejovým vozidlem,nehoda s následky na životě nebo zdraví,při odbočování vlevo,"povrch suchý, neznečistěný",neztížené,dobré,žádné nebo žádné z uvedených,uzel (křižovatka sledovaná ve vybraných městech),,,jízdní kolo,Brno-Židenice,žena,Ne,úterý,září,Zábrdovice,,,,,,,,lehké zranění,"s přilbou (pouze u motocyklistů, příp. cyklistů)",řidičem motorového vozidla,"ve dne, viditelnost nezhoršená vlivem povětrnostních podmínek",na jízdním pruhu,řidič,dobrý -žádné nepříznivé okolnosti nebyly zjiště,den,,1,71451,1,71451,1,71451,2,54,1,1962,1,62,2016,0,0,1,0,0,2,14,1,1430,9,-1160251.555,-596286.334,60206161588,2016/09/13 00:00:00+00,6000,3000,dfa06f46-5129-4654-b6c5-2afb14389bc5
-597065.227000002,-1157784.112,1000,Brno-Královo Pole,ne,nedání přenosti v jízdě,srážka s jedoucím nekolejovým vozidlem,nehoda s následky na životě nebo zdraví,při odbočování vlevo,"povrch suchý, neznečistěný",neztížené,dobré,v blízkosti přechodu pro chodce (do vzdálenosti 20 m),komunikace sledovaná (ve vybraných městech),,,jízdní kolo,Brno-Královo Pole,muž,Ne,čtvrtek,září,Královo Pole,,,,,,,,lehké zranění,"s přilbou (pouze u motocyklistů, příp. cyklistů)",řidičem motorového vozidla,"ve dne, viditelnost nezhoršená vlivem povětrnostních podmínek",na jízdním pruhu,řidič,dobrý -žádné nepříznivé okolnosti nebyly zjiště,den,,1,71452,1,71452,1,71452,4,58,1,1958,1,58,2016,0,0,1,0,0,2,14,1,1445,9,-1157784.112,-597065.227,60206161601,2016/09/15 00:00:00+00,36000,5000,46bee35c-5463-49c1-8f08-bb148b22cf58
-595736.736000001,-1158541.685,1001,Brno-sever,ne,nedání přenosti v jízdě,srážka s jedoucím nekolejovým vozidlem,nehoda s následky na životě nebo zdraví,při vjíždění na silnici,"povrch suchý, neznečistěný",neztížené,dobré,žádné nebo žádné z uvedených,komunikace místní,,,jízdní kolo,Brno-sever,chlapec (do 15 let),Ne,sobota,září,Husovice,,,,,,,,bez zraněn,"s přilbou (pouze u motocyklistů, příp. cyklistů)",řidičem nemotorového vozidla,"ve dne, viditelnost nezhoršená vlivem povětrnostních podmínek",na jízdním pruhu,řidič,dobrý -žádné nepříznivé okolnosti nebyly zjiště,den,,0,71453,1,71453,1,71453,6,11,1,2005,1,5,2016,0,0,1,0,0,1,17,1,1750,9,-1158541.685,-595736.736,60206161623,2016/09/17 00:00:00+00,17000,15000,b4f71c04-4f90-4766-a3d0-07ed0ce29f08
-598281.741,-1159317.397,1002,Brno-střed,ne,nesprávný způsob jízdy,srážka s jedoucím nekolejovým vozidlem,nehoda s následky na životě nebo zdraví,nedodržení bezpečné vzdálenosti za vozidlem,"povrch suchý, neznečistěný",neztížené,dobré,žádné nebo žádné z uvedených,komunikace sledovaná (ve vybraných městech),,,jízdní kolo,Brno-střed,muž,Ne,pondělí,září,Veveří,,,,,,,,těžké zranění,"bez přilby (pouze u motocyklistů, příp. cyklistů)",řidičem nemotorového vozidla,"ve dne, viditelnost nezhoršená vlivem povětrnostních podmínek",na jízdním pruhu,řidič,dobrý -žádné nepříznivé okolnosti nebyly zjiště,den,,0,71454,1,71454,1,71454,1,30,1,1986,1,86,2016,1,0,0,1,0,1,8,1,845,9,-1159317.397,-598281.741,60206161630,2016/09/19 00:00:00+00,25000,5000,8fcdee31-b87b-4bea-a425-1a7b4b3e4fbf
-596454.511,-1164706.041,1003,Brno-Tuřany,nezjišťováno,nedání přenosti v jízdě,srážka s jedoucím nekolejovým vozidlem,nehoda s následky na životě nebo zdraví,proti příkazu dopravní značky DEJ PŘEDNOST,"povrch suchý, neznečistěný",neztížené,dobré,čerpadlo pohonných hmot,komunikace sledovaná (ve vybraných městech),,,jízdní kolo,Brno-Tuřany,muž,Nezjišťován,úterý,září,Brněnské Ivanovice,,,,,,,,lehké zranění,"bez přilby (pouze u motocyklistů, příp. cyklistů)",řidičem motorového vozidla,"v noci - s veřejným osvětlením, viditelnost nezhoršená vlivem povětrnostních podmínek",na jízdním pruhu,řidič,dobrý -žádné nepříznivé okolnosti nebyly zjiště,den,,1,71455,1,71455,1,71455,2,28,1,1988,1,88,2016,0,0,1,0,0,2,19,1,1930,9,-1164706.041,-596454.511,60206161643,2016/09/20 00:00:00+00,3000,0,c6712170-bbda-416a-8c31-38dcec6affa8
-598597.859000001,-1159407.489,1004,Brno-střed,ne,nesprávný způsob jízdy,srážka s jedoucím nekolejovým vozidlem,nehoda pouze s hmotnou škodou,řidič se plně nevěnoval řízení vozidla,"povrch suchý, neznečistěný",neztížené,dobré,přechod pro chodce,uzel (křižovatka sledovaná ve vybraných městech),,,jízdní kolo,Brno-střed,muž,Ne,pátek,září,Veveří,,,,,,,,bez zraněn,"s přilbou (pouze u motocyklistů, příp. cyklistů)",řidičem motorového vozidla,"ve dne, viditelnost nezhoršená vlivem povětrnostních podmínek",na jízdním pruhu,řidič,dobrý -žádné nepříznivé okolnosti nebyly zjiště,den,,0,71456,1,71456,1,71456,5,28,1,1988,1,88,2016,0,0,0,0,0,2,15,1,1505,9,-1159407.489,-598597.859,60206161672,2016/09/23 00:00:00+00,500,0,a7471aa5-6328-4dde-9fe5-ee87fd9b857b
-595944.743000001,-1161912.193,1005,Brno-Černovice,ne,nedání přenosti v jízdě,jiný druh nehody,nehoda s následky na životě nebo zdraví,při vjíždění na silnici,"povrch suchý, neznečistěný",neztížené,dobré,žádné nebo žádné z uvedených,komunikace místní,,,jízdní kolo,Brno-Černovice,chlapec (do 15 let),Ne,čtvrtek,září,Černovice,,,,,,,,lehké zranění,"bez přilby (pouze u motocyklistů, příp. cyklistů)",řidičem nemotorového vozidla,"ve dne, viditelnost nezhoršená vlivem povětrnostních podmínek",na jízdním pruhu,řidič,dobrý -žádné nepříznivé okolnosti nebyly zjiště,den,,1,71458,1,71458,1,71458,4,8,1,2008,1,8,2016,0,0,1,0,0,1,15,1,1557,9,-1161912.193,-595944.743,60206161712,2016/09/29 00:00:00+00,6000,5000,103605d1-61ff-403b-9e2c-7fb2d67178f1