X,Y,objectid_1,zuj,alkohol_vinik,hlavni_pricina,srazka,nasledky,pricina,stav_vozovky,povetrnostni_podm,rozhled,misto_nehody,druh_komun,pneumatiky,druh_pohonu,druh_vozidla,mestska_cast,pohlavi,alkohol,den_v_tydnu,mesic_t,katastr,chovani_chodce,stav_chodce,drogy_chodec,alkohol_chodec,osobni_prepravnik,reflexni_prvky,kategorie_chodce,nasledek,ozn_osoba,zavineni,viditelnost,situovani,osoba,stav_ridic,doba,smrt_po,lz,target_fid_1,join_count_1,objectid,join_count,target_fid,den,vek,smrt_dny,rok_nar,p48a,p59d,rok,tz,smrt,lehce_zran_os,tezce_zran_os,usmrceno_os,id_vozidla,hodina,ovlivneni_ridice,cas,mesic,e,d,id_nehody,datum,hmotna_skoda_1,skoda_vozidlo,globalid
-593831.410999998,-1163575.029,1006,Brno-Slatina,ne,nedání přenosti v jízdě,srážka s jedoucím nekolejovým vozidlem,nehoda s následky na životě nebo zdraví,proti příkazu dopravní značky DEJ PŘEDNOST,"povrch suchý, neznečistěný",neztížené,dobré,žádné nebo žádné z uvedených,komunikace místní,,,jízdní kolo,Brno-Slatina,muž,Ne,pondělí,říjen,Slatina,,,,,,,,lehké zranění,"s přilbou (pouze u motocyklistů, příp. cyklistů)",řidičem motorového vozidla,"ve dne, viditelnost nezhoršená vlivem povětrnostních podmínek",na jízdním pruhu,řidič,dobrý -žádné nepříznivé okolnosti nebyly zjiště,den,,1,71460,1,71460,1,71460,1,36,1,1980,1,80,2016,0,0,1,0,0,2,16,1,1615,10,-1163575.029,-593831.411,60206161800,2016/10/10 00:00:00+00,21000,1000,760a403c-3dd4-4b34-8389-a0ea7aa54355
-601370.651000001,-1160657.001,1007,Brno-střed,ne,nedání přenosti v jízdě,srážka s jedoucím nekolejovým vozidlem,nehoda s následky na životě nebo zdraví,proti příkazu dopravní značky DEJ PŘEDNOST,"povrch suchý, neznečistěný",neztížené,dobré,žádné nebo žádné z uvedených,uzel (křižovatka sledovaná ve vybraných městech),,,jízdní kolo,Brno-střed,muž,Ne,pondělí,říjen,Pisárky,,,,,,,,lehké zranění,"s přilbou (pouze u motocyklistů, příp. cyklistů)",řidičem motorového vozidla,"v noci - s veřejným osvětlením, viditelnost nezhoršená vlivem povětrnostních podmínek",na jízdním pruhu,řidič,dobrý -žádné nepříznivé okolnosti nebyly zjiště,den,,1,71461,1,71461,1,71461,1,32,1,1984,1,84,2016,0,0,1,0,0,2,6,1,650,10,-1160657.001,-601370.651,60206161837,2016/10/17 00:00:00+00,40000,20000,3079ec61-74c1-4f1b-ba81-9708dc6485f1
-596972.5,-1158397.791,1008,Brno-sever,ne,nedání přenosti v jízdě,srážka s jedoucím nekolejovým vozidlem,nehoda s následky na životě nebo zdraví,při odbočování vlevo,"povrch suchý, neznečistěný",neztížené,dobré,v blízkosti přechodu pro chodce (do vzdálenosti 20 m),komunikace místní,,,jízdní kolo,Brno-sever,muž,Ne,pondělí,listopad,Černá Pole,,,,,,,,lehké zranění,"bez přilby (pouze u motocyklistů, příp. cyklistů)",řidičem motorového vozidla,"ve dne, zhoršená viditelnost (svítání, soumrak)",na jízdním pruhu,řidič,dobrý -žádné nepříznivé okolnosti nebyly zjiště,den,,1,71464,1,71464,1,71464,1,47,1,1969,1,69,2016,0,0,1,0,0,2,16,1,1650,11,-1158397.791,-596972.5,60206161996,2016/11/07 00:00:00+00,13000,10000,5841c4c7-3af8-4b15-bddb-acc245256c7b
-597168.298999999,-1163623.646,1009,Brno-jih,ne,nedání přenosti v jízdě,srážka s jedoucím nekolejovým vozidlem,nehoda s následky na životě nebo zdraví,"jízda na ""červenou"" 3-barevného semaforu","souvislá sněhová vrstva, rozbředlý sníh",sněžení,dobré,přechod pro chodce,komunikace sledovaná (ve vybraných městech),,,jízdní kolo,Brno-jih,muž,Ne,úterý,listopad,Komárov,,,,,,,,lehké zranění,"bez přilby (pouze u motocyklistů, příp. cyklistů)",řidičem motorového vozidla,"v noci - s veřejným osvětlením, viditelnost nezhoršená vlivem povětrnostních podmínek",na jízdním pruhu,řidič,dobrý -žádné nepříznivé okolnosti nebyly zjiště,den,,1,71465,1,71465,1,71465,2,45,1,1971,1,71,2016,0,0,1,0,0,2,20,1,2055,11,-1163623.646,-597168.299,60206162064,2016/11/15 00:00:00+00,10000,3000,849a0547-455a-477a-9744-e9f53a2b1653
-592374.664999999,-1162796.871,1010,Brno-Slatina,ne,nedání přenosti v jízdě,srážka s chodcem,nehoda s následky na životě nebo zdraví,chodci na vyznačeném přechodu,"povrch suchý, neznečistěný",neztížené,dobré,přechod pro chodce,komunikace sledovaná (ve vybraných městech),,,jízdní kolo,Brno-Slatina,muž,Ne,středa,listopad,Slatina,,,,,,,,lehké zranění,"s přilbou (pouze u motocyklistů, příp. cyklistů)",řidičem nemotorového vozidla,"v noci - s veřejným osvětlením, viditelnost nezhoršená vlivem povětrnostních podmínek",na jízdním pruhu,řidič,dobrý -žádné nepříznivé okolnosti nebyly zjiště,noc,,1,71467,1,71467,1,71467,3,23,1,1993,1,93,2016,0,0,1,0,0,1,5,1,540,11,-1162796.871,-592374.665,60206162162,2016/11/30 00:00:00+00,2000,1000,b13972b5-4aac-4cb2-9dbc-650b489561ed
-596918.537,-1158612.685,1011,Brno-sever,ne,nesprávé předjíždění,srážka s jedoucím nekolejovým vozidlem,nehoda s následky na životě nebo zdraví,předjíždění vlevo vozidla odbočujícího vlevo,povrch mokrý,neztížené,dobré,žádné nebo žádné z uvedených,komunikace místní,,,jízdní kolo,Brno-sever,muž,Ne,čtvrtek,prosinec,Černá Pole,,,,,,,,lehké zranění,"bez přilby (pouze u motocyklistů, příp. cyklistů)",řidičem nemotorového vozidla,"ve dne, viditelnost nezhoršená vlivem povětrnostních podmínek",na jízdním pruhu,řidič,dobrý -žádné nepříznivé okolnosti nebyly zjiště,den,,1,71468,1,71468,1,71468,4,46,1,1970,1,70,2016,0,0,1,0,0,1,8,1,810,12,-1158612.685,-596918.537,60206162304,2016/12/15 00:00:00+00,20000,10000,edfdbbcc-0b04-4eb4-8aa1-e711f9af6552
-599342.219000001,-1164166.444,1012,Brno-jih,ne,nesprávný způsob jízdy,"srážka s vozidlem zaparkovaným, odstaveným",nehoda s následky na životě nebo zdraví,řidič se plně nevěnoval řízení vozidla,povrch mokrý,neztížené,dobré,přechod pro chodce,uzel (křižovatka sledovaná ve vybraných městech),,,jízdní kolo,Brno-jih,muž,Ne,pátek,prosinec,Horní Heršpice,,,,,,,,lehké zranění,"s přilbou (pouze u motocyklistů, příp. cyklistů)",řidičem motorového vozidla,"v noci - s veřejným osvětlením, viditelnost nezhoršená vlivem povětrnostních podmínek",na jízdním pruhu,řidič,dobrý -žádné nepříznivé okolnosti nebyly zjiště,den,,1,71469,1,71469,1,71469,5,40,1,1976,1,76,2016,0,0,1,0,0,2,6,1,654,12,-1164166.444,-599342.219,60206162317,2016/12/16 00:00:00+00,10000,5000,35d55026-e050-4ad4-b14c-bfbfe35859bf
-593809.822000001,-1162596.002,1013,Brno-Slatina,ne,nedání přenosti v jízdě,srážka s jedoucím nekolejovým vozidlem,nehoda s následky na životě nebo zdraví,jiné nedání přednosti,"povrch suchý, neznečistěný",neztížené,dobré,žádné nebo žádné z uvedených,komunikace sledovaná (ve vybraných městech),,,jízdní kolo,Brno-Slatina,muž,Ne,pátek,prosinec,Slatina,,,,,,,,lehké zranění,"s přilbou (pouze u motocyklistů, příp. cyklistů)",řidičem motorového vozidla,"ve dne, viditelnost nezhoršená vlivem povětrnostních podmínek",na jízdním pruhu,řidič,dobrý -žádné nepříznivé okolnosti nebyly zjiště,den,,1,71471,1,71471,1,71471,5,31,1,1985,1,85,2016,0,0,1,0,0,2,13,1,1315,12,-1162596.002,-593809.822,60206162426,2016/12/30 00:00:00+00,9500,1000,40861974-4faf-489b-8a5f-4fbd914ca409
-598119.616999999,-1160016.028,1014,Brno-střed,ne,nezaviněno řidičem,srážka s chodcem,nehoda s následky na životě nebo zdraví,nezaviněná řidičem,"povrch suchý, neznečistěný",neztížené,dobré,parkoviště přiléhající ke komunikaci,komunikace sledovaná (ve vybraných městech),,,jízdní kolo,Brno-střed,muž,Ne,středa,leden,Veveří,,,,,,,,lehké zranění,"s přilbou (pouze u motocyklistů, příp. cyklistů)",chodcem,"ve dne, viditelnost nezhoršená vlivem povětrnostních podmínek",na jízdním pruhu,řidič,dobrý -žádné nepříznivé okolnosti nebyly zjiště,den,,1,71472,1,71472,1,71472,3,30,1,1987,1,87,2017,0,0,1,0,0,1,12,1,1234,1,-1160016.028,-598119.617,60206170063,2017/01/11 00:00:00+00,1000,1000,a1b95b39-152f-4629-ba8e-3e4c1858104f
-599075.612,-1158702.657,1015,Brno-Žabovřesky,ne,nedání přenosti v jízdě,srážka s jedoucím nekolejovým vozidlem,nehoda s následky na životě nebo zdraví,při odbočování vlevo,"povrch suchý, neznečistěný",neztížené,dobré,v blízkosti přechodu pro chodce (do vzdálenosti 20 m),komunikace sledovaná (ve vybraných městech),,,jízdní kolo,Brno-Žabovřesky,muž,Ne,pondělí,únor,Žabovřesky,,,,,,,,lehké zranění,"s přilbou (pouze u motocyklistů, příp. cyklistů)",řidičem motorového vozidla,"v noci - s veřejným osvětlením, viditelnost nezhoršená vlivem povětrnostních podmínek",na jízdním pruhu,řidič,dobrý -žádné nepříznivé okolnosti nebyly zjiště,den,,1,71475,1,71475,1,71475,1,33,1,1984,1,84,2017,0,0,1,0,0,2,20,1,2000,2,-1158702.657,-599075.612,60206170355,2017/02/20 00:00:00+00,35000,30000,6c5ab132-14f7-4bb8-ac0d-d8c7fe1150b6
-601324.120000001,-1162314.171,1016,Brno-Bohunice,ne,nedání přenosti v jízdě,srážka s jedoucím nekolejovým vozidlem,nehoda s následky na životě nebo zdraví,proti příkazu dopravní značky DEJ PŘEDNOST,povrch mokrý,déšť,dobré,v blízkosti přechodu pro chodce (do vzdálenosti 20 m),uzel (křižovatka sledovaná ve vybraných městech),,,jízdní kolo,Brno-Bohunice,žena,Ne,středa,březen,Bohunice,,,,,,,,lehké zranění,"s přilbou (pouze u motocyklistů, příp. cyklistů)",řidičem motorového vozidla,"ve dne, viditelnost nezhoršená vlivem povětrnostních podmínek",na jízdním pruhu,řidič,dobrý -žádné nepříznivé okolnosti nebyly zjiště,den,,1,71477,1,71477,1,71477,3,27,1,1990,1,90,2017,0,0,1,0,0,2,7,1,720,3,-1162314.171,-601324.12,60206170551,2017/03/22 00:00:00+00,2000,0,23076ed2-4547-48b9-ae56-7240e9605933
-600000.140999999,-1158644.207,1017,Brno-Žabovřesky,ne,nesprávný způsob jízdy,"srážka s vozidlem zaparkovaným, odstaveným",nehoda s následky na životě nebo zdraví,řidič se plně nevěnoval řízení vozidla,"povrch suchý, neznečistěný",neztížené,dobré,parkoviště přiléhající ke komunikaci,komunikace sledovaná (ve vybraných městech),,,jízdní kolo,Brno-Žabovřesky,muž,Ne,čtvrtek,březen,Žabovřesky,,,,,,,,lehké zranění,"s přilbou (pouze u motocyklistů, příp. cyklistů)",řidičem nemotorového vozidla,"ve dne, viditelnost nezhoršená vlivem povětrnostních podmínek",na jízdním pruhu,řidič,dobrý -žádné nepříznivé okolnosti nebyly zjiště,den,,1,71478,1,71478,1,71478,4,39,1,1978,1,78,2017,0,0,1,0,0,1,16,1,1620,3,-1158644.207,-600000.141,60206170569,2017/03/23 00:00:00+00,20000,10000,b737d722-0ace-410a-9e5b-b274da0f51d3
-604299.432,-1157460.413,1018,Brno-Bystrc,ne,nedání přenosti v jízdě,srážka s jedoucím nekolejovým vozidlem,nehoda s následky na životě nebo zdraví,proti příkazu dopravní značky DEJ PŘEDNOST,"povrch suchý, neznečistěný",neztížené,dobré,v blízkosti přechodu pro chodce (do vzdálenosti 20 m),uzel (křižovatka sledovaná ve vybraných městech),,,jízdní kolo,Brno-Bystrc,muž,Ne,úterý,březen,Bystrc,,,,,,,,lehké zranění,"s přilbou (pouze u motocyklistů, příp. cyklistů)",řidičem motorového vozidla,"ve dne, viditelnost nezhoršená vlivem povětrnostních podmínek",na jízdním pruhu,řidič,dobrý -žádné nepříznivé okolnosti nebyly zjiště,den,,1,71480,1,71480,1,71480,2,39,1,1978,1,78,2017,0,0,1,0,0,2,15,1,1515,3,-1157460.413,-604299.432,60206170606,2017/03/28 00:00:00+00,62000,30000,4e0c76bf-ae43-4470-9a6b-f77c5141a433
-603363.206,-1156689.303,1019,Brno-Bystrc,ne,nedání přenosti v jízdě,srážka s jedoucím nekolejovým vozidlem,nehoda s následky na životě nebo zdraví,při odbočování vlevo,"povrch suchý, neznečistěný",neztížené,dobré,přechod pro chodce,uzel (křižovatka sledovaná ve vybraných městech),,,jízdní kolo,Brno-Bystrc,muž,Ne,čtvrtek,březen,Bystrc,,,,,,,,lehké zranění,"bez přilby (pouze u motocyklistů, příp. cyklistů)",řidičem motorového vozidla,"ve dne, viditelnost nezhoršená vlivem povětrnostních podmínek",žádné z uvedenýc,řidič,dobrý -žádné nepříznivé okolnosti nebyly zjiště,den,,1,71482,1,71482,1,71482,4,71,1,1946,1,46,2017,0,0,1,0,0,2,9,1,925,3,-1156689.303,-603363.206,60206170620,2017/03/30 00:00:00+00,20000,10000,96f91c74-21b4-489e-8755-0101f7e2f84b
-597382.978999998,-1162521.758,1020,Brno-jih,ne,nedání přenosti v jízdě,srážka s chodcem,nehoda s následky na životě nebo zdraví,chodci na vyznačeném přechodu,"povrch suchý, neznečistěný",neztížené,dobré,přechod pro chodce,uzel (křižovatka sledovaná ve vybraných městech),,,jízdní kolo,Brno-jih,muž,Ne,čtvrtek,březen,Komárov,,,,,,,,bez zraněn,"bez přilby (pouze u motocyklistů, příp. cyklistů)",řidičem nemotorového vozidla,"ve dne, viditelnost nezhoršená vlivem povětrnostních podmínek",na jízdním pruhu,řidič,dobrý -žádné nepříznivé okolnosti nebyly zjiště,den,,0,71483,1,71483,1,71483,4,46,1,1971,1,71,2017,0,0,1,0,0,1,16,1,1600,3,-1162521.758,-597382.979,60206170623,2017/03/30 00:00:00+00,5000,5000,06ee921b-e525-47ee-b0af-d2f4c06a8645
-598166.327,-1158097.997,1021,Brno-Královo Pole,ne,nedání přenosti v jízdě,srážka s jedoucím nekolejovým vozidlem,nehoda s následky na životě nebo zdraví,proti příkazu dopravní značky STŮJ DEJ PŘEDNOST,"povrch suchý, neznečistěný",neztížené,dobré,žádné nebo žádné z uvedených,komunikace sledovaná (ve vybraných městech),,,jízdní kolo,Brno-Královo Pole,muž,Ne,neděle,duben,Ponava,,,,,,,,lehké zranění,"s přilbou (pouze u motocyklistů, příp. cyklistů)",řidičem motorového vozidla,"ve dne, viditelnost nezhoršená vlivem povětrnostních podmínek",na jízdním pruhu,řidič,"pod vlivem alkoholu, obsah alkoholu v krvi do 0,99 ‰",den,,1,71484,1,71484,1,71484,7,57,1,1960,1,60,2017,0,0,1,0,0,2,17,1,1705,4,-1158097.997,-598166.327,60206170648,2017/04/02 00:00:00+00,30000,20000,fa27c3bf-e38a-4364-81a0-9ef30099de82
-598756.577,-1159122.612,1022,Brno-Královo Pole,ano,nepřiměřená rychlost jízdy,havárie,nehoda s následky na životě nebo zdraví,jiný druh nepřiměřené rychlosti,"povrch suchý, neznečistěný",neztížené,dobré,žádné nebo žádné z uvedených,komunikace místní,,,jízdní kolo,Brno-Královo Pole,muž,"Ano, obsah alkoholu v krvi 1,5‰ a více",sobota,duben,Ponava,,,,,,,,lehké zranění,"s přilbou (pouze u motocyklistů, příp. cyklistů)",řidičem nemotorového vozidla,"ve dne, viditelnost nezhoršená vlivem povětrnostních podmínek",na jízdním pruhu,řidič,pod vlivem alkoholu obsah alkoholu v krvi 1 ‰ a víc,den,,1,71485,1,71485,1,71485,6,30,1,1987,1,87,2017,0,0,1,0,0,1,13,1,1335,4,-1159122.612,-598756.577,60206170692,2017/04/08 00:00:00+00,6000,5000,ce202629-1393-4dce-a20c-534d4a75ed82
-601664.896000002,-1158678.339,1023,Brno-Komín,ne,nesprávný způsob jízdy,jiný druh nehody,nehoda s následky na životě nebo zdraví,řidič se plně nevěnoval řízení vozidla,"povrch suchý, neznečistěný",neztížené,dobré,žádné nebo žádné z uvedených,komunikace místní,,,jízdní kolo,Brno-Komín,muž,Ne,neděle,duben,Komín,,,,,,,,lehké zranění,"bez přilby (pouze u motocyklistů, příp. cyklistů)",řidičem nemotorového vozidla,"ve dne, viditelnost nezhoršená vlivem povětrnostních podmínek",na stezce pro cyklisty,řidič,dobrý -žádné nepříznivé okolnosti nebyly zjiště,den,,1,71486,1,71486,1,71486,7,65,1,1952,1,52,2017,0,0,1,0,0,1,14,1,1425,4,-1158678.339,-601664.896,60206170699,2017/04/09 00:00:00+00,1000,1000,ae45db6b-7f29-4953-8e26-b9ee76ebc4db
-593308.065000001,-1160237.516,1024,Brno-Líšeň,ne,nepřiměřená rychlost jízdy,havárie,nehoda s následky na životě nebo zdraví,jiný druh nepřiměřené rychlosti,"povrch suchý, neznečistěný",neztížené,dobré,žádné nebo žádné z uvedených,komunikace místní,,,jízdní kolo,Brno-Líšeň,muž,Ne,sobota,duben,Líšeň,,,,,,,,lehké zranění,"bez přilby (pouze u motocyklistů, příp. cyklistů)",řidičem nemotorového vozidla,"v noci - s veřejným osvětlením, viditelnost nezhoršená vlivem povětrnostních podmínek",na krajnici,řidič,dobrý -žádné nepříznivé okolnosti nebyly zjiště,noc,,1,71487,1,71487,1,71487,6,16,1,2001,1,1,2017,0,0,1,0,0,1,21,1,2105,4,-1160237.516,-593308.065,60206170750,2017/04/15 00:00:00+00,0,0,0ee53eeb-bec4-4222-8cdc-324615755671
-600072.824000001,-1155319.284,1025,Brno-Medlánky,ne,nesprávný způsob jízdy,srážka s jedoucím nekolejovým vozidlem,nehoda s následky na životě nebo zdraví,řidič se plně nevěnoval řízení vozidla,"povrch suchý, neznečistěný",neztížené,dobré,žádné nebo žádné z uvedených,komunikace sledovaná (ve vybraných městech),,,jízdní kolo,Brno-Medlánky,muž,Ne,úterý,duben,Medlánky,,,,,,,,lehké zranění,"s přilbou (pouze u motocyklistů, příp. cyklistů)",řidičem motorového vozidla,"ve dne, viditelnost nezhoršená vlivem povětrnostních podmínek",na jízdním pruhu,řidič,dobrý -žádné nepříznivé okolnosti nebyly zjiště,den,,1,71488,1,71488,1,71488,2,45,1,1972,1,72,2017,0,0,1,0,0,2,9,1,905,4,-1155319.284,-600072.824,60206170762,2017/04/18 00:00:00+00,70000,30000,b7137138-885b-4d87-b318-25ca204d9daf
-600092.052999999,-1155346.095,1026,Brno-Medlánky,ne,nedání přenosti v jízdě,srážka s jedoucím nekolejovým vozidlem,nehoda s následky na životě nebo zdraví,proti příkazu dopravní značky DEJ PŘEDNOST,"povrch suchý, neznečistěný",neztížené,dobré,v blízkosti přechodu pro chodce (do vzdálenosti 20 m),komunikace sledovaná (ve vybraných městech),,,jízdní kolo,Brno-Medlánky,muž,Ne,pondělí,květen,Medlánky,,,,,,,,lehké zranění,"s přilbou (pouze u motocyklistů, příp. cyklistů)",řidičem motorového vozidla,"ve dne, viditelnost nezhoršená vlivem povětrnostních podmínek",na jízdním pruhu,řidič,dobrý -žádné nepříznivé okolnosti nebyly zjiště,den,,1,71489,1,71489,1,71489,1,43,1,1974,1,74,2017,0,0,1,0,0,2,16,1,1633,5,-1155346.095,-600092.053,60206170859,2017/05/01 00:00:00+00,7000,5000,c6f173be-ee03-4944-bfa9-8a5d14f1546e
-598686.750999998,-1159115.965,1027,Brno-střed,ne,nedání přenosti v jízdě,srážka s jedoucím nekolejovým vozidlem,nehoda s následky na životě nebo zdraví,proti příkazu dopravní značky STŮJ DEJ PŘEDNOST,povrch mokrý,neztížené,dobré,přechod pro chodce,uzel (křižovatka sledovaná ve vybraných městech),,,jízdní kolo,Brno-střed,muž,Ne,úterý,květen,Veveří,,,,,,,,lehké zranění,"bez přilby (pouze u motocyklistů, příp. cyklistů)",řidičem motorového vozidla,"ve dne, viditelnost nezhoršená vlivem povětrnostních podmínek",na jízdním pruhu,řidič,dobrý -žádné nepříznivé okolnosti nebyly zjiště,den,,1,71491,1,71491,1,71491,2,26,1,1991,1,91,2017,0,0,1,0,0,2,7,1,715,5,-1159115.965,-598686.751,60206170931,2017/05/09 00:00:00+00,7000,5000,9a2cd639-8d2a-4015-b7be-1e4cf8b8b3a8
-600982.282000002,-1158179.039,1028,Brno-Komín,ne,nedání přenosti v jízdě,srážka s jedoucím nekolejovým vozidlem,nehoda s následky na životě nebo zdraví,proti příkazu dopravní značky DEJ PŘEDNOST,"povrch suchý, neznečistěný",neztížené,dobré,přechod pro chodce,uzel (křižovatka sledovaná ve vybraných městech),,,jízdní kolo,Brno-Komín,muž,Ne,úterý,květen,Žabovřesky,,,,,,,,těžké zranění,"bez přilby (pouze u motocyklistů, příp. cyklistů)",řidičem motorového vozidla,"ve dne, viditelnost nezhoršená vlivem povětrnostních podmínek",na jízdním pruhu,řidič,dobrý -žádné nepříznivé okolnosti nebyly zjiště,den,,0,71492,1,71492,1,71492,2,44,1,1973,1,73,2017,1,0,0,1,0,2,17,1,1700,5,-1158179.039,-600982.282,60206170937,2017/05/09 00:00:00+00,32000,2000,3d073816-8313-463a-8946-53a905bb2874
-595603.717,-1161067.186,1029,Brno-Židenice,ne,nepřiměřená rychlost jízdy,havárie,nehoda s následky na životě nebo zdraví,jiný druh nepřiměřené rychlosti,"povrch suchý, neznečistěný",neztížené,dobré,přechod pro chodce,komunikace sledovaná (ve vybraných městech),,,jízdní kolo,Brno-Židenice,žena,Ne,pátek,květen,Židenice,,,,,,,,lehké zranění,"s přilbou (pouze u motocyklistů, příp. cyklistů)",řidičem nemotorového vozidla,"ve dne, viditelnost nezhoršená vlivem povětrnostních podmínek",na jízdním pruhu,řidič,dobrý -žádné nepříznivé okolnosti nebyly zjiště,den,,1,71493,1,71493,1,71493,5,29,1,1988,1,88,2017,0,0,1,0,0,1,12,1,1250,5,-1161067.186,-595603.717,60206170962,2017/05/12 00:00:00+00,1000,1000,70144229-8237-4bc8-a7bb-56b716e453b2
-595403.675999999,-1150653.166,1030,Brno-Útěchov,ne,nepřiměřená rychlost jízdy,havárie,nehoda s následky na životě nebo zdraví,jiný druh nepřiměřené rychlosti,"povrch suchý, neznečistěný",neztížené,dobré,žádné nebo žádné z uvedených,komunikace sledovaná (ve vybraných městech),,,jízdní kolo,Brno-Útěchov,žena,Ne,sobota,květen,Útěchov u Brna,,,,,,,,lehké zranění,"s přilbou (pouze u motocyklistů, příp. cyklistů)",řidičem nemotorového vozidla,"ve dne, viditelnost nezhoršená vlivem povětrnostních podmínek",na jízdním pruhu,řidič,dobrý -žádné nepříznivé okolnosti nebyly zjiště,den,,1,71494,1,71494,1,71494,6,53,1,1964,1,64,2017,0,0,1,0,0,1,9,1,945,5,-1150653.166,-595403.676,60206170968,2017/05/13 00:00:00+00,1000,1000,7a615ca4-55ea-44ee-9181-4b610c4fa56f
-602132.092,-1163513.226,1031,Brno-Starý Lískovec,ne,nesprávé předjíždění,srážka s jedoucím nekolejovým vozidlem,nehoda s následky na životě nebo zdraví,"při předjíždění došlo k ohrožení předjížděného řidiče vozidla (vynucované zařazení, předjížděný řidič musel prudce brzdit, měnit směr jízdy apod.)","povrch suchý, neznečistěný",neztížené,dobré,žádné nebo žádné z uvedených,komunikace místní,,,jízdní kolo,Brno-Starý Lískovec,muž,Ne,neděle,květen,Starý Lískovec,,,,,,,,lehké zranění,"s přilbou (pouze u motocyklistů, příp. cyklistů)",řidičem motorového vozidla,"ve dne, viditelnost nezhoršená vlivem povětrnostních podmínek",na jízdním pruhu,řidič,dobrý -žádné nepříznivé okolnosti nebyly zjiště,den,,1,71495,1,71495,1,71495,7,49,1,1968,1,68,2017,0,0,1,0,0,2,10,1,1015,5,-1163513.226,-602132.092,60206170978,2017/05/14 00:00:00+00,3000,0,82014e62-31e1-438b-83ba-6a9241820ff1
-595315.203000002,-1162045.607,1032,Brno-Černovice,ne,nesprávný způsob jízdy,srážka s jedoucím nekolejovým vozidlem,nehoda s následky na životě nebo zdraví,"jízda po nesprávné straně vozovky, vjetí do protisměru",povrch mokrý,déšť,dobré,žádné nebo žádné z uvedených,komunikace místní,,,jízdní kolo,Brno-Černovice,muž,Ne,pondělí,květen,Černovice,,,,,,,,lehké zranění,"s přilbou (pouze u motocyklistů, příp. cyklistů)",řidičem motorového vozidla,"ve dne, viditelnost nezhoršená vlivem povětrnostních podmínek",na jízdním pruhu,řidič,dobrý -žádné nepříznivé okolnosti nebyly zjiště,den,,1,71496,1,71496,1,71496,1,27,1,1990,1,90,2017,0,0,1,0,0,2,17,1,1720,5,-1162045.607,-595315.203,60206171000,2017/05/15 00:00:00+00,16000,10000,1fca508d-6ac7-4bac-a43f-636d6d689a61
-595940.625,-1160582.831,1033,Brno-Židenice,ne,nedání přenosti v jízdě,srážka s jedoucím nekolejovým vozidlem,nehoda s následky na životě nebo zdraví,vozidlu přijíždějícímu zprava,"povrch suchý, neznečistěný",neztížené,dobré,žádné nebo žádné z uvedených,komunikace místní,,,jízdní kolo,Brno-Židenice,muž,Ne,čtvrtek,květen,Židenice,,,,,,,,lehké zranění,"bez přilby (pouze u motocyklistů, příp. cyklistů)",řidičem nemotorového vozidla,"ve dne, viditelnost nezhoršená vlivem povětrnostních podmínek",žádné z uvedenýc,řidič,dobrý -žádné nepříznivé okolnosti nebyly zjiště,den,,1,71498,1,71498,1,71498,4,34,1,1983,1,83,2017,0,0,1,0,0,1,13,1,1310,5,-1160582.831,-595940.625,60206171034,2017/05/18 00:00:00+00,21000,20000,e7145903-43a4-4ff9-b012-05b40c47a4df
-597315.59,-1151589.656,1034,Brno-Ořešín,ne,nepřiměřená rychlost jízdy,havárie,nehoda s následky na životě nebo zdraví,"nepřizpůsobení rychlosti dopravně technickému stavu vozovky (zatáčka, klesání, stoupání, šířka vozovky apod.)","povrch suchý, neznečistěný",neztížené,dobré,žádné nebo žádné z uvedených,komunikace místní,,,jízdní kolo,Brno-Ořešín,žena,Ne,sobota,květen,Ořešín,,,,,,,,lehké zranění,"s přilbou (pouze u motocyklistů, příp. cyklistů)",řidičem nemotorového vozidla,"ve dne, viditelnost nezhoršená vlivem povětrnostních podmínek",na jízdním pruhu,řidič,dobrý -žádné nepříznivé okolnosti nebyly zjiště,den,,1,71499,1,71499,1,71499,6,24,1,1993,1,93,2017,0,0,1,0,0,1,14,1,1410,5,-1151589.656,-597315.59,60206171055,2017/05/20 00:00:00+00,10000,10000,f28f5c5c-b2a8-4661-8de2-167a97749249