X,Y,objectid_1,zuj,alkohol_vinik,hlavni_pricina,srazka,nasledky,pricina,stav_vozovky,povetrnostni_podm,rozhled,misto_nehody,druh_komun,pneumatiky,druh_pohonu,druh_vozidla,mestska_cast,pohlavi,alkohol,den_v_tydnu,mesic_t,katastr,chovani_chodce,stav_chodce,drogy_chodec,alkohol_chodec,osobni_prepravnik,reflexni_prvky,kategorie_chodce,nasledek,ozn_osoba,zavineni,viditelnost,situovani,osoba,stav_ridic,doba,smrt_po,lz,target_fid_1,join_count_1,objectid,join_count,target_fid,den,vek,smrt_dny,rok_nar,p48a,p59d,rok,tz,smrt,lehce_zran_os,tezce_zran_os,usmrceno_os,id_vozidla,hodina,ovlivneni_ridice,cas,mesic,e,d,id_nehody,datum,hmotna_skoda_1,skoda_vozidlo,globalid
-598257.583999999,-1159354.238,1035,Brno-střed,nezjišťováno,nedání přenosti v jízdě,havárie,nehoda s následky na životě nebo zdraví,při přejíždění z jednoho jízdního pruhu do druhého,"povrch suchý, neznečistěný",neztížené,dobré,v blízkosti přechodu pro chodce (do vzdálenosti 20 m),komunikace sledovaná (ve vybraných městech),,,jízdní kolo,Brno-střed,muž,Nezjišťován,pondělí,květen,Černá Pole,,,,,,,,lehké zranění,"s přilbou (pouze u motocyklistů, příp. cyklistů)",řidičem motorového vozidla,"ve dne, viditelnost nezhoršená vlivem povětrnostních podmínek",na jízdním pruhu,řidič,dobrý -žádné nepříznivé okolnosti nebyly zjiště,noc,,1,71500,1,71500,1,71500,1,35,1,1982,1,82,2017,0,0,1,0,0,2,25,1,2560,5,-1159354.238,-598257.584,60206171092,2017/05/22 00:00:00+00,1000,1000,a91d04c7-fc3d-464e-ad2a-7f6996d45f2f
-601515.079,-1161679.397,1036,Brno-Nový Lískovec,ne,nedání přenosti v jízdě,srážka s jedoucím nekolejovým vozidlem,nehoda s následky na životě nebo zdraví,při odbočování vlevo,"povrch suchý, neznečistěný",neztížené,dobré,žádné nebo žádné z uvedených,komunikace sledovaná (ve vybraných městech),,,jízdní kolo,Brno-Nový Lískovec,muž,Ne,úterý,květen,Nový Lískovec,,,,,,,,lehké zranění,"s přilbou (pouze u motocyklistů, příp. cyklistů)",řidičem motorového vozidla,"ve dne, viditelnost nezhoršená vlivem povětrnostních podmínek",na jízdním pruhu,řidič,dobrý -žádné nepříznivé okolnosti nebyly zjiště,den,,1,71501,1,71501,1,71501,2,49,1,1968,1,68,2017,0,0,1,0,0,2,18,1,1815,5,-1161679.397,-601515.079,60206171097,2017/05/23 00:00:00+00,15000,10000,ddb58176-dd31-4b84-b58d-65a7858ea06f
-600679.771000002,-1164159.283,1037,Brno-Bohunice,nezjišťováno,nezaviněno řidičem,srážka s domácím zvířetem,nehoda s následky na životě nebo zdraví,nezaviněná řidičem,"povrch suchý, neznečistěný",neztížené,dobré,žádné nebo žádné z uvedených,komunikace místní,,,jízdní kolo,Brno-Bohunice,muž,Nezjišťován,čtvrtek,květen,Bohunice,,,,,,,,lehké zranění,"bez přilby (pouze u motocyklistů, příp. cyklistů)","lesní zvěří, domácím zvířectvem","ve dne, viditelnost nezhoršená vlivem povětrnostních podmínek",na jízdním pruhu,řidič,pod vlivem alkoholu obsah alkoholu v krvi 1 ‰ a víc,den,,1,71502,1,71502,1,71502,4,46,1,1971,1,71,2017,0,0,1,0,0,1,7,1,715,5,-1164159.283,-600679.771,60206171108,2017/05/25 00:00:00+00,1000,1000,34265939-6288-4080-89ce-a89f05067f53
-595363.469999999,-1161020.45,1038,Brno-Židenice,ne,nedání přenosti v jízdě,srážka s jedoucím nekolejovým vozidlem,nehoda s následky na životě nebo zdraví,při odbočování vlevo,"povrch suchý, neznečistěný",neztížené,dobré,v blízkosti přechodu pro chodce (do vzdálenosti 20 m),uzel (křižovatka sledovaná ve vybraných městech),,,jízdní kolo,Brno-Židenice,muž,Ne,sobota,květen,Židenice,,,,,,,,lehké zranění,"s přilbou (pouze u motocyklistů, příp. cyklistů)",řidičem motorového vozidla,"ve dne, viditelnost nezhoršená vlivem povětrnostních podmínek",na jízdním pruhu,řidič,dobrý -žádné nepříznivé okolnosti nebyly zjiště,den,,1,71503,1,71503,1,71503,6,53,1,1964,1,64,2017,0,0,1,0,0,2,10,1,1050,5,-1161020.45,-595363.47,60206171128,2017/05/27 00:00:00+00,25000,20000,207e8c10-f5d9-4fc8-a69b-12114fecb58e
-596261.811999999,-1156317.941,1039,Brno-sever,ne,nesprávé předjíždění,srážka s jedoucím nekolejovým vozidlem,nehoda s následky na životě nebo zdraví,"při předjíždění došlo k ohrožení předjížděného řidiče vozidla (vynucované zařazení, předjížděný řidič musel prudce brzdit, měnit směr jízdy apod.)","povrch suchý, neznečistěný",neztížené,dobré,v blízkosti přechodu pro chodce (do vzdálenosti 20 m),komunikace sledovaná (ve vybraných městech),,,jízdní kolo,Brno-sever,muž,Ne,sobota,květen,Lesná,,,,,,,,těžké zranění,"s přilbou (pouze u motocyklistů, příp. cyklistů)",řidičem motorového vozidla,"ve dne, viditelnost nezhoršená vlivem povětrnostních podmínek",na jízdním pruhu,řidič,dobrý -žádné nepříznivé okolnosti nebyly zjiště,den,,0,71504,1,71504,1,71504,6,76,1,1941,1,41,2017,1,0,0,1,0,2,16,1,1615,5,-1156317.941,-596261.812,60206171134,2017/05/27 00:00:00+00,2000,0,8c45fcf2-1946-4596-af23-88d952946005
-599280.149999999,-1155801.946,1040,Brno-Řečkovice a Mokrá Hora,ne,nedání přenosti v jízdě,srážka s chodcem,nehoda s následky na životě nebo zdraví,chodci na vyznačeném přechodu,"povrch suchý, neznečistěný",neztížené,dobré,přechod pro chodce,uzel (křižovatka sledovaná ve vybraných městech),,,jízdní kolo,Brno-Řečkovice a Mokrá Hora,muž,Ne,úterý,květen,Řečkovice,,,,,,,,lehké zranění,"s přilbou (pouze u motocyklistů, příp. cyklistů)",řidičem nemotorového vozidla,"ve dne, viditelnost nezhoršená vlivem povětrnostních podmínek",na jízdním pruhu,řidič,dobrý -žádné nepříznivé okolnosti nebyly zjiště,den,,1,71505,1,71505,1,71505,2,22,1,1995,1,95,2017,0,0,2,0,0,1,8,1,820,5,-1155801.946,-599280.15,60206171148,2017/05/30 00:00:00+00,2000,2000,7d509aa8-3fe1-46b3-819f-38dae8dfe58c
-595568.879999999,-1165552.225,1041,Brno-Tuřany,ne,nedání přenosti v jízdě,srážka s jedoucím nekolejovým vozidlem,nehoda s následky na životě nebo zdraví,při odbočování vlevo,"povrch suchý, neznečistěný",neztížené,dobré,žádné nebo žádné z uvedených,komunikace sledovaná (ve vybraných městech),,,jízdní kolo,Brno-Tuřany,muž,Ne,úterý,květen,Brněnské Ivanovice,,,,,,,,lehké zranění,"s přilbou (pouze u motocyklistů, příp. cyklistů)",řidičem motorového vozidla,"ve dne, viditelnost nezhoršená vlivem povětrnostních podmínek",na jízdním pruhu,řidič,dobrý -žádné nepříznivé okolnosti nebyly zjiště,den,,1,71506,1,71506,1,71506,2,41,1,1976,1,76,2017,0,0,1,0,0,2,15,1,1549,5,-1165552.225,-595568.88,60206171154,2017/05/30 00:00:00+00,23000,2000,e1698412-29e7-4d4c-99d6-2d8fcec2f66b
-598764.083999999,-1157510.253,1042,Brno-Královo Pole,ano,nezaviněno řidičem,srážka s chodcem,nehoda s následky na životě nebo zdraví,nezaviněná řidičem,"povrch suchý, neznečistěný",neztížené,dobré,žádné nebo žádné z uvedených,komunikace sledovaná (ve vybraných městech),,,jízdní kolo,Brno-Královo Pole,muž,"Ano, obsah alkoholu v krvi 1,5‰ a více",úterý,květen,Královo Pole,,,,,,,,bez zraněn,"bez přilby (pouze u motocyklistů, příp. cyklistů)",chodcem,"ve dne, viditelnost nezhoršená vlivem povětrnostních podmínek",na jízdním pruhu,řidič,dobrý -žádné nepříznivé okolnosti nebyly zjiště,den,,0,71507,1,71507,1,71507,2,30,1,1987,1,87,2017,0,0,1,0,0,1,19,1,1915,5,-1157510.253,-598764.084,60206171157,2017/05/30 00:00:00+00,0,0,342b5cd6-e6de-4fe1-ac96-d2f2e62511a5
-598268.443,-1159346.217,1043,Brno-střed,ne,nedání přenosti v jízdě,srážka s jedoucím nekolejovým vozidlem,nehoda s následky na životě nebo zdraví,jiné nedání přednosti,"povrch suchý, neznečistěný",neztížené,dobré,přechod pro chodce,uzel (křižovatka sledovaná ve vybraných městech),,,jízdní kolo,Brno-střed,chlapec (do 15 let),Ne,sobota,červen,Veveří,,,,,,,,lehké zranění,"bez přilby (pouze u motocyklistů, příp. cyklistů)",řidičem nemotorového vozidla,"ve dne, viditelnost nezhoršená vlivem povětrnostních podmínek",na jízdním pruhu,ostatní spolucestující (i v postranním vozíku motocyklu),dobrý -žádné nepříznivé okolnosti nebyly zjiště,den,,1,71508,1,71508,1,71508,6,8,1,2009,1,9,2017,0,0,2,0,0,1,17,1,1710,6,-1159346.217,-598268.443,60206171193,2017/06/03 00:00:00+00,11000,10000,1df18e41-e421-48b8-ad53-feaf9b3822b4
-598268.443,-1159346.217,1044,Brno-střed,ne,nedání přenosti v jízdě,srážka s jedoucím nekolejovým vozidlem,nehoda s následky na životě nebo zdraví,jiné nedání přednosti,"povrch suchý, neznečistěný",neztížené,dobré,přechod pro chodce,uzel (křižovatka sledovaná ve vybraných městech),,,jízdní kolo,Brno-střed,chlapec (do 15 let),Ne,sobota,červen,Veveří,,,,,,,,lehké zranění,"bez přilby (pouze u motocyklistů, příp. cyklistů)",řidičem nemotorového vozidla,"ve dne, viditelnost nezhoršená vlivem povětrnostních podmínek",na jízdním pruhu,řidič,dobrý -žádné nepříznivé okolnosti nebyly zjiště,den,,1,71509,1,71509,1,71509,6,12,1,2005,1,5,2017,0,0,2,0,0,1,17,1,1710,6,-1159346.217,-598268.443,60206171193,2017/06/03 00:00:00+00,11000,10000,0a045626-2a0a-4e4c-b305-4d2f7b1eb146
-604496.059,-1159068.21,1045,Brno-Žebětín,ne,nesprávný způsob jízdy,havárie,nehoda s následky na životě nebo zdraví,řidič se plně nevěnoval řízení vozidla,"povrch suchý, neznečistěný",neztížené,dobré,žádné nebo žádné z uvedených,komunikace sledovaná (ve vybraných městech),,,jízdní kolo,Brno-Žebětín,muž,Ne,neděle,červen,Žebětín,,,,,,,,lehké zranění,"bez přilby (pouze u motocyklistů, příp. cyklistů)",řidičem nemotorového vozidla,"ve dne, viditelnost nezhoršená vlivem povětrnostních podmínek",na jízdním pruhu,řidič,dobrý -žádné nepříznivé okolnosti nebyly zjiště,den,,1,71510,1,71510,1,71510,7,65,1,1952,1,52,2017,0,0,1,0,0,1,19,1,1920,6,-1159068.21,-604496.059,60206171203,2017/06/04 00:00:00+00,1000,1000,58afd19f-75b6-416b-ae02-82fd8c0882f2
-603798.826000001,-1155720.041,1046,Brno-Kníničky,ano,nepřiměřená rychlost jízdy,havárie,nehoda s následky na životě nebo zdraví,"nepřizpůsobení rychlosti dopravně technickému stavu vozovky (zatáčka, klesání, stoupání, šířka vozovky apod.)","povrch suchý, neznečistěný",neztížené,dobré,žádné nebo žádné z uvedených,komunikace místní,,,jízdní kolo,Brno-Kníničky,muž,"Ano, obsah alkoholu v krvi 1,5‰ a více",sobota,červen,Kníničky,,,,,,,,lehké zranění,"s přilbou (pouze u motocyklistů, příp. cyklistů)",řidičem nemotorového vozidla,"ve dne, zhoršená viditelnost (svítání, soumrak)",na jízdním pruhu,řidič,pod vlivem alkoholu obsah alkoholu v krvi 1 ‰ a víc,noc,,1,71511,1,71511,1,71511,6,43,1,1974,1,74,2017,0,0,1,0,0,1,21,1,2120,6,-1155720.041,-603798.826,60206171246,2017/06/10 00:00:00+00,2000,2000,4572baef-1eb0-4ca2-8f04-7cfc137ad531
-598351.399,-1157005.258,1047,Brno-Královo Pole,nezjišťováno,nesprávný způsob jízdy,"srážka s vozidlem zaparkovaným, odstaveným",nehoda s následky na životě nebo zdraví,řidič se plně nevěnoval řízení vozidla,"povrch suchý, neznečistěný",neztížené,dobré,žádné nebo žádné z uvedených,komunikace místní,,,jízdní kolo,Brno-Královo Pole,muž,Nezjišťován,neděle,červen,Královo Pole,,,,,,,,lehké zranění,"s přilbou (pouze u motocyklistů, příp. cyklistů)",řidičem nemotorového vozidla,"ve dne, viditelnost nezhoršená vlivem povětrnostních podmínek",na jízdním pruhu,řidič,dobrý -žádné nepříznivé okolnosti nebyly zjiště,den,,1,71512,1,71512,1,71512,7,63,1,1954,1,54,2017,0,0,1,0,0,1,19,1,1940,6,-1157005.258,-598351.399,60206171252,2017/06/11 00:00:00+00,10000,5000,d4181696-de32-4dc9-88ca-d5a99f875748
-600058.556000002,-1153164.351,1048,Brno-Ivanovice,ne,nedání přenosti v jízdě,srážka s jedoucím nekolejovým vozidlem,nehoda s následky na životě nebo zdraví,proti příkazu dopravní značky DEJ PŘEDNOST,"povrch suchý, neznečistěný",neztížené,dobré,žádné nebo žádné z uvedených,uzel (křižovatka sledovaná ve vybraných městech),,,jízdní kolo,Brno-Ivanovice,žena,Ne,úterý,červen,Ivanovice,,,,,,,,těžké zranění,"s přilbou (pouze u motocyklistů, příp. cyklistů)",řidičem motorového vozidla,"ve dne, viditelnost nezhoršená vlivem povětrnostních podmínek",na jízdním pruhu,řidič,dobrý -žádné nepříznivé okolnosti nebyly zjiště,den,,0,71514,1,71514,1,71514,2,51,1,1966,1,66,2017,1,0,0,1,0,2,17,1,1705,6,-1153164.351,-600058.556,60206171271,2017/06/13 00:00:00+00,35000,30000,b7c54b3d-1d71-4fbb-b256-4b37adfbfd23
-597794.723999999,-1159071.905,1049,Brno-Královo Pole,ne,nedání přenosti v jízdě,srážka s jedoucím nekolejovým vozidlem,nehoda s následky na životě nebo zdraví,při odbočování vlevo,"povrch suchý, neznečistěný",neztížené,dobré,žádné nebo žádné z uvedených,komunikace sledovaná (ve vybraných městech),,,jízdní kolo,Brno-Královo Pole,muž,Ne,středa,červen,Ponava,,,,,,,,lehké zranění,"s přilbou (pouze u motocyklistů, příp. cyklistů)",řidičem motorového vozidla,"ve dne, viditelnost nezhoršená vlivem povětrnostních podmínek",na jízdním pruhu,řidič,dobrý -žádné nepříznivé okolnosti nebyly zjiště,den,,1,71515,1,71515,1,71515,3,59,1,1958,1,58,2017,0,0,1,0,0,2,16,1,1645,6,-1159071.905,-597794.724,60206171282,2017/06/14 00:00:00+00,12000,1000,03929e12-eaed-4a58-9261-be543a59f308
-594960.259,-1161233.162,1050,Brno-Židenice,ano,nesprávný způsob jízdy,havárie,nehoda s následky na životě nebo zdraví,řidič se plně nevěnoval řízení vozidla,"povrch suchý, neznečistěný",neztížené,dobré,žádné nebo žádné z uvedených,komunikace sledovaná (ve vybraných městech),,,jízdní kolo,Brno-Židenice,muž,"Ano, obsah alkoholu v krvi 1,5‰ a více",čtvrtek,červen,Židenice,,,,,,,,lehké zranění,"bez přilby (pouze u motocyklistů, příp. cyklistů)",řidičem nemotorového vozidla,"ve dne, viditelnost nezhoršená vlivem povětrnostních podmínek",na jízdním pruhu,řidič,pod vlivem alkoholu obsah alkoholu v krvi 1 ‰ a víc,den,,1,71516,1,71516,1,71516,4,55,1,1962,1,62,2017,0,0,1,0,0,1,19,1,1930,6,-1161233.162,-594960.259,60206171296,2017/06/15 00:00:00+00,1000,1000,42dfc8fa-0ae7-4019-99e3-00b28e8ea24e
-598834.392999999,-1155341.827,1051,Brno-Řečkovice a Mokrá Hora,ne,nesprávný způsob jízdy,havárie,nehoda s následky na životě nebo zdraví,řidič se plně nevěnoval řízení vozidla,"povrch suchý, neznečistěný",neztížené,dobré,žádné nebo žádné z uvedených,komunikace místní,,,jízdní kolo,Brno-Řečkovice a Mokrá Hora,muž,Ne,úterý,červen,Řečkovice,,,,,,,,lehké zranění,"s přilbou (pouze u motocyklistů, příp. cyklistů)",řidičem nemotorového vozidla,"ve dne, viditelnost nezhoršená vlivem povětrnostních podmínek",na jízdním pruhu,řidič,dobrý -žádné nepříznivé okolnosti nebyly zjiště,den,,1,71518,1,71518,1,71518,2,75,1,1942,1,42,2017,0,0,1,0,0,1,10,1,1055,6,-1155341.827,-598834.393,60206171346,2017/06/20 00:00:00+00,0,0,a047f38f-1bc0-4fae-85a6-802bde17f239
-595155.030000001,-1161041.085,1052,Brno-Židenice,ne,nepřiměřená rychlost jízdy,srážka s pevnou překážkou,nehoda s následky na životě nebo zdraví,jiný druh nepřiměřené rychlosti,"povrch suchý, neznečistěný",neztížené,dobré,v blízkosti přechodu pro chodce (do vzdálenosti 20 m),komunikace sledovaná (ve vybraných městech),,,jízdní kolo,Brno-Židenice,muž,Ne,čtvrtek,červen,Židenice,,,,,,,,lehké zranění,"bez přilby (pouze u motocyklistů, příp. cyklistů)",řidičem nemotorového vozidla,"ve dne, viditelnost nezhoršená vlivem povětrnostních podmínek",na chodníku nebo ostrůvku,řidič,dobrý -žádné nepříznivé okolnosti nebyly zjiště,noc,,1,71519,1,71519,1,71519,4,39,1,1978,1,78,2017,0,0,1,0,0,1,5,1,520,6,-1161041.085,-595155.03,60206171359,2017/06/22 00:00:00+00,2000,2000,97549552-3979-42ca-b934-a4273b1b1da1
-593412.269000001,-1158895.254,1053,Brno-Vinohrady,ano,nesprávný způsob jízdy,havárie,nehoda s následky na životě nebo zdraví,řidič se plně nevěnoval řízení vozidla,"povrch suchý, neznečistěný",neztížené,dobré,žádné nebo žádné z uvedených,komunikace místní,,,jízdní kolo,Brno-Vinohrady,muž,"Ano, obsah alkoholu v krvi do 0,24 ‰",pátek,červen,Židenice,,,,,,,,těžké zranění,"bez přilby (pouze u motocyklistů, příp. cyklistů)",řidičem nemotorového vozidla,"ve dne, zhoršená viditelnost (svítání, soumrak)",mimo komunikaci,řidič,"pod vlivem alkoholu, obsah alkoholu v krvi do 0,99 ‰",noc,,0,71520,1,71520,1,71520,5,57,1,1960,1,60,2017,1,0,0,1,0,1,21,1,2140,6,-1158895.254,-593412.269,60206171380,2017/06/23 00:00:00+00,1000,1000,6aeff832-d3c9-4f89-9260-1af7905eedfb
-603496.614,-1155432.864,1054,Brno-Kníničky,ne,nepřiměřená rychlost jízdy,havárie,nehoda s následky na životě nebo zdraví,"nepřizpůsobení rychlosti dopravně technickému stavu vozovky (zatáčka, klesání, stoupání, šířka vozovky apod.)",povrch mokrý,neztížené,dobré,žádné nebo žádné z uvedených,komunikace sledovaná (ve vybraných městech),,,jízdní kolo,Brno-Kníničky,žena,Ne,neděle,červen,Kníničky,,,,,,,,lehké zranění,"s přilbou (pouze u motocyklistů, příp. cyklistů)",řidičem nemotorového vozidla,"ve dne, viditelnost nezhoršená vlivem povětrnostních podmínek",na jízdním pruhu,řidič,dobrý -žádné nepříznivé okolnosti nebyly zjiště,den,,1,71522,1,71522,1,71522,7,33,1,1984,1,84,2017,0,0,1,0,0,1,10,1,1037,6,-1155432.864,-603496.614,60206171397,2017/06/25 00:00:00+00,15000,15000,39c1f917-da00-4b19-84dd-1d4d93496286
-600267.890999999,-1158490.88,1055,Brno-Žabovřesky,ne,nesprávný způsob jízdy,havárie,nehoda s následky na životě nebo zdraví,nezvládnutí řízení vozidla,"povrch suchý, neznečistěný",neztížené,dobré,žádné nebo žádné z uvedených,komunikace sledovaná (ve vybraných městech),,,jízdní kolo,Brno-Žabovřesky,muž,Ne,pondělí,červen,Žabovřesky,,,,,,,,lehké zranění,"bez přilby (pouze u motocyklistů, příp. cyklistů)",řidičem nemotorového vozidla,"ve dne, viditelnost nezhoršená vlivem povětrnostních podmínek",na jízdním pruhu,řidič,dobrý -žádné nepříznivé okolnosti nebyly zjiště,den,,1,71523,1,71523,1,71523,1,45,1,1972,1,72,2017,0,0,1,0,0,1,14,1,1450,6,-1158490.88,-600267.891,60206171407,2017/06/26 00:00:00+00,1000,1000,bc06fd4c-fb8d-4583-9928-690d35d5c2b3
-604649.903999999,-1159724.521,1056,Brno-Žebětín,ano,nesprávný způsob jízdy,havárie,nehoda s následky na životě nebo zdraví,nezvládnutí řízení vozidla,"povrch suchý, neznečistěný",neztížené,dobré,žádné nebo žádné z uvedených,komunikace sledovaná (ve vybraných městech),,,jízdní kolo,Brno-Žebětín,muž,"Ano, obsah alkoholu v krvi do 0,24 ‰",úterý,červen,Žebětín,,,,,,,,lehké zranění,"bez přilby (pouze u motocyklistů, příp. cyklistů)",řidičem nemotorového vozidla,"ve dne, viditelnost nezhoršená vlivem povětrnostních podmínek",na jízdním pruhu,řidič,"pod vlivem alkoholu, obsah alkoholu v krvi do 0,99 ‰",den,,1,71525,1,71525,1,71525,2,40,1,1977,1,77,2017,0,0,1,0,0,1,20,1,2030,6,-1159724.521,-604649.904,60206171419,2017/06/27 00:00:00+00,5000,5000,5cb258b7-26ed-439a-a3eb-d555814d1721
-593660.070999999,-1160039.031,1057,Brno-Líšeň,ne,nesprávný způsob jízdy,havárie,nehoda s následky na životě nebo zdraví,řidič se plně nevěnoval řízení vozidla,"povrch suchý, neznečistěný",neztížené,dobré,žádné nebo žádné z uvedených,komunikace sledovaná (ve vybraných městech),,,jízdní kolo,Brno-Líšeň,muž,Ne,neděle,červenec,Líšeň,,,,,,,,lehké zranění,"bez přilby (pouze u motocyklistů, příp. cyklistů)",řidičem nemotorového vozidla,"ve dne, viditelnost nezhoršená vlivem povětrnostních podmínek",na jízdním pruhu,řidič,dobrý -žádné nepříznivé okolnosti nebyly zjiště,den,,1,71526,1,71526,1,71526,7,65,1,1952,1,52,2017,0,0,1,0,0,1,9,1,940,7,-1160039.031,-593660.071,60206171492,2017/07/09 00:00:00+00,2000,2000,fc80689f-b207-4a22-9235-8772d986d56d
-604273.315000001,-1157462.82,1058,Brno-Bystrc,ne,nedání přenosti v jízdě,srážka s jedoucím nekolejovým vozidlem,nehoda s následky na životě nebo zdraví,proti příkazu dopravní značky DEJ PŘEDNOST,"povrch suchý, neznečistěný",neztížené,dobré,přechod pro chodce,uzel (křižovatka sledovaná ve vybraných městech),,,jízdní kolo,Brno-Bystrc,muž,Ne,středa,červenec,Bystrc,,,,,,,,lehké zranění,"s přilbou (pouze u motocyklistů, příp. cyklistů)",řidičem motorového vozidla,"ve dne, viditelnost nezhoršená vlivem povětrnostních podmínek",na jízdním pruhu,řidič,dobrý -žádné nepříznivé okolnosti nebyly zjiště,den,,1,71527,1,71527,1,71527,3,43,1,1974,1,74,2017,0,0,1,0,0,2,9,1,925,7,-1157462.82,-604273.315,60206171510,2017/07/12 00:00:00+00,25000,20000,a86a93a3-cde1-4cd4-ac1a-e86fee2bf29d
-604333.052000001,-1157481.64,1059,Brno-Bystrc,ne,nesprávný způsob jízdy,havárie,nehoda s následky na životě nebo zdraví,řidič se plně nevěnoval řízení vozidla,"povrch suchý, neznečistěný",neztížené,dobré,žádné nebo žádné z uvedených,komunikace sledovaná (ve vybraných městech),,,jízdní kolo,Brno-Bystrc,muž,Ne,úterý,červenec,Bystrc,,,,,,,,lehké zranění,"s přilbou (pouze u motocyklistů, příp. cyklistů)",řidičem nemotorového vozidla,"ve dne, viditelnost nezhoršená vlivem povětrnostních podmínek",na jízdním pruhu,řidič,dobrý -žádné nepříznivé okolnosti nebyly zjiště,den,,1,71529,1,71529,1,71529,2,66,1,1951,1,51,2017,0,0,1,0,0,1,10,1,1025,7,-1157481.64,-604333.052,60206171548,2017/07/18 00:00:00+00,2000,2000,166330e6-945e-4860-a2f7-253d3524f773
-596887.226,-1161374.945,1060,Brno-střed,ne,nedání přenosti v jízdě,srážka s jedoucím nekolejovým vozidlem,nehoda s následky na životě nebo zdraví,při odbočování vlevo,"povrch suchý, neznečistěný",neztížené,dobré,v blízkosti přechodu pro chodce (do vzdálenosti 20 m),uzel (křižovatka sledovaná ve vybraných městech),,,jízdní kolo,Brno-střed,muž,Ne,úterý,červenec,Trnitá,,,,,,,,lehké zranění,"bez přilby (pouze u motocyklistů, příp. cyklistů)",řidičem motorového vozidla,"ve dne, viditelnost nezhoršená vlivem povětrnostních podmínek",na jízdním pruhu,řidič,dobrý -žádné nepříznivé okolnosti nebyly zjiště,den,,1,71530,1,71530,1,71530,2,30,1,1987,1,87,2017,0,0,1,0,0,2,17,1,1730,7,-1161374.945,-596887.226,60206171551,2017/07/18 00:00:00+00,10000,5000,04bb82e0-e9bf-4d45-82d4-07c110bc7fff
-597354.202,-1165333.457,1061,Brno-jih,ne,nesprávný způsob jízdy,havárie,nehoda s následky na životě nebo zdraví,řidič se plně nevěnoval řízení vozidla,"povrch suchý, neznečistěný",neztížené,dobré,žádné nebo žádné z uvedených,komunikace účelová - polní a lesní cesty atd.,,,jízdní kolo,Brno-jih,muž,Ne,středa,červenec,Dolní Heršpice,,,,,,,,lehké zranění,"bez přilby (pouze u motocyklistů, příp. cyklistů)",řidičem nemotorového vozidla,"ve dne, viditelnost nezhoršená vlivem povětrnostních podmínek",žádné z uvedenýc,řidič,dobrý -žádné nepříznivé okolnosti nebyly zjiště,den,,1,71531,1,71531,1,71531,3,85,1,1932,1,32,2017,0,0,1,0,0,1,16,1,1630,7,-1165333.457,-597354.202,60206171557,2017/07/19 00:00:00+00,0,0,e6107fdf-6893-4a21-ac66-448117cad7d2
-595492.634,-1161026.684,1062,Brno-Židenice,ne,nepřiměřená rychlost jízdy,havárie,nehoda s následky na životě nebo zdraví,nepřizpůsobení rychlosti vlastnostem vozidla a nákladu,"povrch suchý, neznečistěný",neztížené,dobré,v blízkosti přechodu pro chodce (do vzdálenosti 20 m),komunikace sledovaná (ve vybraných městech),,,jízdní kolo,Brno-Židenice,muž,Ne,pátek,červenec,Židenice,,,,,,,,lehké zranění,"s přilbou (pouze u motocyklistů, příp. cyklistů)",řidičem nemotorového vozidla,"ve dne, viditelnost nezhoršená vlivem povětrnostních podmínek",na jízdním pruhu,řidič,dobrý -žádné nepříznivé okolnosti nebyly zjiště,den,,1,71532,1,71532,1,71532,5,52,1,1965,1,65,2017,0,0,1,0,0,1,17,1,1736,7,-1161026.684,-595492.634,60206171572,2017/07/21 00:00:00+00,5000,5000,0203b580-7f4f-4523-9a7b-c8d202e70947
-601959.105,-1158453.13,1063,Brno-Jundrov,ne,nepřiměřená rychlost jízdy,havárie,nehoda s následky na životě nebo zdraví,jiný druh nepřiměřené rychlosti,"povrch suchý, neznečistěný",neztížené,dobré,žádné nebo žádné z uvedených,komunikace místní,,,jízdní kolo,Brno-Jundrov,žena,Ne,neděle,červenec,Jundrov,,,,,,,,lehké zranění,"s přilbou (pouze u motocyklistů, příp. cyklistů)",řidičem nemotorového vozidla,"ve dne, viditelnost nezhoršená vlivem povětrnostních podmínek",na jízdním pruhu,řidič,dobrý -žádné nepříznivé okolnosti nebyly zjiště,den,,1,71533,1,71533,1,71533,7,18,1,1999,1,99,2017,0,0,1,0,0,1,13,1,1340,7,-1158453.13,-601959.105,60206171580,2017/07/23 00:00:00+00,1000,1000,c8d3fdac-feb7-4808-aef9-90e55326b7fb
-600606.938000001,-1159268.642,1064,Brno-Žabovřesky,ne,nesprávný způsob jízdy,havárie,nehoda s následky na životě nebo zdraví,nezvládnutí řízení vozidla,"povrch suchý, neznečistěný",neztížené,dobré,žádné nebo žádné z uvedených,komunikace místní,,,jízdní kolo,Brno-Žabovřesky,muž,Ne,sobota,červenec,Žabovřesky,,,,,,,,těžké zranění,"s přilbou (pouze u motocyklistů, příp. cyklistů)",řidičem nemotorového vozidla,"ve dne, viditelnost nezhoršená vlivem povětrnostních podmínek",na jízdním pruhu,řidič,dobrý -žádné nepříznivé okolnosti nebyly zjiště,den,,0,71535,1,71535,1,71535,6,43,1,1974,1,74,2017,1,0,1,1,0,1,20,1,2010,7,-1159268.642,-600606.938,60206171619,2017/07/29 00:00:00+00,5000,5000,ada7e6b7-5ae7-4349-890c-ae11ecd3824c