X,Y,objectid_1,zuj,alkohol_vinik,hlavni_pricina,srazka,nasledky,pricina,stav_vozovky,povetrnostni_podm,rozhled,misto_nehody,druh_komun,pneumatiky,druh_pohonu,druh_vozidla,mestska_cast,pohlavi,alkohol,den_v_tydnu,mesic_t,katastr,chovani_chodce,stav_chodce,drogy_chodec,alkohol_chodec,osobni_prepravnik,reflexni_prvky,kategorie_chodce,nasledek,ozn_osoba,zavineni,viditelnost,situovani,osoba,stav_ridic,doba,smrt_po,lz,target_fid_1,join_count_1,objectid,join_count,target_fid,den,vek,smrt_dny,rok_nar,p48a,p59d,rok,tz,smrt,lehce_zran_os,tezce_zran_os,usmrceno_os,id_vozidla,hodina,ovlivneni_ridice,cas,mesic,e,d,id_nehody,datum,hmotna_skoda_1,skoda_vozidlo,globalid
-600512.159000002,-1163039.727,1065,Brno-Bohunice,ne,nesprávný způsob jízdy,srážka s jedoucím nekolejovým vozidlem,nehoda s následky na životě nebo zdraví,"jízda po nesprávné straně vozovky, vjetí do protisměru","povrch suchý, neznečistěný",neztížené,dobré,žádné nebo žádné z uvedených,komunikace místní,,,jízdní kolo,Brno-Bohunice,muž,Ne,pondělí,červenec,Bohunice,,,,,,,,lehké zranění,"bez přilby (pouze u motocyklistů, příp. cyklistů)",řidičem nemotorového vozidla,"ve dne, viditelnost nezhoršená vlivem povětrnostních podmínek",na jízdním pruhu,řidič,dobrý -žádné nepříznivé okolnosti nebyly zjiště,den,,1,71536,1,71536,1,71536,1,40,1,1977,1,77,2017,0,0,1,0,0,1,13,1,1310,7,-1163039.727,-600512.159,60206171628,2017/07/31 00:00:00+00,35000,5000,9d5bb1ab-0271-4b89-9ea5-6e5fc6a3e7ff
-594592.026999999,-1158199.575,1066,Brno-Maloměřice a Obřany,ne,nesprávný způsob jízdy,havárie,nehoda s následky na životě nebo zdraví,nezvládnutí řízení vozidla,"povrch suchý, neznečistěný",neztížené,dobré,"zastávka tramvaje, autobusu, trolejbusu bez nástup. ostrůvku",uzel (křižovatka sledovaná ve vybraných městech),,,jízdní kolo,Brno-Maloměřice a Obřany,muž,Ne,úterý,srpen,Maloměřice,,,,,,,,lehké zranění,"s přilbou (pouze u motocyklistů, příp. cyklistů)",řidičem nemotorového vozidla,"ve dne, viditelnost nezhoršená vlivem povětrnostních podmínek",na jízdním pruhu,řidič,dobrý -žádné nepříznivé okolnosti nebyly zjiště,den,,1,71537,1,71537,1,71537,2,57,1,1960,1,60,2017,0,0,1,0,0,1,6,1,655,8,-1158199.575,-594592.027,60206171633,2017/08/01 00:00:00+00,0,0,55aeaf0a-4b14-46fe-ad7a-ce59e83cb9a5
-595853.993999999,-1160341.278,1067,Brno-Židenice,ne,nesprávný způsob jízdy,srážka s chodcem,nehoda s následky na životě nebo zdraví,nezvládnutí řízení vozidla,"povrch suchý, neznečistěný",neztížené,dobré,žádné nebo žádné z uvedených,komunikace sledovaná (ve vybraných městech),,,jízdní kolo,Brno-Židenice,muž,Ne,úterý,srpen,Židenice,,,,,,,,bez zraněn,"bez přilby (pouze u motocyklistů, příp. cyklistů)",řidičem nemotorového vozidla,"ve dne, viditelnost nezhoršená vlivem povětrnostních podmínek",na chodníku nebo ostrůvku,řidič,dobrý -žádné nepříznivé okolnosti nebyly zjiště,den,,0,71538,1,71538,1,71538,2,41,1,1976,1,76,2017,0,0,1,0,0,1,7,1,754,8,-1160341.278,-595853.994,60206171634,2017/08/01 00:00:00+00,15000,15000,e577843f-dd9b-476b-b471-10ac85d36ca8
-598521.835000001,-1160013.128,1068,Brno-střed,ne,nedání přenosti v jízdě,srážka s jedoucím nekolejovým vozidlem,nehoda s následky na životě nebo zdraví,při odbočování vlevo,"povrch suchý, neznečistěný",neztížené,dobré,v blízkosti přechodu pro chodce (do vzdálenosti 20 m),uzel (křižovatka sledovaná ve vybraných městech),,,jízdní kolo,Brno-střed,muž,Ne,středa,srpen,Veveří,,,,,,,,lehké zranění,"s přilbou (pouze u motocyklistů, příp. cyklistů)",řidičem motorového vozidla,"ve dne, viditelnost nezhoršená vlivem povětrnostních podmínek",na jízdním pruhu,řidič,dobrý -žádné nepříznivé okolnosti nebyly zjiště,den,,1,71539,1,71539,1,71539,3,26,1,1991,1,91,2017,0,0,1,0,0,2,20,1,2013,8,-1160013.128,-598521.835,60206171647,2017/08/02 00:00:00+00,37000,5000,ea93f362-67f6-445c-a75b-2975a121e20a
-598963.335999999,-1159065.996,1069,Brno-Královo Pole,ne,nesprávný způsob jízdy,havárie,nehoda s následky na životě nebo zdraví,řidič se plně nevěnoval řízení vozidla,povrch mokrý,neztížené,dobré,žádné nebo žádné z uvedených,komunikace sledovaná (ve vybraných městech),,,jízdní kolo,Brno-Královo Pole,žena,Ne,pátek,srpen,Ponava,,,,,,,,lehké zranění,"bez přilby (pouze u motocyklistů, příp. cyklistů)",řidičem nemotorového vozidla,"ve dne, viditelnost nezhoršená vlivem povětrnostních podmínek",na jízdním pruhu,řidič,dobrý -žádné nepříznivé okolnosti nebyly zjiště,den,,1,71540,1,71540,1,71540,5,30,1,1987,1,87,2017,0,0,1,0,0,1,8,1,845,8,-1159065.996,-598963.336,60206171655,2017/08/04 00:00:00+00,1000,1000,df331355-4918-4972-a9b3-2aa6515cdf8c
-603394.228999998,-1156409.041,1070,Brno-Bystrc,ne,nesprávný způsob jízdy,havárie,nehoda s následky na životě nebo zdraví,nezvládnutí řízení vozidla,"povrch suchý, neznečistěný",neztížené,dobré,žádné nebo žádné z uvedených,komunikace sledovaná (ve vybraných městech),,,jízdní kolo,Brno-Bystrc,muž,Ne,sobota,srpen,Bystrc,,,,,,,,lehké zranění,"s přilbou (pouze u motocyklistů, příp. cyklistů)",řidičem nemotorového vozidla,"ve dne, viditelnost nezhoršená vlivem povětrnostních podmínek",na jízdním pruhu,řidič,dobrý -žádné nepříznivé okolnosti nebyly zjiště,den,,1,71541,1,71541,1,71541,6,61,1,1956,1,56,2017,0,0,1,0,0,1,8,1,855,8,-1156409.041,-603394.229,60206171659,2017/08/05 00:00:00+00,4000,3000,df158f74-26a4-45f2-ab0d-b1557b63f517
-600012.57,-1156432.811,1071,Brno-Medlánky,nezjišťováno,nesprávný způsob jízdy,havárie,nehoda s následky na životě nebo zdraví,nezvládnutí řízení vozidla,"povrch suchý, neznečistěný",neztížené,dobré,"zastávka autobusu, trolejbusu, tramvaje s nástup. ostrůvkem",komunikace místní,,,jízdní kolo,Brno-Medlánky,muž,Nezjišťován,středa,srpen,Medlánky,,,,,,,,lehké zranění,"bez přilby (pouze u motocyklistů, příp. cyklistů)",řidičem nemotorového vozidla,"v noci - s veřejným osvětlením, viditelnost nezhoršená vlivem povětrnostních podmínek",na jízdním pruhu,řidič,pod vlivem alkoholu obsah alkoholu v krvi 1 ‰ a víc,noc,,1,71543,1,71543,1,71543,3,26,1,1991,1,91,2017,0,0,1,0,0,1,1,1,1,8,-1156432.811,-600012.57,60206171682,2017/08/09 00:00:00+00,1000,1000,ef882065-cdc0-4319-9f9f-b596e80624ac
-604182.840999998,-1159874.007,1072,Brno-Žebětín,ne,nesprávný způsob jízdy,srážka s jedoucím nekolejovým vozidlem,nehoda s následky na životě nebo zdraví,řidič se plně nevěnoval řízení vozidla,"na vozovce je rozlitý olej, nafta apod.",neztížené,dobré,žádné nebo žádné z uvedených,komunikace sledovaná (ve vybraných městech),,,jízdní kolo,Brno-Žebětín,muž,Ne,středa,srpen,Žebětín,,,,,,,,lehké zranění,"s přilbou (pouze u motocyklistů, příp. cyklistů)",řidičem nemotorového vozidla,"ve dne, viditelnost nezhoršená vlivem povětrnostních podmínek",na jízdním pruhu,řidič,dobrý -žádné nepříznivé okolnosti nebyly zjiště,den,,1,71545,1,71545,1,71545,3,37,1,1980,1,80,2017,0,0,2,0,0,1,18,1,1820,8,-1159874.007,-604182.841,60206171692,2017/08/09 00:00:00+00,23000,10000,a9728c2f-a833-4ca7-9fe0-93f5e25c7763
-604182.840999998,-1159874.007,1073,Brno-Žebětín,ne,nesprávný způsob jízdy,srážka s jedoucím nekolejovým vozidlem,nehoda s následky na životě nebo zdraví,řidič se plně nevěnoval řízení vozidla,"na vozovce je rozlitý olej, nafta apod.",neztížené,dobré,žádné nebo žádné z uvedených,komunikace sledovaná (ve vybraných městech),,,jízdní kolo,Brno-Žebětín,muž,Ne,středa,srpen,Žebětín,,,,,,,,lehké zranění,"s přilbou (pouze u motocyklistů, příp. cyklistů)",řidičem nemotorového vozidla,"ve dne, viditelnost nezhoršená vlivem povětrnostních podmínek",na jízdním pruhu,řidič,dobrý -žádné nepříznivé okolnosti nebyly zjiště,den,,1,71546,1,71546,1,71546,3,27,1,1990,1,90,2017,0,0,2,0,0,2,18,1,1820,8,-1159874.007,-604182.841,60206171692,2017/08/09 00:00:00+00,23000,10000,e41ee163-2467-42cf-9556-67c7384b64d4
-595330.037999999,-1161034.002,1074,Brno-Židenice,nezjišťováno,nedání přenosti v jízdě,srážka s jedoucím nekolejovým vozidlem,nehoda s následky na životě nebo zdraví,při odbočování vlevo,"povrch suchý, neznečistěný",neztížené,dobré,přechod pro chodce,uzel (křižovatka sledovaná ve vybraných městech),,,jízdní kolo,Brno-Židenice,muž,Nezjišťován,středa,srpen,Židenice,,,,,,,,lehké zranění,"bez přilby (pouze u motocyklistů, příp. cyklistů)",řidičem motorového vozidla,"ve dne, viditelnost nezhoršená vlivem povětrnostních podmínek",na jízdním pruhu,řidič,dobrý -žádné nepříznivé okolnosti nebyly zjiště,den,,1,71547,1,71547,1,71547,3,42,1,1975,1,75,2017,0,0,1,0,0,2,6,1,645,8,-1161034.002,-595330.038,60206171732,2017/08/16 00:00:00+00,20000,0,f61fe509-9b12-4a7b-9ffd-9e4e8860965e
-596732.248,-1161619.618,1075,Brno-Černovice,nezjišťováno,nedání přenosti v jízdě,srážka s jedoucím nekolejovým vozidlem,nehoda s následky na životě nebo zdraví,při odbočování vlevo,"povrch suchý, neznečistěný",neztížené,dobré,žádné nebo žádné z uvedených,komunikace sledovaná (ve vybraných městech),,,jízdní kolo,Brno-Černovice,muž,Nezjišťován,středa,srpen,Černovice,,,,,,,,lehké zranění,"bez přilby (pouze u motocyklistů, příp. cyklistů)",řidičem nemotorového vozidla,"ve dne, viditelnost nezhoršená vlivem povětrnostních podmínek",na jízdním pruhu,řidič,dobrý -žádné nepříznivé okolnosti nebyly zjiště,den,,1,71548,1,71548,1,71548,3,22,1,1995,1,95,2017,0,0,1,0,0,1,6,1,640,8,-1161619.618,-596732.248,60206171733,2017/08/16 00:00:00+00,6000,1000,39480377-3768-4280-bee6-bf2f688b9bd5
-596997.614999998,-1161841.659,1076,Brno-jih,ano,nesprávný způsob jízdy,"srážka s vozidlem zaparkovaným, odstaveným",nehoda s následky na životě nebo zdraví,řidič se plně nevěnoval řízení vozidla,"povrch suchý, neznečistěný",neztížené,dobré,žádné nebo žádné z uvedených,komunikace místní,,,jízdní kolo,Brno-jih,muž,Pod vlivem drog,středa,srpen,Trnitá,,,,,,,,lehké zranění,"bez přilby (pouze u motocyklistů, příp. cyklistů)",řidičem nemotorového vozidla,"ve dne, viditelnost nezhoršená vlivem povětrnostních podmínek",na jízdním pruhu,řidič,"pod vlivem léků, narkoti",den,,1,71550,1,71550,1,71550,3,24,1,1993,1,93,2017,0,0,1,0,0,1,18,1,1800,8,-1161841.659,-596997.615,60206171739,2017/08/16 00:00:00+00,10000,0,3e97d061-76dd-487a-a1ea-458e4b4f2ee4
-601803.995000001,-1157749.823,1077,Brno-Komín,ne,nedání přenosti v jízdě,srážka s jedoucím nekolejovým vozidlem,nehoda s následky na životě nebo zdraví,jiné nedání přednosti,"povrch suchý, neznečistěný",neztížené,dobré,přechod pro chodce,komunikace místní,,,jízdní kolo,Brno-Komín,žena,Ne,pátek,srpen,Komín,,,,,,,,lehké zranění,"s přilbou (pouze u motocyklistů, příp. cyklistů)",řidičem nemotorového vozidla,"ve dne, viditelnost nezhoršená vlivem povětrnostních podmínek",na jízdním pruhu,řidič,dobrý -žádné nepříznivé okolnosti nebyly zjiště,den,,1,71551,1,71551,1,71551,5,78,1,1939,1,39,2017,0,0,1,0,0,1,18,1,1830,8,-1157749.823,-601803.995,60206171747,2017/08/18 00:00:00+00,21000,20000,77c22d9c-57db-4672-9f22-9320cbc97881
-593857.806000002,-1159076.835,1078,Brno-Maloměřice a Obřany,ne,nedání přenosti v jízdě,srážka s jedoucím nekolejovým vozidlem,nehoda s následky na životě nebo zdraví,při vjíždění na silnici,"povrch suchý, neznečistěný",neztížené,dobré,žádné nebo žádné z uvedených,komunikace místní,,,jízdní kolo,Brno-Maloměřice a Obřany,muž,Ne,pátek,srpen,Maloměřice,,,,,,,,lehké zranění,"bez přilby (pouze u motocyklistů, příp. cyklistů)",řidičem nemotorového vozidla,"ve dne, viditelnost nezhoršená vlivem povětrnostních podmínek",na jízdním pruhu,řidič,dobrý -žádné nepříznivé okolnosti nebyly zjiště,den,,1,71552,1,71552,1,71552,5,26,1,1991,1,91,2017,0,0,1,0,0,1,18,1,1815,8,-1159076.835,-593857.806,60206171749,2017/08/18 00:00:00+00,21000,1000,55f574c8-2286-4b19-b30a-19fc97806d93
-594912.842999998,-1162151.063,1079,Brno-Černovice,ano,nesprávný způsob jízdy,"srážka s vozidlem zaparkovaným, odstaveným",nehoda s následky na životě nebo zdraví,řidič se plně nevěnoval řízení vozidla,"povrch suchý, neznečistěný",neztížené,dobré,žádné nebo žádné z uvedených,komunikace místní,,,jízdní kolo,Brno-Černovice,muž,"Ano, obsah alkoholu v krvi 1,5‰ a více",sobota,srpen,Černovice,,,,,,,,lehké zranění,"bez přilby (pouze u motocyklistů, příp. cyklistů)",řidičem nemotorového vozidla,"ve dne, viditelnost nezhoršená vlivem povětrnostních podmínek",na jízdním pruhu,řidič,pod vlivem alkoholu obsah alkoholu v krvi 1 ‰ a víc,den,,1,71553,1,71553,1,71553,6,63,1,1954,1,54,2017,0,0,1,0,0,1,17,0,1710,8,-1162151.063,-594912.843,60206171755,2017/08/19 00:00:00+00,4000,2000,1ec54ce4-ad8f-4542-844b-97aa5c0941a2
-598765.859000001,-1156054.888,1080,Brno-Královo Pole,nezjišťováno,nezaviněno řidičem,srážka s domácím zvířetem,nehoda s následky na životě nebo zdraví,nezaviněná řidičem,"povrch suchý, neznečistěný",neztížené,dobré,žádné nebo žádné z uvedených,komunikace místní,,,jízdní kolo,Brno-Královo Pole,žena,Nezjišťován,úterý,srpen,Královo Pole,,,,,,,,lehké zranění,"s přilbou (pouze u motocyklistů, příp. cyklistů)","lesní zvěří, domácím zvířectvem","ve dne, viditelnost nezhoršená vlivem povětrnostních podmínek",na jízdním pruhu,řidič,dobrý -žádné nepříznivé okolnosti nebyly zjiště,den,,1,71554,1,71554,1,71554,2,42,1,1975,1,75,2017,0,0,1,0,0,1,18,1,1805,8,-1156054.888,-598765.859,60206171774,2017/08/08 00:00:00+00,1000,1000,5f628e9f-70a5-4c09-803a-52abdfc89756
-598765.859000001,-1156054.888,1081,Brno-Královo Pole,nezjišťováno,nezaviněno řidičem,srážka s domácím zvířetem,nehoda s následky na životě nebo zdraví,nezaviněná řidičem,"povrch suchý, neznečistěný",neztížené,dobré,žádné nebo žádné z uvedených,komunikace místní,,,jízdní kolo,Brno-Královo Pole,muž,Nezjišťován,úterý,srpen,Královo Pole,,,,,,,,bez zraněn,"s přilbou (pouze u motocyklistů, příp. cyklistů)","lesní zvěří, domácím zvířectvem","ve dne, viditelnost nezhoršená vlivem povětrnostních podmínek",na jízdním pruhu,řidič,dobrý -žádné nepříznivé okolnosti nebyly zjiště,den,,0,71555,1,71555,1,71555,2,46,1,1971,1,71,2017,0,0,1,0,0,2,18,1,1805,8,-1156054.888,-598765.859,60206171774,2017/08/08 00:00:00+00,1000,1000,4f3297db-a86e-4d78-8ea0-1302919c6325
-599636.579,-1155021.204,1082,Brno-Řečkovice a Mokrá Hora,ano,nedání přenosti v jízdě,srážka s jedoucím nekolejovým vozidlem,nehoda pouze s hmotnou škodou,"jízda na ""červenou"" 3-barevného semaforu","povrch suchý, neznečistěný",neztížené,dobré,žádné nebo žádné z uvedených,uzel (křižovatka sledovaná ve vybraných městech),,,jízdní kolo,Brno-Řečkovice a Mokrá Hora,muž,"Ano, obsah alkoholu v krvi 1,5‰ a více",čtvrtek,srpen,Řečkovice,,,,,,,,bez zraněn,"bez přilby (pouze u motocyklistů, příp. cyklistů)",řidičem nemotorového vozidla,"v noci - s veřejným osvětlením, viditelnost nezhoršená vlivem povětrnostních podmínek",na jízdním pruhu,řidič,pod vlivem alkoholu obsah alkoholu v krvi 1 ‰ a víc,noc,,0,71557,1,71557,1,71557,4,25,1,1992,1,92,2017,0,0,0,0,0,1,4,1,421,8,-1155021.204,-599636.579,60206171790,2017/08/24 00:00:00+00,21000,20000,59aeb5f0-75ab-41bf-897e-44678563d20e
-599281.397999998,-1158774.601,1083,Brno-Žabovřesky,ne,nesprávný způsob jízdy,srážka s jedoucím nekolejovým vozidlem,nehoda s následky na životě nebo zdraví,řidič se plně nevěnoval řízení vozidla,"povrch suchý, neznečistěný",neztížené,dobré,žádné nebo žádné z uvedených,komunikace sledovaná (ve vybraných městech),,,jízdní kolo,Brno-Žabovřesky,muž,Ne,pátek,srpen,Žabovřesky,,,,,,,,lehké zranění,"bez přilby (pouze u motocyklistů, příp. cyklistů)",řidičem nemotorového vozidla,"ve dne, viditelnost nezhoršená vlivem povětrnostních podmínek",na jízdním pruhu,řidič,dobrý -žádné nepříznivé okolnosti nebyly zjiště,den,,1,71558,1,71558,1,71558,5,74,1,1943,1,43,2017,0,0,1,0,0,1,9,1,925,8,-1158774.601,-599281.398,60206171801,2017/08/25 00:00:00+00,11000,10000,36260897-5f47-4e4f-b111-f7cc4da5332b
-600343.197999999,-1157928.98,1084,Brno-Žabovřesky,ne,nedání přenosti v jízdě,srážka s jedoucím nekolejovým vozidlem,nehoda s následky na životě nebo zdraví,jiné nedání přednosti,"povrch suchý, neznečistěný",neztížené,dobré,přechod pro chodce,uzel (křižovatka sledovaná ve vybraných městech),,,jízdní kolo,Brno-Žabovřesky,muž,Ne,sobota,srpen,Žabovřesky,,,,,,,,lehké zranění,"s přilbou (pouze u motocyklistů, příp. cyklistů)",řidičem motorového vozidla,"ve dne, viditelnost nezhoršená vlivem povětrnostních podmínek",na chodníku nebo ostrůvku,řidič,dobrý -žádné nepříznivé okolnosti nebyly zjiště,den,,1,71559,1,71559,1,71559,6,21,1,1996,1,96,2017,0,0,1,0,0,2,13,1,1305,8,-1157928.98,-600343.198,60206171808,2017/08/26 00:00:00+00,20500,500,8929425c-f22d-42fa-8dc4-40d0e9b76e9f
-600444.397,-1163061.397,1085,Brno-Bohunice,ne,nesprávný způsob jízdy,srážka s jedoucím nekolejovým vozidlem,nehoda s následky na životě nebo zdraví,"jízda po nesprávné straně vozovky, vjetí do protisměru","povrch suchý, neznečistěný",neztížené,dobré,"výjezd z parkoviště, lesní cesty apod. (pol.36=7,8)",komunikace místní,,,jízdní kolo,Brno-Bohunice,muž,Ne,sobota,srpen,Bohunice,,,,,,,,lehké zranění,"bez přilby (pouze u motocyklistů, příp. cyklistů)",řidičem nemotorového vozidla,"ve dne, viditelnost nezhoršená vlivem povětrnostních podmínek",na jízdním pruhu,řidič,dobrý -žádné nepříznivé okolnosti nebyly zjiště,den,,1,71560,1,71560,1,71560,6,37,1,1980,1,80,2017,0,0,1,0,0,1,14,1,1455,8,-1163061.397,-600444.397,60206171811,2017/08/26 00:00:00+00,30500,30000,e50db25c-630f-42d5-8897-c6d95eec7b3c
-599583.772,-1154857.799,1086,Brno-Řečkovice a Mokrá Hora,ne,nepřiměřená rychlost jízdy,havárie,nehoda s následky na životě nebo zdraví,nepřizpůsobení rychlosti vlastnostem vozidla a nákladu,"povrch suchý, neznečistěný",neztížené,dobré,žádné nebo žádné z uvedených,komunikace sledovaná (ve vybraných městech),,,jízdní kolo,Brno-Řečkovice a Mokrá Hora,žena,Ne,úterý,srpen,Řečkovice,,,,,,,,lehké zranění,"s přilbou (pouze u motocyklistů, příp. cyklistů)",řidičem nemotorového vozidla,"ve dne, viditelnost nezhoršená vlivem povětrnostních podmínek",na jízdním pruhu,řidič,dobrý -žádné nepříznivé okolnosti nebyly zjiště,den,,1,71561,1,71561,1,71561,2,65,1,1952,1,52,2017,0,0,1,0,0,1,18,1,1810,8,-1154857.799,-599583.772,60206171828,2017/08/29 00:00:00+00,5000,5000,71092477-e0b9-45af-a4a7-7eab4c6be5a1
-595150.276000001,-1162021.29,1087,Brno-Černovice,nezjišťováno,nezaviněno řidičem,havárie,nehoda s následky na životě nebo zdraví,nezaviněná řidičem,"povrch suchý, neznečistěný",neztížené,dobré,žádné nebo žádné z uvedených,komunikace sledovaná (ve vybraných městech),,,jízdní kolo,Brno-Černovice,muž,Nezjišťován,středa,srpen,Černovice,,,,,,,,lehké zranění,"s přilbou (pouze u motocyklistů, příp. cyklistů)",závadou komunikace,"ve dne, viditelnost nezhoršená vlivem povětrnostních podmínek",na jízdním pruhu,řidič,dobrý -žádné nepříznivé okolnosti nebyly zjiště,den,,1,71563,1,71563,1,71563,3,43,1,1974,1,74,2017,0,0,1,0,0,1,9,1,950,8,-1162021.29,-595150.276,60206171830,2017/08/30 00:00:00+00,0,0,ebb364b4-0304-4546-853d-e6efb28922c5
-600226.146000002,-1158480.19,1088,Brno-Žabovřesky,ne,nesprávný způsob jízdy,jiný druh nehody,nehoda s následky na životě nebo zdraví,řidič se plně nevěnoval řízení vozidla,"povrch suchý, neznečistěný",neztížené,dobré,parkoviště přiléhající ke komunikaci,komunikace sledovaná (ve vybraných městech),,,jízdní kolo,Brno-Žabovřesky,muž,Ne,středa,srpen,Žabovřesky,,,,,,,,lehké zranění,"s přilbou (pouze u motocyklistů, příp. cyklistů)",řidičem motorového vozidla,"ve dne, viditelnost nezhoršená vlivem povětrnostních podmínek",na jízdním pruhu,řidič,dobrý -žádné nepříznivé okolnosti nebyly zjiště,den,,1,71564,1,71564,1,71564,3,38,1,1979,1,79,2017,0,0,1,0,0,2,18,1,1835,8,-1158480.19,-600226.146,60206171832,2017/08/30 00:00:00+00,25000,5000,7922ff32-a05f-4b9b-812f-334f38ac6cba
-595283.318,-1158174.421,1089,Brno-Maloměřice a Obřany,ne,nezaviněno řidičem,srážka s chodcem,nehoda s následky na životě nebo zdraví,nezaviněná řidičem,"povrch suchý, neznečistěný",neztížené,dobré,žádné nebo žádné z uvedených,komunikace sledovaná (ve vybraných městech),,,jízdní kolo,Brno-Maloměřice a Obřany,žena,Ne,čtvrtek,září,Maloměřice,,,,,,,,těžké zranění,"s přilbou (pouze u motocyklistů, příp. cyklistů)",chodcem,"ve dne, viditelnost nezhoršená vlivem povětrnostních podmínek",na jízdním pruhu,řidič,dobrý -žádné nepříznivé okolnosti nebyly zjiště,den,,0,71565,1,71565,1,71565,4,32,1,1985,1,85,2017,1,0,0,1,0,1,12,4,1230,9,-1158174.421,-595283.318,60206171878,2017/09/07 00:00:00+00,2500,1000,de09a810-f4ba-4cb8-903c-97e031637d96
-595283.318,-1158174.421,1090,Brno-Maloměřice a Obřany,ne,nezaviněno řidičem,srážka s chodcem,nehoda s následky na životě nebo zdraví,nezaviněná řidičem,"povrch suchý, neznečistěný",neztížené,dobré,žádné nebo žádné z uvedených,komunikace sledovaná (ve vybraných městech),,,jízdní kolo,Brno-Maloměřice a Obřany,dívka (do 15 let),Ne,čtvrtek,září,Maloměřice,,,,,,,,bez zraněn,"s přilbou (pouze u motocyklistů, příp. cyklistů)",chodcem,"ve dne, viditelnost nezhoršená vlivem povětrnostních podmínek",na jízdním pruhu,ostatní spolucestující (i v postranním vozíku motocyklu),dobrý -žádné nepříznivé okolnosti nebyly zjiště,den,,0,71566,1,71566,1,71566,4,3,1,2014,1,14,2017,0,0,0,1,0,1,12,4,1230,9,-1158174.421,-595283.318,60206171878,2017/09/07 00:00:00+00,2500,1000,ef5e7102-0dab-4fdd-b60a-13b85acfe429
-598316.329999998,-1159192.738,1091,Brno-střed,ne,nesprávný způsob jízdy,jiný druh nehody,nehoda s následky na životě nebo zdraví,řidič se plně nevěnoval řízení vozidla,"povrch suchý, neznečistěný",neztížené,dobré,žádné nebo žádné z uvedených,komunikace sledovaná (ve vybraných městech),,,jízdní kolo,Brno-střed,muž,Ne,čtvrtek,září,Veveří,,,,,,,,lehké zranění,"bez přilby (pouze u motocyklistů, příp. cyklistů)",řidičem motorového vozidla,"ve dne, viditelnost nezhoršená vlivem povětrnostních podmínek",na jízdním pruhu,řidič,dobrý -žádné nepříznivé okolnosti nebyly zjiště,den,,1,71567,1,71567,1,71567,4,25,1,1992,1,92,2017,0,0,1,0,0,2,15,1,1505,9,-1159192.738,-598316.33,60206171879,2017/09/07 00:00:00+00,11000,10000,366307e6-c263-417d-959b-9722abfa82d6
-599507.443999998,-1157555.098,1092,Brno-Královo Pole,ne,nedání přenosti v jízdě,srážka s jedoucím nekolejovým vozidlem,nehoda s následky na životě nebo zdraví,při odbočování vlevo,"povrch suchý, neznečistěný",neztížené,dobré,žádné nebo žádné z uvedených,komunikace sledovaná (ve vybraných městech),,,jízdní kolo,Brno-Královo Pole,muž,Ne,čtvrtek,září,Královo Pole,,,,,,,,lehké zranění,"s přilbou (pouze u motocyklistů, příp. cyklistů)",řidičem motorového vozidla,"ve dne, viditelnost nezhoršená vlivem povětrnostních podmínek",na jízdním pruhu,řidič,dobrý -žádné nepříznivé okolnosti nebyly zjiště,den,,1,71568,1,71568,1,71568,4,26,1,1991,1,91,2017,0,0,1,0,0,2,17,1,1730,9,-1157555.098,-599507.444,60206171880,2017/09/07 00:00:00+00,15000,5000,9442eb04-dc3c-412a-a1ed-8abec6095163
-597849.495999999,-1159766.817,1093,Brno-střed,ne,nedání přenosti v jízdě,srážka s jedoucím nekolejovým vozidlem,nehoda s následky na životě nebo zdraví,proti příkazu dopravní značky DEJ PŘEDNOST,povrch mokrý,"na počátku deště, slabý déšť, mrholení apod.",dobré,v blízkosti přechodu pro chodce (do vzdálenosti 20 m),uzel (křižovatka sledovaná ve vybraných městech),,,jízdní kolo,Brno-střed,muž,Ne,úterý,září,Černá Pole,,,,,,,,těžké zranění,"bez přilby (pouze u motocyklistů, příp. cyklistů)",řidičem motorového vozidla,"ve dne, zhoršená viditelnost (svítání, soumrak)",na jízdním pruhu,řidič,dobrý -žádné nepříznivé okolnosti nebyly zjiště,noc,,0,71569,1,71569,1,71569,2,51,1,1966,1,66,2017,1,0,0,1,0,2,5,1,555,9,-1159766.817,-597849.496,60206171907,2017/09/12 00:00:00+00,4000,2000,0ae6b4d7-c1e8-42c5-9178-8deca1d2a634
-594732.436999999,-1160991.075,1094,Brno-Židenice,ne,nedání přenosti v jízdě,srážka s jedoucím nekolejovým vozidlem,nehoda s následky na životě nebo zdraví,při odbočování vlevo,"povrch suchý, neznečistěný",neztížené,dobré,žádné nebo žádné z uvedených,komunikace sledovaná (ve vybraných městech),,,jízdní kolo,Brno-Židenice,muž,Ne,pátek,září,Židenice,,,,,,,,lehké zranění,"s přilbou (pouze u motocyklistů, příp. cyklistů)",řidičem motorového vozidla,"ve dne, viditelnost nezhoršená vlivem povětrnostních podmínek",na jízdním pruhu,řidič,dobrý -žádné nepříznivé okolnosti nebyly zjiště,den,,1,71570,1,71570,1,71570,5,41,1,1976,1,76,2017,0,0,1,0,0,2,12,1,1200,9,-1160991.075,-594732.437,60206171936,2017/09/15 00:00:00+00,2000,1000,ea4f2e4f-5b60-4b0d-a071-0c9e22b9cc37