X,Y,objectid_1,zuj,alkohol_vinik,hlavni_pricina,srazka,nasledky,pricina,stav_vozovky,povetrnostni_podm,rozhled,misto_nehody,druh_komun,pneumatiky,druh_pohonu,druh_vozidla,mestska_cast,pohlavi,alkohol,den_v_tydnu,mesic_t,katastr,chovani_chodce,stav_chodce,drogy_chodec,alkohol_chodec,osobni_prepravnik,reflexni_prvky,kategorie_chodce,nasledek,ozn_osoba,zavineni,viditelnost,situovani,osoba,stav_ridic,doba,smrt_po,lz,target_fid_1,join_count_1,objectid,join_count,target_fid,den,vek,smrt_dny,rok_nar,p48a,p59d,rok,tz,smrt,lehce_zran_os,tezce_zran_os,usmrceno_os,id_vozidla,hodina,ovlivneni_ridice,cas,mesic,e,d,id_nehody,datum,hmotna_skoda_1,skoda_vozidlo,globalid
-599178.318999998,-1156165.233,1095,Brno-Řečkovice a Mokrá Hora,ne,nedání přenosti v jízdě,srážka s jedoucím nekolejovým vozidlem,nehoda pouze s hmotnou škodou,proti příkazu dopravní značky DEJ PŘEDNOST,"povrch suchý, neznečistěný",neztížené,dobré,v blízkosti přechodu pro chodce (do vzdálenosti 20 m),uzel (křižovatka sledovaná ve vybraných městech),,,jízdní kolo,Brno-Řečkovice a Mokrá Hora,muž,Ne,pondělí,říjen,Řečkovice,,,,,,,,bez zraněn,"s přilbou (pouze u motocyklistů, příp. cyklistů)",řidičem motorového vozidla,"ve dne, viditelnost nezhoršená vlivem povětrnostních podmínek",na jízdním pruhu,řidič,dobrý -žádné nepříznivé okolnosti nebyly zjiště,den,,0,71571,1,71571,1,71571,1,33,1,1984,1,84,2017,0,0,0,0,0,2,8,1,815,10,-1156165.233,-599178.319,60206172099,2017/10/09 00:00:00+00,11000,6000,62574c2e-b3dd-4126-ae79-9e957b67d235
-595636.467999998,-1160744.996,1096,Brno-Židenice,ne,nedání přenosti v jízdě,srážka s jedoucím nekolejovým vozidlem,nehoda s následky na životě nebo zdraví,při vjíždění na silnici,"povrch suchý, neznečistěný",neztížené,dobré,žádné nebo žádné z uvedených,komunikace místní,,,jízdní kolo,Brno-Židenice,chlapec (do 15 let),Ne,pátek,říjen,Židenice,,,,,,,,lehké zranění,"bez přilby (pouze u motocyklistů, příp. cyklistů)",řidičem nemotorového vozidla,"ve dne, viditelnost nezhoršená vlivem povětrnostních podmínek",na jízdním pruhu,řidič,dobrý -žádné nepříznivé okolnosti nebyly zjiště,den,,1,71574,1,71574,1,71574,5,13,1,2004,1,4,2017,0,0,1,0,0,1,7,1,755,10,-1160744.996,-595636.468,60206172153,2017/10/13 00:00:00+00,11000,10000,e744acea-536c-49b0-8e13-47c5272b02a9
-595844.368000001,-1158870.038,1097,Brno-sever,ne,nesprávný způsob jízdy,havárie,nehoda s následky na životě nebo zdraví,řidič se plně nevěnoval řízení vozidla,"povrch suchý, neznečistěný",neztížené,dobré,"zastávka tramvaje, autobusu, trolejbusu bez nástup. ostrůvku",komunikace sledovaná (ve vybraných městech),,,jízdní kolo,Brno-sever,muž,Ne,středa,říjen,Husovice,,,,,,,,lehké zranění,"s přilbou (pouze u motocyklistů, příp. cyklistů)",řidičem nemotorového vozidla,"ve dne, viditelnost nezhoršená vlivem povětrnostních podmínek",na jízdním pruhu,řidič,dobrý -žádné nepříznivé okolnosti nebyly zjiště,den,,1,71575,1,71575,1,71575,3,53,1,1964,1,64,2017,0,0,1,0,0,1,16,1,1638,10,-1158870.038,-595844.368,60206172211,2017/10/18 00:00:00+00,5000,5000,dc37454b-3e93-470b-9238-3500558bdb2e
-598762.905000001,-1158816.326,1098,Brno-Královo Pole,ne,nedání přenosti v jízdě,srážka s jedoucím nekolejovým vozidlem,nehoda s následky na životě nebo zdraví,při odbočování vlevo,povrch mokrý,neztížené,dobré,v blízkosti přechodu pro chodce (do vzdálenosti 20 m),uzel (křižovatka sledovaná ve vybraných městech),,,jízdní kolo,Brno-Královo Pole,muž,Ne,pondělí,říjen,Ponava,,,,,,,,lehké zranění,"bez přilby (pouze u motocyklistů, příp. cyklistů)",řidičem motorového vozidla,"ve dne, zhoršená viditelnost (svítání, soumrak)",na jízdním pruhu,řidič,dobrý -žádné nepříznivé okolnosti nebyly zjiště,den,,1,71577,1,71577,1,71577,1,31,1,1986,1,86,2017,0,0,1,0,0,2,18,1,1810,10,-1158816.326,-598762.905,60206172256,2017/10/23 00:00:00+00,13000,10000,291ecf67-d203-491f-9643-5096ad774b54
-599632.342999998,-1163088.105,1099,Brno-střed,ne,nedání přenosti v jízdě,srážka s jedoucím nekolejovým vozidlem,nehoda s následky na životě nebo zdraví,proti příkazu dopravní značky DEJ PŘEDNOST,"povrch suchý, neznečistěný",neztížené,dobré,přechod pro chodce,komunikace sledovaná (ve vybraných městech),,,jízdní kolo,Brno-střed,muž,Ne,sobota,říjen,Štýřice,,,,,,,,lehké zranění,"s přilbou (pouze u motocyklistů, příp. cyklistů)",řidičem motorového vozidla,"ve dne, viditelnost nezhoršená vlivem povětrnostních podmínek",na jízdním pruhu,řidič,dobrý -žádné nepříznivé okolnosti nebyly zjiště,den,,1,71578,1,71578,1,71578,6,27,1,1990,1,90,2017,0,0,1,0,0,2,10,1,1045,10,-1163088.105,-599632.343,60206172297,2017/10/28 00:00:00+00,5000,3000,d2d52b0d-111d-4bee-ba3b-63b212fefd83
-601783.02,-1158451.264,1100,Brno-Komín,ne,nesprávný způsob jízdy,havárie,nehoda s následky na životě nebo zdraví,nezvládnutí řízení vozidla,"povrch suchý, neznečistěný",neztížené,dobré,žádné nebo žádné z uvedených,komunikace místní,,,jízdní kolo,Brno-Komín,muž,Ne,pátek,listopad,Komín,,,,,,,,lehké zranění,"s přilbou (pouze u motocyklistů, příp. cyklistů)",řidičem nemotorového vozidla,"ve dne, zhoršená viditelnost (svítání, soumrak)",na stezce pro cyklisty,řidič,dobrý -žádné nepříznivé okolnosti nebyly zjiště,den,,1,71580,1,71580,1,71580,5,21,1,1996,1,96,2017,0,0,1,0,0,1,6,1,620,11,-1158451.264,-601783.02,60206172347,2017/11/03 00:00:00+00,1000,1000,3676afec-e530-4e88-8d42-ba2517abe1dc
-599999.151999999,-1158643.195,1101,Brno-Žabovřesky,ne,nesprávný způsob jízdy,havárie,nehoda s následky na životě nebo zdraví,řidič se plně nevěnoval řízení vozidla,"povrch suchý, neznečistěný",neztížené,dobré,žádné nebo žádné z uvedených,komunikace sledovaná (ve vybraných městech),,,jízdní kolo,Brno-Žabovřesky,muž,Ne,sobota,listopad,Žabovřesky,,,,,,,,lehké zranění,"bez přilby (pouze u motocyklistů, příp. cyklistů)",řidičem nemotorového vozidla,"ve dne, viditelnost nezhoršená vlivem povětrnostních podmínek",na jízdním pruhu,řidič,dobrý -žádné nepříznivé okolnosti nebyly zjiště,den,,1,71581,1,71581,1,71581,6,62,1,1955,1,55,2017,0,0,1,0,0,1,14,1,1430,11,-1158643.195,-599999.152,60206172363,2017/11/04 00:00:00+00,2000,2000,a945fd74-33b4-47cc-af35-4d368c6104c1
-603644.923999999,-1157506.742,1102,Brno-Bystrc,ne,nesprávný způsob jízdy,srážka s chodcem,nehoda s následky na životě nebo zdraví,řidič se plně nevěnoval řízení vozidla,"povrch suchý, neznečistěný",neztížené,dobré,žádné nebo žádné z uvedených,komunikace místní,,,jízdní kolo,Brno-Bystrc,muž,Ne,sobota,listopad,Bystrc,,,,,,,,bez zraněn,"s přilbou (pouze u motocyklistů, příp. cyklistů)",řidičem nemotorového vozidla,"ve dne, viditelnost nezhoršená vlivem povětrnostních podmínek",na jízdním pruhu,řidič,dobrý -žádné nepříznivé okolnosti nebyly zjiště,den,,0,71584,1,71584,1,71584,6,44,1,1973,1,73,2017,0,0,1,0,0,1,10,1,1015,11,-1157506.742,-603644.924,60206172412,2017/11/11 00:00:00+00,0,0,89657472-ed26-4ba6-9531-3e5efc5ce1fa
-600812.114999998,-1163451.825,1103,Brno-Bohunice,ano,nepřiměřená rychlost jízdy,havárie,nehoda s následky na životě nebo zdraví,"nepřizpůsobení rychlosti dopravně technickému stavu vozovky (zatáčka, klesání, stoupání, šířka vozovky apod.)","povrch suchý, neznečistěný",neztížené,dobré,žádné nebo žádné z uvedených,uzel (křižovatka sledovaná ve vybraných městech),,,jízdní kolo,Brno-Bohunice,muž,"Ano, obsah alkoholu v krvi od 0,5‰ do 0,8‰",sobota,listopad,Bohunice,,,,,,,,lehké zranění,"bez přilby (pouze u motocyklistů, příp. cyklistů)",řidičem nemotorového vozidla,"ve dne, viditelnost nezhoršená vlivem povětrnostních podmínek",na jízdním pruhu,řidič,"pod vlivem alkoholu, obsah alkoholu v krvi do 0,99 ‰",den,,1,71585,1,71585,1,71585,6,67,1,1950,1,50,2017,0,0,1,0,0,1,11,1,1110,11,-1163451.825,-600812.115,60206172413,2017/11/11 00:00:00+00,1000,1000,296b61ef-9024-465a-9091-04989da896e9
-600140.210000001,-1158840.986,1104,Brno-Žabovřesky,ne,nedání přenosti v jízdě,srážka s jedoucím nekolejovým vozidlem,nehoda s následky na životě nebo zdraví,při vjíždění na silnici,povrch mokrý,neztížené,výhled zakryt stojícím vozidlem,"výjezd z parkoviště, lesní cesty apod. (pol.36=7,8)",komunikace místní,,,jízdní kolo,Brno-Žabovřesky,muž,Ne,neděle,listopad,Žabovřesky,,,,,,,,usmrcení,"bez přilby (pouze u motocyklistů, příp. cyklistů)",řidičem nemotorového vozidla,"ve dne, viditelnost nezhoršená vlivem povětrnostních podmínek",na jízdním pruhu,řidič,dobrý -žádné nepříznivé okolnosti nebyly zjiště,den,,0,71586,1,71586,1,71586,7,28,1,1989,1,89,2017,0,1,0,0,1,1,13,1,1355,11,-1158840.986,-600140.21,60206172419,2017/11/12 00:00:00+00,93000,90000,68367ea9-75c8-468e-8517-567efda34016
-597789.182,-1159058.239,1105,Brno-Královo Pole,ne,nedání přenosti v jízdě,havárie,nehoda s následky na životě nebo zdraví,při odbočování vlevo,"povrch suchý, neznečistěný",neztížené,dobré,přechod pro chodce,komunikace sledovaná (ve vybraných městech),,,jízdní kolo,Brno-Královo Pole,muž,Ne,úterý,listopad,Ponava,,,,,,,,lehké zranění,"s přilbou (pouze u motocyklistů, příp. cyklistů)",řidičem motorového vozidla,"ve dne, viditelnost nezhoršená vlivem povětrnostních podmínek",na jízdním pruhu,řidič,dobrý -žádné nepříznivé okolnosti nebyly zjiště,den,,1,71587,1,71587,1,71587,2,50,1,1967,1,67,2017,0,0,1,0,0,2,7,1,713,11,-1159058.239,-597789.182,60206172429,2017/11/14 00:00:00+00,10000,0,dae8193a-00a9-4d22-8634-285277fa4b71
-596867.504999999,-1159505.979,1106,Brno-sever,ne,nezaviněno řidičem,srážka s chodcem,nehoda s následky na životě nebo zdraví,nezaviněná řidičem,povrch mokrý,neztížené,dobré,žádné nebo žádné z uvedených,komunikace sledovaná (ve vybraných městech),,,jízdní kolo,Brno-sever,,Ne,pátek,prosinec,Černá Pole,,,,,,,,,,chodcem,"ve dne, zhoršená viditelnost (svítání, soumrak)",na jízdním pruhu,,,den,,0,71590,1,71590,1,71590,5,,,,1,,2017,0,0,1,0,0,1,7,,700,12,-1159505.979,-596867.505,60206172631,2017/12/08 00:00:00+00,0,0,88049776-6115-40ff-b424-38b2aceed3bf
-595799.267999999,-1161011.906,1107,Brno-Židenice,ne,nedání přenosti v jízdě,srážka s jedoucím nekolejovým vozidlem,nehoda s následky na životě nebo zdraví,při vjíždění na silnici,"povrch suchý, neznečistěný",neztížené,dobré,žádné nebo žádné z uvedených,komunikace místní,,,jízdní kolo,Brno-Židenice,muž,Ne,neděle,prosinec,Židenice,,,,,,,,lehké zranění,"bez přilby (pouze u motocyklistů, příp. cyklistů)",řidičem nemotorového vozidla,"ve dne, viditelnost nezhoršená vlivem povětrnostních podmínek",na jízdním pruhu,řidič,dobrý -žádné nepříznivé okolnosti nebyly zjiště,den,,1,71591,1,71591,1,71591,7,34,1,1983,1,83,2017,0,0,1,0,0,1,15,1,1500,12,-1161011.906,-595799.268,60206172646,2017/12/10 00:00:00+00,21000,20000,75d5b2e2-7706-497e-b94f-1d832d441214
-602306.243000001,-1163171.642,1108,Brno-Starý Lískovec,ne,nedání přenosti v jízdě,srážka s jedoucím nekolejovým vozidlem,nehoda s následky na životě nebo zdraví,proti příkazu dopravní značky DEJ PŘEDNOST,povrch mokrý,neztížené,dobré,žádné nebo žádné z uvedených,komunikace sledovaná (ve vybraných městech),,,jízdní kolo,Brno-Starý Lískovec,muž,Ne,úterý,prosinec,Starý Lískovec,,,,,,,,lehké zranění,"s přilbou (pouze u motocyklistů, příp. cyklistů)",řidičem motorového vozidla,"v noci - s veřejným osvětlením, viditelnost nezhoršená vlivem povětrnostních podmínek",na jízdním pruhu,řidič,dobrý -žádné nepříznivé okolnosti nebyly zjiště,noc,,1,71593,1,71593,1,71593,2,46,1,1971,1,71,2017,0,0,1,0,0,2,5,1,545,12,-1163171.642,-602306.243,60206172716,2017/12/19 00:00:00+00,34000,20000,40a79bb5-bdd2-4b5c-bf6f-5fdccc481eda
-599209.706,-1155393.351,1109,Brno-Řečkovice a Mokrá Hora,ne,nesprávný způsob jízdy,jiný druh nehody,nehoda s následky na životě nebo zdraví,jiný druh nesprávného způsobu jízdy,povrch mokrý,neztížené,dobré,parkoviště přiléhající ke komunikaci,komunikace sledovaná (ve vybraných městech),,,jízdní kolo,Brno-Řečkovice a Mokrá Hora,žena,Ne,pátek,prosinec,Řečkovice,,,,,,,,těžké zranění,"bez přilby (pouze u motocyklistů, příp. cyklistů)",řidičem motorového vozidla,"ve dne, viditelnost nezhoršená vlivem povětrnostních podmínek",na jízdním pruhu,řidič,dobrý -žádné nepříznivé okolnosti nebyly zjiště,den,,0,71594,1,71594,1,71594,5,58,1,1959,1,59,2017,1,0,0,1,0,2,10,1,1025,12,-1155393.351,-599209.706,60206172747,2017/12/22 00:00:00+00,1000,1000,89914c9d-ab9c-4e47-9d7f-f86d19f20db0
-604334.182999998,-1155273.334,1110,Brno-Kníničky,ano,nepřiměřená rychlost jízdy,havárie,nehoda s následky na životě nebo zdraví,"nepřizpůsobení rychlosti dopravně technickému stavu vozovky (zatáčka, klesání, stoupání, šířka vozovky apod.)","povrch suchý, neznečistěný",neztížené,dobré,žádné nebo žádné z uvedených,komunikace účelová - polní a lesní cesty atd.,,,jízdní kolo,Brno-Kníničky,muž,"Ano, obsah alkoholu v krvi 1,5‰ a více",sobota,březen,Kníničky,,,,,,,,lehké zranění,"bez přilby (pouze u motocyklistů, příp. cyklistů)",řidičem nemotorového vozidla,"ve dne, viditelnost nezhoršená vlivem povětrnostních podmínek",na stezce pro cyklisty,řidič,pod vlivem alkoholu obsah alkoholu v krvi 1 ‰ a víc,den,,1,71595,1,71595,1,71595,6,51,1,1967,0,67,2018,0,0,1,0,0,1,16,1,1645,3,-1155273.334,-604334.183,60206180420,2018/03/10 00:00:00+00,0,0,bb623a2b-6c51-497a-97fc-db5cd4f0644a
-595399.519000001,-1161054.377,1111,Brno-Židenice,ne,nedání přenosti v jízdě,srážka s jedoucím nekolejovým vozidlem,nehoda s následky na životě nebo zdraví,při odbočování vlevo,"povrch suchý, neznečistěný",neztížené,dobré,v blízkosti přechodu pro chodce (do vzdálenosti 20 m),uzel (křižovatka sledovaná ve vybraných městech),,,jízdní kolo,Brno-Židenice,muž,Ne,úterý,březen,Židenice,,,,,,,,lehké zranění,"bez přilby (pouze u motocyklistů, příp. cyklistů)",řidičem motorového vozidla,"ve dne, viditelnost nezhoršená vlivem povětrnostních podmínek",na jízdním pruhu,řidič,dobrý -žádné nepříznivé okolnosti nebyly zjiště,den,,1,71597,1,71597,1,71597,2,37,1,1981,1,81,2018,0,0,1,0,0,2,16,1,1650,3,-1161054.377,-595399.519,60206180435,2018/03/13 00:00:00+00,30000,25000,eafed4bc-fbdb-474e-9431-678125c15933
-594931.524,-1161023.178,1112,Brno-Židenice,ne,nepřiměřená rychlost jízdy,havárie,nehoda s následky na životě nebo zdraví,nepřizpůsobení rychlosti vlastnostem vozidla a nákladu,"povrch suchý, neznečistěný",neztížené,dobré,žádné nebo žádné z uvedených,komunikace sledovaná (ve vybraných městech),,,jízdní kolo,Brno-Židenice,muž,Ne,sobota,duben,Židenice,,,,,,,,lehké zranění,"s přilbou (pouze u motocyklistů, příp. cyklistů)",řidičem nemotorového vozidla,"ve dne, viditelnost nezhoršená vlivem povětrnostních podmínek",na jízdním pruhu,řidič,dobrý -žádné nepříznivé okolnosti nebyly zjiště,den,,1,71598,1,71598,1,71598,6,72,1,1946,1,46,2018,0,0,1,0,0,1,8,1,823,4,-1161023.178,-594931.524,60206180601,2018/04/07 00:00:00+00,7000,5000,4c8a1f17-1782-48fa-bae6-e95b9560843d
-603125.756000001,-1156770.17,1113,Brno-Bystrc,ne,nesprávný způsob jízdy,srážka s jedoucím nekolejovým vozidlem,nehoda s následky na životě nebo zdraví,řidič se plně nevěnoval řízení vozidla,"povrch suchý, neznečistěný",neztížené,dobré,"most, nadjezd, podjezd, tunel",komunikace místní,,,jízdní kolo,Brno-Bystrc,žena,Ne,sobota,duben,Bystrc,,,,,,,,bez zraněn,"s přilbou (pouze u motocyklistů, příp. cyklistů)",řidičem nemotorového vozidla,"ve dne, viditelnost nezhoršená vlivem povětrnostních podmínek",na stezce pro cyklisty,řidič,dobrý -žádné nepříznivé okolnosti nebyly zjiště,den,,0,71599,1,71599,1,71599,6,15,1,2003,1,3,2018,0,0,1,0,0,1,14,1,1450,4,-1156770.17,-603125.756,60206180604,2018/04/07 00:00:00+00,1000,0,7e27563f-4497-4375-8e2a-f079024abe65
-603125.756000001,-1156770.17,1114,Brno-Bystrc,ne,nesprávný způsob jízdy,srážka s jedoucím nekolejovým vozidlem,nehoda s následky na životě nebo zdraví,řidič se plně nevěnoval řízení vozidla,"povrch suchý, neznečistěný",neztížené,dobré,"most, nadjezd, podjezd, tunel",komunikace místní,,,jízdní kolo,Brno-Bystrc,muž,Ne,sobota,duben,Bystrc,,,,,,,,lehké zranění,"s přilbou (pouze u motocyklistů, příp. cyklistů)",řidičem nemotorového vozidla,"ve dne, viditelnost nezhoršená vlivem povětrnostních podmínek",na stezce pro cyklisty,řidič,"pod vlivem alkoholu, obsah alkoholu v krvi do 0,99 ‰",den,,1,71600,1,71600,1,71600,6,50,1,1968,1,68,2018,0,0,1,0,0,2,14,0,1450,4,-1156770.17,-603125.756,60206180604,2018/04/07 00:00:00+00,1000,0,41d9d911-efa4-4b7f-b476-bd5a5c681c45
-604015.48,-1159947.214,1115,Brno-Žebětín,ne,nesprávný způsob jízdy,srážka s jedoucím nekolejovým vozidlem,nehoda s následky na životě nebo zdraví,nesprávné otáčení nebo couvání,"povrch suchý, neznečistěný",neztížené,dobré,žádné nebo žádné z uvedených,komunikace sledovaná (ve vybraných městech),,,jízdní kolo,Brno-Žebětín,muž,Ne,úterý,duben,Žebětín,,,,,,,,lehké zranění,"s přilbou (pouze u motocyklistů, příp. cyklistů)",řidičem motorového vozidla,"ve dne, viditelnost nezhoršená vlivem povětrnostních podmínek",na jízdním pruhu,řidič,dobrý -žádné nepříznivé okolnosti nebyly zjiště,den,,1,71601,1,71601,1,71601,2,43,1,1975,1,75,2018,0,0,1,0,0,2,16,1,1650,4,-1159947.214,-604015.48,60206180627,2018/04/10 00:00:00+00,16000,10000,8f608d8b-643b-4572-97a2-bfc583f52613
-599023.219000001,-1158887.472,1116,Brno-střed,ne,nedání přenosti v jízdě,srážka s jedoucím nekolejovým vozidlem,nehoda s následky na životě nebo zdraví,proti příkazu dopravní značky DEJ PŘEDNOST,"povrch suchý, neznečistěný",neztížené,dobré,v blízkosti přechodu pro chodce (do vzdálenosti 20 m),uzel (křižovatka sledovaná ve vybraných městech),,,jízdní kolo,Brno-střed,muž,Ne,úterý,duben,Veveří,,,,,,,,lehké zranění,"s přilbou (pouze u motocyklistů, příp. cyklistů)",řidičem motorového vozidla,"v noci - s veřejným osvětlením, viditelnost nezhoršená vlivem povětrnostních podmínek",na jízdním pruhu,řidič,dobrý -žádné nepříznivé okolnosti nebyly zjiště,noc,,1,71602,1,71602,1,71602,2,27,1,1991,1,91,2018,0,0,1,0,0,2,22,1,2200,4,-1158887.472,-599023.219,60206180628,2018/04/10 00:00:00+00,1500,1000,9de3240c-364d-4988-910f-2439fec33e9a
-597390.713,-1164037.334,1117,Brno-jih,ne,nesprávný způsob jízdy,srážka s jedoucím nekolejovým vozidlem,nehoda s následky na životě nebo zdraví,vyhýbání bez dostatečného bočního odstupu (vůle),"povrch suchý, neznečistěný",neztížené,dobré,v blízkosti přechodu pro chodce (do vzdálenosti 20 m),komunikace účelová - polní a lesní cesty atd.,,,jízdní kolo,Brno-jih,muž,Ne,neděle,duben,Horní Heršpice,,,,,,,,těžké zranění,"s přilbou (pouze u motocyklistů, příp. cyklistů)",řidičem nemotorového vozidla,"ve dne, viditelnost nezhoršená vlivem povětrnostních podmínek",na stezce pro cyklisty,řidič,dobrý -žádné nepříznivé okolnosti nebyly zjiště,den,,0,71603,1,71603,1,71603,7,41,1,1977,1,77,2018,1,0,0,1,0,1,15,1,1550,4,-1164037.334,-597390.713,60206180663,2018/04/15 00:00:00+00,2000,1000,b839be82-230f-4821-bfed-cde5c35f338c
-597390.713,-1164037.334,1118,Brno-jih,ne,nesprávný způsob jízdy,srážka s jedoucím nekolejovým vozidlem,nehoda s následky na životě nebo zdraví,vyhýbání bez dostatečného bočního odstupu (vůle),"povrch suchý, neznečistěný",neztížené,dobré,v blízkosti přechodu pro chodce (do vzdálenosti 20 m),komunikace účelová - polní a lesní cesty atd.,,,jízdní kolo,Brno-jih,žena,Ne,neděle,duben,Horní Heršpice,,,,,,,,bez zraněn,"s přilbou (pouze u motocyklistů, příp. cyklistů)",řidičem nemotorového vozidla,"ve dne, viditelnost nezhoršená vlivem povětrnostních podmínek",na stezce pro cyklisty,řidič,dobrý -žádné nepříznivé okolnosti nebyly zjiště,den,,0,71604,1,71604,1,71604,7,43,1,1975,1,75,2018,0,0,0,1,0,2,15,1,1550,4,-1164037.334,-597390.713,60206180663,2018/04/15 00:00:00+00,2000,1000,3d1bdbec-93fa-47af-88da-b8819d29101d
-602194.741999999,-1163516.685,1119,Brno-Starý Lískovec,ne,nedání přenosti v jízdě,srážka s jedoucím nekolejovým vozidlem,nehoda s následky na životě nebo zdraví,při vjíždění na silnici,"povrch suchý, neznečistěný",neztížené,dobré,přechod pro chodce,komunikace místní,,,jízdní kolo,Brno-Starý Lískovec,chlapec (do 15 let),Ne,neděle,duben,Starý Lískovec,,,,,,,,lehké zranění,"bez přilby (pouze u motocyklistů, příp. cyklistů)",řidičem nemotorového vozidla,"ve dne, viditelnost nezhoršená vlivem povětrnostních podmínek",na jízdním pruhu,řidič,dobrý -žádné nepříznivé okolnosti nebyly zjiště,den,,1,71605,1,71605,1,71605,7,13,1,2005,1,5,2018,0,0,1,0,0,1,18,1,1820,4,-1163516.685,-602194.742,60206180664,2018/04/15 00:00:00+00,12000,2000,2178c551-545b-42bf-8c22-37069cab44e5
-599475.160999998,-1157802.007,1120,Brno-Královo Pole,ne,nedání přenosti v jízdě,srážka s jedoucím nekolejovým vozidlem,nehoda s následky na životě nebo zdraví,při odbočování vlevo,"povrch suchý, neznečistěný",neztížené,dobré,v blízkosti přechodu pro chodce (do vzdálenosti 20 m),komunikace sledovaná (ve vybraných městech),,,jízdní kolo,Brno-Královo Pole,muž,Ne,úterý,duben,Královo Pole,,,,,,,,lehké zranění,"bez přilby (pouze u motocyklistů, příp. cyklistů)",řidičem motorového vozidla,"v noci - s veřejným osvětlením, viditelnost nezhoršená vlivem povětrnostních podmínek",na jízdním pruhu,řidič,dobrý -žádné nepříznivé okolnosti nebyly zjiště,den,,1,71606,1,71606,1,71606,2,22,1,1996,1,96,2018,0,0,1,0,0,2,6,1,650,4,-1157802.007,-599475.161,60206180678,2018/04/17 00:00:00+00,10000,8000,8dd71259-fbc9-4c5d-87b3-f8746f529f93
-598617.671,-1157271.069,1121,Brno-Královo Pole,ne,nedání přenosti v jízdě,srážka s chodcem,nehoda s následky na životě nebo zdraví,chodci na vyznačeném přechodu,"povrch suchý, neznečistěný",neztížené,dobré,přechod pro chodce,uzel (křižovatka sledovaná ve vybraných městech),,,jízdní kolo,Brno-Královo Pole,muž,Ne,pátek,duben,Královo Pole,,,,,,,,bez zraněn,"s přilbou (pouze u motocyklistů, příp. cyklistů)",řidičem nemotorového vozidla,"ve dne, viditelnost nezhoršená vlivem povětrnostních podmínek",na jízdním pruhu,řidič,dobrý -žádné nepříznivé okolnosti nebyly zjiště,den,,0,71608,1,71608,1,71608,5,62,1,1956,1,56,2018,0,0,1,0,0,1,15,1,1525,4,-1157271.069,-598617.671,60206180712,2018/04/20 00:00:00+00,0,0,b7b80d18-9911-4af3-8f15-4d8ed7c749b2
-598671.526000001,-1157859.414,1122,Brno-Královo Pole,nezjišťováno,nedání přenosti v jízdě,srážka s jedoucím nekolejovým vozidlem,nehoda pouze s hmotnou škodou,proti příkazu dopravní značky STŮJ DEJ PŘEDNOST,"povrch suchý, neznečistěný",neztížené,dobré,v blízkosti přechodu pro chodce (do vzdálenosti 20 m),uzel (křižovatka sledovaná ve vybraných městech),,,jízdní kolo,Brno-Královo Pole,muž,Nezjišťován,úterý,duben,Královo Pole,,,,,,,,bez zraněn,"s přilbou (pouze u motocyklistů, příp. cyklistů)",řidičem motorového vozidla,"ve dne, viditelnost nezhoršená vlivem povětrnostních podmínek",na jízdním pruhu,řidič,dobrý -žádné nepříznivé okolnosti nebyly zjiště,den,,0,71610,1,71610,1,71610,2,40,1,1978,1,78,2018,0,0,0,0,0,2,18,1,1844,4,-1157859.414,-598671.526,60206180744,2018/04/24 00:00:00+00,100,100,8416d67e-9cc8-4db1-b031-138f8e9472dc
-596528.322999999,-1160561.887,1123,Brno-Židenice,ano,nepřiměřená rychlost jízdy,havárie,nehoda s následky na životě nebo zdraví,"nepřizpůsobení rychlosti dopravně technickému stavu vozovky (zatáčka, klesání, stoupání, šířka vozovky apod.)","povrch suchý, neznečistěný",neztížené,dobré,"most, nadjezd, podjezd, tunel",komunikace místní,,,jízdní kolo,Brno-Židenice,muž,"Ano, obsah alkoholu v krvi 1,5‰ a více",úterý,duben,Zábrdovice,,,,,,,,těžké zranění,"s přilbou (pouze u motocyklistů, příp. cyklistů)",řidičem nemotorového vozidla,"v noci - s veřejným osvětlením, viditelnost nezhoršená vlivem povětrnostních podmínek",na jízdním pruhu,řidič,pod vlivem alkoholu obsah alkoholu v krvi 1 ‰ a víc,noc,,0,71611,1,71611,1,71611,2,34,1,1984,1,84,2018,1,0,0,1,0,1,23,1,2300,4,-1160561.887,-596528.323,60206180746,2018/04/24 00:00:00+00,0,0,b42abc09-37d5-47e5-bee3-8de0653c447d