X,Y,objectid_1,zuj,alkohol_vinik,hlavni_pricina,srazka,nasledky,pricina,stav_vozovky,povetrnostni_podm,rozhled,misto_nehody,druh_komun,pneumatiky,druh_pohonu,druh_vozidla,mestska_cast,pohlavi,alkohol,den_v_tydnu,mesic_t,katastr,chovani_chodce,stav_chodce,drogy_chodec,alkohol_chodec,osobni_prepravnik,reflexni_prvky,kategorie_chodce,nasledek,ozn_osoba,zavineni,viditelnost,situovani,osoba,stav_ridic,doba,smrt_po,lz,target_fid_1,join_count_1,objectid,join_count,target_fid,den,vek,smrt_dny,rok_nar,p48a,p59d,rok,tz,smrt,lehce_zran_os,tezce_zran_os,usmrceno_os,id_vozidla,hodina,ovlivneni_ridice,cas,mesic,e,d,id_nehody,datum,hmotna_skoda_1,skoda_vozidlo,globalid
-595994.419,-1160299.084,1124,Brno-Židenice,ne,nesprávný způsob jízdy,havárie,nehoda s následky na životě nebo zdraví,řidič se plně nevěnoval řízení vozidla,"povrch suchý, neznečistěný",neztížené,dobré,žádné nebo žádné z uvedených,komunikace sledovaná (ve vybraných městech),,,jízdní kolo,Brno-Židenice,muž,Ne,čtvrtek,duben,Židenice,,,,,,,,těžké zranění,"bez přilby (pouze u motocyklistů, příp. cyklistů)",řidičem nemotorového vozidla,"ve dne, viditelnost nezhoršená vlivem povětrnostních podmínek",na jízdním pruhu,řidič,dobrý -žádné nepříznivé okolnosti nebyly zjiště,den,,0,71613,1,71613,1,71613,4,21,1,1997,1,97,2018,1,0,0,1,0,1,19,1,1945,4,-1160299.084,-595994.419,60206180764,2018/04/26 00:00:00+00,5000,5000,00dc76c5-3a93-41b6-8a1e-aa3b19f892d2
-600687.34,-1159160.688,1125,Brno-Žabovřesky,ne,nedání přenosti v jízdě,srážka s jedoucím nekolejovým vozidlem,nehoda s následky na životě nebo zdraví,vozidlu přijíždějícímu zprava,"povrch suchý, neznečistěný",neztížené,dobré,žádné nebo žádné z uvedených,komunikace místní,,,jízdní kolo,Brno-Žabovřesky,dívka (do 15 let),Ne,pátek,duben,Žabovřesky,,,,,,,,těžké zranění,"s přilbou (pouze u motocyklistů, příp. cyklistů)",řidičem motorového vozidla,"ve dne, viditelnost nezhoršená vlivem povětrnostních podmínek",na jízdním pruhu,řidič,dobrý -žádné nepříznivé okolnosti nebyly zjiště,den,,0,71614,1,71614,1,71614,5,10,1,2008,1,8,2018,1,0,0,1,0,2,18,1,1819,4,-1159160.688,-600687.34,60206180774,2018/04/27 00:00:00+00,45000,30000,184b0a29-5543-44e3-9a24-a0fec8b01fd3
-595289.550000001,-1158235.716,1126,Brno-Maloměřice a Obřany,ano,nepřiměřená rychlost jízdy,havárie,nehoda s následky na životě nebo zdraví,jiný druh nepřiměřené rychlosti,"povrch suchý, neznečistěný",neztížené,dobré,přechod pro chodce,komunikace sledovaná (ve vybraných městech),,,jízdní kolo,Brno-Maloměřice a Obřany,žena,"Ano, obsah alkoholu v krvi od 1,0‰ do 1,5‰",sobota,duben,Maloměřice,,,,,,,,těžké zranění,"bez přilby (pouze u motocyklistů, příp. cyklistů)",řidičem nemotorového vozidla,"ve dne, viditelnost nezhoršená vlivem povětrnostních podmínek",na kolejích tramvaje,řidič,pod vlivem alkoholu obsah alkoholu v krvi 1 ‰ a víc,den,,0,71615,1,71615,1,71615,6,51,1,1967,1,67,2018,1,0,0,1,0,1,16,1,1640,4,-1158235.716,-595289.55,60206180779,2018/04/28 00:00:00+00,1000,1000,58a45754-1238-411c-aaa6-246b4e7e63af
-589957.631999999,-1156200.384,1127,Brno-Líšeň,nezjišťováno,nepřiměřená rychlost jízdy,srážka s jedoucím nekolejovým vozidlem,nehoda s následky na životě nebo zdraví,nepřizpůsobení rychlosti vlastnostem vozidla a nákladu,"povrch suchý, neznečistěný",neztížené,dobré,žádné nebo žádné z uvedených,komunikace účelová - polní a lesní cesty atd.,,,jízdní kolo,Brno-Líšeň,muž,Nezjišťován,úterý,květen,Líšeň,,,,,,,,těžké zranění,"s přilbou (pouze u motocyklistů, příp. cyklistů)",řidičem nemotorového vozidla,"ve dne, viditelnost nezhoršená vlivem povětrnostních podmínek",na stezce pro cyklisty,řidič,dobrý -žádné nepříznivé okolnosti nebyly zjiště,den,,0,71616,1,71616,1,71616,2,68,1,1950,1,50,2018,1,0,0,1,0,2,11,1,1120,5,-1156200.384,-589957.632,60206180798,2018/05/01 00:00:00+00,3000,0,254d0f7d-f788-4fee-bb7d-d166911549f2
-603113.353999998,-1157324.461,1128,Brno-Bystrc,ne,nepřiměřená rychlost jízdy,srážka s pevnou překážkou,nehoda s následky na životě nebo zdraví,"nepřizpůsobení rychlosti dopravně technickému stavu vozovky (zatáčka, klesání, stoupání, šířka vozovky apod.)","povrch suchý, neznečistěný",neztížené,dobré,"most, nadjezd, podjezd, tunel",komunikace místní,,,jízdní kolo,Brno-Bystrc,žena,Ne,úterý,květen,Bystrc,,,,,,,,lehké zranění,"s přilbou (pouze u motocyklistů, příp. cyklistů)",řidičem nemotorového vozidla,"ve dne, viditelnost nezhoršená vlivem povětrnostních podmínek",na jízdním pruhu,řidič,dobrý -žádné nepříznivé okolnosti nebyly zjiště,den,,1,71617,1,71617,1,71617,2,51,1,1967,1,67,2018,0,0,1,0,0,1,17,1,1750,5,-1157324.461,-603113.354,60206180800,2018/05/01 00:00:00+00,3000,2000,62c13d2d-8468-4fdc-8c67-9cab9793ab4f
-599580.199000001,-1154856.487,1129,Brno-Řečkovice a Mokrá Hora,ne,nesprávný způsob jízdy,havárie,nehoda s následky na životě nebo zdraví,řidič se plně nevěnoval řízení vozidla,"povrch suchý, neznečistěný",neztížené,dobré,žádné nebo žádné z uvedených,komunikace sledovaná (ve vybraných městech),,,jízdní kolo,Brno-Řečkovice a Mokrá Hora,muž,Ne,úterý,květen,Řečkovice,,,,,,,,lehké zranění,"s přilbou (pouze u motocyklistů, příp. cyklistů)",řidičem nemotorového vozidla,"ve dne, viditelnost nezhoršená vlivem povětrnostních podmínek",na kolejích tramvaje,řidič,dobrý -žádné nepříznivé okolnosti nebyly zjiště,den,,1,71618,1,71618,1,71618,2,21,1,1997,1,97,2018,0,0,1,0,0,1,18,1,1820,5,-1154856.487,-599580.199,60206180801,2018/05/01 00:00:00+00,7000,5000,c86cd5c3-e937-4757-9255-a6c640550e9e
-599603.026999999,-1154772.709,1130,Brno-Řečkovice a Mokrá Hora,ne,nedání přenosti v jízdě,srážka s jedoucím nekolejovým vozidlem,nehoda s následky na životě nebo zdraví,proti příkazu dopravní značky STŮJ DEJ PŘEDNOST,"povrch suchý, neznečistěný",neztížené,dobré,v blízkosti přechodu pro chodce (do vzdálenosti 20 m),uzel (křižovatka sledovaná ve vybraných městech),,,jízdní kolo,Brno-Řečkovice a Mokrá Hora,muž,Ne,sobota,květen,Řečkovice,,,,,,,,lehké zranění,"s přilbou (pouze u motocyklistů, příp. cyklistů)",řidičem motorového vozidla,"ve dne, viditelnost nezhoršená vlivem povětrnostních podmínek",na jízdním pruhu,řidič,dobrý -žádné nepříznivé okolnosti nebyly zjiště,den,,1,71620,1,71620,1,71620,6,51,1,1967,1,67,2018,0,0,1,0,0,2,8,1,802,5,-1154772.709,-599603.027,60206180873,2018/05/12 00:00:00+00,50000,30000,773cc5c2-d47f-4933-954f-8cea954e7d90
-603030.818999998,-1160321.231,1131,Brno-Kohoutovice,ne,nedání přenosti v jízdě,srážka s jedoucím nekolejovým vozidlem,nehoda s následky na životě nebo zdraví,proti příkazu dopravní značky DEJ PŘEDNOST,"povrch suchý, neznečistěný",neztížené,dobré,v blízkosti přechodu pro chodce (do vzdálenosti 20 m),komunikace sledovaná (ve vybraných městech),,,jízdní kolo,Brno-Kohoutovice,muž,Ne,pátek,květen,Kohoutovice,,,,,,,,lehké zranění,"s přilbou (pouze u motocyklistů, příp. cyklistů)",řidičem motorového vozidla,"ve dne, viditelnost nezhoršená vlivem povětrnostních podmínek",na jízdním pruhu,řidič,dobrý -žádné nepříznivé okolnosti nebyly zjiště,den,,1,71621,1,71621,1,71621,5,25,1,1993,1,93,2018,0,0,1,0,0,2,8,1,820,5,-1160321.231,-603030.819,60206180920,2018/05/18 00:00:00+00,31000,30000,0b174c4f-5a91-41cc-9f9a-7f2c343b76cf
-596072.897999998,-1157134.931,1132,Brno-sever,ne,nezaviněno řidičem,srážka s chodcem,nehoda s následky na životě nebo zdraví,nezaviněná řidičem,"povrch suchý, neznečistěný",neztížené,dobré,"zastávka tramvaje, autobusu, trolejbusu bez nástup. ostrůvku",komunikace sledovaná (ve vybraných městech),,,jízdní kolo,Brno-sever,muž,Ne,pondělí,květen,Lesná,,,,,,,,lehké zranění,"s přilbou (pouze u motocyklistů, příp. cyklistů)",chodcem,"ve dne, zhoršená viditelnost (svítání, soumrak)",na jízdním pruhu,řidič,dobrý -žádné nepříznivé okolnosti nebyly zjiště,den,,1,71636,1,71636,1,71636,1,46,1,1972,1,72,2018,0,0,2,0,0,1,20,1,2040,5,-1157134.931,-596072.898,60206180941,2018/05/21 00:00:00+00,22000,20000,593080a0-bd8e-4048-97ce-38d16db77de9
-594734.317000002,-1160992.145,1133,Brno-Židenice,ne,nedání přenosti v jízdě,srážka s jedoucím nekolejovým vozidlem,nehoda s následky na životě nebo zdraví,při odbočování vlevo,"povrch suchý, neznečistěný",neztížené,dobré,v blízkosti přechodu pro chodce (do vzdálenosti 20 m),komunikace sledovaná (ve vybraných městech),,,jízdní kolo,Brno-Židenice,muž,Ne,úterý,květen,Židenice,,,,,,,,lehké zranění,"s přilbou (pouze u motocyklistů, příp. cyklistů)",řidičem motorového vozidla,"ve dne, viditelnost nezhoršená vlivem povětrnostních podmínek",na jízdním pruhu,řidič,dobrý -žádné nepříznivé okolnosti nebyly zjiště,den,,1,71637,1,71637,1,71637,2,39,1,1979,1,79,2018,0,0,1,0,0,2,11,1,1138,5,-1160992.145,-594734.317,60206180948,2018/05/22 00:00:00+00,25000,10000,8fcedacb-590b-4c51-95b0-d1c2d57896e1
-598708.651999999,-1159021.318,1134,Brno-Královo Pole,ne,nezaviněno řidičem,srážka s chodcem,nehoda s následky na životě nebo zdraví,nezaviněná řidičem,"povrch suchý, neznečistěný",neztížené,dobré,v blízkosti přechodu pro chodce (do vzdálenosti 20 m),komunikace sledovaná (ve vybraných městech),,,jízdní kolo,Brno-Královo Pole,muž,Ne,čtvrtek,květen,Ponava,,,,,,,,bez zraněn,"s přilbou (pouze u motocyklistů, příp. cyklistů)",chodcem,"ve dne, viditelnost nezhoršená vlivem povětrnostních podmínek",na stezce pro cyklisty,řidič,dobrý -žádné nepříznivé okolnosti nebyly zjiště,den,,0,71638,1,71638,1,71638,4,41,1,1977,1,77,2018,0,0,1,0,0,1,8,1,825,5,-1159021.318,-598708.652,60206180965,2018/05/24 00:00:00+00,0,0,c4f73d5c-1820-43d3-a438-e0eef2fdb716
-594482.449000001,-1157452.905,1135,Brno-Maloměřice a Obřany,ne,nesprávný způsob jízdy,srážka s pevnou překážkou,nehoda s následky na životě nebo zdraví,řidič se plně nevěnoval řízení vozidla,"povrch suchý, neznečistěný",neztížené,dobré,žádné nebo žádné z uvedených,komunikace místní,,,jízdní kolo,Brno-Maloměřice a Obřany,žena,Ne,neděle,květen,Maloměřice,,,,,,,,lehké zranění,"s přilbou (pouze u motocyklistů, příp. cyklistů)",řidičem nemotorového vozidla,"ve dne, viditelnost nezhoršená vlivem povětrnostních podmínek",na jízdním pruhu,řidič,dobrý -žádné nepříznivé okolnosti nebyly zjiště,den,,1,71639,1,71639,1,71639,7,60,1,1958,1,58,2018,0,0,1,0,0,1,11,1,1140,5,-1157452.905,-594482.449,60206180986,2018/05/27 00:00:00+00,1000,0,25c08f45-ab6d-4c28-904e-c5b5b7c934e0
-596539.050000001,-1160089.046,1136,Brno-Židenice,ne,nesprávný způsob jízdy,srážka s jedoucím nekolejovým vozidlem,nehoda s následky na životě nebo zdraví,řidič se plně nevěnoval řízení vozidla,"povrch suchý, neznečistěný",neztížené,dobré,v blízkosti přechodu pro chodce (do vzdálenosti 20 m),komunikace sledovaná (ve vybraných městech),,,jízdní kolo,Brno-Židenice,žena,Ne,pondělí,květen,Zábrdovice,,,,,,,,lehké zranění,"bez přilby (pouze u motocyklistů, příp. cyklistů)",řidičem motorového vozidla,"ve dne, viditelnost nezhoršená vlivem povětrnostních podmínek",na jízdním pruhu,řidič,dobrý -žádné nepříznivé okolnosti nebyly zjiště,den,,1,71640,1,71640,1,71640,1,29,1,1989,1,89,2018,0,0,1,0,0,2,7,1,740,5,-1160089.046,-596539.05,60206180990,2018/05/28 00:00:00+00,0,0,19f4c775-f482-4a95-ad39-62738d6750c1
-596684.943999998,-1161078.315,1137,Brno-střed,ne,nesprávný způsob jízdy,havárie,nehoda s následky na životě nebo zdraví,řidič se plně nevěnoval řízení vozidla,"povrch suchý, neznečistěný",neztížené,dobré,"most, nadjezd, podjezd, tunel",komunikace místní,,,jízdní kolo,Brno-střed,žena,Ne,pondělí,květen,Trnitá,,,,,,,,lehké zranění,"bez přilby (pouze u motocyklistů, příp. cyklistů)",řidičem nemotorového vozidla,"ve dne, viditelnost nezhoršená vlivem povětrnostních podmínek",na stezce pro cyklisty,řidič,dobrý -žádné nepříznivé okolnosti nebyly zjiště,den,,1,71641,1,71641,1,71641,1,33,1,1985,1,85,2018,0,0,1,0,0,1,10,1,1030,5,-1161078.315,-596684.944,60206180993,2018/05/28 00:00:00+00,3000,3000,37fb7332-8a04-4f55-a13f-7ffc0f49b418
-603231.454,-1156327.243,1138,Brno-Bystrc,ne,nesprávný způsob jízdy,havárie,nehoda s následky na životě nebo zdraví,řidič se plně nevěnoval řízení vozidla,"povrch suchý, neznečistěný",neztížené,dobré,parkoviště přiléhající ke komunikaci,komunikace sledovaná (ve vybraných městech),,,jízdní kolo,Brno-Bystrc,žena,Ne,sobota,červen,Bystrc,,,,,,,,těžké zranění,"s přilbou (pouze u motocyklistů, příp. cyklistů)",řidičem nemotorového vozidla,"ve dne, viditelnost nezhoršená vlivem povětrnostních podmínek",na krajnici,řidič,dobrý -žádné nepříznivé okolnosti nebyly zjiště,den,,0,71643,1,71643,1,71643,6,69,1,1949,1,49,2018,1,0,0,1,0,1,14,1,1440,6,-1156327.243,-603231.454,60206181043,2018/06/02 00:00:00+00,500,500,6c68209b-45e3-470e-b751-7668243836f9
-598475.634,-1158119.341,1139,Brno-Královo Pole,ne,nesprávný způsob jízdy,jiný druh nehody,nehoda s následky na životě nebo zdraví,jiný druh nesprávného způsobu jízdy,"povrch suchý, neznečistěný",neztížené,dobré,parkoviště přiléhající ke komunikaci,komunikace sledovaná (ve vybraných městech),,,jízdní kolo,Brno-Královo Pole,muž,Ne,pondělí,červen,Královo Pole,,,,,,,,lehké zranění,"s přilbou (pouze u motocyklistů, příp. cyklistů)",řidičem motorového vozidla,"ve dne, viditelnost nezhoršená vlivem povětrnostních podmínek",na jízdním pruhu,řidič,dobrý -žádné nepříznivé okolnosti nebyly zjiště,den,,1,71644,1,71644,1,71644,1,25,1,1993,1,93,2018,0,0,1,0,0,2,10,1,1004,6,-1158119.341,-598475.634,60206181052,2018/06/04 00:00:00+00,3000,0,b0488e68-fe1f-4526-a8af-6abbebddd48a
-596336.482000001,-1161554.565,1140,Brno-Černovice,ne,nesprávný způsob jízdy,srážka s jedoucím nekolejovým vozidlem,nehoda s následky na životě nebo zdraví,vyhýbání bez dostatečného bočního odstupu (vůle),"povrch suchý, neznečistěný",neztížené,dobré,"zastávka tramvaje, autobusu, trolejbusu bez nástup. ostrůvku",komunikace sledovaná (ve vybraných městech),,,jízdní kolo,Brno-Černovice,muž,Ne,úterý,červen,Černovice,,,,,,,,lehké zranění,"s přilbou (pouze u motocyklistů, příp. cyklistů)",řidičem motorového vozidla,"ve dne, viditelnost nezhoršená vlivem povětrnostních podmínek",na jízdním pruhu,řidič,dobrý -žádné nepříznivé okolnosti nebyly zjiště,den,,1,71645,1,71645,1,71645,2,44,1,1974,1,74,2018,0,0,1,0,0,2,15,1,1550,6,-1161554.565,-596336.482,60206181066,2018/06/05 00:00:00+00,7000,0,ea5545f1-32b3-4a02-9f5f-939a675a2943
-594668.034000002,-1156963.628,1141,Brno-Maloměřice a Obřany,ne,nepřiměřená rychlost jízdy,srážka s jedoucím nekolejovým vozidlem,nehoda s následky na životě nebo zdraví,"nepřizpůsobení rychlosti dopravně technickému stavu vozovky (zatáčka, klesání, stoupání, šířka vozovky apod.)","povrch suchý, neznečistěný",neztížené,dobré,žádné nebo žádné z uvedených,komunikace místní,,,jízdní kolo,Brno-Maloměřice a Obřany,muž,Ne,pátek,červen,Obřany,,,,,,,,lehké zranění,"bez přilby (pouze u motocyklistů, příp. cyklistů)",řidičem nemotorového vozidla,"ve dne, viditelnost nezhoršená vlivem povětrnostních podmínek",na jízdním pruhu,řidič,dobrý -žádné nepříznivé okolnosti nebyly zjiště,den,,1,71646,1,71646,1,71646,5,55,1,1963,1,63,2018,0,0,1,0,0,1,14,1,1410,6,-1156963.628,-594668.034,60206181141,2018/06/15 00:00:00+00,12000,2000,176a78b1-bac8-408b-a82e-cd57391c3f8c
-595192.443999998,-1161198.796,1142,Brno-Židenice,ano,nesprávný způsob jízdy,srážka s jedoucím nekolejovým vozidlem,nehoda pouze s hmotnou škodou,"jízda po nesprávné straně vozovky, vjetí do protisměru","povrch suchý, neznečistěný",neztížené,dobré,žádné nebo žádné z uvedených,komunikace místní,,,jízdní kolo,Brno-Židenice,chlapec (do 15 let),"Ano, obsah alkoholu v krvi 1,5‰ a více",pátek,červen,Židenice,,,,,,,,bez zraněn,"bez přilby (pouze u motocyklistů, příp. cyklistů)",řidičem nemotorového vozidla,"ve dne, viditelnost nezhoršená vlivem povětrnostních podmínek",na jízdním pruhu,ostatní spolucestující (i v postranním vozíku motocyklu),pod vlivem alkoholu obsah alkoholu v krvi 1 ‰ a víc,den,,0,71647,1,71647,1,71647,5,6,1,2012,1,12,2018,0,0,0,0,0,1,14,1,1455,6,-1161198.796,-595192.444,60206181142,2018/06/15 00:00:00+00,20000,20000,6f4edc91-9a96-4de4-b3e7-1a0a71091798
-595192.443999998,-1161198.796,1143,Brno-Židenice,ano,nesprávný způsob jízdy,srážka s jedoucím nekolejovým vozidlem,nehoda pouze s hmotnou škodou,"jízda po nesprávné straně vozovky, vjetí do protisměru","povrch suchý, neznečistěný",neztížené,dobré,žádné nebo žádné z uvedených,komunikace místní,,,jízdní kolo,Brno-Židenice,muž,"Ano, obsah alkoholu v krvi 1,5‰ a více",pátek,červen,Židenice,,,,,,,,bez zraněn,"bez přilby (pouze u motocyklistů, příp. cyklistů)",řidičem nemotorového vozidla,"ve dne, viditelnost nezhoršená vlivem povětrnostních podmínek",na jízdním pruhu,řidič,pod vlivem alkoholu obsah alkoholu v krvi 1 ‰ a víc,den,,0,71648,1,71648,1,71648,5,43,1,1975,1,75,2018,0,0,0,0,0,1,14,1,1455,6,-1161198.796,-595192.444,60206181142,2018/06/15 00:00:00+00,20000,20000,9b4d317b-62f9-45c4-ac19-774a405986d9
-604141.864,-1155590.596,1144,Brno-Kníničky,ne,nesprávný způsob jízdy,havárie,nehoda s následky na životě nebo zdraví,řidič se plně nevěnoval řízení vozidla,"povrch suchý, neznečistěný",neztížené,dobré,žádné nebo žádné z uvedených,komunikace místní,,,jízdní kolo,Brno-Kníničky,žena,Ne,sobota,červen,Kníničky,,,,,,,,lehké zranění,"s přilbou (pouze u motocyklistů, příp. cyklistů)",řidičem nemotorového vozidla,"ve dne, viditelnost nezhoršená vlivem povětrnostních podmínek",na jízdním pruhu,řidič,dobrý -žádné nepříznivé okolnosti nebyly zjiště,den,,1,71650,1,71650,1,71650,6,40,1,1978,1,78,2018,0,0,1,0,0,1,13,1,1315,6,-1155590.596,-604141.864,60206181151,2018/06/16 00:00:00+00,6000,5000,0c8dba80-299a-4877-a8fe-56e4f0f6eab9
-599508.438999999,-1155190.816,1145,Brno-Řečkovice a Mokrá Hora,ne,nedání přenosti v jízdě,srážka s jedoucím nekolejovým vozidlem,nehoda s následky na životě nebo zdraví,proti příkazu dopravní značky DEJ PŘEDNOST,"povrch suchý, neznečistěný",neztížené,dobré,žádné nebo žádné z uvedených,uzel (křižovatka sledovaná ve vybraných městech),,,jízdní kolo,Brno-Řečkovice a Mokrá Hora,muž,Ne,pondělí,červen,Řečkovice,,,,,,,,lehké zranění,"s přilbou (pouze u motocyklistů, příp. cyklistů)",řidičem motorového vozidla,"ve dne, viditelnost nezhoršená vlivem povětrnostních podmínek",na jízdním pruhu,řidič,dobrý -žádné nepříznivé okolnosti nebyly zjiště,den,,1,71652,1,71652,1,71652,1,65,1,1953,1,53,2018,0,0,1,0,0,2,16,1,1640,6,-1155190.816,-599508.439,60206181174,2018/06/18 00:00:00+00,6000,5000,a97fcf88-eecf-4125-9b03-a9d04ab9e7a3
-599875.153000001,-1158744.458,1146,Brno-Žabovřesky,nezjišťováno,nesprávný způsob jízdy,"srážka s vozidlem zaparkovaným, odstaveným",nehoda pouze s hmotnou škodou,řidič se plně nevěnoval řízení vozidla,"povrch suchý, neznečistěný",neztížené,dobré,žádné nebo žádné z uvedených,komunikace místní,,,jízdní kolo,Brno-Žabovřesky,muž,Nezjišťován,úterý,červen,Žabovřesky,,,,,,,,bez zraněn,"bez přilby (pouze u motocyklistů, příp. cyklistů)",řidičem nemotorového vozidla,"ve dne, viditelnost nezhoršená vlivem povětrnostních podmínek",na jízdním pruhu,řidič,dobrý -žádné nepříznivé okolnosti nebyly zjiště,den,,0,71653,1,71653,1,71653,2,59,1,1959,1,59,2018,0,0,0,0,0,1,20,1,2055,6,-1158744.458,-599875.153,60206181186,2018/06/19 00:00:00+00,31000,1000,b731ff77-a773-4316-be05-3ab163cdac12
-598672.441,-1157757.988,1147,Brno-Královo Pole,ano,nepřiměřená rychlost jízdy,srážka s pevnou překážkou,nehoda s následky na životě nebo zdraví,"nepřizpůsobení rychlosti dopravně technickému stavu vozovky (zatáčka, klesání, stoupání, šířka vozovky apod.)","povrch suchý, neznečistěný",neztížené,dobré,žádné nebo žádné z uvedených,komunikace sledovaná (ve vybraných městech),,,jízdní kolo,Brno-Královo Pole,žena,"Ano, obsah alkoholu v krvi 1,5‰ a více",pátek,červen,Královo Pole,,,,,,,,lehké zranění,"bez přilby (pouze u motocyklistů, příp. cyklistů)",řidičem nemotorového vozidla,"v noci - s veřejným osvětlením, viditelnost nezhoršená vlivem povětrnostních podmínek",na jízdním pruhu,řidič,pod vlivem alkoholu obsah alkoholu v krvi 1 ‰ a víc,noc,,1,71654,1,71654,1,71654,5,27,1,1991,1,91,2018,0,0,1,0,0,1,3,1,320,6,-1157757.988,-598672.441,60206181204,2018/06/22 00:00:00+00,1000,1000,e33dd0e8-3b09-40d1-95ee-7994670147ed
-596849.945,-1160185.486,1148,Brno-sever,ano,nesprávný způsob jízdy,"srážka s vozidlem zaparkovaným, odstaveným",nehoda pouze s hmotnou škodou,řidič se plně nevěnoval řízení vozidla,"povrch suchý, neznečistěný",neztížené,dobré,parkoviště přiléhající ke komunikaci,komunikace místní,,,jízdní kolo,Brno-sever,,"Ano, obsah alkoholu v krvi 1,5‰ a více",pátek,červen,Zábrdovice,,,,,,,,,,řidičem motorového vozidla,"ve dne, viditelnost nezhoršená vlivem povětrnostních podmínek",na jízdním pruhu,,,den,,0,71655,1,71655,1,71655,5,,,,1,,2018,0,0,0,0,0,2,10,,1010,6,-1160185.486,-596849.945,60206181209,2018/06/22 00:00:00+00,40000,25000,8c5e3b4f-05c5-42ef-8601-86ef138634d7
-599460.289999999,-1153270.239,1149,Brno-Ivanovice,ne,nesprávný způsob jízdy,srážka s jedoucím nekolejovým vozidlem,nehoda s následky na životě nebo zdraví,řidič se plně nevěnoval řízení vozidla,"povrch suchý, neznečistěný",neztížené,dobré,parkoviště přiléhající ke komunikaci,"komunikace účelová - ostatní (parkoviště, odpočívky apod.",,,jízdní kolo,Brno-Ivanovice,chlapec (do 15 let),Ne,neděle,červen,Ivanovice,,,,,,,,lehké zranění,"bez přilby (pouze u motocyklistů, příp. cyklistů)",řidičem nemotorového vozidla,"ve dne, viditelnost nezhoršená vlivem povětrnostních podmínek",žádné z uvedenýc,řidič,dobrý -žádné nepříznivé okolnosti nebyly zjiště,den,,1,71656,1,71656,1,71656,7,13,1,2005,1,5,2018,0,0,1,0,0,1,17,1,1720,6,-1153270.239,-599460.29,60206181220,2018/06/24 00:00:00+00,8000,5000,75bc96e3-1694-469f-beef-6d0a5ef7ef8d
-596299.754000001,-1158073.751,1150,Brno-sever,ne,nedání přenosti v jízdě,srážka s jedoucím nekolejovým vozidlem,nehoda s následky na životě nebo zdraví,proti příkazu dopravní značky DEJ PŘEDNOST,"povrch suchý, neznečistěný",neztížené,dobré,žádné nebo žádné z uvedených,komunikace sledovaná (ve vybraných městech),,,jízdní kolo,Brno-sever,muž,Ne,čtvrtek,červen,Lesná,,,,,,,,těžké zranění,"s přilbou (pouze u motocyklistů, příp. cyklistů)",řidičem motorového vozidla,"ve dne, viditelnost nezhoršená vlivem povětrnostních podmínek",na jízdním pruhu,řidič,dobrý -žádné nepříznivé okolnosti nebyly zjiště,den,,0,71657,1,71657,1,71657,4,26,1,1992,1,92,2018,1,0,0,1,0,2,18,1,1810,6,-1158073.751,-596299.754,60206181249,2018/06/28 00:00:00+00,20000,10000,444e3a94-6666-44b7-b031-4d0daba49cf8
-602211.829,-1163382.49,1151,Brno-Starý Lískovec,ne,nesprávný způsob jízdy,srážka s jedoucím nekolejovým vozidlem,nehoda s následky na životě nebo zdraví,nedodržení bezpečné vzdálenosti za vozidlem,"povrch suchý, neznečistěný",neztížené,dobré,žádné nebo žádné z uvedených,komunikace sledovaná (ve vybraných městech),,,jízdní kolo,Brno-Starý Lískovec,muž,Ne,pátek,červen,Starý Lískovec,,,,,,,,lehké zranění,"bez přilby (pouze u motocyklistů, příp. cyklistů)",řidičem nemotorového vozidla,"ve dne, viditelnost nezhoršená vlivem povětrnostních podmínek",na jízdním pruhu,řidič,dobrý -žádné nepříznivé okolnosti nebyly zjiště,den,,1,71658,1,71658,1,71658,5,67,1,1951,1,51,2018,0,0,1,0,0,1,15,1,1540,6,-1163382.49,-602211.829,60206181254,2018/06/29 00:00:00+00,45000,30000,39bd4dbe-f180-4ce9-bbda-647f93af6df2
-595894.210999999,-1160487.387,1152,Brno-Židenice,ne,nedání přenosti v jízdě,srážka s jedoucím nekolejovým vozidlem,nehoda s následky na životě nebo zdraví,vozidlu přijíždějícímu zprava,"povrch suchý, neznečistěný",neztížené,dobré,žádné nebo žádné z uvedených,komunikace místní,,,jízdní kolo,Brno-Židenice,muž,Ne,pátek,červen,Židenice,,,,,,,,lehké zranění,"bez přilby (pouze u motocyklistů, příp. cyklistů)",řidičem nemotorového vozidla,"ve dne, viditelnost nezhoršená vlivem povětrnostních podmínek",na jízdním pruhu,řidič,dobrý -žádné nepříznivé okolnosti nebyly zjiště,den,,1,71659,1,71659,1,71659,5,21,1,1997,1,97,2018,0,0,1,0,0,1,14,1,1435,6,-1160487.387,-595894.211,60206181255,2018/06/29 00:00:00+00,0,0,fb3a6411-c31a-442b-a003-93c976d5b75e
-596508.728,-1161510.836,1153,Brno-Černovice,ne,nedání přenosti v jízdě,srážka s jedoucím nekolejovým vozidlem,nehoda s následky na životě nebo zdraví,při odbočování vlevo,"povrch suchý, neznečistěný",neztížené,dobré,v blízkosti přechodu pro chodce (do vzdálenosti 20 m),uzel (křižovatka sledovaná ve vybraných městech),,,jízdní kolo,Brno-Černovice,muž,Ne,středa,červenec,Černovice,,,,,,,,lehké zranění,"s přilbou (pouze u motocyklistů, příp. cyklistů)",řidičem motorového vozidla,"ve dne, viditelnost nezhoršená vlivem povětrnostních podmínek",na jízdním pruhu,řidič,dobrý -žádné nepříznivé okolnosti nebyly zjiště,den,,1,71661,1,71661,1,71661,3,86,1,1932,1,32,2018,0,0,1,0,0,2,20,1,2015,7,-1161510.836,-596508.728,60206181290,2018/07/04 00:00:00+00,20000,15000,8af88b44-4c3e-415a-917c-c9196f9f0bd4