X,Y,objectid_1,zuj,alkohol_vinik,hlavni_pricina,srazka,nasledky,pricina,stav_vozovky,povetrnostni_podm,rozhled,misto_nehody,druh_komun,pneumatiky,druh_pohonu,druh_vozidla,mestska_cast,pohlavi,alkohol,den_v_tydnu,mesic_t,katastr,chovani_chodce,stav_chodce,drogy_chodec,alkohol_chodec,osobni_prepravnik,reflexni_prvky,kategorie_chodce,nasledek,ozn_osoba,zavineni,viditelnost,situovani,osoba,stav_ridic,doba,smrt_po,lz,target_fid_1,join_count_1,objectid,join_count,target_fid,den,vek,smrt_dny,rok_nar,p48a,p59d,rok,tz,smrt,lehce_zran_os,tezce_zran_os,usmrceno_os,id_vozidla,hodina,ovlivneni_ridice,cas,mesic,e,d,id_nehody,datum,hmotna_skoda_1,skoda_vozidlo,globalid
-604691.002,-1156335.461,1154,Brno-Bystrc,ano,nesprávný způsob jízdy,havárie,nehoda s následky na životě nebo zdraví,řidič se plně nevěnoval řízení vozidla,"povrch suchý, neznečistěný",neztížené,dobré,žádné nebo žádné z uvedených,komunikace účelová - polní a lesní cesty atd.,,,jízdní kolo,Brno-Bystrc,muž,"Ano, obsah alkoholu v krvi do 0,24 ‰",čtvrtek,červenec,Bystrc,,,,,,,,těžké zranění,"s přilbou (pouze u motocyklistů, příp. cyklistů)",řidičem nemotorového vozidla,"ve dne, viditelnost nezhoršená vlivem povětrnostních podmínek",na stezce pro cyklisty,řidič,"pod vlivem alkoholu, obsah alkoholu v krvi do 0,99 ‰",den,,0,71662,1,71662,1,71662,4,62,1,1956,1,56,2018,1,0,0,1,0,1,12,1,1200,7,-1156335.461,-604691.002,60206181294,2018/07/05 00:00:00+00,2000,1000,5c6e673e-3de6-41d8-822d-39f5c951f6ea
-596046.094999999,-1160139.272,1155,Brno-Židenice,ne,nesprávný způsob jízdy,srážka s pevnou překážkou,nehoda s následky na životě nebo zdraví,řidič se plně nevěnoval řízení vozidla,"povrch suchý, neznečistěný",neztížené,dobré,žádné nebo žádné z uvedených,komunikace místní,,,jízdní kolo,Brno-Židenice,muž,Ne,neděle,červenec,Židenice,,,,,,,,lehké zranění,"bez přilby (pouze u motocyklistů, příp. cyklistů)",řidičem nemotorového vozidla,"ve dne, viditelnost nezhoršená vlivem povětrnostních podmínek",na jízdním pruhu,řidič,dobrý -žádné nepříznivé okolnosti nebyly zjiště,den,,1,71663,1,71663,1,71663,7,28,1,1990,1,90,2018,0,0,1,0,0,1,19,1,1940,7,-1160139.272,-596046.095,60206181305,2018/07/08 00:00:00+00,1000,0,66f08cac-eea0-4d85-b9ff-1ebe6c0c7a30
-599143.778999999,-1165905.838,1156,Brno-jih,ne,nesprávný způsob jízdy,srážka s jedoucím nekolejovým vozidlem,nehoda s následky na životě nebo zdraví,řidič se plně nevěnoval řízení vozidla,"povrch suchý, neznečistěný",neztížené,dobré,žádné nebo žádné z uvedených,komunikace místní,,,jízdní kolo,Brno-jih,žena,Ne,čtvrtek,červenec,Přízřenice,,,,,,,,lehké zranění,"s přilbou (pouze u motocyklistů, příp. cyklistů)",řidičem nemotorového vozidla,"ve dne, viditelnost nezhoršená vlivem povětrnostních podmínek",na jízdním pruhu,řidič,dobrý -žádné nepříznivé okolnosti nebyly zjiště,den,,1,71664,1,71664,1,71664,4,49,1,1969,1,69,2018,0,0,1,0,0,1,18,1,1800,7,-1165905.838,-599143.779,60206181333,2018/07/12 00:00:00+00,42000,2000,945461e2-dd86-471c-b81a-88c1e4b2f9e5
-594650.081,-1160981.065,1157,Brno-Židenice,ne,nesprávný způsob jízdy,havárie,nehoda s následky na životě nebo zdraví,jiný druh nesprávného způsobu jízdy,"povrch suchý, neznečistěný",neztížené,dobré,žádné nebo žádné z uvedených,komunikace sledovaná (ve vybraných městech),,,jízdní kolo,Brno-Židenice,muž,Ne,pátek,červenec,Židenice,,,,,,,,lehké zranění,"bez přilby (pouze u motocyklistů, příp. cyklistů)",řidičem nemotorového vozidla,"ve dne, viditelnost nezhoršená vlivem povětrnostních podmínek",na jízdním pruhu,řidič,dobrý -žádné nepříznivé okolnosti nebyly zjiště,den,,1,71666,1,71666,1,71666,5,64,1,1954,1,54,2018,0,0,1,0,0,1,18,1,1830,7,-1160981.065,-594650.081,60206181344,2018/07/13 00:00:00+00,3000,1000,855bc7b4-c14f-4564-ab80-0ae33d3d1124
-599928.327,-1157910.023,1158,Brno-Žabovřesky,ano,nepřiměřená rychlost jízdy,"srážka s vozidlem zaparkovaným, odstaveným",nehoda s následky na životě nebo zdraví,"nepřizpůsobení rychlosti stavu vozovky (náledí, výtluky, bláto, mokrý povrch apod.)",povrch mokrý,"na počátku deště, slabý déšť, mrholení apod.",dobré,žádné nebo žádné z uvedených,komunikace místní,,,jízdní kolo,Brno-Žabovřesky,muž,"Ano, obsah alkoholu v krvi od 1,0‰ do 1,5‰",úterý,červenec,Žabovřesky,,,,,,,,lehké zranění,"s přilbou (pouze u motocyklistů, příp. cyklistů)",řidičem nemotorového vozidla,"v noci - s veřejným osvětlením, zhoršená viditelnost vlivem povětrnostních podmínek (mlha, déšť, sněžení apod.)",na jízdním pruhu,řidič,pod vlivem alkoholu obsah alkoholu v krvi 1 ‰ a víc,noc,,1,71667,1,71667,1,71667,2,30,1,1988,1,88,2018,0,0,1,0,0,1,23,1,2314,7,-1157910.023,-599928.327,60206181373,2018/07/17 00:00:00+00,31000,1000,5469536b-7bd8-4c02-bc62-debbfff506b1
-601264.524,-1161142.279,1159,Brno-střed,ne,nesprávný způsob jízdy,srážka s jedoucím nekolejovým vozidlem,nehoda pouze s hmotnou škodou,vyhýbání bez dostatečného bočního odstupu (vůle),"povrch suchý, neznečistěný",neztížené,dobré,žádné nebo žádné z uvedených,komunikace účelová - polní a lesní cesty atd.,,,jízdní kolo,Brno-střed,žena,Ne,pondělí,červenec,Pisárky,,,,,,,,bez zraněn,"s přilbou (pouze u motocyklistů, příp. cyklistů)",řidičem nemotorového vozidla,"ve dne, viditelnost nezhoršená vlivem povětrnostních podmínek",na stezce pro cyklisty,řidič,dobrý -žádné nepříznivé okolnosti nebyly zjiště,den,,0,71669,1,71669,1,71669,1,64,1,1954,1,54,2018,0,0,0,0,0,1,14,1,1435,7,-1161142.279,-601264.524,60206181403,2018/07/23 00:00:00+00,2000,0,8fb91a9a-588e-469e-ab4e-784810e8cb2e
-601264.524,-1161142.279,1160,Brno-střed,ne,nesprávný způsob jízdy,srážka s jedoucím nekolejovým vozidlem,nehoda pouze s hmotnou škodou,vyhýbání bez dostatečného bočního odstupu (vůle),"povrch suchý, neznečistěný",neztížené,dobré,žádné nebo žádné z uvedených,komunikace účelová - polní a lesní cesty atd.,,,jízdní kolo,Brno-střed,muž,Ne,pondělí,červenec,Pisárky,,,,,,,,bez zraněn,"s přilbou (pouze u motocyklistů, příp. cyklistů)",řidičem nemotorového vozidla,"ve dne, viditelnost nezhoršená vlivem povětrnostních podmínek",na stezce pro cyklisty,řidič,dobrý -žádné nepříznivé okolnosti nebyly zjiště,den,,0,71670,1,71670,1,71670,1,61,1,1957,1,57,2018,0,0,0,0,0,2,14,1,1435,7,-1161142.279,-601264.524,60206181403,2018/07/23 00:00:00+00,2000,0,8eb9a750-68a3-44fd-9eab-8552db9f442a
-596733.149999999,-1160475.93,1161,Brno-sever,ne,nedání přenosti v jízdě,srážka s jedoucím nekolejovým vozidlem,nehoda s následky na životě nebo zdraví,při odbočování vlevo,"povrch suchý, neznečistěný",neztížené,dobré,žádné nebo žádné z uvedených,komunikace místní,,,jízdní kolo,Brno-sever,žena,Ne,středa,červenec,Zábrdovice,,,,,,,,lehké zranění,"bez přilby (pouze u motocyklistů, příp. cyklistů)",řidičem motorového vozidla,"ve dne, viditelnost nezhoršená vlivem povětrnostních podmínek",na jízdním pruhu,řidič,dobrý -žádné nepříznivé okolnosti nebyly zjiště,den,,1,71672,1,71672,1,71672,3,26,1,1992,1,92,2018,0,0,1,0,0,2,13,1,1318,7,-1160475.93,-596733.15,60206181417,2018/07/25 00:00:00+00,15000,5000,fce9629c-b911-4266-ba39-378aab734201
-596909.068999998,-1159840.109,1162,Brno-sever,ne,nedání přenosti v jízdě,srážka s jedoucím nekolejovým vozidlem,nehoda s následky na životě nebo zdraví,při odbočování vlevo,"povrch suchý, neznečistěný",neztížené,dobré,žádné nebo žádné z uvedených,uzel (křižovatka sledovaná ve vybraných městech),,,jízdní kolo,Brno-sever,muž,Ne,středa,červenec,Zábrdovice,,,,,,,,těžké zranění,"s přilbou (pouze u motocyklistů, příp. cyklistů)",řidičem motorového vozidla,"ve dne, viditelnost nezhoršená vlivem povětrnostních podmínek",na jízdním pruhu,řidič,dobrý -žádné nepříznivé okolnosti nebyly zjiště,den,,0,71673,1,71673,1,71673,3,40,1,1978,1,78,2018,1,0,0,1,0,2,18,1,1815,7,-1159840.109,-596909.069,60206181420,2018/07/25 00:00:00+00,5000,0,5ed6b54c-71f7-417a-9bd2-8c4140091142
-597378.875999998,-1163090.034,1163,Brno-jih,ano,nedání přenosti v jízdě,srážka s jedoucím nekolejovým vozidlem,nehoda s následky na životě nebo zdraví,"jízda na ""červenou"" 3-barevného semaforu","povrch suchý, neznečistěný",neztížené,dobré,přechod pro chodce,uzel (křižovatka sledovaná ve vybraných městech),,,jízdní kolo,Brno-jih,muž,"Ano, obsah alkoholu v krvi od 1,0‰ do 1,5‰",čtvrtek,srpen,Komárov,,,,,,,,lehké zranění,"s přilbou (pouze u motocyklistů, příp. cyklistů)",řidičem nemotorového vozidla,"v noci - s veřejným osvětlením, viditelnost nezhoršená vlivem povětrnostních podmínek",na jízdním pruhu,řidič,pod vlivem alkoholu obsah alkoholu v krvi 1 ‰ a víc,noc,,1,71677,1,71677,1,71677,4,65,1,1953,1,53,2018,0,0,1,0,0,1,21,1,2123,8,-1163090.034,-597378.876,60206181469,2018/08/02 00:00:00+00,35000,5000,77349cfb-b7bd-4625-88a8-c1386644bf8a
-596737.544,-1160094.706,1164,Brno-sever,ne,nedání přenosti v jízdě,srážka s jedoucím nekolejovým vozidlem,nehoda s následky na životě nebo zdraví,"jízda na ""červenou"" 3-barevného semaforu","povrch suchý, neznečistěný",neztížené,dobré,v blízkosti přechodu pro chodce (do vzdálenosti 20 m),uzel (křižovatka sledovaná ve vybraných městech),,,jízdní kolo,Brno-sever,muž,Ne,pátek,srpen,Zábrdovice,,,,,,,,lehké zranění,"bez přilby (pouze u motocyklistů, příp. cyklistů)",řidičem nemotorového vozidla,"ve dne, zhoršená viditelnost (svítání, soumrak)",na jízdním pruhu,řidič,dobrý -žádné nepříznivé okolnosti nebyly zjiště,den,,1,71678,1,71678,1,71678,5,40,1,1978,1,78,2018,0,0,1,0,0,1,20,1,2025,8,-1160094.706,-596737.544,60206181473,2018/08/03 00:00:00+00,5000,5000,495c4069-7adf-40e8-ae8d-fb65b7395cae
-598537.931000002,-1158435.644,1165,Brno-Královo Pole,ano,nepřiměřená rychlost jízdy,srážka s jedoucím nekolejovým vozidlem,nehoda s následky na životě nebo zdraví,"nepřizpůsobení rychlosti dopravně technickému stavu vozovky (zatáčka, klesání, stoupání, šířka vozovky apod.)","povrch suchý, neznečistěný",neztížené,dobré,přechod pro chodce,uzel (křižovatka sledovaná ve vybraných městech),,,jízdní kolo,Brno-Královo Pole,muž,"Ano, obsah alkoholu v krvi od 0,24‰ do 0,5‰",neděle,srpen,Ponava,,,,,,,,lehké zranění,"bez přilby (pouze u motocyklistů, příp. cyklistů)",řidičem nemotorového vozidla,"ve dne, viditelnost nezhoršená vlivem povětrnostních podmínek",na jízdním pruhu,řidič,"pod vlivem alkoholu, obsah alkoholu v krvi do 0,99 ‰",den,,1,71679,1,71679,1,71679,7,25,1,1993,1,93,2018,0,0,1,0,0,1,19,1,1920,8,-1158435.644,-598537.931,60206181483,2018/08/05 00:00:00+00,2000,0,080087c5-3316-4ff7-a20c-e0031ed019b2
-601778.677000001,-1157519.899,1166,Brno-Komín,ne,nesprávný způsob jízdy,havárie,nehoda s následky na životě nebo zdraví,řidič se plně nevěnoval řízení vozidla,"povrch suchý, neznečistěný",neztížené,dobré,v blízkosti přechodu pro chodce (do vzdálenosti 20 m),komunikace sledovaná (ve vybraných městech),,,jízdní kolo,Brno-Komín,muž,Ne,pondělí,srpen,Komín,,,,,,,,lehké zranění,"s přilbou (pouze u motocyklistů, příp. cyklistů)",řidičem nemotorového vozidla,"ve dne, viditelnost nezhoršená vlivem povětrnostních podmínek",na jízdním pruhu,řidič,dobrý -žádné nepříznivé okolnosti nebyly zjiště,den,,1,71680,1,71680,1,71680,1,68,1,1950,1,50,2018,0,0,1,0,0,1,10,1,1025,8,-1157519.899,-601778.677,60206181491,2018/08/06 00:00:00+00,4000,3000,ecac6b0a-ef91-45b0-b2a3-7e19db423457
-605479.588,-1154666.788,1167,Brno-Bystrc,ne,nedání přenosti v jízdě,srážka s jedoucím nekolejovým vozidlem,nehoda s následky na životě nebo zdraví,jiné nedání přednosti,"povrch suchý, neznečistěný",neztížené,dobré,žádné nebo žádné z uvedených,komunikace sledovaná (ve vybraných městech),,,jízdní kolo,Brno-Bystrc,žena,Ne,úterý,srpen,Bystrc,,,,,,,,lehké zranění,"bez přilby (pouze u motocyklistů, příp. cyklistů)",řidičem motorového vozidla,"ve dne, viditelnost nezhoršená vlivem povětrnostních podmínek",na jízdním pruhu,řidič,dobrý -žádné nepříznivé okolnosti nebyly zjiště,den,,1,71682,1,71682,1,71682,2,72,1,1946,1,46,2018,0,0,1,0,0,2,17,1,1750,8,-1154666.788,-605479.588,60206181506,2018/08/07 00:00:00+00,10000,5000,b14147cb-4062-4a04-ba98-d503023501d3
-603029.087000001,-1157248.522,1168,Brno-Komín,ne,nedání přenosti v jízdě,srážka s jedoucím nekolejovým vozidlem,nehoda s následky na životě nebo zdraví,jiné nedání přednosti,"povrch suchý, neznečistěný",neztížené,dobré,přechod pro chodce,komunikace sledovaná (ve vybraných městech),,,jízdní kolo,Brno-Komín,žena,Ne,sobota,srpen,Komín,,,,,,,,lehké zranění,"bez přilby (pouze u motocyklistů, příp. cyklistů)",řidičem motorového vozidla,"ve dne, viditelnost nezhoršená vlivem povětrnostních podmínek",na jízdním pruhu,řidič,dobrý -žádné nepříznivé okolnosti nebyly zjiště,den,,1,71683,1,71683,1,71683,6,38,1,1980,1,80,2018,0,0,1,0,0,2,12,1,1200,8,-1157248.522,-603029.087,60206181538,2018/08/11 00:00:00+00,30000,20000,dd79fc91-ad34-465c-a839-3ee2dc8dbb43
-599016.783,-1158932.241,1169,Brno-střed,ne,nedání přenosti v jízdě,srážka s jedoucím nekolejovým vozidlem,nehoda s následky na životě nebo zdraví,při odbočování vlevo,"povrch suchý, neznečistěný",neztížené,dobré,žádné nebo žádné z uvedených,komunikace sledovaná (ve vybraných městech),,,jízdní kolo,Brno-střed,žena,Ne,úterý,srpen,Veveří,,,,,,,,lehké zranění,"s přilbou (pouze u motocyklistů, příp. cyklistů)",řidičem motorového vozidla,"ve dne, viditelnost nezhoršená vlivem povětrnostních podmínek",na jízdním pruhu,řidič,dobrý -žádné nepříznivé okolnosti nebyly zjiště,den,,1,71684,1,71684,1,71684,2,41,1,1977,1,77,2018,0,0,1,0,0,2,7,1,745,8,-1158932.241,-599016.783,60206181550,2018/08/14 00:00:00+00,35000,5000,6b19f30c-0d08-47e3-a72a-d36b2072ca2a
-589889.103,-1159315.713,1170,Brno-Líšeň,ne,nesprávný způsob jízdy,srážka s jedoucím nekolejovým vozidlem,nehoda s následky na životě nebo zdraví,"jízda po nesprávné straně vozovky, vjetí do protisměru","povrch suchý, neznečistěný",neztížené,dobré,žádné nebo žádné z uvedených,komunikace místní,,,jízdní kolo,Brno-Líšeň,muž,Ne,středa,srpen,Líšeň,,,,,,,,bez zraněn,"bez přilby (pouze u motocyklistů, příp. cyklistů)",řidičem nemotorového vozidla,"ve dne, viditelnost nezhoršená vlivem povětrnostních podmínek",na jízdním pruhu,řidič,dobrý -žádné nepříznivé okolnosti nebyly zjiště,den,,0,71686,1,71686,1,71686,3,35,1,1983,1,83,2018,0,0,0,1,0,1,18,1,1855,8,-1159315.713,-589889.103,60206181560,2018/08/15 00:00:00+00,5000,5000,182c5b01-920a-4254-941a-10cd5f6b349c
-589889.103,-1159315.713,1171,Brno-Líšeň,ne,nesprávný způsob jízdy,srážka s jedoucím nekolejovým vozidlem,nehoda s následky na životě nebo zdraví,"jízda po nesprávné straně vozovky, vjetí do protisměru","povrch suchý, neznečistěný",neztížené,dobré,žádné nebo žádné z uvedených,komunikace místní,,,jízdní kolo,Brno-Líšeň,muž,Ne,středa,srpen,Líšeň,,,,,,,,těžké zranění,"s přilbou (pouze u motocyklistů, příp. cyklistů)",řidičem nemotorového vozidla,"ve dne, viditelnost nezhoršená vlivem povětrnostních podmínek",na jízdním pruhu,řidič,dobrý -žádné nepříznivé okolnosti nebyly zjiště,den,,0,71687,1,71687,1,71687,3,45,1,1973,1,73,2018,1,0,0,1,0,2,18,1,1855,8,-1159315.713,-589889.103,60206181560,2018/08/15 00:00:00+00,5000,5000,863e350a-36c5-4372-a0b9-08f43ed5ee12
-599578.550000001,-1154876.487,1172,Brno-Řečkovice a Mokrá Hora,ne,nesprávný způsob jízdy,havárie,nehoda s následky na životě nebo zdraví,řidič se plně nevěnoval řízení vozidla,"povrch suchý, neznečistěný",neztížené,dobré,žádné nebo žádné z uvedených,komunikace sledovaná (ve vybraných městech),,,jízdní kolo,Brno-Řečkovice a Mokrá Hora,žena,Ne,neděle,srpen,Řečkovice,,,,,,,,lehké zranění,"bez přilby (pouze u motocyklistů, příp. cyklistů)",řidičem nemotorového vozidla,"ve dne, zhoršená viditelnost (svítání, soumrak)",na jízdním pruhu,řidič,dobrý -žádné nepříznivé okolnosti nebyly zjiště,den,,1,71688,1,71688,1,71688,7,32,1,1986,1,86,2018,0,0,1,0,0,1,20,1,2010,8,-1154876.487,-599578.55,60206181581,2018/08/19 00:00:00+00,1000,1000,d2d6cceb-d651-47d3-b8ba-54784194b4c5
-596301.651999999,-1159557.277,1173,Brno-sever,ne,nedání přenosti v jízdě,srážka s jedoucím nekolejovým vozidlem,nehoda s následky na životě nebo zdraví,při vjíždění na silnici,"povrch suchý, neznečistěný",neztížené,dobré,žádné nebo žádné z uvedených,komunikace místní,,,jízdní kolo,Brno-sever,muž,Ne,čtvrtek,srpen,Husovice,,,,,,,,lehké zranění,"s přilbou (pouze u motocyklistů, příp. cyklistů)",řidičem nemotorového vozidla,"ve dne, viditelnost nezhoršená vlivem povětrnostních podmínek",na jízdním pruhu,řidič,dobrý -žádné nepříznivé okolnosti nebyly zjiště,den,,1,71689,1,71689,1,71689,4,64,1,1954,1,54,2018,0,0,1,0,0,2,18,1,1830,8,-1159557.277,-596301.652,60206181607,2018/08/23 00:00:00+00,2000,0,c5ca9cc0-2032-4e43-bd9c-1a74ac51b608
-596301.651999999,-1159557.277,1174,Brno-sever,ne,nedání přenosti v jízdě,srážka s jedoucím nekolejovým vozidlem,nehoda s následky na životě nebo zdraví,při vjíždění na silnici,"povrch suchý, neznečistěný",neztížené,dobré,žádné nebo žádné z uvedených,komunikace místní,,,jízdní kolo,Brno-sever,muž,Ne,čtvrtek,srpen,Husovice,,,,,,,,bez zraněn,"s přilbou (pouze u motocyklistů, příp. cyklistů)",řidičem nemotorového vozidla,"ve dne, viditelnost nezhoršená vlivem povětrnostních podmínek",na jízdním pruhu,řidič,dobrý -žádné nepříznivé okolnosti nebyly zjiště,den,,0,71690,1,71690,1,71690,4,41,1,1977,1,77,2018,0,0,1,0,0,1,18,1,1830,8,-1159557.277,-596301.652,60206181607,2018/08/23 00:00:00+00,2000,0,fc95c93b-16f7-4c67-88e7-a5e9a384e9bc
-595327.105999999,-1158771.802,1175,Brno-Maloměřice a Obřany,ne,nepřiměřená rychlost jízdy,havárie,nehoda s následky na životě nebo zdraví,"nepřizpůsobení rychlosti stavu vozovky (náledí, výtluky, bláto, mokrý povrch apod.)","povrch suchý, neznečistěný",neztížené,dobré,žádné nebo žádné z uvedených,uzel (křižovatka sledovaná ve vybraných městech),,,jízdní kolo,Brno-Maloměřice a Obřany,muž,Ne,čtvrtek,srpen,Maloměřice,,,,,,,,lehké zranění,"s přilbou (pouze u motocyklistů, příp. cyklistů)",řidičem nemotorového vozidla,"ve dne, viditelnost nezhoršená vlivem povětrnostních podmínek",na kolejích tramvaje,řidič,dobrý -žádné nepříznivé okolnosti nebyly zjiště,den,,1,71691,1,71691,1,71691,4,72,1,1946,1,46,2018,0,0,1,0,0,1,18,1,1850,8,-1158771.802,-595327.106,60206181608,2018/08/23 00:00:00+00,1000,1000,2e4de9e1-94b2-4ce2-b54a-045f023f58d7
-594729.384,-1160981.714,1176,Brno-Židenice,ne,nedání přenosti v jízdě,srážka s jedoucím nekolejovým vozidlem,nehoda s následky na životě nebo zdraví,při odbočování vlevo,"povrch suchý, neznečistěný",neztížené,dobré,v blízkosti přechodu pro chodce (do vzdálenosti 20 m),komunikace sledovaná (ve vybraných městech),,,jízdní kolo,Brno-Židenice,muž,Ne,čtvrtek,září,Židenice,,,,,,,,lehké zranění,"s přilbou (pouze u motocyklistů, příp. cyklistů)",řidičem motorového vozidla,"ve dne, zhoršená viditelnost (svítání, soumrak)",na jízdním pruhu,řidič,dobrý -žádné nepříznivé okolnosti nebyly zjiště,den,,1,71693,1,71693,1,71693,4,54,1,1964,1,64,2018,0,0,1,0,0,2,6,1,610,9,-1160981.714,-594729.384,60206181680,2018/09/06 00:00:00+00,14000,10000,4c98e9d3-93da-46de-99c1-ea35ac463e9e
-600024.223000001,-1158643.272,1177,Brno-Žabovřesky,ano,nepřiměřená rychlost jízdy,havárie,nehoda s následky na životě nebo zdraví,nepřizpůsobení rychlosti vlastnostem vozidla a nákladu,"povrch suchý, neznečistěný",neztížené,dobré,žádné nebo žádné z uvedených,komunikace sledovaná (ve vybraných městech),,,jízdní kolo,Brno-Žabovřesky,žena,"Ano, obsah alkoholu v krvi do 0,24 ‰",pátek,září,Žabovřesky,,,,,,,,lehké zranění,"bez přilby (pouze u motocyklistů, příp. cyklistů)",řidičem nemotorového vozidla,"ve dne, viditelnost nezhoršená vlivem povětrnostních podmínek",na jízdním pruhu,řidič,"pod vlivem alkoholu, obsah alkoholu v krvi do 0,99 ‰",den,,1,71694,1,71694,1,71694,5,33,1,1985,1,85,2018,0,0,1,0,0,1,15,1,1515,9,-1158643.272,-600024.223,60206181684,2018/09/07 00:00:00+00,0,0,1ab00e97-3a4d-4a2d-91f9-5bd97772d065
-596959.355,-1159335.78,1178,Brno-sever,ne,nesprávný způsob jízdy,havárie,nehoda s následky na životě nebo zdraví,nezvládnutí řízení vozidla,"povrch suchý, neznečistěný",neztížené,dobré,žádné nebo žádné z uvedených,komunikace místní,,,jízdní kolo,Brno-sever,muž,Ne,neděle,září,Černá Pole,,,,,,,,lehké zranění,"bez přilby (pouze u motocyklistů, příp. cyklistů)",řidičem nemotorového vozidla,"ve dne, viditelnost nezhoršená vlivem povětrnostních podmínek",na jízdním pruhu,řidič,dobrý -žádné nepříznivé okolnosti nebyly zjiště,den,,1,71695,1,71695,1,71695,7,69,1,1949,1,49,2018,0,0,1,0,0,1,8,1,800,9,-1159335.78,-596959.355,60206181693,2018/09/09 00:00:00+00,0,0,19d02ff0-9e29-4044-9381-c8fc614e3282
-599001.239,-1158955.849,1179,Brno-střed,ne,nesprávný způsob jízdy,"srážka s vozidlem zaparkovaným, odstaveným",nehoda s následky na životě nebo zdraví,řidič se plně nevěnoval řízení vozidla,"povrch suchý, neznečistěný",neztížené,dobré,žádné nebo žádné z uvedených,komunikace sledovaná (ve vybraných městech),,,jízdní kolo,Brno-střed,žena,Ne,neděle,září,Ponava,,,,,,,,lehké zranění,"s přilbou (pouze u motocyklistů, příp. cyklistů)",řidičem motorového vozidla,"ve dne, viditelnost nezhoršená vlivem povětrnostních podmínek",na jízdním pruhu,řidič,dobrý -žádné nepříznivé okolnosti nebyly zjiště,den,,1,71696,1,71696,1,71696,7,50,1,1968,1,68,2018,0,0,1,0,0,2,17,1,1720,9,-1158955.849,-599001.239,60206181695,2018/09/09 00:00:00+00,11000,10000,63d43d96-ff4f-4fd9-ab1e-b327bfd15ffa
-598512.248,-1158446.813,1180,Brno-Královo Pole,ne,nedání přenosti v jízdě,srážka s jedoucím nekolejovým vozidlem,nehoda s následky na životě nebo zdraví,při odbočování vlevo,"povrch suchý, neznečistěný",neztížené,dobré,žádné nebo žádné z uvedených,uzel (křižovatka sledovaná ve vybraných městech),,,jízdní kolo,Brno-Královo Pole,muž,Ne,středa,září,Ponava,,,,,,,,lehké zranění,"s přilbou (pouze u motocyklistů, příp. cyklistů)",řidičem motorového vozidla,"v noci - s veřejným osvětlením, viditelnost nezhoršená vlivem povětrnostních podmínek",na jízdním pruhu,řidič,"pod vlivem alkoholu, obsah alkoholu v krvi do 0,99 ‰",den,,1,71697,1,71697,1,71697,3,27,1,1991,1,91,2018,0,0,1,0,0,2,20,0,2028,9,-1158446.813,-598512.248,60206181719,2018/09/12 00:00:00+00,2000,0,aaa46cb6-91d9-478d-982d-878ae4e68bd7
-596954.725000001,-1159800.14,1181,Brno-sever,nezjišťováno,nedání přenosti v jízdě,srážka s jedoucím nekolejovým vozidlem,nehoda s následky na životě nebo zdraví,při odbočování vlevo,"povrch suchý, neznečistěný",neztížené,dobré,žádné nebo žádné z uvedených,uzel (křižovatka sledovaná ve vybraných městech),,,jízdní kolo,Brno-sever,muž,Nezjišťován,středa,září,Černá Pole,,,,,,,,lehké zranění,"s přilbou (pouze u motocyklistů, příp. cyklistů)",řidičem motorového vozidla,"v noci - s veřejným osvětlením, viditelnost nezhoršená vlivem povětrnostních podmínek",na jízdním pruhu,řidič,"pod vlivem alkoholu, obsah alkoholu v krvi do 0,99 ‰",noc,,1,71698,1,71698,1,71698,3,42,1,1976,1,76,2018,0,0,1,0,0,2,22,1,2200,9,-1159800.14,-596954.725,60206181721,2018/09/12 00:00:00+00,39000,30000,e4683bc8-17ef-4feb-b74b-0b48ba0e31ce
-599890.886999998,-1155649.115,1182,Brno-Medlánky,ne,nedání přenosti v jízdě,srážka s jedoucím nekolejovým vozidlem,nehoda s následky na životě nebo zdraví,při odbočování vlevo souběžně jedoucímu vozidlu,"povrch suchý, neznečistěný",neztížené,dobré,parkoviště přiléhající ke komunikaci,komunikace sledovaná (ve vybraných městech),,,jízdní kolo,Brno-Medlánky,chlapec (do 15 let),Ne,sobota,září,Medlánky,,,,,,,,lehké zranění,"s přilbou (pouze u motocyklistů, příp. cyklistů)",řidičem nemotorového vozidla,"ve dne, viditelnost nezhoršená vlivem povětrnostních podmínek",na jízdním pruhu,řidič,dobrý -žádné nepříznivé okolnosti nebyly zjiště,den,,1,71699,1,71699,1,71699,6,12,1,2006,1,6,2018,0,0,1,0,0,1,10,1,1055,9,-1155649.115,-599890.887,60206181742,2018/09/15 00:00:00+00,21000,10000,da2293a1-12cc-4b6c-9d72-d36c4d467efe