X,Y,objectid_1,zuj,alkohol_vinik,hlavni_pricina,srazka,nasledky,pricina,stav_vozovky,povetrnostni_podm,rozhled,misto_nehody,druh_komun,pneumatiky,druh_pohonu,druh_vozidla,mestska_cast,pohlavi,alkohol,den_v_tydnu,mesic_t,katastr,chovani_chodce,stav_chodce,drogy_chodec,alkohol_chodec,osobni_prepravnik,reflexni_prvky,kategorie_chodce,nasledek,ozn_osoba,zavineni,viditelnost,situovani,osoba,stav_ridic,doba,smrt_po,lz,target_fid_1,join_count_1,objectid,join_count,target_fid,den,vek,smrt_dny,rok_nar,p48a,p59d,rok,tz,smrt,lehce_zran_os,tezce_zran_os,usmrceno_os,id_vozidla,hodina,ovlivneni_ridice,cas,mesic,e,d,id_nehody,datum,hmotna_skoda_1,skoda_vozidlo,globalid
-596679.574999999,-1161012.901,1183,Brno-střed,ne,nesprávný způsob jízdy,jiný druh nehody,nehoda s následky na životě nebo zdraví,nezvládnutí řízení vozidla,"povrch suchý, neznečistěný",neztížené,dobré,žádné nebo žádné z uvedených,komunikace účelová - polní a lesní cesty atd.,,,jízdní kolo,Brno-střed,muž,Ne,neděle,září,Trnitá,,,,,,,,lehké zranění,"s přilbou (pouze u motocyklistů, příp. cyklistů)",řidičem nemotorového vozidla,"ve dne, viditelnost nezhoršená vlivem povětrnostních podmínek",na jízdním pruhu,řidič,dobrý -žádné nepříznivé okolnosti nebyly zjiště,den,,1,71700,1,71700,1,71700,7,66,1,1952,1,52,2018,0,0,1,0,0,1,13,1,1305,9,-1161012.901,-596679.575,60206181748,2018/09/16 00:00:00+00,2000,1000,ea125a43-05e5-44d4-ac58-999291c0f6d5
-601840.686000001,-1158008.825,1184,Brno-Komín,nezjišťováno,nepřiměřená rychlost jízdy,srážka s jedoucím nekolejovým vozidlem,nehoda s následky na životě nebo zdraví,nepřizpůsobení rychlosti intenzitě (hustotě) provozu,"povrch suchý, neznečistěný",neztížené,dobré,žádné nebo žádné z uvedených,komunikace místní,,,jízdní kolo,Brno-Komín,,Nezjišťován,úterý,září,Komín,,,,,,,,,,řidičem nemotorového vozidla,"ve dne, viditelnost nezhoršená vlivem povětrnostních podmínek",na stezce pro cyklisty,,,den,,0,71701,1,71701,1,71701,2,,,,1,,2018,0,0,1,0,0,1,17,,1709,9,-1158008.825,-601840.686,60206181762,2018/09/18 00:00:00+00,500,500,29ffdc6b-deaf-49e9-b540-8808adc0da3c
-601840.686000001,-1158008.825,1185,Brno-Komín,nezjišťováno,nepřiměřená rychlost jízdy,srážka s jedoucím nekolejovým vozidlem,nehoda s následky na životě nebo zdraví,nepřizpůsobení rychlosti intenzitě (hustotě) provozu,"povrch suchý, neznečistěný",neztížené,dobré,žádné nebo žádné z uvedených,komunikace místní,,,jízdní kolo,Brno-Komín,chlapec (do 15 let),Nezjišťován,úterý,září,Komín,,,,,,,,lehké zranění,"s přilbou (pouze u motocyklistů, příp. cyklistů)",řidičem nemotorového vozidla,"ve dne, viditelnost nezhoršená vlivem povětrnostních podmínek",na stezce pro cyklisty,řidič,dobrý -žádné nepříznivé okolnosti nebyly zjiště,den,,1,71702,1,71702,1,71702,2,13,1,2005,1,5,2018,0,0,1,0,0,2,17,1,1709,9,-1158008.825,-601840.686,60206181762,2018/09/18 00:00:00+00,500,500,0d006f45-736c-45ec-88f2-ac25fb8d0757
-605622.491999999,-1161010.82,1186,Brno-Bosonohy,ne,nepřiměřená rychlost jízdy,srážka s jedoucím nekolejovým vozidlem,nehoda s následky na životě nebo zdraví,nepřizpůsobení rychlosti intenzitě (hustotě) provozu,"povrch suchý, neznečistěný",neztížené,dobré,žádné nebo žádné z uvedených,komunikace sledovaná (ve vybraných městech),,,jízdní kolo,Brno-Bosonohy,muž,Ne,pátek,září,Bosonohy,,,,,,,,lehké zranění,"bez přilby (pouze u motocyklistů, příp. cyklistů)",řidičem motorového vozidla,"ve dne, viditelnost nezhoršená vlivem povětrnostních podmínek",na krajnici,řidič,dobrý -žádné nepříznivé okolnosti nebyly zjiště,den,,1,71703,1,71703,1,71703,5,70,1,1948,1,48,2018,0,0,1,0,0,2,17,1,1730,9,-1161010.82,-605622.492,60206181787,2018/09/21 00:00:00+00,2000,1000,b838eae4-f7fb-48f9-98c6-a14ccb28c833
-597085.079,-1157795.752,1187,Brno-Královo Pole,ne,nedání přenosti v jízdě,srážka s jedoucím nekolejovým vozidlem,nehoda s následky na životě nebo zdraví,při odbočování vlevo,"povrch suchý, neznečistěný",neztížené,dobré,žádné nebo žádné z uvedených,komunikace sledovaná (ve vybraných městech),,,jízdní kolo,Brno-Královo Pole,muž,Ne,středa,září,Královo Pole,,,,,,,,lehké zranění,"s přilbou (pouze u motocyklistů, příp. cyklistů)",řidičem motorového vozidla,"ve dne, viditelnost nezhoršená vlivem povětrnostních podmínek",na jízdním pruhu,řidič,dobrý -žádné nepříznivé okolnosti nebyly zjiště,den,,1,71704,1,71704,1,71704,3,24,1,1994,1,94,2018,0,0,1,0,0,2,18,1,1805,9,-1157795.752,-597085.079,60206181833,2018/09/26 00:00:00+00,50000,20000,5751718d-15ff-4550-8f33-1aabfd637ae5
-599285.638,-1155786.441,1188,Brno-Řečkovice a Mokrá Hora,nezjišťováno,nesprávný způsob jízdy,srážka s jedoucím nekolejovým vozidlem,nehoda s následky na životě nebo zdraví,vyhýbání bez dostatečného bočního odstupu (vůle),"povrch suchý, neznečistěný",neztížené,dobré,přechod pro chodce,uzel (křižovatka sledovaná ve vybraných městech),,,jízdní kolo,Brno-Řečkovice a Mokrá Hora,žena,Nezjišťován,středa,září,Řečkovice,,,,,,,,těžké zranění,"s přilbou (pouze u motocyklistů, příp. cyklistů)",řidičem motorového vozidla,"ve dne, viditelnost nezhoršená vlivem povětrnostních podmínek",na jízdním pruhu,řidič,dobrý -žádné nepříznivé okolnosti nebyly zjiště,den,,0,71705,1,71705,1,71705,3,55,1,1963,1,63,2018,1,0,0,1,0,2,16,1,1645,9,-1155786.441,-599285.638,60206181877,2018/09/19 00:00:00+00,10000,0,0c9a756a-ed7a-4934-af60-e760e700f941
-600034.537,-1158634.994,1189,Brno-Žabovřesky,ne,nepřiměřená rychlost jízdy,havárie,nehoda s následky na životě nebo zdraví,nepřizpůsobení rychlosti vlastnostem vozidla a nákladu,"povrch suchý, neznečistěný",neztížené,dobré,žádné nebo žádné z uvedených,komunikace sledovaná (ve vybraných městech),,,jízdní kolo,Brno-Žabovřesky,muž,Ne,sobota,říjen,Žabovřesky,,,,,,,,lehké zranění,"bez přilby (pouze u motocyklistů, příp. cyklistů)",řidičem nemotorového vozidla,"ve dne, viditelnost nezhoršená vlivem povětrnostních podmínek",na jízdním pruhu,řidič,dobrý -žádné nepříznivé okolnosti nebyly zjiště,den,,1,71706,1,71706,1,71706,6,70,1,1948,1,48,2018,0,0,1,0,0,1,14,1,1455,10,-1158634.994,-600034.537,60206181890,2018/10/06 00:00:00+00,1000,1000,ab0e0aeb-98e4-4791-9568-f50039cfc2ac
-601745.423999999,-1157495.104,1190,Brno-Komín,ne,nedání přenosti v jízdě,srážka s jedoucím nekolejovým vozidlem,nehoda s následky na životě nebo zdraví,při odbočování vlevo,"povrch suchý, neznečistěný",neztížené,dobré,v blízkosti přechodu pro chodce (do vzdálenosti 20 m),uzel (křižovatka sledovaná ve vybraných městech),,,jízdní kolo,Brno-Komín,muž,Ne,středa,říjen,Komín,,,,,,,,lehké zranění,"bez přilby (pouze u motocyklistů, příp. cyklistů)",řidičem motorového vozidla,"ve dne, viditelnost nezhoršená vlivem povětrnostních podmínek",na jízdním pruhu,řidič,dobrý -žádné nepříznivé okolnosti nebyly zjiště,den,,1,71707,1,71707,1,71707,3,65,1,1953,1,53,2018,0,0,1,0,0,2,16,1,1650,10,-1157495.104,-601745.424,60206181915,2018/10/10 00:00:00+00,15000,10000,5e12483e-783a-4a5b-bfd6-3b065622b9fc
-602980.017000001,-1156994.116,1191,Brno-Komín,ne,nedání přenosti v jízdě,srážka s jedoucím nekolejovým vozidlem,nehoda s následky na životě nebo zdraví,proti příkazu dopravní značky DEJ PŘEDNOST,"povrch suchý, neznečistěný",neztížené,dobré,v blízkosti přechodu pro chodce (do vzdálenosti 20 m),komunikace místní,,,jízdní kolo,Brno-Komín,žena,Ne,neděle,říjen,Komín,,,,,,,,lehké zranění,"bez přilby (pouze u motocyklistů, příp. cyklistů)",řidičem motorového vozidla,"ve dne, viditelnost nezhoršená vlivem povětrnostních podmínek",na jízdním pruhu,řidič,dobrý -žádné nepříznivé okolnosti nebyly zjiště,den,,1,71708,1,71708,1,71708,7,68,1,1950,1,50,2018,0,0,1,0,0,2,13,1,1330,10,-1156994.116,-602980.017,60206181937,2018/10/14 00:00:00+00,30000,20000,b98511f7-c345-494a-a86a-5e88e7557afa
-596241.269000001,-1157701.21,1192,Brno-sever,ne,nesprávný způsob jízdy,havárie,nehoda s následky na životě nebo zdraví,řidič se plně nevěnoval řízení vozidla,"povrch suchý, neznečistěný",neztížené,dobré,žádné nebo žádné z uvedených,komunikace sledovaná (ve vybraných městech),,,jízdní kolo,Brno-sever,muž,Ne,neděle,říjen,Lesná,,,,,,,,lehké zranění,"s přilbou (pouze u motocyklistů, příp. cyklistů)",řidičem nemotorového vozidla,"ve dne, viditelnost nezhoršená vlivem povětrnostních podmínek",na jízdním pruhu,řidič,dobrý -žádné nepříznivé okolnosti nebyly zjiště,den,,1,71709,1,71709,1,71709,7,50,1,1968,1,68,2018,0,0,1,0,0,1,16,1,1615,10,-1157701.21,-596241.269,60206181939,2018/10/14 00:00:00+00,5000,5000,3b443e1f-932f-46f4-9c7c-3346a5fc42cd
-593785.333000001,-1160370.413,1193,Brno-Líšeň,ano,nesprávný způsob jízdy,jiný druh nehody,nehoda s následky na životě nebo zdraví,řidič se plně nevěnoval řízení vozidla,"povrch suchý, neznečistěný",neztížené,dobré,"výjezd z parkoviště, lesní cesty apod. (pol.36=7,8)","komunikace účelová - ostatní (parkoviště, odpočívky apod.",,,jízdní kolo,Brno-Líšeň,muž,"Ano, obsah alkoholu v krvi 1,5‰ a více",pondělí,říjen,Líšeň,,,,,,,,lehké zranění,"bez přilby (pouze u motocyklistů, příp. cyklistů)",řidičem nemotorového vozidla,"ve dne, viditelnost nezhoršená vlivem povětrnostních podmínek",na jízdním pruhu,řidič,pod vlivem alkoholu obsah alkoholu v krvi 1 ‰ a víc,den,,1,71710,1,71710,1,71710,1,47,1,1971,1,71,2018,0,0,1,0,0,1,13,1,1355,10,-1160370.413,-593785.333,60206181946,2018/10/15 00:00:00+00,500,500,21fd37bf-d5fd-4dc8-b2aa-f82ba166ef29
-595508.789999999,-1157787.076,1194,Brno-Maloměřice a Obřany,ne,nesprávný způsob jízdy,havárie,nehoda s následky na životě nebo zdraví,řidič se plně nevěnoval řízení vozidla,"povrch suchý, neznečistěný",neztížené,dobré,žádné nebo žádné z uvedených,komunikace místní,,,jízdní kolo,Brno-Maloměřice a Obřany,muž,Ne,sobota,říjen,Maloměřice,,,,,,,,lehké zranění,"s přilbou (pouze u motocyklistů, příp. cyklistů)",řidičem nemotorového vozidla,"ve dne, viditelnost nezhoršená vlivem povětrnostních podmínek",na stezce pro cyklisty,řidič,dobrý -žádné nepříznivé okolnosti nebyly zjiště,den,,1,71711,1,71711,1,71711,6,53,1,1965,1,65,2018,0,0,1,0,0,1,16,1,1635,10,-1157787.076,-595508.79,60206181983,2018/10/20 00:00:00+00,2000,2000,5062c92f-0710-49fd-8f97-62a38e4af3df
-596942.655000001,-1161292.122,1195,Brno-střed,ne,nesprávný způsob jízdy,srážka s jedoucím nekolejovým vozidlem,nehoda s následky na životě nebo zdraví,nedodržení bezpečné vzdálenosti za vozidlem,"povrch suchý, neznečistěný",neztížené,dobré,žádné nebo žádné z uvedených,uzel (křižovatka sledovaná ve vybraných městech),,,jízdní kolo,Brno-střed,muž,Ne,čtvrtek,říjen,Trnitá,,,,,,,,lehké zranění,"s přilbou (pouze u motocyklistů, příp. cyklistů)",řidičem nemotorového vozidla,"ve dne, viditelnost nezhoršená vlivem povětrnostních podmínek",na jízdním pruhu,řidič,dobrý -žádné nepříznivé okolnosti nebyly zjiště,den,,1,71712,1,71712,1,71712,4,41,1,1977,1,77,2018,0,0,1,0,0,1,8,1,850,10,-1161292.122,-596942.655,60206182019,2018/10/25 00:00:00+00,1000,1000,7bf6c4a3-2d9d-4f71-867e-f46059d18715
-603216.079999998,-1157322.427,1196,Brno-Bystrc,ano,nesprávný způsob jízdy,havárie,nehoda s následky na životě nebo zdraví,řidič se plně nevěnoval řízení vozidla,"povrch suchý, neznečistěný",neztížené,dobré,žádné nebo žádné z uvedených,komunikace místní,,,jízdní kolo,Brno-Bystrc,muž,"Ano, obsah alkoholu v krvi 1,5‰ a více",pátek,říjen,Bystrc,,,,,,,,těžké zranění,"bez přilby (pouze u motocyklistů, příp. cyklistů)",řidičem nemotorového vozidla,"v noci - s veřejným osvětlením, viditelnost nezhoršená vlivem povětrnostních podmínek",na jízdním pruhu,řidič,pod vlivem alkoholu obsah alkoholu v krvi 1 ‰ a víc,noc,1,0,71713,1,71713,1,71713,5,75,2,1943,1,43,2018,1,0,0,1,0,1,22,1,2240,10,-1157322.427,-603216.08,60206182043,2018/10/26 00:00:00+00,1000,1000,a767c763-b5fd-47c2-bcf1-e9dca75b472e
-596800.234000001,-1160282.457,1197,Brno-sever,ne,nesprávný způsob jízdy,srážka s jedoucím nekolejovým vozidlem,nehoda s následky na životě nebo zdraví,řidič se plně nevěnoval řízení vozidla,povrch mokrý,déšť,dobré,v blízkosti přechodu pro chodce (do vzdálenosti 20 m),uzel (křižovatka sledovaná ve vybraných městech),,,jízdní kolo,Brno-sever,muž,Ne,pondělí,říjen,Zábrdovice,,,,,,,,lehké zranění,"bez přilby (pouze u motocyklistů, příp. cyklistů)",řidičem motorového vozidla,"v noci - s veřejným osvětlením, zhoršená viditelnost vlivem povětrnostních podmínek (mlha, déšť, sněžení apod.)",na jízdním pruhu,řidič,dobrý -žádné nepříznivé okolnosti nebyly zjiště,den,,1,71714,1,71714,1,71714,1,25,1,1993,1,93,2018,0,0,1,0,0,2,6,1,600,10,-1160282.457,-596800.234,60206182059,2018/10/29 00:00:00+00,6000,5000,e2975a57-a7a4-4800-9e80-3a7931bf595f
-595856.506999999,-1159957.02,1198,Brno-Židenice,ne,nezaviněno řidičem,srážka s chodcem,nehoda s následky na životě nebo zdraví,nezaviněná řidičem,"povrch suchý, neznečistěný",neztížené,dobré,žádné nebo žádné z uvedených,komunikace místní,,,jízdní kolo,Brno-Židenice,muž,Ne,pátek,listopad,Židenice,,,,,,,,lehké zranění,"s přilbou (pouze u motocyklistů, příp. cyklistů)",chodcem,"ve dne, viditelnost nezhoršená vlivem povětrnostních podmínek",na jízdním pruhu,řidič,dobrý -žádné nepříznivé okolnosti nebyly zjiště,den,,1,71716,1,71716,1,71716,5,51,1,1967,1,67,2018,0,0,1,0,0,1,15,1,1525,11,-1159957.02,-595856.507,60206182106,2018/11/02 00:00:00+00,10000,10000,3cb92e82-0c81-47dd-a199-1f66ae783a05
-595366.245999999,-1160998.565,1199,Brno-Židenice,ne,nedání přenosti v jízdě,srážka s jedoucím nekolejovým vozidlem,nehoda s následky na životě nebo zdraví,při odbočování vlevo,"povrch suchý, neznečistěný",neztížené,dobré,žádné nebo žádné z uvedených,uzel (křižovatka sledovaná ve vybraných městech),,,jízdní kolo,Brno-Židenice,muž,Ne,úterý,listopad,Židenice,,,,,,,,lehké zranění,"bez přilby (pouze u motocyklistů, příp. cyklistů)",řidičem motorového vozidla,"ve dne, viditelnost nezhoršená vlivem povětrnostních podmínek",na jízdním pruhu,řidič,dobrý -žádné nepříznivé okolnosti nebyly zjiště,den,,1,71717,1,71717,1,71717,2,54,1,1964,1,64,2018,0,0,1,0,0,2,9,1,915,11,-1160998.565,-595366.246,60206182142,2018/11/06 00:00:00+00,22000,20000,e61a7ab6-5aa3-47bf-a9cd-f4d9fc03bd2a
-593178.498,-1162888.711,1200,Brno-Slatina,ne,nesprávný způsob jízdy,havárie,nehoda s následky na životě nebo zdraví,řidič se plně nevěnoval řízení vozidla,"povrch suchý, neznečistěný",neztížené,dobré,žádné nebo žádné z uvedených,komunikace sledovaná (ve vybraných městech),,,jízdní kolo,Brno-Slatina,muž,Ne,sobota,listopad,Slatina,,,,,,,,lehké zranění,"s přilbou (pouze u motocyklistů, příp. cyklistů)",řidičem nemotorového vozidla,"ve dne, viditelnost nezhoršená vlivem povětrnostních podmínek",na jízdním pruhu,řidič,dobrý -žádné nepříznivé okolnosti nebyly zjiště,den,,1,71719,1,71719,1,71719,6,39,1,1979,1,79,2018,0,0,1,0,0,1,9,1,920,11,-1162888.711,-593178.498,60206182219,2018/11/17 00:00:00+00,110000,90000,e352ba4d-5940-49ec-81b0-5ad4f7e008a1
-602818.956999999,-1160834.636,1201,Brno-Kohoutovice,ne,nesprávný způsob jízdy,srážka s jedoucím nekolejovým vozidlem,nehoda s následky na životě nebo zdraví,"jízda po nesprávné straně vozovky, vjetí do protisměru","povrch suchý, neznečistěný",neztížené,dobré,žádné nebo žádné z uvedených,uzel (křižovatka sledovaná ve vybraných městech),,,jízdní kolo,Brno-Kohoutovice,muž,Ne,neděle,únor,Kohoutovice,,,,,,,,lehké zranění,"s přilbou (pouze u motocyklistů, příp. cyklistů)",řidičem motorového vozidla,"ve dne, viditelnost nezhoršená vlivem povětrnostních podmínek",na jízdním pruhu,řidič,dobrý -žádné nepříznivé okolnosti nebyly zjiště,den,,1,71721,1,71721,1,71721,7,39,1,1980,1,80,2019,0,0,1,0,0,2,15,1,1515,2,-1160834.636,-602818.957,60206190298,2019/02/17 00:00:00+00,16000,10000,d59ac280-b73f-4bb1-b4c3-9540b1b9d78f
-603481.936999999,-1157089.029,1202,Brno-Bystrc,ne,nesprávný způsob jízdy,havárie,nehoda s následky na životě nebo zdraví,řidič se plně nevěnoval řízení vozidla,"povrch suchý, neznečistěný",neztížené,dobré,parkoviště přiléhající ke komunikaci,komunikace sledovaná (ve vybraných městech),,,jízdní kolo,Brno-Bystrc,žena,Ne,úterý,únor,Bystrc,,,,,,,,lehké zranění,"bez přilby (pouze u motocyklistů, příp. cyklistů)",řidičem nemotorového vozidla,"ve dne, viditelnost nezhoršená vlivem povětrnostních podmínek",na jízdním pruhu,řidič,dobrý -žádné nepříznivé okolnosti nebyly zjiště,den,,1,71722,1,71722,1,71722,2,55,1,1964,1,64,2019,0,0,1,0,0,1,11,1,1155,2,-1157089.029,-603481.937,60206190320,2019/02/19 00:00:00+00,2000,0,a8a85ed7-5fe1-4a84-aa3f-dee67157f570
-603809.861000001,-1157309.404,1203,Brno-Bystrc,ne,nedání přenosti v jízdě,srážka s jedoucím nekolejovým vozidlem,nehoda s následky na životě nebo zdraví,proti příkazu dopravní značky DEJ PŘEDNOST,"povrch suchý, neznečistěný",neztížené,dobré,v blízkosti přechodu pro chodce (do vzdálenosti 20 m),uzel (křižovatka sledovaná ve vybraných městech),,,jízdní kolo,Brno-Bystrc,muž,Ne,neděle,březen,Bystrc,,,,,,,,lehké zranění,"s přilbou (pouze u motocyklistů, příp. cyklistů)",řidičem motorového vozidla,"ve dne, viditelnost nezhoršená vlivem povětrnostních podmínek",na jízdním pruhu,řidič,dobrý -žádné nepříznivé okolnosti nebyly zjiště,den,,1,71723,1,71723,1,71723,7,42,1,1977,1,77,2019,0,0,1,0,0,2,10,1,1035,3,-1157309.404,-603809.861,60206190420,2019/03/03 00:00:00+00,12000,10000,a856a787-ed13-427f-bc4b-6415637aeea7
-593025.782000002,-1163002.959,1204,Brno-Slatina,ne,nesprávný způsob jízdy,srážka s chodcem,nehoda s následky na životě nebo zdraví,řidič se plně nevěnoval řízení vozidla,"povrch suchý, neznečistěný",neztížené,dobré,žádné nebo žádné z uvedených,komunikace místní,,,jízdní kolo,Brno-Slatina,muž,Ne,pondělí,březen,Slatina,,,,,,,,lehké zranění,"bez přilby (pouze u motocyklistů, příp. cyklistů)",řidičem nemotorového vozidla,"ve dne, viditelnost nezhoršená vlivem povětrnostních podmínek",na chodníku nebo ostrůvku,řidič,dobrý -žádné nepříznivé okolnosti nebyly zjiště,den,,1,71724,1,71724,1,71724,1,25,1,1994,1,94,2019,0,0,2,0,0,1,8,1,830,3,-1163002.959,-593025.782,60206190536,2019/03/18 00:00:00+00,7000,2000,e425e952-085d-426b-a20e-118841abbf43
-592434.041000001,-1164596.119,1205,Brno-Slatina,ne,nedání přenosti v jízdě,srážka s jedoucím nekolejovým vozidlem,nehoda s následky na životě nebo zdraví,proti příkazu dopravní značky DEJ PŘEDNOST,"povrch suchý, neznečistěný",neztížené,dobré,žádné nebo žádné z uvedených,uzel (křižovatka sledovaná ve vybraných městech),,,jízdní kolo,Brno-Slatina,muž,Ne,středa,březen,Slatina,,,,,,,,lehké zranění,"s přilbou (pouze u motocyklistů, příp. cyklistů)",řidičem motorového vozidla,"ve dne, zhoršená viditelnost (svítání, soumrak)",na jízdním pruhu,řidič,dobrý -žádné nepříznivé okolnosti nebyly zjiště,noc,,1,71725,1,71725,1,71725,3,35,1,1984,1,84,2019,0,0,1,0,0,2,5,1,540,3,-1164596.119,-592434.041,60206190595,2019/03/27 00:00:00+00,20000,15000,e1e8be7a-b9da-4e5e-b3a7-67e4c13a289c
-604203.307999998,-1159934.531,1206,Brno-Žebětín,ne,nepřiměřená rychlost jízdy,havárie,nehoda s následky na životě nebo zdraví,"nepřizpůsobení rychlosti dopravně technickému stavu vozovky (zatáčka, klesání, stoupání, šířka vozovky apod.)","povrch suchý, neznečistěný",neztížené,dobré,žádné nebo žádné z uvedených,komunikace sledovaná (ve vybraných městech),,,jízdní kolo,Brno-Žebětín,žena,Ne,pátek,březen,Žebětín,,,,,,,,lehké zranění,"s přilbou (pouze u motocyklistů, příp. cyklistů)",řidičem nemotorového vozidla,"ve dne, viditelnost nezhoršená vlivem povětrnostních podmínek",na jízdním pruhu,řidič,dobrý -žádné nepříznivé okolnosti nebyly zjiště,den,,1,71726,1,71726,1,71726,5,25,1,1994,1,94,2019,0,0,1,0,0,1,16,1,1625,3,-1159934.531,-604203.308,60206190622,2019/03/29 00:00:00+00,1000,1000,e42d69be-9c97-4f6e-8b79-e7894046917a
-598140.625,-1159958.834,1207,Brno-střed,ne,nesprávný způsob jízdy,"srážka s vozidlem zaparkovaným, odstaveným",nehoda pouze s hmotnou škodou,řidič se plně nevěnoval řízení vozidla,"povrch suchý, neznečistěný",neztížené,dobré,parkoviště přiléhající ke komunikaci,komunikace sledovaná (ve vybraných městech),,,jízdní kolo,Brno-střed,muž,Ne,pondělí,duben,Veveří,,,,,,,,bez zraněn,"s přilbou (pouze u motocyklistů, příp. cyklistů)",řidičem nemotorového vozidla,"ve dne, viditelnost nezhoršená vlivem povětrnostních podmínek",na odstavném pruhu,řidič,dobrý -žádné nepříznivé okolnosti nebyly zjiště,den,,0,71727,1,71727,1,71727,1,27,1,1992,1,92,2019,0,0,0,0,0,1,18,1,1830,4,-1159958.834,-598140.625,60206190647,2019/04/01 00:00:00+00,10000,10000,b02dfb92-a830-4a1e-8cac-db325f200550
-599388.120999999,-1158736.3,1208,Brno-Žabovřesky,ne,nesprávný způsob jízdy,havárie,nehoda s následky na životě nebo zdraví,řidič se plně nevěnoval řízení vozidla,"povrch suchý, neznečistěný",neztížené,dobré,přechod pro chodce,komunikace sledovaná (ve vybraných městech),,,jízdní kolo,Brno-Žabovřesky,žena,Ne,neděle,duben,Žabovřesky,,,,,,,,lehké zranění,"s přilbou (pouze u motocyklistů, příp. cyklistů)",řidičem nemotorového vozidla,"ve dne, viditelnost nezhoršená vlivem povětrnostních podmínek",na jízdním pruhu,řidič,dobrý -žádné nepříznivé okolnosti nebyly zjiště,den,,1,71729,1,71729,1,71729,7,45,1,1974,1,74,2019,0,0,1,0,0,1,16,1,1635,4,-1158736.3,-599388.121,60206190706,2019/04/07 00:00:00+00,1000,1000,c340d635-7c3d-45c0-a017-f0a823a73218
-598683.66,-1162718.569,1209,Brno-střed,ne,nesprávný způsob jízdy,"srážka s vozidlem zaparkovaným, odstaveným",nehoda pouze s hmotnou škodou,řidič se plně nevěnoval řízení vozidla,"povrch suchý, neznečistěný",neztížené,dobré,žádné nebo žádné z uvedených,komunikace místní,,,jízdní kolo,Brno-střed,,Ne,pátek,duben,Štýřice,,,,,,,,,,řidičem motorového vozidla,"ve dne, viditelnost nezhoršená vlivem povětrnostních podmínek",žádné z uvedenýc,,,den,,0,71730,1,71730,1,71730,5,,,,1,,2019,0,0,0,0,0,2,13,,1300,4,-1162718.569,-598683.66,60206190753,2019/04/12 00:00:00+00,26000,5000,cdcc0aa0-aebe-4e14-9535-2da0d14a13c1
-597405.418000001,-1158949.705,1210,Brno-Královo Pole,nezjišťováno,nesprávný způsob jízdy,srážka s jedoucím nekolejovým vozidlem,nehoda s následky na životě nebo zdraví,řidič se plně nevěnoval řízení vozidla,"povrch suchý, neznečistěný",neztížené,dobré,žádné nebo žádné z uvedených,komunikace sledovaná (ve vybraných městech),,,jízdní kolo,Brno-Královo Pole,muž,Nezjišťován,pátek,duben,Ponava,,,,,,,,lehké zranění,"s přilbou (pouze u motocyklistů, příp. cyklistů)",řidičem motorového vozidla,"v noci - s veřejným osvětlením, viditelnost nezhoršená vlivem povětrnostních podmínek",na jízdním pruhu,řidič,dobrý -žádné nepříznivé okolnosti nebyly zjiště,noc,,1,71731,1,71731,1,71731,5,19,1,2000,1,0,2019,0,0,1,0,0,2,21,1,2144,4,-1158949.705,-597405.418,60206190758,2019/04/12 00:00:00+00,3000,2000,3feaddd5-6d41-4310-82f9-1e36a3ba06b0
-595157.655999999,-1157964.58,1211,Brno-Maloměřice a Obřany,ano,nesprávný způsob jízdy,havárie,nehoda s následky na životě nebo zdraví,řidič se plně nevěnoval řízení vozidla,"povrch suchý, neznečistěný",neztížené,dobré,žádné nebo žádné z uvedených,komunikace sledovaná (ve vybraných městech),,,jízdní kolo,Brno-Maloměřice a Obřany,muž,"Ano, obsah alkoholu v krvi do 0,24 ‰",úterý,duben,Maloměřice,,,,,,,,lehké zranění,"s přilbou (pouze u motocyklistů, příp. cyklistů)",řidičem nemotorového vozidla,"ve dne, viditelnost nezhoršená vlivem povětrnostních podmínek",na jízdním pruhu,řidič,"pod vlivem alkoholu, obsah alkoholu v krvi do 0,99 ‰",den,,1,71732,1,71732,1,71732,2,55,1,1964,1,64,2019,0,0,1,0,0,1,14,1,1435,4,-1157964.58,-595157.656,60206190783,2019/04/16 00:00:00+00,0,0,7ac7f0fd-5b19-4a5a-84db-b8e1d0a59802
-597384.550999999,-1162954.13,1212,Brno-jih,ne,nedání přenosti v jízdě,srážka s jedoucím nekolejovým vozidlem,nehoda s následky na životě nebo zdraví,proti příkazu dopravní značky DEJ PŘEDNOST,"povrch suchý, neznečistěný",neztížené,dobré,žádné nebo žádné z uvedených,uzel (křižovatka sledovaná ve vybraných městech),,,jízdní kolo,Brno-jih,žena,Ne,pátek,duben,Komárov,,,,,,,,těžké zranění,"s přilbou (pouze u motocyklistů, příp. cyklistů)",řidičem motorového vozidla,"v noci - s veřejným osvětlením, viditelnost nezhoršená vlivem povětrnostních podmínek",na jízdním pruhu,řidič,dobrý -žádné nepříznivé okolnosti nebyly zjiště,noc,,0,71733,1,71733,1,71733,5,56,1,1963,1,63,2019,1,0,0,1,0,2,4,1,435,4,-1162954.13,-597384.551,60206190806,2019/04/19 00:00:00+00,32000,10000,96011bf7-f343-4146-8f0f-6644fa3621d0