X,Y,objectid_1,zuj,alkohol_vinik,hlavni_pricina,srazka,nasledky,pricina,stav_vozovky,povetrnostni_podm,rozhled,misto_nehody,druh_komun,pneumatiky,druh_pohonu,druh_vozidla,mestska_cast,pohlavi,alkohol,den_v_tydnu,mesic_t,katastr,chovani_chodce,stav_chodce,drogy_chodec,alkohol_chodec,osobni_prepravnik,reflexni_prvky,kategorie_chodce,nasledek,ozn_osoba,zavineni,viditelnost,situovani,osoba,stav_ridic,doba,smrt_po,lz,target_fid_1,join_count_1,objectid,join_count,target_fid,den,vek,smrt_dny,rok_nar,p48a,p59d,rok,tz,smrt,lehce_zran_os,tezce_zran_os,usmrceno_os,id_vozidla,hodina,ovlivneni_ridice,cas,mesic,e,d,id_nehody,datum,hmotna_skoda_1,skoda_vozidlo,globalid
-594793.482999999,-1157343.399,1213,Brno-Maloměřice a Obřany,ano,nesprávný způsob jízdy,srážka s jedoucím nekolejovým vozidlem,nehoda pouze s hmotnou škodou,řidič se plně nevěnoval řízení vozidla,"povrch suchý, neznečistěný",neztížené,dobré,"most, nadjezd, podjezd, tunel",komunikace sledovaná (ve vybraných městech),,,jízdní kolo,Brno-Maloměřice a Obřany,žena,Pod vlivem drog,neděle,duben,Obřany,,,,,,,,bez zraněn,"s přilbou (pouze u motocyklistů, příp. cyklistů)",řidičem motorového vozidla,"ve dne, viditelnost nezhoršená vlivem povětrnostních podmínek",na jízdním pruhu,řidič,dobrý -žádné nepříznivé okolnosti nebyly zjiště,den,,0,71736,1,71736,1,71736,7,45,1,1974,1,74,2019,0,0,0,0,0,2,17,1,1750,4,-1157343.399,-594793.483,60206190813,2019/04/21 00:00:00+00,21000,20000,dd4b3463-398a-4390-8adc-a5a2192721db
-602970.320999999,-1157057.036,1214,Brno-Komín,ne,nedání přenosti v jízdě,srážka s jedoucím nekolejovým vozidlem,nehoda s následky na životě nebo zdraví,proti příkazu dopravní značky DEJ PŘEDNOST,"povrch suchý, neznečistěný",neztížené,dobré,žádné nebo žádné z uvedených,komunikace sledovaná (ve vybraných městech),,,jízdní kolo,Brno-Komín,muž,Ne,středa,duben,Komín,,,,,,,,lehké zranění,"bez přilby (pouze u motocyklistů, příp. cyklistů)",řidičem motorového vozidla,"ve dne, viditelnost nezhoršená vlivem povětrnostních podmínek",na jízdním pruhu,řidič,dobrý -žádné nepříznivé okolnosti nebyly zjiště,den,,1,71737,1,71737,1,71737,3,71,1,1948,1,48,2019,0,0,1,0,0,2,17,1,1720,4,-1157057.036,-602970.321,60206190824,2019/04/24 00:00:00+00,35000,5000,b8db1e7b-4acf-496c-9617-bfac0b514007
-601845.311000001,-1161936.013,1215,Brno-Nový Lískovec,ne,nezaviněno řidičem,srážka s chodcem,nehoda s následky na životě nebo zdraví,nezaviněná řidičem,"povrch suchý, neznečistěný",neztížené,"špatné - vlivem průběhu komunikace, nebo podélného profilu nebo trasování (nepřehledný vrchol stoupání, zářez komunikace apod.)",žádné nebo žádné z uvedených,komunikace místní,,,jízdní kolo,Brno-Nový Lískovec,muž,Ne,středa,duben,Nový Lískovec,,,,,,,,lehké zranění,"s přilbou (pouze u motocyklistů, příp. cyklistů)",chodcem,"ve dne, viditelnost nezhoršená vlivem povětrnostních podmínek",na jízdním pruhu,řidič,dobrý -žádné nepříznivé okolnosti nebyly zjiště,den,,1,71738,1,71738,1,71738,3,46,1,1973,1,73,2019,0,0,2,0,0,1,17,1,1720,4,-1161936.013,-601845.311,60206190825,2019/04/24 00:00:00+00,2000,2000,462b8bb7-86b3-406a-9576-fc49c26512ef
-601798.412,-1159262.177,1216,Brno-Jundrov,ne,nesprávný způsob jízdy,havárie,nehoda s následky na životě nebo zdraví,řidič se plně nevěnoval řízení vozidla,"povrch suchý, neznečistěný",neztížené,dobré,parkoviště přiléhající ke komunikaci,komunikace místní,,,jízdní kolo,Brno-Jundrov,muž,Ne,pátek,duben,Jundrov,,,,,,,,těžké zranění,"s přilbou (pouze u motocyklistů, příp. cyklistů)",řidičem nemotorového vozidla,"ve dne, viditelnost nezhoršená vlivem povětrnostních podmínek",na jízdním pruhu,řidič,dobrý -žádné nepříznivé okolnosti nebyly zjiště,den,,0,71739,1,71739,1,71739,5,73,1,1946,1,46,2019,1,0,0,1,0,1,10,1,1055,4,-1159262.177,-601798.412,60206190836,2019/04/26 00:00:00+00,5000,5000,8baca75f-d2b7-404c-b04d-243496065bca
-600630.353,-1158311.464,1217,Brno-Žabovřesky,ano,nesprávný způsob jízdy,havárie,nehoda s následky na životě nebo zdraví,řidič se plně nevěnoval řízení vozidla,povrch mokrý,neztížené,dobré,žádné nebo žádné z uvedených,komunikace sledovaná (ve vybraných městech),,,jízdní kolo,Brno-Žabovřesky,muž,"Ano, obsah alkoholu v krvi od 1,0‰ do 1,5‰",středa,květen,Žabovřesky,,,,,,,,lehké zranění,"bez přilby (pouze u motocyklistů, příp. cyklistů)",řidičem nemotorového vozidla,"ve dne, zhoršená viditelnost (svítání, soumrak)",na kolejích tramvaje,řidič,pod vlivem alkoholu obsah alkoholu v krvi 1 ‰ a víc,den,,1,71742,1,71742,1,71742,3,56,1,1963,1,63,2019,0,0,1,0,0,1,20,1,2010,5,-1158311.464,-600630.353,60206190880,2019/05/01 00:00:00+00,1000,1000,5e7957b5-8fd7-44ca-b927-c1fa7cdbcc1c
-603640.759,-1157247.853,1218,Brno-Bystrc,ne,nedání přenosti v jízdě,srážka s jedoucím nekolejovým vozidlem,nehoda s následky na životě nebo zdraví,proti příkazu dopravní značky DEJ PŘEDNOST,"povrch suchý, neznečistěný",neztížené,dobré,žádné nebo žádné z uvedených,komunikace sledovaná (ve vybraných městech),,,jízdní kolo,Brno-Bystrc,muž,Ne,čtvrtek,květen,Bystrc,,,,,,,,lehké zranění,"s přilbou (pouze u motocyklistů, příp. cyklistů)",řidičem motorového vozidla,"ve dne, viditelnost nezhoršená vlivem povětrnostních podmínek",na jízdním pruhu,řidič,dobrý -žádné nepříznivé okolnosti nebyly zjiště,den,,1,71743,1,71743,1,71743,4,26,1,1993,1,93,2019,0,0,1,0,0,2,6,1,620,5,-1157247.853,-603640.759,60206190883,2019/05/02 00:00:00+00,50000,40000,2858c48b-fa21-4ad2-a245-6ec7e5233309
-601137.438999999,-1160643.419,1219,Brno-střed,nezjišťováno,nesprávný způsob jízdy,srážka s chodcem,nehoda s následky na životě nebo zdraví,jiný druh nesprávného způsobu jízdy,"povrch suchý, neznečistěný",neztížené,dobré,"zastávka autobusu, trolejbusu, tramvaje s nástup. ostrůvkem",komunikace sledovaná (ve vybraných městech),,,jízdní kolo,Brno-střed,,Nezjišťován,čtvrtek,květen,Pisárky,,,,,,,,,,řidičem nemotorového vozidla,"ve dne, viditelnost nezhoršená vlivem povětrnostních podmínek",na stezce pro cyklisty,,,den,,0,71744,1,71744,1,71744,4,,,,1,,2019,0,0,1,0,0,1,11,,1120,5,-1160643.419,-601137.439,60206190887,2019/05/02 00:00:00+00,0,0,be28db86-87c5-4aac-9b77-fb30fcc67b90
-600728.155000001,-1161611.748,1220,Brno-střed,ne,nepřiměřená rychlost jízdy,srážka s jedoucím nekolejovým vozidlem,nehoda s následky na životě nebo zdraví,"nepřizpůsobení rychlosti dopravně technickému stavu vozovky (zatáčka, klesání, stoupání, šířka vozovky apod.)","povrch suchý, neznečistěný",neztížené,dobré,žádné nebo žádné z uvedených,komunikace místní,,,jízdní kolo,Brno-střed,muž,Ne,sobota,květen,Pisárky,,,,,,,,těžké zranění,"s přilbou (pouze u motocyklistů, příp. cyklistů)",řidičem nemotorového vozidla,"ve dne, viditelnost nezhoršená vlivem povětrnostních podmínek",na stezce pro cyklisty,řidič,dobrý -žádné nepříznivé okolnosti nebyly zjiště,den,,0,71745,1,71745,1,71745,6,60,1,1959,1,59,2019,1,0,0,1,0,1,13,1,1335,5,-1161611.748,-600728.155,60206190899,2019/05/04 00:00:00+00,12000,10000,1fe4f662-ad76-4b60-87be-d45c963e3f2a
-600728.155000001,-1161611.748,1221,Brno-střed,ne,nepřiměřená rychlost jízdy,srážka s jedoucím nekolejovým vozidlem,nehoda s následky na životě nebo zdraví,"nepřizpůsobení rychlosti dopravně technickému stavu vozovky (zatáčka, klesání, stoupání, šířka vozovky apod.)","povrch suchý, neznečistěný",neztížené,dobré,žádné nebo žádné z uvedených,komunikace místní,,,jízdní kolo,Brno-střed,muž,Ne,sobota,květen,Pisárky,,,,,,,,bez zraněn,"bez přilby (pouze u motocyklistů, příp. cyklistů)",řidičem nemotorového vozidla,"ve dne, viditelnost nezhoršená vlivem povětrnostních podmínek",na stezce pro cyklisty,řidič,dobrý -žádné nepříznivé okolnosti nebyly zjiště,den,,0,71746,1,71746,1,71746,6,43,1,1976,1,76,2019,0,0,0,1,0,2,13,1,1335,5,-1161611.748,-600728.155,60206190899,2019/05/04 00:00:00+00,12000,10000,8c488a46-f93f-42f7-bf7c-fe5b6d741383
-596129.598000001,-1159237.133,1222,Brno-sever,ne,nesprávný způsob jízdy,havárie,nehoda s následky na životě nebo zdraví,řidič se plně nevěnoval řízení vozidla,"povrch suchý, neznečistěný",neztížené,dobré,"zastávka tramvaje, autobusu, trolejbusu bez nástup. ostrůvku",komunikace sledovaná (ve vybraných městech),,,jízdní kolo,Brno-sever,žena,Ne,středa,květen,Husovice,,,,,,,,lehké zranění,"bez přilby (pouze u motocyklistů, příp. cyklistů)",řidičem nemotorového vozidla,"ve dne, viditelnost nezhoršená vlivem povětrnostních podmínek",na kolejích tramvaje,řidič,dobrý -žádné nepříznivé okolnosti nebyly zjiště,den,,1,71748,1,71748,1,71748,3,27,1,1992,1,92,2019,0,0,1,0,0,1,14,1,1420,5,-1159237.133,-596129.598,60206190978,2019/05/15 00:00:00+00,1000,1000,5a6a7c41-61d3-496b-b6e2-a24afc263d1e
-604297.892000001,-1156109.178,1223,Brno-Bystrc,ne,nesprávé předjíždění,srážka s jedoucím nekolejovým vozidlem,nehoda s následky na životě nebo zdraví,"při předjíždění došlo k ohrožení předjížděného řidiče vozidla (vynucované zařazení, předjížděný řidič musel prudce brzdit, měnit směr jízdy apod.)","povrch suchý, neznečistěný",neztížené,dobré,žádné nebo žádné z uvedených,komunikace sledovaná (ve vybraných městech),,,jízdní kolo,Brno-Bystrc,žena,Ne,pátek,květen,Bystrc,,,,,,,,lehké zranění,"bez přilby (pouze u motocyklistů, příp. cyklistů)",řidičem motorového vozidla,"ve dne, viditelnost nezhoršená vlivem povětrnostních podmínek",na jízdním pruhu,řidič,dobrý -žádné nepříznivé okolnosti nebyly zjiště,den,,1,71749,1,71749,1,71749,5,58,1,1961,1,61,2019,0,0,1,0,0,2,17,1,1710,5,-1156109.178,-604297.892,60206191003,2019/05/17 00:00:00+00,5000,5000,05686281-daa5-42d8-a517-a81a800f7189
-600906.329,-1162853.649,1224,Brno-Bohunice,ne,nedání přenosti v jízdě,srážka s jedoucím nekolejovým vozidlem,nehoda s následky na životě nebo zdraví,při vjíždění na silnici,"povrch suchý, neznečistěný",neztížené,dobré,parkoviště přiléhající ke komunikaci,komunikace sledovaná (ve vybraných městech),,,jízdní kolo,Brno-Bohunice,muž,Ne,úterý,květen,Bohunice,,,,,,,,lehké zranění,"bez přilby (pouze u motocyklistů, příp. cyklistů)",řidičem motorového vozidla,"ve dne, viditelnost nezhoršená vlivem povětrnostních podmínek",na jízdním pruhu,řidič,dobrý -žádné nepříznivé okolnosti nebyly zjiště,den,,1,71750,1,71750,1,71750,2,55,1,1964,1,64,2019,0,0,1,0,0,2,14,1,1435,5,-1162853.649,-600906.329,60206191027,2019/05/21 00:00:00+00,25000,15000,42e19f36-f63c-4f98-a78e-c2f566798a6a
-599447.572999999,-1164757.396,1225,Brno-jih,ne,nedání přenosti v jízdě,srážka s jedoucím nekolejovým vozidlem,nehoda s následky na životě nebo zdraví,při odbočování vlevo,"povrch suchý, neznečistěný",neztížené,dobré,žádné nebo žádné z uvedených,uzel (křižovatka sledovaná ve vybraných městech),,,jízdní kolo,Brno-jih,muž,Ne,čtvrtek,květen,Horní Heršpice,,,,,,,,lehké zranění,"s přilbou (pouze u motocyklistů, příp. cyklistů)",řidičem motorového vozidla,"ve dne, viditelnost nezhoršená vlivem povětrnostních podmínek",na jízdním pruhu,řidič,dobrý -žádné nepříznivé okolnosti nebyly zjiště,den,,1,71751,1,71751,1,71751,4,30,1,1989,1,89,2019,0,0,2,0,0,2,13,1,1310,5,-1164757.396,-599447.573,60206191048,2019/05/23 00:00:00+00,90000,40000,98a7a08f-f3c5-4228-8502-3a91a4548e21
-599547.734000001,-1164108.731,1226,Brno-jih,ne,nedání přenosti v jízdě,srážka s jedoucím nekolejovým vozidlem,nehoda s následky na životě nebo zdraví,při odbočování vlevo,"povrch suchý, neznečistěný",neztížené,dobré,žádné nebo žádné z uvedených,komunikace sledovaná (ve vybraných městech),,,jízdní kolo,Brno-jih,muž,Ne,čtvrtek,květen,Horní Heršpice,,,,,,,,lehké zranění,"s přilbou (pouze u motocyklistů, příp. cyklistů)",řidičem motorového vozidla,"ve dne, viditelnost nezhoršená vlivem povětrnostních podmínek",na jízdním pruhu,řidič,dobrý -žádné nepříznivé okolnosti nebyly zjiště,den,,1,71752,1,71752,1,71752,4,37,1,1982,1,82,2019,0,0,1,0,0,2,15,1,1515,5,-1164108.731,-599547.734,60206191049,2019/05/23 00:00:00+00,41000,10000,f8ebe6f5-8d84-45b0-ab25-35b4c3d015d8
-599998.840999998,-1153216.476,1227,Brno-Ivanovice,ne,nedání přenosti v jízdě,srážka s jedoucím nekolejovým vozidlem,nehoda s následky na životě nebo zdraví,proti příkazu dopravní značky DEJ PŘEDNOST,"povrch suchý, neznečistěný",neztížené,dobré,žádné nebo žádné z uvedených,uzel (křižovatka sledovaná ve vybraných městech),,,jízdní kolo,Brno-Ivanovice,muž,Ne,čtvrtek,květen,Ivanovice,,,,,,,,lehké zranění,"s přilbou (pouze u motocyklistů, příp. cyklistů)",řidičem motorového vozidla,"ve dne, viditelnost nezhoršená vlivem povětrnostních podmínek",na jízdním pruhu,řidič,dobrý -žádné nepříznivé okolnosti nebyly zjiště,den,,1,71753,1,71753,1,71753,4,28,1,1991,1,91,2019,0,0,1,0,0,2,16,1,1600,5,-1153216.476,-599998.841,60206191052,2019/05/23 00:00:00+00,15000,5000,2f2d19e2-69ef-46d2-b1a4-e07a1b43d1f9
-596239.567000002,-1160135.761,1228,Brno-Židenice,ne,nesprávný způsob jízdy,havárie,nehoda s následky na životě nebo zdraví,řidič se plně nevěnoval řízení vozidla,"povrch suchý, neznečistěný",neztížené,dobré,žádné nebo žádné z uvedených,komunikace místní,,,jízdní kolo,Brno-Židenice,muž,Ne,pátek,květen,Zábrdovice,,,,,,,,lehké zranění,"bez přilby (pouze u motocyklistů, příp. cyklistů)",řidičem nemotorového vozidla,"ve dne, viditelnost nezhoršená vlivem povětrnostních podmínek",na jízdním pruhu,řidič,dobrý -žádné nepříznivé okolnosti nebyly zjiště,den,,1,71754,1,71754,1,71754,5,80,1,1939,1,39,2019,0,0,1,0,0,1,11,1,1120,5,-1160135.761,-596239.567,60206191060,2019/05/24 00:00:00+00,500,500,eb74598d-efb1-4cf8-acb5-f2ac466580b0
-598122.890000001,-1159959.938,1229,Brno-střed,ne,nesprávný způsob jízdy,"srážka s vozidlem zaparkovaným, odstaveným",nehoda s následky na životě nebo zdraví,řidič se plně nevěnoval řízení vozidla,"povrch suchý, neznečistěný",neztížené,dobré,žádné nebo žádné z uvedených,komunikace sledovaná (ve vybraných městech),,,jízdní kolo,Brno-střed,muž,Ne,pátek,květen,Veveří,,,,,,,,lehké zranění,"s přilbou (pouze u motocyklistů, příp. cyklistů)",řidičem nemotorového vozidla,"ve dne, viditelnost nezhoršená vlivem povětrnostních podmínek",na jízdním pruhu,řidič,dobrý -žádné nepříznivé okolnosti nebyly zjiště,den,,1,71755,1,71755,1,71755,5,73,1,1946,1,46,2019,0,0,1,0,0,1,19,1,1900,5,-1159959.938,-598122.89,60206191062,2019/05/24 00:00:00+00,1000,1000,a8c0fee9-3584-4994-ad6b-52a8ce7d08d7
-604298.629999999,-1157454.647,1230,Brno-Bystrc,ne,nedání přenosti v jízdě,srážka s jedoucím nekolejovým vozidlem,nehoda s následky na životě nebo zdraví,při odbočování vlevo,"povrch suchý, neznečistěný",neztížené,dobré,žádné nebo žádné z uvedených,uzel (křižovatka sledovaná ve vybraných městech),,,jízdní kolo,Brno-Bystrc,muž,Ne,čtvrtek,květen,Bystrc,,,,,,,,lehké zranění,"s přilbou (pouze u motocyklistů, příp. cyklistů)",řidičem motorového vozidla,"ve dne, viditelnost nezhoršená vlivem povětrnostních podmínek",na jízdním pruhu,řidič,dobrý -žádné nepříznivé okolnosti nebyly zjiště,den,,1,71757,1,71757,1,71757,4,60,1,1959,1,59,2019,0,0,1,0,0,2,15,1,1530,5,-1157454.647,-604298.63,60206191108,2019/05/30 00:00:00+00,11000,5000,d8a29d37-6b18-4785-9ab5-b19eefa61470
-599943.217999998,-1153772.208,1231,Brno-Řečkovice a Mokrá Hora,ne,nesprávný způsob jízdy,srážka s jedoucím nekolejovým vozidlem,nehoda s následky na životě nebo zdraví,jiný druh nesprávného způsobu jízdy,"povrch suchý, neznečistěný",neztížené,dobré,žádné nebo žádné z uvedených,komunikace sledovaná (ve vybraných městech),,,jízdní kolo,Brno-Řečkovice a Mokrá Hora,muž,Ne,středa,červen,Řečkovice,,,,,,,,lehké zranění,"s přilbou (pouze u motocyklistů, příp. cyklistů)",řidičem motorového vozidla,"ve dne, viditelnost nezhoršená vlivem povětrnostních podmínek",na jízdním pruhu,řidič,dobrý -žádné nepříznivé okolnosti nebyly zjiště,den,,1,71758,1,71758,1,71758,3,59,1,1960,1,60,2019,0,0,1,0,0,2,14,1,1405,6,-1153772.208,-599943.218,60206191158,2019/06/05 00:00:00+00,18000,5000,73efed64-8ff2-451f-b9cb-fde507ed69cf
-600121.000999998,-1158593.06,1232,Brno-Žabovřesky,ne,nedání přenosti v jízdě,srážka s jedoucím nekolejovým vozidlem,nehoda s následky na životě nebo zdraví,při odbočování vlevo,"povrch suchý, neznečistěný",neztížené,dobré,v blízkosti přechodu pro chodce (do vzdálenosti 20 m),uzel (křižovatka sledovaná ve vybraných městech),,,jízdní kolo,Brno-Žabovřesky,muž,Ne,čtvrtek,červen,Žabovřesky,,,,,,,,lehké zranění,"s přilbou (pouze u motocyklistů, příp. cyklistů)",řidičem motorového vozidla,"ve dne, viditelnost nezhoršená vlivem povětrnostních podmínek",na jízdním pruhu,řidič,dobrý -žádné nepříznivé okolnosti nebyly zjiště,den,,1,71759,1,71759,1,71759,4,40,1,1979,1,79,2019,0,0,1,0,0,2,7,1,730,6,-1158593.06,-600121.001,60206191165,2019/06/06 00:00:00+00,20000,10000,84c6f122-2c90-479c-b648-ef2e9e2f296d
-600984.973000001,-1160551.813,1233,Brno-střed,ne,nedání přenosti v jízdě,srážka s jedoucím nekolejovým vozidlem,nehoda s následky na životě nebo zdraví,při odbočování vlevo,"povrch suchý, neznečistěný",neztížené,dobré,žádné nebo žádné z uvedených,uzel (křižovatka sledovaná ve vybraných městech),,,jízdní kolo,Brno-střed,muž,Ne,čtvrtek,červen,Pisárky,,,,,,,,lehké zranění,"s přilbou (pouze u motocyklistů, příp. cyklistů)",řidičem motorového vozidla,"ve dne, viditelnost nezhoršená vlivem povětrnostních podmínek",na jízdním pruhu,řidič,dobrý -žádné nepříznivé okolnosti nebyly zjiště,den,,1,71760,1,71760,1,71760,4,61,1,1958,1,58,2019,0,0,1,0,0,2,16,1,1600,6,-1160551.813,-600984.973,60206191168,2019/06/06 00:00:00+00,34000,3000,954d990c-c6a0-4afd-862c-ffdd00821a7a
-595394.145,-1158415.833,1234,Brno-Maloměřice a Obřany,ano,nesprávný způsob jízdy,"srážka s vozidlem zaparkovaným, odstaveným",nehoda s následky na životě nebo zdraví,řidič se plně nevěnoval řízení vozidla,povrch mokrý,déšť,dobré,žádné nebo žádné z uvedených,komunikace místní,,,jízdní kolo,Brno-Maloměřice a Obřany,muž,"Ano, obsah alkoholu v krvi 1,5‰ a více",pátek,červen,Maloměřice,,,,,,,,lehké zranění,"bez přilby (pouze u motocyklistů, příp. cyklistů)",řidičem nemotorového vozidla,"v noci - s veřejným osvětlením, zhoršená viditelnost vlivem povětrnostních podmínek (mlha, déšť, sněžení apod.)",na jízdním pruhu,řidič,pod vlivem alkoholu obsah alkoholu v krvi 1 ‰ a víc,noc,,1,71761,1,71761,1,71761,5,39,1,1980,1,80,2019,0,0,1,0,0,1,1,0,100,6,-1158415.833,-595394.145,60206191171,2019/06/07 00:00:00+00,26000,1000,e6d43634-1048-4418-991d-1347da258868
-600609.201000001,-1158993.886,1235,Brno-Žabovřesky,ne,nesprávný způsob jízdy,jiný druh nehody,nehoda s následky na životě nebo zdraví,jiný druh nesprávného způsobu jízdy,"povrch suchý, neznečistěný",neztížené,dobré,žádné nebo žádné z uvedených,komunikace místní,,,jízdní kolo,Brno-Žabovřesky,žena,Ne,pátek,červen,Žabovřesky,,,,,,,,lehké zranění,"s přilbou (pouze u motocyklistů, příp. cyklistů)",řidičem motorového vozidla,"ve dne, viditelnost nezhoršená vlivem povětrnostních podmínek",na jízdním pruhu,řidič,dobrý -žádné nepříznivé okolnosti nebyly zjiště,den,,1,71764,1,71764,1,71764,5,50,1,1969,1,69,2019,0,0,1,0,0,2,18,1,1815,6,-1158993.886,-600609.201,60206191181,2019/06/07 00:00:00+00,10000,5000,13dfc9c2-492b-4646-ae8c-d45f65963475
-599704.914000001,-1155639.541,1236,Brno-Medlánky,ano,nesprávný způsob jízdy,havárie,nehoda s následky na životě nebo zdraví,řidič se plně nevěnoval řízení vozidla,"povrch suchý, neznečistěný",neztížené,dobré,v blízkosti přechodu pro chodce (do vzdálenosti 20 m),komunikace místní,,,jízdní kolo,Brno-Medlánky,muž,"Ano, obsah alkoholu v krvi 1,5‰ a více",sobota,červen,Medlánky,,,,,,,,lehké zranění,"bez přilby (pouze u motocyklistů, příp. cyklistů)",řidičem nemotorového vozidla,"ve dne, viditelnost nezhoršená vlivem povětrnostních podmínek",na jízdním pruhu,řidič,pod vlivem alkoholu obsah alkoholu v krvi 1 ‰ a víc,den,,1,71765,1,71765,1,71765,6,33,1,1986,1,86,2019,0,0,1,0,0,1,14,1,1450,6,-1155639.541,-599704.914,60206191186,2019/06/08 00:00:00+00,5000,5000,7e7903b1-990e-4c04-bcf7-da55d34c5544
-599410.548999999,-1155771.139,1237,Brno-Medlánky,ano,nesprávný způsob jízdy,srážka s jedoucím nekolejovým vozidlem,nehoda pouze s hmotnou škodou,řidič se plně nevěnoval řízení vozidla,"povrch suchý, neznečistěný",neztížené,dobré,v blízkosti přechodu pro chodce (do vzdálenosti 20 m),komunikace místní,,,jízdní kolo,Brno-Medlánky,muž,"Ano, obsah alkoholu v krvi 1,5‰ a více",pondělí,červen,Medlánky,,,,,,,,bez zraněn,"bez přilby (pouze u motocyklistů, příp. cyklistů)",řidičem nemotorového vozidla,"ve dne, viditelnost nezhoršená vlivem povětrnostních podmínek",na jízdním pruhu,řidič,pod vlivem alkoholu obsah alkoholu v krvi 1 ‰ a víc,den,,0,71766,1,71766,1,71766,1,27,1,1992,1,92,2019,0,0,0,0,0,1,18,0,1801,6,-1155771.139,-599410.549,60206191203,2019/06/10 00:00:00+00,10000,10000,e94ef9e2-9098-4a0b-976e-f30a151572f0
-596336.024,-1161482.361,1238,Brno-Židenice,ne,nedání přenosti v jízdě,srážka s jedoucím nekolejovým vozidlem,nehoda s následky na životě nebo zdraví,proti příkazu dopravní značky DEJ PŘEDNOST,"povrch suchý, neznečistěný",neztížené,dobré,žádné nebo žádné z uvedených,uzel (křižovatka sledovaná ve vybraných městech),,,jízdní kolo,Brno-Židenice,muž,Ne,úterý,červen,Židenice,,,,,,,,lehké zranění,"bez přilby (pouze u motocyklistů, příp. cyklistů)",řidičem motorového vozidla,"ve dne, viditelnost nezhoršená vlivem povětrnostních podmínek",na jízdním pruhu,řidič,dobrý -žádné nepříznivé okolnosti nebyly zjiště,den,,1,71767,1,71767,1,71767,2,23,1,1996,1,96,2019,0,0,1,0,0,2,16,1,1620,6,-1161482.361,-596336.024,60206191211,2019/06/11 00:00:00+00,12000,10000,22b8c6e1-2177-4316-aaee-213c4bad5d7c
-604853.925000001,-1154343.97,1239,Brno-Kníničky,ne,nesprávný způsob jízdy,havárie,nehoda s následky na životě nebo zdraví,nedodržení bezpečné vzdálenosti za vozidlem,"povrch suchý, neznečistěný",neztížené,dobré,žádné nebo žádné z uvedených,komunikace místní,,,jízdní kolo,Brno-Kníničky,muž,Ne,neděle,červen,Kníničky,,,,,,,,lehké zranění,"bez přilby (pouze u motocyklistů, příp. cyklistů)",řidičem nemotorového vozidla,"ve dne, viditelnost nezhoršená vlivem povětrnostních podmínek",na jízdním pruhu,řidič,dobrý -žádné nepříznivé okolnosti nebyly zjiště,den,,1,71768,1,71768,1,71768,7,47,1,1972,1,72,2019,0,0,1,0,0,1,18,1,1845,6,-1154343.97,-604853.925,60206191263,2019/06/16 00:00:00+00,1000,1000,7c58fc2c-0004-4dc1-810b-11950e8e08ff
-601941.451000001,-1162118.746,1240,Brno-Nový Lískovec,ne,nezaviněno řidičem,srážka s chodcem,nehoda s následky na životě nebo zdraví,nezaviněná řidičem,"povrch suchý, neznečistěný",neztížené,dobré,žádné nebo žádné z uvedených,komunikace místní,,,jízdní kolo,Brno-Nový Lískovec,muž,Ne,středa,červen,Nový Lískovec,,,,,,,,bez zraněn,"s přilbou (pouze u motocyklistů, příp. cyklistů)",chodcem,"ve dne, viditelnost nezhoršená vlivem povětrnostních podmínek",na jízdním pruhu,řidič,dobrý -žádné nepříznivé okolnosti nebyly zjiště,den,,0,71769,1,71769,1,71769,3,63,1,1956,1,56,2019,0,0,1,0,0,1,10,1,1050,6,-1162118.746,-601941.451,60206191286,2019/06/19 00:00:00+00,5000,5000,0dd43953-5aef-419e-899f-f0e8e9f3b34b
-599072.090999998,-1159882.086,1241,Brno-střed,ne,nedání přenosti v jízdě,srážka s jedoucím nekolejovým vozidlem,nehoda s následky na životě nebo zdraví,při vjíždění na silnici,"povrch suchý, neznečistěný",neztížené,dobré,parkoviště přiléhající ke komunikaci,komunikace místní,,,jízdní kolo,Brno-střed,dívka (do 15 let),Ne,sobota,červen,Veveří,,,,,,,,lehké zranění,"s přilbou (pouze u motocyklistů, příp. cyklistů)",řidičem nemotorového vozidla,"ve dne, viditelnost nezhoršená vlivem povětrnostních podmínek",na jízdním pruhu,řidič,dobrý -žádné nepříznivé okolnosti nebyly zjiště,den,,1,71770,1,71770,1,71770,6,14,1,2005,1,5,2019,0,0,1,0,0,1,13,1,1335,6,-1159882.086,-599072.091,60206191322,2019/06/22 00:00:00+00,101000,20000,8348d43c-93f3-407d-af96-625dd886dffb