X,Y,objectid_1,zuj,alkohol_vinik,hlavni_pricina,srazka,nasledky,pricina,stav_vozovky,povetrnostni_podm,rozhled,misto_nehody,druh_komun,pneumatiky,druh_pohonu,druh_vozidla,mestska_cast,pohlavi,alkohol,den_v_tydnu,mesic_t,katastr,chovani_chodce,stav_chodce,drogy_chodec,alkohol_chodec,osobni_prepravnik,reflexni_prvky,kategorie_chodce,nasledek,ozn_osoba,zavineni,viditelnost,situovani,osoba,stav_ridic,doba,smrt_po,lz,target_fid_1,join_count_1,objectid,join_count,target_fid,den,vek,smrt_dny,rok_nar,p48a,p59d,rok,tz,smrt,lehce_zran_os,tezce_zran_os,usmrceno_os,id_vozidla,hodina,ovlivneni_ridice,cas,mesic,e,d,id_nehody,datum,hmotna_skoda_1,skoda_vozidlo,globalid
-595265.817000002,-1158231.671,1300,Brno-Maloměřice a Obřany,ne,nesprávný způsob jízdy,havárie,nehoda s následky na životě nebo zdraví,řidič se plně nevěnoval řízení vozidla,povrch mokrý,"na počátku deště, slabý déšť, mrholení apod.",dobré,žádné nebo žádné z uvedených,komunikace sledovaná (ve vybraných městech),,,jízdní kolo,Brno-Maloměřice a Obřany,muž,Ne,neděle,prosinec,Maloměřice,,,,,,,,lehké zranění,"bez přilby (pouze u motocyklistů, příp. cyklistů)",řidičem nemotorového vozidla,"v noci - s veřejným osvětlením, viditelnost nezhoršená vlivem povětrnostních podmínek",na kolejích tramvaje,řidič,dobrý -žádné nepříznivé okolnosti nebyly zjiště,den,,1,71848,1,71848,1,71848,7,48,1,1971,1,71,2019,0,0,1,0,0,1,7,1,700,12,-1158231.671,-595265.817,60206192626,2019/12/15 00:00:00+00,500,500,72ed8dd2-667b-4eed-a1b5-35426f8be64d
-597348.701000001,-1158625.41,1301,Brno-sever,ano,nesprávný způsob jízdy,"srážka s vozidlem zaparkovaným, odstaveným",nehoda s následky na životě nebo zdraví,řidič se plně nevěnoval řízení vozidla,"povrch suchý, neznečistěný",neztížené,dobré,žádné nebo žádné z uvedených,komunikace místní,,,jízdní kolo,Brno-sever,muž,"Ano, obsah alkoholu v krvi 1,5‰ a více",čtvrtek,prosinec,Černá Pole,,,,,,,,lehké zranění,"s přilbou (pouze u motocyklistů, příp. cyklistů)",řidičem nemotorového vozidla,"v noci - s veřejným osvětlením, viditelnost nezhoršená vlivem povětrnostních podmínek",na jízdním pruhu,řidič,pod vlivem alkoholu obsah alkoholu v krvi 1 ‰ a víc,den,,1,71849,1,71849,1,71849,4,45,1,1974,1,74,2019,0,0,1,0,0,1,20,1,2045,12,-1158625.41,-597348.701,60206192706,2019/12/26 00:00:00+00,6000,1000,f877d97c-212f-491d-99ec-6b5a0becf0b8
-608262.653000001,-1153125.173,1302,Brno-Bystrc,ano,nesprávný způsob jízdy,srážka s pevnou překážkou,nehoda s následky na životě nebo zdraví,řidič se plně nevěnoval řízení vozidla,"povrch suchý, neznečistěný",neztížené,dobré,žádné nebo žádné z uvedených,komunikace sledovaná (ve vybraných městech),,,jízdní kolo,Brno-Bystrc,muž,"Ano, obsah alkoholu v krvi 1,5‰ a více",středa,leden,Bystrc,,,,,,,,lehké zranění,"s přilbou (pouze u motocyklistů, příp. cyklistů)",řidičem nemotorového vozidla,"v noci - bez veřejného osvětlení, viditelnost nezhoršená vlivem povětrnostních podmínek",na jízdním pruhu,řidič,pod vlivem alkoholu obsah alkoholu v krvi 1 ‰ a víc,den,,1,71850,1,71850,1,71850,3,66,1,1954,1,54,2020,0,0,1,0,0,1,17,1,1745,1,-1153125.173,-608262.653,60206200005,2020/01/01 00:00:00+00,1000,1000,1b115a0c-a20d-4fcb-8564-1098ebdf6557
-599450.982000001,-1158646.935,1303,Brno-Žabovřesky,ne,nezaviněno řidičem,srážka s chodcem,nehoda s následky na životě nebo zdraví,nezaviněná řidičem,"povrch suchý, neznečistěný",neztížené,dobré,žádné nebo žádné z uvedených,komunikace místní,,,jízdní kolo,Brno-Žabovřesky,muž,Ne,středa,leden,Žabovřesky,,,,,,,,bez zraněn,"bez přilby (pouze u motocyklistů, příp. cyklistů)",chodcem,"v noci - s veřejným osvětlením, viditelnost nezhoršená vlivem povětrnostních podmínek",na jízdním pruhu,řidič,pod vlivem alkoholu obsah alkoholu v krvi 1 ‰ a víc,den,,0,71853,1,71853,1,71853,3,26,1,1994,1,94,2020,0,0,1,0,0,1,17,1,1720,1,-1158646.935,-599450.982,60206200186,2020/01/29 00:00:00+00,0,0,3a5b178c-79aa-4b21-a659-15e81428e0d1
-599034.745000001,-1157948.061,1304,Brno-Královo Pole,ne,nesprávný způsob jízdy,havárie,nehoda s následky na životě nebo zdraví,řidič se plně nevěnoval řízení vozidla,povrch mokrý,"na počátku deště, slabý déšť, mrholení apod.",dobré,v blízkosti přechodu pro chodce (do vzdálenosti 20 m),uzel (křižovatka sledovaná ve vybraných městech),,,jízdní kolo,Brno-Královo Pole,muž,Ne,pátek,leden,Královo Pole,,,,,,,,lehké zranění,"s přilbou (pouze u motocyklistů, příp. cyklistů)",řidičem nemotorového vozidla,"v noci - s veřejným osvětlením, viditelnost nezhoršená vlivem povětrnostních podmínek",na stezce pro cyklisty,řidič,dobrý -žádné nepříznivé okolnosti nebyly zjiště,den,,1,71854,1,71854,1,71854,5,63,1,1957,1,57,2020,0,0,1,0,0,1,6,1,630,1,-1157948.061,-599034.745,60206200198,2020/01/31 00:00:00+00,1000,1000,45156038-39a0-4c13-bb75-819ff9f03d72
-595364.243000001,-1160997.662,1305,Brno-Židenice,ne,nedání přenosti v jízdě,srážka s jedoucím nekolejovým vozidlem,nehoda s následky na životě nebo zdraví,proti příkazu dopravní značky DEJ PŘEDNOST,"povrch suchý, neznečistěný",neztížené,dobré,v blízkosti přechodu pro chodce (do vzdálenosti 20 m),uzel (křižovatka sledovaná ve vybraných městech),,,jízdní kolo,Brno-Židenice,muž,Ne,čtvrtek,únor,Židenice,,,,,,,,lehké zranění,"bez přilby (pouze u motocyklistů, příp. cyklistů)",řidičem nemotorového vozidla,"v noci - s veřejným osvětlením, viditelnost nezhoršená vlivem povětrnostních podmínek",na jízdním pruhu,řidič,dobrý -žádné nepříznivé okolnosti nebyly zjiště,noc,,1,71855,1,71855,1,71855,4,27,1,1993,1,93,2020,0,0,1,0,0,1,23,1,2335,2,-1160997.662,-595364.243,60206200279,2020/02/13 00:00:00+00,41000,1000,fb1d2d09-45e4-4846-891d-cb4cb18ad0c0
-596698.589000002,-1157795.948,1306,Brno-sever,ne,nedání přenosti v jízdě,srážka s tramvají,nehoda s následky na životě nebo zdraví,"tramvaji, která odbočuje","povrch suchý, neznečistěný",neztížené,dobré,železniční přejezd nezabezpečený závorami ani světelným výstražným zařízením,komunikace sledovaná (ve vybraných městech),,,jízdní kolo,Brno-sever,muž,Ne,středa,březen,Lesná,,,,,,,,lehké zranění,"s přilbou (pouze u motocyklistů, příp. cyklistů)",řidičem nemotorového vozidla,"ve dne, viditelnost nezhoršená vlivem povětrnostních podmínek",na kolejích tramvaje,řidič,dobrý -žádné nepříznivé okolnosti nebyly zjiště,den,,1,71859,1,71859,1,71859,3,64,1,1956,1,56,2020,0,0,1,0,0,1,17,1,1729,3,-1157795.948,-596698.589,60206200443,2020/03/11 00:00:00+00,2000,0,3f5f6a21-0570-4a06-8b24-0f9ac416c5ea
-603633.710000001,-1157316.782,1307,Brno-Bystrc,ne,nesprávný způsob jízdy,srážka s jedoucím nekolejovým vozidlem,nehoda s následky na životě nebo zdraví,řidič se plně nevěnoval řízení vozidla,povrch mokrý,neztížené,dobré,"zastávka tramvaje, autobusu, trolejbusu bez nástup. ostrůvku",komunikace sledovaná (ve vybraných městech),,,jízdní kolo,Brno-Bystrc,muž,Ne,čtvrtek,březen,Bystrc,,,,,,,,lehké zranění,"s přilbou (pouze u motocyklistů, příp. cyklistů)",řidičem nemotorového vozidla,"ve dne, viditelnost nezhoršená vlivem povětrnostních podmínek",na jízdním pruhu,řidič,dobrý -žádné nepříznivé okolnosti nebyly zjiště,den,,1,71860,1,71860,1,71860,4,42,1,1978,1,78,2020,0,0,1,0,0,1,7,1,720,3,-1157316.782,-603633.71,60206200445,2020/03/12 00:00:00+00,22000,20000,d90ec990-3e6e-4fb5-8963-aa594ad9f5ae
-595328.164000001,-1159685.062,1308,Brno-Židenice,ne,nedání přenosti v jízdě,srážka s jedoucím nekolejovým vozidlem,nehoda s následky na životě nebo zdraví,při odbočování vlevo,"povrch suchý, neznečistěný",neztížené,dobré,v blízkosti přechodu pro chodce (do vzdálenosti 20 m),komunikace sledovaná (ve vybraných městech),,,jízdní kolo,Brno-Židenice,muž,Ne,pondělí,březen,Židenice,,,,,,,,lehké zranění,"s přilbou (pouze u motocyklistů, příp. cyklistů)",řidičem motorového vozidla,"ve dne, viditelnost nezhoršená vlivem povětrnostních podmínek",na jízdním pruhu,řidič,dobrý -žádné nepříznivé okolnosti nebyly zjiště,den,,1,71861,1,71861,1,71861,1,37,1,1983,1,83,2020,0,0,1,0,0,2,17,1,1710,3,-1159685.062,-595328.164,60206200477,2020/03/16 00:00:00+00,121000,40000,75b0d5c4-d25a-4ef4-a461-1b2abad2b9bd
-600062.155999999,-1159778.944,1309,Brno-střed,ne,nedání přenosti v jízdě,srážka s jedoucím nekolejovým vozidlem,nehoda s následky na životě nebo zdraví,při odbočování vlevo,"povrch suchý, neznečistěný",neztížené,dobré,žádné nebo žádné z uvedených,uzel (křižovatka sledovaná ve vybraných městech),,,jízdní kolo,Brno-střed,muž,Ne,sobota,březen,Stránice,,,,,,,,lehké zranění,"bez přilby (pouze u motocyklistů, příp. cyklistů)",řidičem motorového vozidla,"ve dne, viditelnost nezhoršená vlivem povětrnostních podmínek",na jízdním pruhu,řidič,dobrý -žádné nepříznivé okolnosti nebyly zjiště,den,,1,71862,1,71862,1,71862,6,46,1,1974,1,74,2020,0,0,1,0,0,2,11,1,1118,3,-1159778.944,-600062.156,60206200517,2020/03/28 00:00:00+00,12000,10000,32d519da-541d-40cd-8f91-5474b4182a38
-596533.550999999,-1160066.597,1310,Brno-Židenice,ne,nedání přenosti v jízdě,srážka s jedoucím nekolejovým vozidlem,nehoda s následky na životě nebo zdraví,při odbočování vlevo,"povrch suchý, neznečistěný",neztížené,dobré,v blízkosti přechodu pro chodce (do vzdálenosti 20 m),komunikace sledovaná (ve vybraných městech),,,jízdní kolo,Brno-Židenice,muž,Ne,úterý,duben,Zábrdovice,,,,,,,,lehké zranění,"s přilbou (pouze u motocyklistů, příp. cyklistů)",řidičem motorového vozidla,"ve dne, viditelnost nezhoršená vlivem povětrnostních podmínek",na jízdním pruhu,řidič,dobrý -žádné nepříznivé okolnosti nebyly zjiště,den,,1,71863,1,71863,1,71863,2,46,1,1974,1,74,2020,0,0,1,0,0,2,17,1,1704,4,-1160066.597,-596533.551,60206200562,2020/04/07 00:00:00+00,35000,5000,04bba29f-8186-48d6-bdb4-009340f98c2d
-600713.521000002,-1158322.901,1311,Brno-Žabovřesky,ne,nedání přenosti v jízdě,srážka s jedoucím nekolejovým vozidlem,nehoda s následky na životě nebo zdraví,proti příkazu dopravní značky DEJ PŘEDNOST,"povrch suchý, neznečistěný",neztížené,dobré,přechod pro chodce,uzel (křižovatka sledovaná ve vybraných městech),,,jízdní kolo,Brno-Žabovřesky,muž,Ne,čtvrtek,duben,Žabovřesky,,,,,,,,lehké zranění,"s přilbou (pouze u motocyklistů, příp. cyklistů)",řidičem nemotorového vozidla,"ve dne, viditelnost nezhoršená vlivem povětrnostních podmínek",na jízdním pruhu,řidič,dobrý -žádné nepříznivé okolnosti nebyly zjiště,den,,1,71864,1,71864,1,71864,4,67,1,1953,1,53,2020,0,0,1,0,0,1,13,1,1315,4,-1158322.901,-600713.521,60206200573,2020/04/09 00:00:00+00,26500,5000,435246f6-b0cd-4d94-acd9-be0a8bddaa64
-595492.050999999,-1158739.28,1312,Brno-sever,ne,nepřiměřená rychlost jízdy,havárie,nehoda s následky na životě nebo zdraví,jiný druh nepřiměřené rychlosti,"povrch suchý, neznečistěný",neztížené,dobré,"most, nadjezd, podjezd, tunel",komunikace sledovaná (ve vybraných městech),,,jízdní kolo,Brno-sever,žena,Ne,pátek,duben,Husovice,,,,,,,,lehké zranění,"s přilbou (pouze u motocyklistů, příp. cyklistů)",řidičem nemotorového vozidla,"ve dne, viditelnost nezhoršená vlivem povětrnostních podmínek",na jízdním pruhu,řidič,dobrý -žádné nepříznivé okolnosti nebyly zjiště,den,,1,71865,1,71865,1,71865,5,69,1,1951,1,51,2020,0,0,1,0,0,1,16,1,1620,4,-1158739.28,-595492.051,60206200576,2020/04/10 00:00:00+00,1000,1000,c92cd866-e405-4722-8266-5e1237c24af5
-604273.585999999,-1156967.202,1313,Brno-Bystrc,ne,nepřiměřená rychlost jízdy,havárie,nehoda s následky na životě nebo zdraví,nepřizpůsobení rychlosti vlastnostem vozidla a nákladu,"povrch suchý, neznečistěný",neztížené,dobré,žádné nebo žádné z uvedených,komunikace místní,,,jízdní kolo,Brno-Bystrc,žena,Ne,neděle,duben,Bystrc,,,,,,,,lehké zranění,"bez přilby (pouze u motocyklistů, příp. cyklistů)",řidičem nemotorového vozidla,"ve dne, viditelnost nezhoršená vlivem povětrnostních podmínek",na jízdním pruhu,řidič,dobrý -žádné nepříznivé okolnosti nebyly zjiště,den,,1,71866,1,71866,1,71866,7,30,1,1990,1,90,2020,0,0,1,0,0,1,13,1,1355,4,-1156967.202,-604273.586,60206200580,2020/04/12 00:00:00+00,0,0,ac024a4f-ef1c-4930-aa84-8f0725b7fd1f
-590558.732000001,-1160672.915,1314,Brno-Líšeň,nezjišťováno,nedání přenosti v jízdě,srážka s jedoucím nekolejovým vozidlem,nehoda s následky na životě nebo zdraví,při otáčení nebo couvání,"povrch suchý, neznečistěný",neztížené,dobré,"zastávka autobusu, trolejbusu, tramvaje s nástup. ostrůvkem",komunikace sledovaná (ve vybraných městech),,,jízdní kolo,Brno-Líšeň,muž,Nezjišťován,pondělí,duben,Líšeň,,,,,,,,lehké zranění,"s přilbou (pouze u motocyklistů, příp. cyklistů)",řidičem motorového vozidla,"ve dne, viditelnost nezhoršená vlivem povětrnostních podmínek",na jízdním pruhu,řidič,dobrý -žádné nepříznivé okolnosti nebyly zjiště,den,,1,71867,1,71867,1,71867,1,17,1,2003,1,3,2020,0,0,1,0,0,2,14,1,1430,4,-1160672.915,-590558.732,60206200581,2020/04/13 00:00:00+00,6000,5000,67a1eee1-af4d-42e6-8e56-2ea6de600f51
-596366.215999998,-1155352.342,1315,Brno-Královo Pole,nezjišťováno,nedání přenosti v jízdě,jiný druh nehody,nehoda s následky na životě nebo zdraví,při vjíždění na silnici,"povrch suchý, neznečistěný",neztížené,dobré,"zastávka autobusu, trolejbusu, tramvaje s nástup. ostrůvkem",komunikace sledovaná (ve vybraných městech),,,jízdní kolo,Brno-Královo Pole,muž,Nezjišťován,sobota,duben,Sadová,,,,,,,,lehké zranění,"s přilbou (pouze u motocyklistů, příp. cyklistů)",řidičem nemotorového vozidla,"ve dne, viditelnost nezhoršená vlivem povětrnostních podmínek",na jízdním pruhu,řidič,dobrý -žádné nepříznivé okolnosti nebyly zjiště,den,,1,71869,1,71869,1,71869,6,48,1,1972,1,72,2020,0,0,1,0,0,2,17,1,1715,4,-1155352.342,-596366.216,60206200607,2020/04/18 00:00:00+00,17000,0,4acd092d-0a29-402f-bba2-023d2d4da2c1
-601572.151999999,-1157272.332,1316,Brno-Komín,nezjišťováno,nesprávný způsob jízdy,srážka s jedoucím nekolejovým vozidlem,nehoda s následky na životě nebo zdraví,řidič se plně nevěnoval řízení vozidla,"povrch suchý, neznečistěný",neztížené,dobré,"zastávka tramvaje, autobusu, trolejbusu bez nástup. ostrůvku",komunikace místní,,,jízdní kolo,Brno-Komín,žena,Nezjišťován,pondělí,duben,Komín,,,,,,,,lehké zranění,"bez přilby (pouze u motocyklistů, příp. cyklistů)",řidičem nemotorového vozidla,"ve dne, viditelnost nezhoršená vlivem povětrnostních podmínek",na jízdním pruhu,řidič,dobrý -žádné nepříznivé okolnosti nebyly zjiště,den,,1,71870,1,71870,1,71870,1,53,1,1967,1,67,2020,0,0,1,0,0,2,6,1,640,4,-1157272.332,-601572.152,60206200611,2020/04/20 00:00:00+00,4000,0,cc55ce36-82ec-41d5-aea2-c5e9bafa164f
-599130.427999999,-1157546.631,1317,Brno-Královo Pole,ne,nedání přenosti v jízdě,srážka s jedoucím nekolejovým vozidlem,nehoda s následky na životě nebo zdraví,proti příkazu dopravní značky DEJ PŘEDNOST,"povrch suchý, neznečistěný",neztížené,dobré,žádné nebo žádné z uvedených,komunikace sledovaná (ve vybraných městech),,,jízdní kolo,Brno-Královo Pole,muž,Ne,úterý,duben,Královo Pole,,,,,,,,lehké zranění,"s přilbou (pouze u motocyklistů, příp. cyklistů)",řidičem motorového vozidla,"ve dne, viditelnost nezhoršená vlivem povětrnostních podmínek",na jízdním pruhu,řidič,dobrý -žádné nepříznivé okolnosti nebyly zjiště,den,,1,71871,1,71871,1,71871,2,42,1,1978,1,78,2020,0,0,1,0,0,2,7,1,756,4,-1157546.631,-599130.428,60206200618,2020/04/21 00:00:00+00,20000,10000,aa0cb625-a652-4e76-9551-1e2ed946debc
-604191.693999998,-1162076.47,1318,Brno-Bosonohy,nezjišťováno,nesprávný způsob jízdy,srážka s jedoucím nekolejovým vozidlem,nehoda s následky na životě nebo zdraví,"jízda po nesprávné straně vozovky, vjetí do protisměru","povrch suchý, neznečistěný",neztížené,dobré,žádné nebo žádné z uvedených,komunikace místní,,,jízdní kolo,Brno-Bosonohy,muž,Nezjišťován,sobota,duben,Bosonohy,,,,,,,,lehké zranění,"s přilbou (pouze u motocyklistů, příp. cyklistů)",řidičem motorového vozidla,"ve dne, viditelnost nezhoršená vlivem povětrnostních podmínek",žádné z uvedenýc,řidič,dobrý -žádné nepříznivé okolnosti nebyly zjiště,den,,1,71872,1,71872,1,71872,6,19,1,2001,1,1,2020,0,0,1,0,0,2,18,1,1800,4,-1162076.47,-604191.694,60206200624,2020/04/18 00:00:00+00,7000,5000,413e839c-3542-4053-98d0-f05287eaee4f
-596870.453000002,-1161311.879,1319,Brno-střed,ne,nesprávný způsob jízdy,havárie,nehoda s následky na životě nebo zdraví,řidič se plně nevěnoval řízení vozidla,"povrch suchý, neznečistěný",neztížené,dobré,žádné nebo žádné z uvedených,komunikace sledovaná (ve vybraných městech),,,jízdní kolo,Brno-střed,muž,Ne,pondělí,duben,Trnitá,,,,,,,,lehké zranění,"s přilbou (pouze u motocyklistů, příp. cyklistů)",řidičem nemotorového vozidla,"ve dne, viditelnost nezhoršená vlivem povětrnostních podmínek",na jízdním pruhu,řidič,dobrý -žádné nepříznivé okolnosti nebyly zjiště,den,,1,71873,1,71873,1,71873,1,52,1,1968,1,68,2020,0,0,1,0,0,1,12,1,1246,4,-1161311.879,-596870.453,60206200649,2020/04/27 00:00:00+00,7000,5000,bae360ef-a232-4d9c-b778-fa74ecdd3e3f
-604138.881000001,-1155858.182,1320,Brno-Kníničky,ne,nesprávný způsob jízdy,srážka s jedoucím nekolejovým vozidlem,nehoda s následky na životě nebo zdraví,nedodržení bezpečné vzdálenosti za vozidlem,"povrch suchý, neznečistěný",neztížené,dobré,"most, nadjezd, podjezd, tunel",komunikace sledovaná (ve vybraných městech),,,jízdní kolo,Brno-Kníničky,muž,Ne,neděle,květen,Kníničky,,,,,,,,lehké zranění,"s přilbou (pouze u motocyklistů, příp. cyklistů)",řidičem nemotorového vozidla,"ve dne, viditelnost nezhoršená vlivem povětrnostních podmínek",na jízdním pruhu,řidič,dobrý -žádné nepříznivé okolnosti nebyly zjiště,den,,1,71874,1,71874,1,71874,7,35,1,1985,1,85,2020,0,0,1,0,0,1,16,1,1630,5,-1155858.182,-604138.881,60206200675,2020/05/03 00:00:00+00,15000,10000,4ab7a75f-667a-4168-9121-889ef91c0f83
-594292.532000002,-1162391.855,1321,Brno-Černovice,ne,nedání přenosti v jízdě,srážka s jedoucím nekolejovým vozidlem,nehoda s následky na životě nebo zdraví,při přejíždění z jednoho jízdního pruhu do druhého,"povrch suchý, neznečistěný",neztížené,dobré,"most, nadjezd, podjezd, tunel",komunikace sledovaná (ve vybraných městech),,,jízdní kolo,Brno-Černovice,muž,Ne,pátek,květen,Černovice,,,,,,,,lehké zranění,"bez přilby (pouze u motocyklistů, příp. cyklistů)",řidičem nemotorového vozidla,"ve dne, viditelnost nezhoršená vlivem povětrnostních podmínek",na jízdním pruhu,řidič,dobrý -žádné nepříznivé okolnosti nebyly zjiště,den,,1,71875,1,71875,1,71875,5,40,1,1980,1,80,2020,0,0,1,0,0,1,12,1,1226,5,-1162391.855,-594292.532,60206200705,2020/05/08 00:00:00+00,75000,70000,65934c18-d8b3-413f-b6a1-c732e8476771
-595324.909000002,-1159736.528,1322,Brno-Židenice,ne,nedání přenosti v jízdě,srážka s jedoucím nekolejovým vozidlem,nehoda s následky na životě nebo zdraví,proti příkazu dopravní značky DEJ PŘEDNOST,"povrch suchý, neznečistěný",neztížené,dobré,žádné nebo žádné z uvedených,uzel (křižovatka sledovaná ve vybraných městech),,,jízdní kolo,Brno-Židenice,žena,Ne,sobota,květen,Židenice,,,,,,,,lehké zranění,"bez přilby (pouze u motocyklistů, příp. cyklistů)",řidičem nemotorového vozidla,"ve dne, viditelnost nezhoršená vlivem povětrnostních podmínek",na jízdním pruhu,řidič,dobrý -žádné nepříznivé okolnosti nebyly zjiště,den,,1,71876,1,71876,1,71876,6,62,1,1958,1,58,2020,0,0,1,0,0,1,16,1,1635,5,-1159736.528,-595324.909,60206200713,2020/05/09 00:00:00+00,65000,50000,f521f4eb-fa58-41ea-b617-ff1041fd9475
-599307.662999999,-1156888.817,1323,Brno-Královo Pole,ne,nedání přenosti v jízdě,srážka s jedoucím nekolejovým vozidlem,nehoda s následky na životě nebo zdraví,při odbočování vlevo,"povrch suchý, neznečistěný",neztížené,dobré,žádné nebo žádné z uvedených,komunikace sledovaná (ve vybraných městech),,,jízdní kolo,Brno-Královo Pole,muž,Ne,pátek,květen,Královo Pole,,,,,,,,lehké zranění,"s přilbou (pouze u motocyklistů, příp. cyklistů)",řidičem motorového vozidla,"ve dne, viditelnost nezhoršená vlivem povětrnostních podmínek",na jízdním pruhu,řidič,dobrý -žádné nepříznivé okolnosti nebyly zjiště,den,,1,71877,1,71877,1,71877,5,23,1,1997,1,97,2020,0,0,1,0,0,2,17,1,1715,5,-1156888.817,-599307.663,60206200750,2020/05/15 00:00:00+00,20000,10000,f5c4c396-402b-4982-8333-423ab8798553
-597591.272999998,-1165200.452,1324,Brno-jih,ano,nepřiměřená rychlost jízdy,havárie,nehoda s následky na životě nebo zdraví,nepřizpůsobení rychlosti vlastnostem vozidla a nákladu,"povrch suchý, neznečistěný",neztížené,dobré,žádné nebo žádné z uvedených,komunikace sledovaná (ve vybraných městech),,,jízdní kolo,Brno-jih,muž,"Ano, obsah alkoholu v krvi 1,5‰ a více",pondělí,květen,Dolní Heršpice,,,,,,,,lehké zranění,"bez přilby (pouze u motocyklistů, příp. cyklistů)",řidičem nemotorového vozidla,"v noci - s veřejným osvětlením, viditelnost nezhoršená vlivem povětrnostních podmínek",na jízdním pruhu,řidič,pod vlivem alkoholu obsah alkoholu v krvi 1 ‰ a víc,noc,,1,71878,1,71878,1,71878,1,40,1,1980,1,80,2020,0,0,1,0,0,1,23,0,2305,5,-1165200.452,-597591.273,60206200763,2020/05/18 00:00:00+00,2000,2000,22d65422-b330-4529-98ea-437c90cb85c6
-595992.839000002,-1161645.392,1325,Brno-Černovice,ne,nedání přenosti v jízdě,srážka s jedoucím nekolejovým vozidlem,nehoda s následky na životě nebo zdraví,jiné nedání přednosti,"povrch suchý, neznečistěný",neztížené,dobré,žádné nebo žádné z uvedených,uzel (křižovatka sledovaná ve vybraných městech),,,jízdní kolo,Brno-Černovice,muž,Ne,středa,květen,Černovice,,,,,,,,lehké zranění,"s přilbou (pouze u motocyklistů, příp. cyklistů)",řidičem motorového vozidla,"ve dne, viditelnost nezhoršená vlivem povětrnostních podmínek",na jízdním pruhu,řidič,dobrý -žádné nepříznivé okolnosti nebyly zjiště,den,,1,71879,1,71879,1,71879,3,30,1,1990,1,90,2020,0,0,1,0,0,2,8,1,852,5,-1161645.392,-595992.839,60206200775,2020/05/20 00:00:00+00,16000,10000,c2b6db62-d960-4c28-af8b-10fa82367c72
-607345.147999998,-1158457.356,1326,Brno-Žebětín,ne,nesprávný způsob jízdy,srážka s chodcem,nehoda s následky na životě nebo zdraví,řidič se plně nevěnoval řízení vozidla,"povrch suchý, neznečistěný",neztížené,dobré,žádné nebo žádné z uvedených,komunikace místní,,,jízdní kolo,Brno-Žebětín,muž,Ne,pátek,květen,Žebětín,,,,,,,,bez zraněn,"bez přilby (pouze u motocyklistů, příp. cyklistů)",řidičem nemotorového vozidla,"ve dne, viditelnost nezhoršená vlivem povětrnostních podmínek",na jízdním pruhu,řidič,dobrý -žádné nepříznivé okolnosti nebyly zjiště,den,,0,71881,1,71881,1,71881,5,30,1,1990,1,90,2020,0,0,1,0,0,1,17,1,1745,5,-1158457.356,-607345.148,60206200795,2020/05/22 00:00:00+00,6000,0,66bfc776-395b-4397-91bf-fb335233d5b5
-606848.291999999,-1158481.891,1327,Brno-Žebětín,ne,nedání přenosti v jízdě,srážka s jedoucím nekolejovým vozidlem,nehoda s následky na životě nebo zdraví,při vjíždění na silnici,"povrch suchý, neznečistěný",neztížené,dobré,v blízkosti přechodu pro chodce (do vzdálenosti 20 m),komunikace sledovaná (ve vybraných městech),,,jízdní kolo,Brno-Žebětín,žena,Ne,úterý,květen,Žebětín,,,,,,,,lehké zranění,"s přilbou (pouze u motocyklistů, příp. cyklistů)",řidičem motorového vozidla,"ve dne, viditelnost nezhoršená vlivem povětrnostních podmínek",na jízdním pruhu,řidič,dobrý -žádné nepříznivé okolnosti nebyly zjiště,den,,1,71882,1,71882,1,71882,2,31,1,1989,1,89,2020,0,0,1,0,0,2,15,1,1555,5,-1158481.891,-606848.292,60206200823,2020/05/26 00:00:00+00,20000,10000,29d4c036-fb35-4f1e-bb75-503262fdf308
-595327.162,-1161527.796,1328,Brno-Židenice,ne,nedání přenosti v jízdě,srážka s jedoucím nekolejovým vozidlem,nehoda s následky na životě nebo zdraví,při odbočování vlevo,"povrch suchý, neznečistěný",jiné ztížené,dobré,žádné nebo žádné z uvedených,komunikace místní,,,jízdní kolo,Brno-Židenice,žena,Ne,středa,květen,Židenice,,,,,,,,těžké zranění,"s přilbou (pouze u motocyklistů, příp. cyklistů)",řidičem motorového vozidla,"ve dne, zhoršená viditelnost vlivem povětrnostních podmínek (mlha, sněžení, déšť apod.)",na jízdním pruhu,řidič,dobrý -žádné nepříznivé okolnosti nebyly zjiště,den,,0,71883,1,71883,1,71883,3,43,1,1977,1,77,2020,1,0,0,1,0,2,6,1,653,5,-1161527.796,-595327.162,60206200826,2020/05/27 00:00:00+00,55000,30000,ea7e1d62-9a3b-430b-b00c-ec75aa4473dc