X,Y,objectid_1,zuj,alkohol_vinik,hlavni_pricina,srazka,nasledky,pricina,stav_vozovky,povetrnostni_podm,rozhled,misto_nehody,druh_komun,pneumatiky,druh_pohonu,druh_vozidla,mestska_cast,pohlavi,alkohol,den_v_tydnu,mesic_t,katastr,chovani_chodce,stav_chodce,drogy_chodec,alkohol_chodec,osobni_prepravnik,reflexni_prvky,kategorie_chodce,nasledek,ozn_osoba,zavineni,viditelnost,situovani,osoba,stav_ridic,doba,smrt_po,lz,target_fid_1,join_count_1,objectid,join_count,target_fid,den,vek,smrt_dny,rok_nar,p48a,p59d,rok,tz,smrt,lehce_zran_os,tezce_zran_os,usmrceno_os,id_vozidla,hodina,ovlivneni_ridice,cas,mesic,e,d,id_nehody,datum,hmotna_skoda_1,skoda_vozidlo,globalid
-596213.566,-1156545.621,1329,Brno-sever,ne,nedání přenosti v jízdě,srážka s jedoucím nekolejovým vozidlem,nehoda s následky na životě nebo zdraví,při odbočování vlevo,"povrch suchý, neznečistěný",neztížené,dobré,přechod pro chodce,uzel (křižovatka sledovaná ve vybraných městech),,,jízdní kolo,Brno-sever,muž,Ne,středa,květen,Lesná,,,,,,,,těžké zranění,"s přilbou (pouze u motocyklistů, příp. cyklistů)",řidičem motorového vozidla,"ve dne, viditelnost nezhoršená vlivem povětrnostních podmínek",na jízdním pruhu,řidič,dobrý -žádné nepříznivé okolnosti nebyly zjiště,den,,0,71884,1,71884,1,71884,3,29,1,1991,1,91,2020,1,0,0,1,0,2,14,1,1425,5,-1156545.621,-596213.566,60206200829,2020/05/27 00:00:00+00,15000,10000,543ad958-d810-4324-8db2-3a2cba77012e
-602032.140000001,-1158804.939,1330,Brno-Jundrov,ne,nepřiměřená rychlost jízdy,havárie,nehoda s následky na životě nebo zdraví,nepřizpůsobení rychlosti vlastnostem vozidla a nákladu,"povrch suchý, neznečistěný",neztížené,dobré,přechod pro chodce,komunikace místní,,,jízdní kolo,Brno-Jundrov,žena,Ne,sobota,květen,Jundrov,,,,,,,,lehké zranění,"bez přilby (pouze u motocyklistů, příp. cyklistů)",řidičem nemotorového vozidla,"ve dne, viditelnost nezhoršená vlivem povětrnostních podmínek",na jízdním pruhu,řidič,dobrý -žádné nepříznivé okolnosti nebyly zjiště,den,,1,71885,1,71885,1,71885,6,62,1,1958,1,58,2020,0,0,1,0,0,1,9,1,910,5,-1158804.939,-602032.14,60206200851,2020/05/30 00:00:00+00,0,0,47863b01-434b-408e-97aa-a22ef684d89d
-600382.215999998,-1157889.507,1331,Brno-Žabovřesky,ano,nesprávný způsob jízdy,havárie,nehoda s následky na životě nebo zdraví,řidič se plně nevěnoval řízení vozidla,"povrch suchý, neznečistěný",neztížené,dobré,přechod pro chodce,uzel (křižovatka sledovaná ve vybraných městech),,,jízdní kolo,Brno-Žabovřesky,muž,"Ano, obsah alkoholu v krvi 1,5‰ a více",pondělí,červen,Žabovřesky,,,,,,,,lehké zranění,"bez přilby (pouze u motocyklistů, příp. cyklistů)",řidičem nemotorového vozidla,"v noci - s veřejným osvětlením, viditelnost nezhoršená vlivem povětrnostních podmínek",na jízdním pruhu,řidič,pod vlivem alkoholu obsah alkoholu v krvi 1 ‰ a víc,noc,,1,71886,1,71886,1,71886,1,31,1,1989,1,89,2020,0,0,1,0,0,1,22,1,2250,6,-1157889.507,-600382.216,60206200864,2020/06/01 00:00:00+00,1000,1000,9e621fd1-9a1f-4844-9558-614c77033f06
-596181.423999999,-1160321.886,1332,Brno-Židenice,ne,nesprávný způsob jízdy,"srážka s vozidlem zaparkovaným, odstaveným",nehoda s následky na životě nebo zdraví,řidič se plně nevěnoval řízení vozidla,"povrch suchý, neznečistěný",neztížené,dobré,parkoviště přiléhající ke komunikaci,komunikace místní,,,jízdní kolo,Brno-Židenice,muž,Ne,středa,červen,Zábrdovice,,,,,,,,lehké zranění,"bez přilby (pouze u motocyklistů, příp. cyklistů)",řidičem motorového vozidla,"ve dne, viditelnost nezhoršená vlivem povětrnostních podmínek",na jízdním pruhu,řidič,dobrý -žádné nepříznivé okolnosti nebyly zjiště,den,,1,71888,1,71888,1,71888,3,45,1,1975,1,75,2020,0,0,1,0,0,2,13,1,1350,6,-1160321.886,-596181.424,60206200879,2020/06/03 00:00:00+00,7000,1000,53be5db5-4913-462f-8997-e07931fe55f1
-595883.895,-1162897.556,1333,Brno-Černovice,ne,nedání přenosti v jízdě,srážka s jedoucím nekolejovým vozidlem,nehoda s následky na životě nebo zdraví,vozidlu přijíždějícímu zprava,"povrch suchý, neznečistěný",neztížené,dobré,žádné nebo žádné z uvedených,komunikace místní,,,jízdní kolo,Brno-Černovice,muž,Ne,čtvrtek,červen,Černovice,,,,,,,,těžké zranění,"s přilbou (pouze u motocyklistů, příp. cyklistů)",řidičem nemotorového vozidla,"ve dne, viditelnost nezhoršená vlivem povětrnostních podmínek",na jízdním pruhu,řidič,dobrý -žádné nepříznivé okolnosti nebyly zjiště,den,,0,71890,1,71890,1,71890,4,36,1,1984,1,84,2020,1,0,0,1,0,1,18,1,1835,6,-1162897.556,-595883.895,60206200889,2020/06/04 00:00:00+00,80000,30000,91c8f7fd-f63b-45fe-b881-5c93cef764f7
-596197.664000001,-1159298.921,1334,Brno-sever,ne,nepřiměřená rychlost jízdy,srážka s jedoucím nekolejovým vozidlem,nehoda s následky na životě nebo zdraví,"nepřizpůsobení rychlosti stavu vozovky (náledí, výtluky, bláto, mokrý povrch apod.)",povrch mokrý,"na počátku deště, slabý déšť, mrholení apod.",dobré,žádné nebo žádné z uvedených,komunikace sledovaná (ve vybraných městech),,,jízdní kolo,Brno-sever,muž,Ne,středa,červen,Husovice,,,,,,,,lehké zranění,"s přilbou (pouze u motocyklistů, příp. cyklistů)",řidičem nemotorového vozidla,"ve dne, viditelnost nezhoršená vlivem povětrnostních podmínek",na jízdním pruhu,řidič,dobrý -žádné nepříznivé okolnosti nebyly zjiště,den,,1,71894,1,71894,1,71894,3,23,1,1997,1,97,2020,0,0,1,0,0,1,17,1,1755,6,-1159298.921,-596197.664,60206200926,2020/06/10 00:00:00+00,12000,10000,1abc3968-3d2d-43a2-b048-46a2ce80e322
-599826.745000001,-1158716.374,1335,Brno-Žabovřesky,ne,nedání přenosti v jízdě,srážka s jedoucím nekolejovým vozidlem,nehoda s následky na životě nebo zdraví,při vjíždění na silnici,"povrch suchý, neznečistěný",neztížené,výhled zakryt stojícím vozidlem,parkoviště přiléhající ke komunikaci,komunikace sledovaná (ve vybraných městech),,,jízdní kolo,Brno-Žabovřesky,muž,Ne,pondělí,červen,Žabovřesky,,,,,,,,lehké zranění,"bez přilby (pouze u motocyklistů, příp. cyklistů)",řidičem motorového vozidla,"ve dne, viditelnost nezhoršená vlivem povětrnostních podmínek",na jízdním pruhu,řidič,dobrý -žádné nepříznivé okolnosti nebyly zjiště,den,,1,71896,1,71896,1,71896,1,40,1,1980,1,80,2020,0,0,1,0,0,2,17,1,1754,6,-1158716.374,-599826.745,60206200969,2020/06/15 00:00:00+00,13000,10000,eaee11d7-29db-4f36-9b16-2c8f23fdc21c
-593051.666999999,-1164162.478,1336,Brno-Slatina,ne,nedání přenosti v jízdě,srážka s jedoucím nekolejovým vozidlem,nehoda s následky na životě nebo zdraví,vozidlu přijíždějícímu zprava,"povrch suchý, neznečistěný",neztížené,dobré,žádné nebo žádné z uvedených,komunikace místní,,,jízdní kolo,Brno-Slatina,žena,Ne,úterý,červen,Slatina,,,,,,,,lehké zranění,"s přilbou (pouze u motocyklistů, příp. cyklistů)",řidičem nemotorového vozidla,"ve dne, viditelnost nezhoršená vlivem povětrnostních podmínek",na jízdním pruhu,řidič,dobrý -žádné nepříznivé okolnosti nebyly zjiště,den,,1,71897,1,71897,1,71897,2,40,1,1980,1,80,2020,0,0,1,0,0,1,6,1,613,6,-1164162.478,-593051.667,60206200976,2020/06/16 00:00:00+00,60000,50000,2a0df8cd-3720-4a49-991b-158178ea3515
-608026.958999999,-1155407.853,1337,Brno-Bystrc,ne,nesprávný způsob jízdy,havárie,nehoda s následky na životě nebo zdraví,řidič se plně nevěnoval řízení vozidla,"povrch suchý, neznečistěný",neztížené,dobré,žádné nebo žádné z uvedených,komunikace účelová - polní a lesní cesty atd.,,,jízdní kolo,Brno-Bystrc,muž,Ne,úterý,červen,Bystrc,,,,,,,,lehké zranění,"bez přilby (pouze u motocyklistů, příp. cyklistů)",řidičem nemotorového vozidla,"ve dne, viditelnost nezhoršená vlivem povětrnostních podmínek",na jízdním pruhu,řidič,dobrý -žádné nepříznivé okolnosti nebyly zjiště,den,,1,71898,1,71898,1,71898,2,57,1,1963,1,63,2020,0,0,1,0,0,1,12,1,1210,6,-1155407.853,-608026.959,60206201034,2020/06/23 00:00:00+00,2000,1000,77f4f3dd-f3d6-422c-b18e-561af92c8841
-604213.133000001,-1155995.945,1338,Brno-Bystrc,ano,nepřiměřená rychlost jízdy,havárie,nehoda s následky na životě nebo zdraví,nepřizpůsobení rychlosti vlastnostem vozidla a nákladu,"povrch suchý, neznečistěný",neztížené,dobré,žádné nebo žádné z uvedených,komunikace sledovaná (ve vybraných městech),,,jízdní kolo,Brno-Bystrc,muž,"Ano, obsah alkoholu v krvi 1,5‰ a více",úterý,červen,Bystrc,,,,,,,,lehké zranění,"bez přilby (pouze u motocyklistů, příp. cyklistů)",řidičem nemotorového vozidla,"ve dne, viditelnost nezhoršená vlivem povětrnostních podmínek",na jízdním pruhu,řidič,pod vlivem alkoholu obsah alkoholu v krvi 1 ‰ a víc,den,,1,71899,1,71899,1,71899,2,43,1,1977,1,77,2020,0,0,1,0,0,1,18,1,1830,6,-1155995.945,-604213.133,60206201038,2020/06/23 00:00:00+00,500,500,215dfc70-a34c-4377-bab6-b7c8f4e719d4
-603650.443,-1156767.465,1339,Brno-Bystrc,ano,nesprávný způsob jízdy,havárie,nehoda s následky na životě nebo zdraví,řidič se plně nevěnoval řízení vozidla,"povrch suchý, neznečistěný",neztížené,dobré,žádné nebo žádné z uvedených,komunikace místní,,,jízdní kolo,Brno-Bystrc,žena,"Ano, obsah alkoholu v krvi do 0,24 ‰",sobota,červen,Bystrc,,,,,,,,lehké zranění,"s přilbou (pouze u motocyklistů, příp. cyklistů)",řidičem nemotorového vozidla,"ve dne, viditelnost nezhoršená vlivem povětrnostních podmínek",na jízdním pruhu,řidič,"pod vlivem alkoholu, obsah alkoholu v krvi do 0,99 ‰",den,,1,71901,1,71901,1,71901,6,42,1,1978,1,78,2020,0,0,1,0,0,1,20,1,2024,6,-1156767.465,-603650.443,60206201074,2020/06/27 00:00:00+00,1000,1000,6b156674-f937-4ad6-a0b0-f37531806a5f
-595193.002999999,-1161026.822,1340,Brno-Židenice,ne,nesprávný způsob jízdy,havárie,nehoda s následky na životě nebo zdraví,řidič se plně nevěnoval řízení vozidla,"povrch suchý, neznečistěný",neztížené,dobré,žádné nebo žádné z uvedených,komunikace sledovaná (ve vybraných městech),,,jízdní kolo,Brno-Židenice,muž,Ne,neděle,červen,Židenice,,,,,,,,lehké zranění,"bez přilby (pouze u motocyklistů, příp. cyklistů)",řidičem nemotorového vozidla,"ve dne, viditelnost nezhoršená vlivem povětrnostních podmínek",na jízdním pruhu,řidič,dobrý -žádné nepříznivé okolnosti nebyly zjiště,den,,1,71902,1,71902,1,71902,7,65,1,1955,1,55,2020,0,0,1,0,0,1,16,1,1652,6,-1161026.822,-595193.003,60206201078,2020/06/28 00:00:00+00,1000,1000,3fb7a9c7-3560-431b-83e0-6e43ba3559eb
-597415.739,-1163638.557,1341,Brno-jih,ne,nezaviněno řidičem,srážka s chodcem,nehoda s následky na životě nebo zdraví,nezaviněná řidičem,"povrch suchý, neznečistěný",neztížené,dobré,žádné nebo žádné z uvedených,komunikace místní,,,jízdní kolo,Brno-jih,muž,Ne,středa,červenec,Komárov,,,,,,,,lehké zranění,"s přilbou (pouze u motocyklistů, příp. cyklistů)",chodcem,"ve dne, viditelnost nezhoršená vlivem povětrnostních podmínek",na stezce pro cyklisty,řidič,dobrý -žádné nepříznivé okolnosti nebyly zjiště,den,,1,71903,1,71903,1,71903,3,52,1,1968,1,68,2020,0,0,1,0,0,1,12,1,1215,7,-1163638.557,-597415.739,60206201101,2020/07/01 00:00:00+00,6000,5000,485dac6e-7c9d-423f-8779-f733df6987eb
-594888.837000001,-1161003.832,1342,Brno-Židenice,ne,nepřiměřená rychlost jízdy,havárie,nehoda s následky na životě nebo zdraví,nepřizpůsobení rychlosti vlastnostem vozidla a nákladu,"povrch suchý, neznečistěný",neztížené,dobré,žádné nebo žádné z uvedených,komunikace sledovaná (ve vybraných městech),,,jízdní kolo,Brno-Židenice,muž,Ne,pátek,červenec,Židenice,,,,,,,,lehké zranění,"s přilbou (pouze u motocyklistů, příp. cyklistů)",řidičem nemotorového vozidla,"ve dne, viditelnost nezhoršená vlivem povětrnostních podmínek",na jízdním pruhu,řidič,dobrý -žádné nepříznivé okolnosti nebyly zjiště,den,,1,71904,1,71904,1,71904,5,20,1,2000,1,0,2020,0,0,1,0,0,1,19,1,1950,7,-1161003.832,-594888.837,60206201121,2020/07/03 00:00:00+00,2000,1000,7e907ad6-f8bf-40ea-b727-6a73cfdfed5f
-595171.397,-1161037.199,1343,Brno-Židenice,ne,nesprávný způsob jízdy,havárie,nehoda s následky na životě nebo zdraví,řidič se plně nevěnoval řízení vozidla,"povrch suchý, neznečistěný",neztížené,dobré,žádné nebo žádné z uvedených,komunikace sledovaná (ve vybraných městech),,,jízdní kolo,Brno-Židenice,žena,Ne,neděle,červenec,Židenice,,,,,,,,lehké zranění,"s přilbou (pouze u motocyklistů, příp. cyklistů)",řidičem nemotorového vozidla,"ve dne, viditelnost nezhoršená vlivem povětrnostních podmínek",na jízdním pruhu,řidič,dobrý -žádné nepříznivé okolnosti nebyly zjiště,den,,1,71905,1,71905,1,71905,7,46,1,1974,1,74,2020,0,0,1,0,0,1,7,1,735,7,-1161037.199,-595171.397,60206201125,2020/07/05 00:00:00+00,5000,5000,2b30fd48-16c9-4d27-8e46-490908499390
-592849.436000001,-1163180.109,1344,Brno-Slatina,ne,nedání přenosti v jízdě,srážka s jedoucím nekolejovým vozidlem,nehoda s následky na životě nebo zdraví,při odbočování vlevo,"povrch suchý, neznečistěný",neztížené,dobré,v blízkosti přechodu pro chodce (do vzdálenosti 20 m),komunikace sledovaná (ve vybraných městech),,,jízdní kolo,Brno-Slatina,muž,Ne,pondělí,červenec,Slatina,,,,,,,,těžké zranění,"s přilbou (pouze u motocyklistů, příp. cyklistů)",řidičem motorového vozidla,"ve dne, viditelnost nezhoršená vlivem povětrnostních podmínek",na jízdním pruhu,řidič,dobrý -žádné nepříznivé okolnosti nebyly zjiště,den,,0,71906,1,71906,1,71906,1,41,1,1979,1,79,2020,1,0,0,1,0,2,7,1,740,7,-1163180.109,-592849.436,60206201127,2020/07/06 00:00:00+00,338000,300000,121d97b8-fff8-4118-8f17-c77b17517905
-592420.102000002,-1164594.702,1345,Brno-Slatina,ne,nedání přenosti v jízdě,srážka s jedoucím nekolejovým vozidlem,nehoda s následky na životě nebo zdraví,proti příkazu dopravní značky DEJ PŘEDNOST,"povrch suchý, neznečistěný",neztížené,dobré,"most, nadjezd, podjezd, tunel",komunikace sledovaná (ve vybraných městech),,,jízdní kolo,Brno-Slatina,muž,Ne,pondělí,červenec,Slatina,,,,,,,,lehké zranění,"s přilbou (pouze u motocyklistů, příp. cyklistů)",řidičem motorového vozidla,"ve dne, viditelnost nezhoršená vlivem povětrnostních podmínek",na jízdním pruhu,řidič,dobrý -žádné nepříznivé okolnosti nebyly zjiště,den,,1,71907,1,71907,1,71907,1,38,1,1982,1,82,2020,0,0,1,0,0,2,19,1,1908,7,-1164594.702,-592420.102,60206201131,2020/07/06 00:00:00+00,80000,50000,4fa22097-9c76-4641-837b-c5504ace0fa1
-599027.835999999,-1157061.317,1346,Brno-Královo Pole,ne,nedání přenosti v jízdě,srážka s jedoucím nekolejovým vozidlem,nehoda s následky na životě nebo zdraví,vozidlu přijíždějícímu zprava,"povrch suchý, neznečistěný",neztížené,dobré,žádné nebo žádné z uvedených,komunikace místní,,,jízdní kolo,Brno-Královo Pole,muž,Ne,pátek,červenec,Královo Pole,,,,,,,,lehké zranění,"bez přilby (pouze u motocyklistů, příp. cyklistů)",řidičem nemotorového vozidla,"ve dne, viditelnost nezhoršená vlivem povětrnostních podmínek",na jízdním pruhu,řidič,dobrý -žádné nepříznivé okolnosti nebyly zjiště,den,,1,71908,1,71908,1,71908,5,57,1,1963,1,63,2020,0,0,1,0,0,1,10,1,1000,7,-1157061.317,-599027.836,60206201154,2020/07/10 00:00:00+00,75000,25000,4c62a5bb-66e8-4b75-a82c-32059e541a81
-598534.572999999,-1158360.615,1347,Brno-Královo Pole,ne,nedání přenosti v jízdě,srážka s jedoucím nekolejovým vozidlem,nehoda s následky na životě nebo zdraví,při otáčení nebo couvání,"povrch suchý, neznečistěný",neztížené,dobré,žádné nebo žádné z uvedených,komunikace sledovaná (ve vybraných městech),,,jízdní kolo,Brno-Královo Pole,muž,Ne,pátek,červenec,Ponava,,,,,,,,lehké zranění,"bez přilby (pouze u motocyklistů, příp. cyklistů)",řidičem motorového vozidla,"ve dne, viditelnost nezhoršená vlivem povětrnostních podmínek",na jízdním pruhu,řidič,dobrý -žádné nepříznivé okolnosti nebyly zjiště,den,,1,71910,1,71910,1,71910,5,45,1,1975,1,75,2020,0,0,1,0,0,2,16,1,1610,7,-1158360.615,-598534.573,60206201156,2020/07/10 00:00:00+00,20000,10000,a8793be0-e5aa-4ab4-a1b1-33dc937b0cf4
-599860.614,-1159936.233,1348,Brno-střed,ne,nepřiměřená rychlost jízdy,havárie,nehoda s následky na životě nebo zdraví,nepřizpůsobení rychlosti vlastnostem vozidla a nákladu,"povrch suchý, neznečistěný",neztížené,dobré,žádné nebo žádné z uvedených,komunikace sledovaná (ve vybraných městech),,,jízdní kolo,Brno-střed,muž,Ne,neděle,červenec,Stránice,,,,,,,,lehké zranění,"bez přilby (pouze u motocyklistů, příp. cyklistů)",řidičem nemotorového vozidla,"ve dne, viditelnost nezhoršená vlivem povětrnostních podmínek",na kolejích tramvaje,řidič,dobrý -žádné nepříznivé okolnosti nebyly zjiště,den,,1,71911,1,71911,1,71911,7,26,1,1994,1,94,2020,0,0,1,0,0,1,17,1,1735,7,-1159936.233,-599860.614,60206201170,2020/07/12 00:00:00+00,1000,1000,0e911a4b-105e-4cb8-a67a-a220e3946375
-601170.936999999,-1160331.036,1349,Brno-Jundrov,nezjišťováno,nesprávný způsob jízdy,havárie,nehoda s následky na životě nebo zdraví,řidič se plně nevěnoval řízení vozidla,"povrch suchý, neznečistěný",neztížené,dobré,žádné nebo žádné z uvedených,komunikace sledovaná (ve vybraných městech),,,jízdní kolo,Brno-Jundrov,muž,Nezjišťován,neděle,červenec,Pisárky,,,,,,,,lehké zranění,"s přilbou (pouze u motocyklistů, příp. cyklistů)",řidičem nemotorového vozidla,"ve dne, viditelnost nezhoršená vlivem povětrnostních podmínek",na jízdním pruhu,řidič,dobrý -žádné nepříznivé okolnosti nebyly zjiště,den,,1,71912,1,71912,1,71912,7,46,1,1974,1,74,2020,0,0,1,0,0,1,19,1,1919,7,-1160331.036,-601170.937,60206201171,2020/07/12 00:00:00+00,0,0,9898de06-1d36-4673-8a57-c627c9642722
-600992.006999999,-1158135.697,1350,Brno-Žabovřesky,ne,nedání přenosti v jízdě,srážka s jedoucím nekolejovým vozidlem,nehoda s následky na životě nebo zdraví,proti příkazu dopravní značky DEJ PŘEDNOST,"povrch suchý, neznečistěný",neztížené,dobré,žádné nebo žádné z uvedených,uzel (křižovatka sledovaná ve vybraných městech),,,jízdní kolo,Brno-Žabovřesky,žena,Ne,středa,červenec,Žabovřesky,,,,,,,,lehké zranění,"bez přilby (pouze u motocyklistů, příp. cyklistů)",řidičem motorového vozidla,"ve dne, viditelnost nezhoršená vlivem povětrnostních podmínek",na jízdním pruhu,řidič,dobrý -žádné nepříznivé okolnosti nebyly zjiště,den,,1,71914,1,71914,1,71914,3,30,1,1990,1,90,2020,0,0,1,0,0,2,6,1,642,7,-1158135.697,-600992.007,60206201197,2020/07/15 00:00:00+00,25000,20000,1033c296-459b-4568-9b30-5519b4072cfd
-598575.682,-1159320.047,1351,Brno-střed,ano,nesprávný způsob jízdy,srážka s jedoucím nekolejovým vozidlem,nehoda pouze s hmotnou škodou,řidič se plně nevěnoval řízení vozidla,"povrch suchý, neznečistěný",neztížené,dobré,parkoviště přiléhající ke komunikaci,komunikace místní,,,jízdní kolo,Brno-střed,muž,Pod vlivem drog,neděle,červenec,Veveří,,,,,,,,bez zraněn,"bez přilby (pouze u motocyklistů, příp. cyklistů)",řidičem nemotorového vozidla,"ve dne, viditelnost nezhoršená vlivem povětrnostních podmínek",na jízdním pruhu,řidič,"pod vlivem léků, narkoti",den,,0,71915,1,71915,1,71915,7,57,1,1963,1,63,2020,0,0,0,0,0,1,19,1,1950,7,-1159320.047,-598575.682,60206201227,2020/07/19 00:00:00+00,10000,10000,b43e0da8-102e-4f75-a29b-c856ad939ab9
-597330.351,-1164407.821,1352,Brno-jih,ne,nesprávný způsob jízdy,srážka s chodcem,nehoda s následky na životě nebo zdraví,řidič se plně nevěnoval řízení vozidla,"povrch suchý, neznečistěný",neztížené,dobré,žádné nebo žádné z uvedených,komunikace místní,,,jízdní kolo,Brno-jih,muž,Ne,pondělí,červenec,Horní Heršpice,,,,,,,,bez zraněn,"bez přilby (pouze u motocyklistů, příp. cyklistů)",řidičem nemotorového vozidla,"ve dne, viditelnost nezhoršená vlivem povětrnostních podmínek",na stezce pro cyklisty,řidič,dobrý -žádné nepříznivé okolnosti nebyly zjiště,den,,0,71916,1,71916,1,71916,1,24,1,1996,1,96,2020,0,0,1,0,0,1,14,1,1415,7,-1164407.821,-597330.351,60206201233,2020/07/20 00:00:00+00,10000,0,8671a361-5bbe-4393-9007-b7ab3582869a
-598774.800999999,-1157509.093,1353,Brno-Královo Pole,ne,nesprávný způsob jízdy,srážka s jedoucím nekolejovým vozidlem,nehoda s následky na životě nebo zdraví,nedodržení bezpečné vzdálenosti za vozidlem,"povrch suchý, neznečistěný",neztížené,dobré,žádné nebo žádné z uvedených,komunikace sledovaná (ve vybraných městech),,,jízdní kolo,Brno-Královo Pole,muž,Ne,středa,červenec,Královo Pole,,,,,,,,lehké zranění,"bez přilby (pouze u motocyklistů, příp. cyklistů)",řidičem nemotorového vozidla,"ve dne, viditelnost nezhoršená vlivem povětrnostních podmínek",na jízdním pruhu,řidič,dobrý -žádné nepříznivé okolnosti nebyly zjiště,den,,1,71917,1,71917,1,71917,3,42,1,1978,1,78,2020,0,0,1,0,0,1,13,1,1345,7,-1157509.093,-598774.801,60206201243,2020/07/22 00:00:00+00,18000,3000,478f4b76-da34-49f0-9ca2-c26278186e4a
-598879.298999999,-1154382.715,1354,Brno-Řečkovice a Mokrá Hora,ne,nepřiměřená rychlost jízdy,srážka s jedoucím nekolejovým vozidlem,nehoda s následky na životě nebo zdraví,nepřizpůsobení rychlosti vlastnostem vozidla a nákladu,"povrch suchý, neznečistěný",neztížené,dobré,"zastávka autobusu, trolejbusu, tramvaje s nástup. ostrůvkem",komunikace sledovaná (ve vybraných městech),,,jízdní kolo,Brno-Řečkovice a Mokrá Hora,muž,Ne,středa,červenec,Řečkovice,,,,,,,,lehké zranění,"bez přilby (pouze u motocyklistů, příp. cyklistů)",řidičem nemotorového vozidla,"ve dne, viditelnost nezhoršená vlivem povětrnostních podmínek",na chodníku nebo ostrůvku,řidič,dobrý -žádné nepříznivé okolnosti nebyly zjiště,den,,1,71918,1,71918,1,71918,3,24,1,1996,1,96,2020,0,0,1,0,0,1,15,1,1530,7,-1154382.715,-598879.299,60206201245,2020/07/22 00:00:00+00,0,0,f6bc1a9e-f7a6-4048-95ba-a73d3f6ad4f0
-600488.993999999,-1158096.156,1355,Brno-Žabovřesky,ne,nepřiměřená rychlost jízdy,srážka s jedoucím nekolejovým vozidlem,nehoda s následky na životě nebo zdraví,"nepřizpůsobení rychlosti dopravně technickému stavu vozovky (zatáčka, klesání, stoupání, šířka vozovky apod.)","povrch suchý, neznečistěný",neztížené,dobré,přechod pro chodce,uzel (křižovatka sledovaná ve vybraných městech),,,jízdní kolo,Brno-Žabovřesky,muž,Ne,čtvrtek,červenec,Žabovřesky,,,,,,,,lehké zranění,"s přilbou (pouze u motocyklistů, příp. cyklistů)",řidičem nemotorového vozidla,"ve dne, viditelnost nezhoršená vlivem povětrnostních podmínek",na jízdním pruhu,řidič,dobrý -žádné nepříznivé okolnosti nebyly zjiště,den,,1,71919,1,71919,1,71919,4,22,1,1998,1,98,2020,0,0,1,0,0,1,8,1,814,7,-1158096.156,-600488.994,60206201249,2020/07/23 00:00:00+00,55000,5000,3dd5cb96-1ef6-47e4-979e-4ee11c7af614
-594820.563999999,-1157232.215,1356,Brno-Maloměřice a Obřany,ne,nedání přenosti v jízdě,srážka s jedoucím nekolejovým vozidlem,nehoda s následky na životě nebo zdraví,při odbočování vlevo,"povrch suchý, neznečistěný",neztížené,dobré,v blízkosti přechodu pro chodce (do vzdálenosti 20 m),uzel (křižovatka sledovaná ve vybraných městech),,,jízdní kolo,Brno-Maloměřice a Obřany,muž,Ne,čtvrtek,červenec,Obřany,,,,,,,,lehké zranění,"s přilbou (pouze u motocyklistů, příp. cyklistů)",řidičem motorového vozidla,"ve dne, viditelnost nezhoršená vlivem povětrnostních podmínek",na jízdním pruhu,řidič,dobrý -žádné nepříznivé okolnosti nebyly zjiště,den,,1,71920,1,71920,1,71920,4,46,1,1974,1,74,2020,0,0,1,0,0,2,16,1,1655,7,-1157232.215,-594820.564,60206201256,2020/07/23 00:00:00+00,235000,30000,665fb49f-3e48-4a26-8cdd-4537415c0ff6
-601726.695,-1157529.024,1357,Brno-Komín,ne,nesprávný způsob jízdy,srážka s chodcem,nehoda s následky na životě nebo zdraví,řidič se plně nevěnoval řízení vozidla,"povrch suchý, neznečistěný",neztížené,dobré,žádné nebo žádné z uvedených,komunikace místní,,,jízdní kolo,Brno-Komín,muž,Ne,úterý,červenec,Komín,,,,,,,,bez zraněn,"bez přilby (pouze u motocyklistů, příp. cyklistů)",řidičem nemotorového vozidla,"ve dne, viditelnost nezhoršená vlivem povětrnostních podmínek",na chodníku nebo ostrůvku,řidič,dobrý -žádné nepříznivé okolnosti nebyly zjiště,den,,0,71923,1,71923,1,71923,2,64,1,1956,1,56,2020,0,0,1,0,0,1,10,1,1040,7,-1157529.024,-601726.695,60206201277,2020/07/28 00:00:00+00,0,0,16961882-ff22-42e6-af01-9d79d3c56b59
-599291.234999999,-1155805.554,1358,Brno-Řečkovice a Mokrá Hora,ne,nesprávný způsob jízdy,havárie,nehoda s následky na životě nebo zdraví,řidič se plně nevěnoval řízení vozidla,"povrch suchý, neznečistěný",neztížené,dobré,žádné nebo žádné z uvedených,komunikace sledovaná (ve vybraných městech),,,jízdní kolo,Brno-Řečkovice a Mokrá Hora,žena,Ne,středa,červenec,Řečkovice,,,,,,,,lehké zranění,"s přilbou (pouze u motocyklistů, příp. cyklistů)",řidičem nemotorového vozidla,"ve dne, viditelnost nezhoršená vlivem povětrnostních podmínek",na jízdním pruhu,řidič,dobrý -žádné nepříznivé okolnosti nebyly zjiště,den,,1,71924,1,71924,1,71924,3,33,1,1987,1,87,2020,0,0,1,0,0,1,10,1,1010,7,-1155805.554,-599291.235,60206201279,2020/07/29 00:00:00+00,10000,9000,a773c015-ed08-4f0c-b50f-e3572545e02e