X,Y,objectid_1,zuj,alkohol_vinik,hlavni_pricina,srazka,nasledky,pricina,stav_vozovky,povetrnostni_podm,rozhled,misto_nehody,druh_komun,pneumatiky,druh_pohonu,druh_vozidla,mestska_cast,pohlavi,alkohol,den_v_tydnu,mesic_t,katastr,chovani_chodce,stav_chodce,drogy_chodec,alkohol_chodec,osobni_prepravnik,reflexni_prvky,kategorie_chodce,nasledek,ozn_osoba,zavineni,viditelnost,situovani,osoba,stav_ridic,doba,smrt_po,lz,target_fid_1,join_count_1,objectid,join_count,target_fid,den,vek,smrt_dny,rok_nar,p48a,p59d,rok,tz,smrt,lehce_zran_os,tezce_zran_os,usmrceno_os,id_vozidla,hodina,ovlivneni_ridice,cas,mesic,e,d,id_nehody,datum,hmotna_skoda_1,skoda_vozidlo,globalid
-594856.214000002,-1162311.054,1359,Brno-Černovice,ne,nesprávný způsob jízdy,srážka s jedoucím nekolejovým vozidlem,nehoda s následky na životě nebo zdraví,řidič se plně nevěnoval řízení vozidla,"povrch suchý, neznečistěný",neztížené,dobré,žádné nebo žádné z uvedených,komunikace místní,,,jízdní kolo,Brno-Černovice,muž,Ne,středa,červenec,Černovice,,,,,,,,lehké zranění,"s přilbou (pouze u motocyklistů, příp. cyklistů)",řidičem motorového vozidla,"ve dne, viditelnost nezhoršená vlivem povětrnostních podmínek",na jízdním pruhu,řidič,dobrý -žádné nepříznivé okolnosti nebyly zjiště,den,,1,71925,1,71925,1,71925,3,27,1,1993,1,93,2020,0,0,1,0,0,2,17,1,1720,7,-1162311.054,-594856.214,60206201286,2020/07/29 00:00:00+00,2000,0,1332a4e8-a824-4aac-baed-834403c82fe1
-604321.085999999,-1160114.752,1360,Brno-Žebětín,nezjišťováno,nesprávný způsob jízdy,srážka s jedoucím nekolejovým vozidlem,nehoda s následky na životě nebo zdraví,řidič se plně nevěnoval řízení vozidla,"povrch suchý, neznečistěný",neztížené,dobré,žádné nebo žádné z uvedených,komunikace sledovaná (ve vybraných městech),,,jízdní kolo,Brno-Žebětín,žena,Nezjišťován,středa,červenec,Žebětín,,,,,,,,lehké zranění,"s přilbou (pouze u motocyklistů, příp. cyklistů)",řidičem motorového vozidla,"ve dne, viditelnost nezhoršená vlivem povětrnostních podmínek",na jízdním pruhu,řidič,dobrý -žádné nepříznivé okolnosti nebyly zjiště,den,,1,71926,1,71926,1,71926,3,27,1,1993,1,93,2020,0,0,1,0,0,2,18,1,1850,7,-1160114.752,-604321.086,60206201289,2020/07/29 00:00:00+00,0,0,d68bb140-792e-4e6c-8c2a-f9ceb19676b0
-598403.769000001,-1158442.445,1361,Brno-Královo Pole,ne,nedání přenosti v jízdě,srážka s jedoucím nekolejovým vozidlem,nehoda s následky na životě nebo zdraví,proti příkazu dopravní značky STŮJ DEJ PŘEDNOST,"povrch suchý, neznečistěný",neztížené,dobré,žádné nebo žádné z uvedených,komunikace místní,,,jízdní kolo,Brno-Královo Pole,muž,Ne,čtvrtek,červenec,Ponava,,,,,,,,lehké zranění,"s přilbou (pouze u motocyklistů, příp. cyklistů)",řidičem motorového vozidla,"v noci - s veřejným osvětlením, viditelnost nezhoršená vlivem povětrnostních podmínek",na jízdním pruhu,řidič,"pod vlivem alkoholu, obsah alkoholu v krvi do 0,99 ‰",noc,,1,71927,1,71927,1,71927,4,47,1,1973,1,73,2020,0,0,1,0,0,2,23,1,2300,7,-1158442.445,-598403.769,60206201296,2020/07/30 00:00:00+00,10000,5000,5890f25f-b666-4553-ae40-0e13a31eb254
-596116.456,-1169199.371,1362,Brno-Chrlice,ano,nepřiměřená rychlost jízdy,havárie,nehoda s následky na životě nebo zdraví,"nepřizpůsobení rychlosti dopravně technickému stavu vozovky (zatáčka, klesání, stoupání, šířka vozovky apod.)","povrch suchý, neznečistěný",neztížené,dobré,žádné nebo žádné z uvedených,komunikace místní,,,jízdní kolo,Brno-Chrlice,muž,"Ano, obsah alkoholu v krvi 1,5‰ a více",sobota,srpen,Chrlice,,,,,,,,lehké zranění,"bez přilby (pouze u motocyklistů, příp. cyklistů)",řidičem nemotorového vozidla,"ve dne, viditelnost nezhoršená vlivem povětrnostních podmínek",na stezce pro cyklisty,řidič,pod vlivem alkoholu obsah alkoholu v krvi 1 ‰ a víc,den,,1,71928,1,71928,1,71928,6,37,1,1983,1,83,2020,0,0,1,0,0,1,18,1,1850,8,-1169199.371,-596116.456,60206201308,2020/08/01 00:00:00+00,0,0,41846f1c-a64c-48fa-8ee8-328b3db54f68
-599843.201000001,-1159940.583,1363,Brno-střed,ano,nesprávný způsob jízdy,havárie,nehoda s následky na životě nebo zdraví,nezvládnutí řízení vozidla,"povrch suchý, neznečistěný",neztížené,dobré,"zastávka tramvaje, autobusu, trolejbusu bez nástup. ostrůvku",komunikace sledovaná (ve vybraných městech),,,jízdní kolo,Brno-střed,žena,"Ano, obsah alkoholu v krvi do 0,24 ‰",neděle,srpen,Veveří,,,,,,,,lehké zranění,"s přilbou (pouze u motocyklistů, příp. cyklistů)",řidičem nemotorového vozidla,"ve dne, viditelnost nezhoršená vlivem povětrnostních podmínek",na kolejích tramvaje,řidič,"pod vlivem alkoholu, obsah alkoholu v krvi do 0,99 ‰",den,,1,71929,1,71929,1,71929,7,38,1,1982,1,82,2020,0,0,1,0,0,1,9,1,920,8,-1159940.583,-599843.201,60206201311,2020/08/02 00:00:00+00,2000,2000,d2dc7ef5-fa06-4646-a08f-aaff86268a41
-603629.046,-1160074.643,1364,Brno-Kohoutovice,ne,nesprávný způsob jízdy,srážka s jedoucím nekolejovým vozidlem,nehoda s následky na životě nebo zdraví,řidič se plně nevěnoval řízení vozidla,"povrch suchý, neznečistěný",neztížené,dobré,v blízkosti přechodu pro chodce (do vzdálenosti 20 m),uzel (křižovatka sledovaná ve vybraných městech),,,jízdní kolo,Brno-Kohoutovice,žena,Ne,čtvrtek,srpen,Kohoutovice,,,,,,,,lehké zranění,"s přilbou (pouze u motocyklistů, příp. cyklistů)",řidičem motorového vozidla,"ve dne, viditelnost nezhoršená vlivem povětrnostních podmínek",na jízdním pruhu,řidič,dobrý -žádné nepříznivé okolnosti nebyly zjiště,den,,1,71930,1,71930,1,71930,4,47,1,1973,1,73,2020,0,0,1,0,0,2,16,1,1615,8,-1160074.643,-603629.046,60206201348,2020/08/06 00:00:00+00,5000,1000,2dbd9386-1fa8-41bd-b462-a918720fdf8a
-598369.467999998,-1159022.111,1365,Brno-Královo Pole,ne,nesprávný způsob jízdy,srážka s jedoucím nekolejovým vozidlem,nehoda s následky na životě nebo zdraví,řidič se plně nevěnoval řízení vozidla,"povrch suchý, neznečistěný",neztížené,dobré,přechod pro chodce,uzel (křižovatka sledovaná ve vybraných městech),,,jízdní kolo,Brno-Královo Pole,muž,Ne,pondělí,srpen,Ponava,,,,,,,,lehké zranění,"s přilbou (pouze u motocyklistů, příp. cyklistů)",řidičem nemotorového vozidla,"ve dne, viditelnost nezhoršená vlivem povětrnostních podmínek",na jízdním pruhu,řidič,dobrý -žádné nepříznivé okolnosti nebyly zjiště,den,,1,71932,1,71932,1,71932,1,32,1,1988,1,88,2020,0,0,1,0,0,1,15,1,1535,8,-1159022.111,-598369.468,60206201379,2020/08/10 00:00:00+00,81000,80000,1d82733b-37ef-4154-943b-dc32792443fa
-601972.627,-1162523.997,1366,Brno-Nový Lískovec,ne,nesprávný způsob jízdy,havárie,nehoda s následky na životě nebo zdraví,řidič se plně nevěnoval řízení vozidla,"povrch suchý, neznečistěný",neztížené,dobré,přechod pro chodce,komunikace sledovaná (ve vybraných městech),,,jízdní kolo,Brno-Nový Lískovec,muž,Ne,středa,srpen,Nový Lískovec,,,,,,,,lehké zranění,"s přilbou (pouze u motocyklistů, příp. cyklistů)",řidičem nemotorového vozidla,"ve dne, viditelnost nezhoršená vlivem povětrnostních podmínek",na jízdním pruhu,řidič,dobrý -žádné nepříznivé okolnosti nebyly zjiště,den,,1,71933,1,71933,1,71933,3,43,1,1977,1,77,2020,0,0,1,0,0,1,9,1,940,8,-1162523.997,-601972.627,60206201389,2020/08/12 00:00:00+00,5000,5000,178de2b2-8595-483a-a75a-26e039d4b7f5
-595370.535999998,-1158753.928,1367,Brno-Maloměřice a Obřany,ne,nepřiměřená rychlost jízdy,havárie,nehoda s následky na životě nebo zdraví,nepřizpůsobení rychlosti vlastnostem vozidla a nákladu,"povrch suchý, neznečistěný",neztížené,dobré,žádné nebo žádné z uvedených,komunikace sledovaná (ve vybraných městech),,,jízdní kolo,Brno-Maloměřice a Obřany,muž,Ne,středa,srpen,Maloměřice,,,,,,,,lehké zranění,"s přilbou (pouze u motocyklistů, příp. cyklistů)",řidičem nemotorového vozidla,"ve dne, zhoršená viditelnost (svítání, soumrak)",na kolejích tramvaje,řidič,dobrý -žádné nepříznivé okolnosti nebyly zjiště,den,,1,71934,1,71934,1,71934,3,29,1,1991,1,91,2020,0,0,1,0,0,1,20,1,2030,8,-1158753.928,-595370.536,60206201391,2020/08/12 00:00:00+00,3000,2000,390c9c9c-1c00-46f7-a075-09ffa91fd60a
-602218.521000002,-1157594.502,1368,Brno-Komín,ne,nedání přenosti v jízdě,srážka s jedoucím nekolejovým vozidlem,nehoda s následky na životě nebo zdraví,při odbočování vlevo,"povrch suchý, neznečistěný",neztížené,dobré,přechod pro chodce,uzel (křižovatka sledovaná ve vybraných městech),,,jízdní kolo,Brno-Komín,muž,Ne,pondělí,srpen,Komín,,,,,,,,těžké zranění,"s přilbou (pouze u motocyklistů, příp. cyklistů)",řidičem motorového vozidla,"ve dne, zhoršená viditelnost (svítání, soumrak)",na jízdním pruhu,řidič,dobrý -žádné nepříznivé okolnosti nebyly zjiště,noc,,0,71936,1,71936,1,71936,1,59,1,1961,1,61,2020,1,0,0,1,0,2,5,1,515,8,-1157594.502,-602218.521,60206201414,2020/08/17 00:00:00+00,41000,30000,8e1da90d-1fdb-4c22-ac82-41afdd005b12
-596036.609000001,-1162924.646,1369,Brno-Černovice,ne,nedání přenosti v jízdě,srážka s jedoucím nekolejovým vozidlem,nehoda s následky na životě nebo zdraví,proti příkazu dopravní značky DEJ PŘEDNOST,"povrch suchý, neznečistěný",neztížené,dobré,žádné nebo žádné z uvedených,komunikace sledovaná (ve vybraných městech),,,jízdní kolo,Brno-Černovice,muž,Ne,středa,srpen,Černovice,,,,,,,,lehké zranění,"s přilbou (pouze u motocyklistů, příp. cyklistů)",řidičem motorového vozidla,"ve dne, viditelnost nezhoršená vlivem povětrnostních podmínek",na jízdním pruhu,řidič,"pod vlivem alkoholu, obsah alkoholu v krvi do 0,99 ‰",den,,1,71937,1,71937,1,71937,3,68,1,1952,1,52,2020,0,0,1,0,0,2,16,1,1611,8,-1162924.646,-596036.609,60206201436,2020/08/19 00:00:00+00,15000,10000,e7a2497b-622e-4a03-bffe-24d4efe194c5
-593810.607999999,-1167810.637,1370,Brno-Tuřany,ne,nedání přenosti v jízdě,srážka s jedoucím nekolejovým vozidlem,nehoda s následky na životě nebo zdraví,při vjíždění na silnici,"povrch suchý, neznečistěný",neztížené,dobré,"výjezd z parkoviště, lesní cesty apod. (pol.36=7,8)",komunikace sledovaná (ve vybraných městech),,,jízdní kolo,Brno-Tuřany,muž,Ne,středa,srpen,Tuřany,,,,,,,,lehké zranění,"s přilbou (pouze u motocyklistů, příp. cyklistů)",řidičem nemotorového vozidla,"ve dne, viditelnost nezhoršená vlivem povětrnostních podmínek",na jízdním pruhu,řidič,dobrý -žádné nepříznivé okolnosti nebyly zjiště,den,,1,71938,1,71938,1,71938,3,68,1,1952,1,52,2020,0,0,1,0,0,1,16,1,1622,8,-1167810.637,-593810.608,60206201437,2020/08/19 00:00:00+00,60000,5000,0f1440b0-345a-4618-9ef1-af3530ac0320
-601164.546999998,-1160623.694,1371,Brno-střed,ne,nedání přenosti v jízdě,srážka s jedoucím nekolejovým vozidlem,nehoda s následky na životě nebo zdraví,při odbočování vlevo,"povrch suchý, neznečistěný",neztížené,dobré,přechod pro chodce,uzel (křižovatka sledovaná ve vybraných městech),,,jízdní kolo,Brno-střed,muž,Ne,čtvrtek,srpen,Pisárky,,,,,,,,těžké zranění,"s přilbou (pouze u motocyklistů, příp. cyklistů)",řidičem motorového vozidla,"v noci - s veřejným osvětlením, viditelnost nezhoršená vlivem povětrnostních podmínek",na jízdním pruhu,řidič,dobrý -žádné nepříznivé okolnosti nebyly zjiště,den,,0,71939,1,71939,1,71939,4,36,1,1984,1,84,2020,1,0,0,1,0,2,17,1,1754,8,-1160623.694,-601164.547,60206201445,2020/08/20 00:00:00+00,22000,10000,2662067c-abfc-4473-87dc-b9e548f10b95
-604851.081999999,-1154549.688,1372,Brno-Kníničky,ne,nezaviněno řidičem,srážka s chodcem,nehoda s následky na životě nebo zdraví,nezaviněná řidičem,"povrch suchý, neznečistěný",neztížené,dobré,žádné nebo žádné z uvedených,komunikace místní,,,jízdní kolo,Brno-Kníničky,muž,Ne,sobota,srpen,Kníničky,,,,,,,,lehké zranění,"s přilbou (pouze u motocyklistů, příp. cyklistů)",chodcem,"ve dne, viditelnost nezhoršená vlivem povětrnostních podmínek",na jízdním pruhu,řidič,dobrý -žádné nepříznivé okolnosti nebyly zjiště,den,,1,71941,1,71941,1,71941,6,74,1,1946,1,46,2020,0,0,2,0,0,1,14,1,1435,8,-1154549.688,-604851.082,60206201453,2020/08/22 00:00:00+00,2000,1000,f796ce1c-7cd9-4c43-b052-6f881e2d1eb5
-596890.829,-1160404.783,1373,Brno-sever,ano,nesprávný způsob jízdy,havárie,nehoda s následky na životě nebo zdraví,řidič se plně nevěnoval řízení vozidla,"povrch suchý, neznečistěný",neztížené,dobré,žádné nebo žádné z uvedených,komunikace sledovaná (ve vybraných městech),,,jízdní kolo,Brno-sever,muž,"Ano, obsah alkoholu v krvi od 0,5‰ do 0,8‰",pondělí,srpen,Zábrdovice,,,,,,,,lehké zranění,"bez přilby (pouze u motocyklistů, příp. cyklistů)",řidičem nemotorového vozidla,"ve dne, viditelnost nezhoršená vlivem povětrnostních podmínek",na kolejích tramvaje,řidič,"pod vlivem alkoholu, obsah alkoholu v krvi do 0,99 ‰",den,,1,71942,1,71942,1,71942,1,38,1,1982,1,82,2020,0,0,1,0,0,1,6,1,655,8,-1160404.783,-596890.829,60206201462,2020/08/24 00:00:00+00,10000,10000,417fba55-9f82-48e4-badb-d12f7e4c2578
-592907.068999998,-1160316.184,1374,Brno-Líšeň,ne,nedání přenosti v jízdě,srážka s jedoucím nekolejovým vozidlem,nehoda s následky na životě nebo zdraví,při odbočování vlevo,"povrch suchý, neznečistěný",neztížené,dobré,žádné nebo žádné z uvedených,komunikace sledovaná (ve vybraných městech),,,jízdní kolo,Brno-Líšeň,muž,Ne,pondělí,srpen,Líšeň,,,,,,,,lehké zranění,"s přilbou (pouze u motocyklistů, příp. cyklistů)",řidičem motorového vozidla,"ve dne, zhoršená viditelnost (svítání, soumrak)",na jízdním pruhu,řidič,dobrý -žádné nepříznivé okolnosti nebyly zjiště,den,,1,71943,1,71943,1,71943,1,40,1,1980,1,80,2020,0,0,1,0,0,2,19,1,1955,8,-1160316.184,-592907.069,60206201470,2020/08/24 00:00:00+00,33000,30000,716575fc-a7ba-4515-bd35-824b8b7ae9d3
-593378.579999998,-1158915.869,1375,Brno-Vinohrady,ano,nesprávný způsob jízdy,havárie,nehoda s následky na životě nebo zdraví,řidič se plně nevěnoval řízení vozidla,"povrch suchý, neznečistěný",neztížené,dobré,žádné nebo žádné z uvedených,komunikace místní,,,jízdní kolo,Brno-Vinohrady,muž,"Ano, obsah alkoholu v krvi od 1,0‰ do 1,5‰",sobota,srpen,Maloměřice,,,,,,,,lehké zranění,"bez přilby (pouze u motocyklistů, příp. cyklistů)",řidičem nemotorového vozidla,"v noci - bez veřejného osvětlení, viditelnost nezhoršená vlivem povětrnostních podmínek",na jízdním pruhu,řidič,pod vlivem alkoholu obsah alkoholu v krvi 1 ‰ a víc,noc,,1,71945,1,71945,1,71945,6,29,1,1991,1,91,2020,0,0,1,0,0,1,1,1,110,8,-1158915.869,-593378.58,60206201495,2020/08/29 00:00:00+00,1000,1000,b56b0f25-85eb-464d-9bbc-f9507bd99860
-601236.554000001,-1161080.549,1376,Brno-střed,ne,nesprávný způsob jízdy,srážka s jedoucím nekolejovým vozidlem,nehoda s následky na životě nebo zdraví,řidič se plně nevěnoval řízení vozidla,"povrch suchý, neznečistěný",neztížené,dobré,žádné nebo žádné z uvedených,komunikace účelová - polní a lesní cesty atd.,,,jízdní kolo,Brno-střed,žena,Ne,sobota,srpen,Pisárky,,,,,,,,těžké zranění,"s přilbou (pouze u motocyklistů, příp. cyklistů)",řidičem nemotorového vozidla,"ve dne, viditelnost nezhoršená vlivem povětrnostních podmínek",na jízdním pruhu,řidič,dobrý -žádné nepříznivé okolnosti nebyly zjiště,den,,0,71946,1,71946,1,71946,6,24,1,1996,1,96,2020,1,0,1,1,0,2,16,1,1640,8,-1161080.549,-601236.554,60206201499,2020/08/29 00:00:00+00,10000,5000,30e7f977-4d8f-4f42-ab22-edc4deabc87f
-601236.554000001,-1161080.549,1377,Brno-střed,ne,nesprávný způsob jízdy,srážka s jedoucím nekolejovým vozidlem,nehoda s následky na životě nebo zdraví,řidič se plně nevěnoval řízení vozidla,"povrch suchý, neznečistěný",neztížené,dobré,žádné nebo žádné z uvedených,komunikace účelová - polní a lesní cesty atd.,,,jízdní kolo,Brno-střed,žena,Ne,sobota,srpen,Pisárky,,,,,,,,lehké zranění,"bez přilby (pouze u motocyklistů, příp. cyklistů)",řidičem nemotorového vozidla,"ve dne, viditelnost nezhoršená vlivem povětrnostních podmínek",na jízdním pruhu,řidič,dobrý -žádné nepříznivé okolnosti nebyly zjiště,den,,1,71947,1,71947,1,71947,6,17,1,2003,1,3,2020,0,0,1,1,0,1,16,1,1640,8,-1161080.549,-601236.554,60206201499,2020/08/29 00:00:00+00,10000,5000,4bdd06a8-3dba-46b4-9a24-068e3473c91f
-598933.467,-1159165.765,1378,Brno-Královo Pole,ano,nepřiměřená rychlost jízdy,havárie,nehoda s následky na životě nebo zdraví,"nepřizpůsobení rychlosti stavu vozovky (náledí, výtluky, bláto, mokrý povrch apod.)",povrch mokrý,"na počátku deště, slabý déšť, mrholení apod.",dobré,žádné nebo žádné z uvedených,uzel (křižovatka sledovaná ve vybraných městech),,,jízdní kolo,Brno-Královo Pole,žena,"Ano, obsah alkoholu v krvi od 0,24‰ do 0,5‰",neděle,srpen,Ponava,,,,,,,,lehké zranění,"s přilbou (pouze u motocyklistů, příp. cyklistů)",řidičem nemotorového vozidla,"ve dne, viditelnost nezhoršená vlivem povětrnostních podmínek",na kolejích tramvaje,řidič,"pod vlivem alkoholu, obsah alkoholu v krvi do 0,99 ‰",den,,1,71948,1,71948,1,71948,7,56,1,1964,1,64,2020,0,0,1,0,0,1,17,1,1705,8,-1159165.765,-598933.467,60206201502,2020/08/30 00:00:00+00,1000,1000,c4467bba-25c6-4ee6-b5f7-4b6a0e46a705
-595139.754000001,-1166538.898,1379,Brno-Tuřany,ne,nesprávný způsob jízdy,srážka s jedoucím nekolejovým vozidlem,nehoda s následky na životě nebo zdraví,řidič se plně nevěnoval řízení vozidla,"povrch suchý, neznečistěný",neztížené,"špatné - vlivem vegetace - trvale (stromy, keře apod.)",žádné nebo žádné z uvedených,komunikace místní,,,jízdní kolo,Brno-Tuřany,muž,Ne,pátek,září,Brněnské Ivanovice,,,,,,,,lehké zranění,"s přilbou (pouze u motocyklistů, příp. cyklistů)",řidičem nemotorového vozidla,"ve dne, viditelnost nezhoršená vlivem povětrnostních podmínek",na jízdním pruhu,řidič,dobrý -žádné nepříznivé okolnosti nebyly zjiště,den,,1,71950,1,71950,1,71950,5,20,1,2000,1,0,2020,0,0,1,0,0,1,14,1,1434,9,-1166538.898,-595139.754,60206201540,2020/09/04 00:00:00+00,20000,10000,fe3e9cdc-33ff-464a-8c20-278920a31bf8
-595510.247000001,-1159649.468,1380,Brno-Židenice,ne,nedání přenosti v jízdě,srážka s jedoucím nekolejovým vozidlem,nehoda s následky na životě nebo zdraví,při vjíždění na silnici,"povrch suchý, neznečistěný",neztížené,dobré,v blízkosti přechodu pro chodce (do vzdálenosti 20 m),komunikace sledovaná (ve vybraných městech),,,jízdní kolo,Brno-Židenice,žena,Ne,pondělí,září,Židenice,,,,,,,,lehké zranění,"s přilbou (pouze u motocyklistů, příp. cyklistů)",řidičem motorového vozidla,"ve dne, viditelnost nezhoršená vlivem povětrnostních podmínek",na jízdním pruhu,řidič,dobrý -žádné nepříznivé okolnosti nebyly zjiště,den,,1,71953,1,71953,1,71953,1,37,1,1983,1,83,2020,0,0,1,0,0,2,12,1,1240,9,-1159649.468,-595510.247,60206201558,2020/09/07 00:00:00+00,3000,1000,f09bbaf9-9a50-45c6-8362-ac4107eac75c
-597136.813000001,-1160455.753,1381,Brno-střed,ne,nedání přenosti v jízdě,srážka s jedoucím nekolejovým vozidlem,nehoda s následky na životě nebo zdraví,"při zařazování do proudu jedoucích vozidel ze stanice, místa zastavení nebo stání","povrch suchý, neznečistěný",neztížené,dobré,žádné nebo žádné z uvedených,komunikace sledovaná (ve vybraných městech),,,jízdní kolo,Brno-střed,muž,Ne,úterý,září,Zábrdovice,,,,,,,,lehké zranění,"bez přilby (pouze u motocyklistů, příp. cyklistů)",řidičem motorového vozidla,"ve dne, viditelnost nezhoršená vlivem povětrnostních podmínek",na jízdním pruhu,řidič,dobrý -žádné nepříznivé okolnosti nebyly zjiště,den,,1,71954,1,71954,1,71954,2,40,1,1980,1,80,2020,0,0,1,0,0,2,17,1,1735,9,-1160455.753,-597136.813,60206201570,2020/09/08 00:00:00+00,12000,2000,37d79e02-e096-432f-b70d-46e100479d06
-598954.526000001,-1157451.706,1382,Brno-Královo Pole,ano,nesprávný způsob jízdy,havárie,nehoda s následky na životě nebo zdraví,řidič se plně nevěnoval řízení vozidla,"povrch suchý, neznečistěný",neztížené,dobré,žádné nebo žádné z uvedených,uzel (křižovatka sledovaná ve vybraných městech),,,jízdní kolo,Brno-Královo Pole,muž,"Ano, obsah alkoholu v krvi 1,5‰ a více",sobota,září,Královo Pole,,,,,,,,lehké zranění,"bez přilby (pouze u motocyklistů, příp. cyklistů)",řidičem nemotorového vozidla,"v noci - s veřejným osvětlením, viditelnost nezhoršená vlivem povětrnostních podmínek",na jízdním pruhu,řidič,pod vlivem alkoholu obsah alkoholu v krvi 1 ‰ a víc,noc,,1,71956,1,71956,1,71956,6,23,1,1997,1,97,2020,0,0,1,0,0,1,5,1,510,9,-1157451.706,-598954.526,60206201657,2020/09/19 00:00:00+00,0,0,eaaea2b0-65ab-46a5-85d7-b955f1595905
-596564.618999999,-1158630.179,1383,Brno-sever,ano,nepřiměřená rychlost jízdy,havárie,nehoda s následky na životě nebo zdraví,"nepřizpůsobení rychlosti stavu vozovky (náledí, výtluky, bláto, mokrý povrch apod.)",povrch mokrý,"na počátku deště, slabý déšť, mrholení apod.",dobré,žádné nebo žádné z uvedených,komunikace sledovaná (ve vybraných městech),,,jízdní kolo,Brno-sever,žena,"Ano, obsah alkoholu v krvi 1,5‰ a více",neděle,září,Černá Pole,,,,,,,,lehké zranění,"bez přilby (pouze u motocyklistů, příp. cyklistů)",řidičem nemotorového vozidla,"v noci - s veřejným osvětlením, viditelnost nezhoršená vlivem povětrnostních podmínek",na kolejích tramvaje,řidič,pod vlivem alkoholu obsah alkoholu v krvi 1 ‰ a víc,noc,,1,71957,1,71957,1,71957,7,21,1,1999,2,99,2020,0,0,1,0,0,1,2,1,225,9,-1158630.179,-596564.619,60206201660,2020/09/20 00:00:00+00,1000,1000,444ef374-dcd7-44af-91b7-d5df23eddcff
-593896.739999998,-1162554.017,1384,Brno-Slatina,ne,nedání přenosti v jízdě,srážka s jedoucím nekolejovým vozidlem,nehoda s následky na životě nebo zdraví,proti příkazu dopravní značky DEJ PŘEDNOST,"povrch suchý, neznečistěný",neztížené,dobré,v blízkosti přechodu pro chodce (do vzdálenosti 20 m),uzel (křižovatka sledovaná ve vybraných městech),,,jízdní kolo,Brno-Slatina,muž,Ne,pondělí,září,Slatina,,,,,,,,lehké zranění,"s přilbou (pouze u motocyklistů, příp. cyklistů)",řidičem motorového vozidla,"ve dne, viditelnost nezhoršená vlivem povětrnostních podmínek",na jízdním pruhu,řidič,dobrý -žádné nepříznivé okolnosti nebyly zjiště,den,,1,71958,1,71958,1,71958,1,47,1,1973,1,73,2020,0,0,1,0,0,2,7,1,755,9,-1162554.017,-593896.74,60206201669,2020/09/21 00:00:00+00,11000,0,26554ec8-1241-429b-b890-1cdbdba81281
-598781.949000001,-1158485.18,1385,Brno-Královo Pole,ne,nesprávný způsob jízdy,srážka s jedoucím nekolejovým vozidlem,nehoda s následky na životě nebo zdraví,nedodržení bezpečné vzdálenosti za vozidlem,"povrch suchý, neznečistěný",neztížené,dobré,v blízkosti přechodu pro chodce (do vzdálenosti 20 m),komunikace sledovaná (ve vybraných městech),,,jízdní kolo,Brno-Královo Pole,muž,Ne,pondělí,září,Královo Pole,,,,,,,,lehké zranění,"bez přilby (pouze u motocyklistů, příp. cyklistů)",řidičem motorového vozidla,"ve dne, viditelnost nezhoršená vlivem povětrnostních podmínek",na jízdním pruhu,řidič,dobrý -žádné nepříznivé okolnosti nebyly zjiště,den,,1,71959,1,71959,1,71959,1,23,1,1997,1,97,2020,0,0,1,0,0,2,8,1,830,9,-1158485.18,-598781.949,60206201670,2020/09/21 00:00:00+00,7000,5000,7c0df6db-f1f6-4e76-b651-b888ac71e2bd
-596089.851,-1160877.873,1386,Brno-Židenice,ne,nedání přenosti v jízdě,srážka s jedoucím nekolejovým vozidlem,nehoda s následky na životě nebo zdraví,proti příkazu dopravní značky DEJ PŘEDNOST,"povrch suchý, neznečistěný",neztížené,dobré,žádné nebo žádné z uvedených,komunikace místní,,,jízdní kolo,Brno-Židenice,žena,Ne,sobota,říjen,Židenice,,,,,,,,lehké zranění,"s přilbou (pouze u motocyklistů, příp. cyklistů)",řidičem nemotorového vozidla,"v noci - s veřejným osvětlením, viditelnost nezhoršená vlivem povětrnostních podmínek",na jízdním pruhu,řidič,dobrý -žádné nepříznivé okolnosti nebyly zjiště,den,,1,71960,1,71960,1,71960,6,41,1,1979,1,79,2020,0,0,1,0,0,2,19,1,1954,10,-1160877.873,-596089.851,60206201760,2020/10/03 00:00:00+00,18000,15000,0e924e8e-1f43-4f4e-bc77-dc587dcc75c5
-596089.851,-1160877.873,1387,Brno-Židenice,ne,nedání přenosti v jízdě,srážka s jedoucím nekolejovým vozidlem,nehoda s následky na životě nebo zdraví,proti příkazu dopravní značky DEJ PŘEDNOST,"povrch suchý, neznečistěný",neztížené,dobré,žádné nebo žádné z uvedených,komunikace místní,,,jízdní kolo,Brno-Židenice,muž,Ne,sobota,říjen,Židenice,,,,,,,,bez zraněn,"bez přilby (pouze u motocyklistů, příp. cyklistů)",řidičem nemotorového vozidla,"v noci - s veřejným osvětlením, viditelnost nezhoršená vlivem povětrnostních podmínek",na jízdním pruhu,řidič,dobrý -žádné nepříznivé okolnosti nebyly zjiště,den,,0,71961,1,71961,1,71961,6,28,1,1992,1,92,2020,0,0,1,0,0,1,19,1,1954,10,-1160877.873,-596089.851,60206201760,2020/10/03 00:00:00+00,18000,15000,1144ea1e-b47b-4180-b1c4-e1da431d2d01