X,Y,objectid_1,zuj,alkohol_vinik,hlavni_pricina,srazka,nasledky,pricina,stav_vozovky,povetrnostni_podm,rozhled,misto_nehody,druh_komun,pneumatiky,druh_pohonu,druh_vozidla,mestska_cast,pohlavi,alkohol,den_v_tydnu,mesic_t,katastr,chovani_chodce,stav_chodce,drogy_chodec,alkohol_chodec,osobni_prepravnik,reflexni_prvky,kategorie_chodce,nasledek,ozn_osoba,zavineni,viditelnost,situovani,osoba,stav_ridic,doba,smrt_po,lz,target_fid_1,join_count_1,objectid,join_count,target_fid,den,vek,smrt_dny,rok_nar,p48a,p59d,rok,tz,smrt,lehce_zran_os,tezce_zran_os,usmrceno_os,id_vozidla,hodina,ovlivneni_ridice,cas,mesic,e,d,id_nehody,datum,hmotna_skoda_1,skoda_vozidlo,globalid
-595410.004000001,-1158770.037,1388,Brno-Maloměřice a Obřany,ne,nesprávný způsob jízdy,havárie,nehoda s následky na životě nebo zdraví,jiný druh nesprávného způsobu jízdy,povrch mokrý,déšť,dobré,žádné nebo žádné z uvedených,komunikace sledovaná (ve vybraných městech),,,jízdní kolo,Brno-Maloměřice a Obřany,muž,Ne,pátek,říjen,Maloměřice,,,,,,,,lehké zranění,"s přilbou (pouze u motocyklistů, příp. cyklistů)",řidičem nemotorového vozidla,"ve dne, zhoršená viditelnost vlivem povětrnostních podmínek (mlha, sněžení, déšť apod.)",na kolejích tramvaje,řidič,dobrý -žádné nepříznivé okolnosti nebyly zjiště,den,,1,71963,1,71963,1,71963,5,48,1,1972,1,72,2020,0,0,1,0,0,1,16,1,1625,10,-1158770.037,-595410.004,60206201847,2020/10/16 00:00:00+00,2000,1000,cc88963d-6a28-4525-8493-4a9c99396115
-595728.714000002,-1161567.357,1389,Brno-Černovice,ne,nesprávný způsob jízdy,srážka s jedoucím nekolejovým vozidlem,nehoda s následky na životě nebo zdraví,řidič se plně nevěnoval řízení vozidla,"povrch suchý, neznečistěný",neztížené,dobré,žádné nebo žádné z uvedených,komunikace místní,,,jízdní kolo,Brno-Černovice,muž,Ne,středa,říjen,Černovice,,,,,,,,bez zraněn,"s přilbou (pouze u motocyklistů, příp. cyklistů)",řidičem nemotorového vozidla,"ve dne, viditelnost nezhoršená vlivem povětrnostních podmínek",na chodníku nebo ostrůvku,řidič,dobrý -žádné nepříznivé okolnosti nebyly zjiště,den,,0,71964,1,71964,1,71964,3,43,1,1977,1,77,2020,0,0,1,0,0,2,16,1,1605,10,-1161567.357,-595728.714,60206201873,2020/10/21 00:00:00+00,12000,5000,216779f6-5e60-44b7-a5c2-4a263d4cc0f6
-595728.714000002,-1161567.357,1390,Brno-Černovice,ne,nesprávný způsob jízdy,srážka s jedoucím nekolejovým vozidlem,nehoda s následky na životě nebo zdraví,řidič se plně nevěnoval řízení vozidla,"povrch suchý, neznečistěný",neztížené,dobré,žádné nebo žádné z uvedených,komunikace místní,,,jízdní kolo,Brno-Černovice,muž,Ne,středa,říjen,Černovice,,,,,,,,lehké zranění,"s přilbou (pouze u motocyklistů, příp. cyklistů)",řidičem nemotorového vozidla,"ve dne, viditelnost nezhoršená vlivem povětrnostních podmínek",na chodníku nebo ostrůvku,řidič,dobrý -žádné nepříznivé okolnosti nebyly zjiště,den,,1,71965,1,71965,1,71965,3,48,1,1972,1,72,2020,0,0,1,0,0,1,16,1,1605,10,-1161567.357,-595728.714,60206201873,2020/10/21 00:00:00+00,12000,5000,490af792-ae0c-47a9-b5a1-2dc97244a426
-597325.839000002,-1163706.646,1391,Brno-jih,ne,nepřiměřená rychlost jízdy,havárie,nehoda s následky na životě nebo zdraví,"nepřizpůsobení rychlosti stavu vozovky (náledí, výtluky, bláto, mokrý povrch apod.)","povrch suchý, znečistěný (písek, prach, listí, štěrk atd.)",neztížené,dobré,žádné nebo žádné z uvedených,komunikace místní,,,jízdní kolo,Brno-jih,muž,Ne,pondělí,říjen,Komárov,,,,,,,,lehké zranění,"s přilbou (pouze u motocyklistů, příp. cyklistů)",řidičem nemotorového vozidla,"ve dne, zhoršená viditelnost (svítání, soumrak)",na stezce pro cyklisty,řidič,dobrý -žádné nepříznivé okolnosti nebyly zjiště,den,,1,71966,1,71966,1,71966,1,28,1,1992,1,92,2020,0,0,1,0,0,1,6,1,620,10,-1163706.646,-597325.839,60206201896,2020/10/26 00:00:00+00,1000,1000,e8e300d5-2206-4ce0-bba3-57259ab489e9
-600846.677999999,-1163402.657,1392,Brno-Bohunice,ne,nepřiměřená rychlost jízdy,havárie,nehoda s následky na životě nebo zdraví,"nepřizpůsobení rychlosti stavu vozovky (náledí, výtluky, bláto, mokrý povrch apod.)",povrch mokrý,"na počátku deště, slabý déšť, mrholení apod.",dobré,přechod pro chodce,komunikace sledovaná (ve vybraných městech),,,jízdní kolo,Brno-Bohunice,muž,Ne,čtvrtek,říjen,Bohunice,,,,,,,,lehké zranění,"s přilbou (pouze u motocyklistů, příp. cyklistů)",řidičem nemotorového vozidla,"ve dne, viditelnost nezhoršená vlivem povětrnostních podmínek",na jízdním pruhu,řidič,dobrý -žádné nepříznivé okolnosti nebyly zjiště,den,,1,71968,1,71968,1,71968,4,23,1,1997,1,97,2020,0,0,1,0,0,1,7,1,740,10,-1163402.657,-600846.678,60206201915,2020/10/29 00:00:00+00,0,0,97737239-6010-4f10-90a6-a3bbb1a53882
-596943.636999998,-1160079.071,1393,Brno-sever,ne,nepřiměřená rychlost jízdy,srážka s chodcem,nehoda s následky na životě nebo zdraví,nepřizpůsobení rychlosti vlastnostem vozidla a nákladu,"povrch suchý, neznečistěný",neztížené,dobré,žádné nebo žádné z uvedených,komunikace sledovaná (ve vybraných městech),,,jízdní kolo,Brno-sever,muž,Ne,úterý,listopad,Zábrdovice,,,,,,,,lehké zranění,"s přilbou (pouze u motocyklistů, příp. cyklistů)",řidičem nemotorového vozidla,"ve dne, viditelnost nezhoršená vlivem povětrnostních podmínek",na jízdním pruhu,řidič,dobrý -žádné nepříznivé okolnosti nebyly zjiště,den,,1,71969,1,71969,1,71969,2,23,1,1997,1,97,2020,0,0,1,1,0,1,12,1,1250,11,-1160079.071,-596943.637,60206201946,2020/11/03 00:00:00+00,8000,5000,2ab23f4e-a030-4af9-8c47-81a67c8f4740
-592434.164999999,-1164578.015,1394,Brno-Slatina,ne,nedání přenosti v jízdě,srážka s jedoucím nekolejovým vozidlem,nehoda s následky na životě nebo zdraví,proti příkazu dopravní značky DEJ PŘEDNOST,povrch mokrý,"na počátku deště, slabý déšť, mrholení apod.",dobré,žádné nebo žádné z uvedených,uzel (křižovatka sledovaná ve vybraných městech),,,jízdní kolo,Brno-Slatina,muž,Ne,pondělí,listopad,Slatina,,,,,,,,lehké zranění,"s přilbou (pouze u motocyklistů, příp. cyklistů)",řidičem motorového vozidla,"v noci - bez veřejného osvětlení, viditelnost nezhoršená vlivem povětrnostních podmínek",na jízdním pruhu,řidič,dobrý -žádné nepříznivé okolnosti nebyly zjiště,noc,,1,71970,1,71970,1,71970,1,50,1,1970,1,70,2020,0,0,1,0,0,2,5,1,545,11,-1164578.015,-592434.165,60206202016,2020/11/16 00:00:00+00,21000,20000,476999ce-2012-4381-b507-cea40cee2200
-598193.541999999,-1159426.154,1395,Brno-střed,ne,nedání přenosti v jízdě,srážka s jedoucím nekolejovým vozidlem,nehoda s následky na životě nebo zdraví,při odbočování vlevo,"povrch suchý, neznečistěný",neztížené,dobré,v blízkosti přechodu pro chodce (do vzdálenosti 20 m),uzel (křižovatka sledovaná ve vybraných městech),,,jízdní kolo,Brno-střed,muž,Ne,úterý,listopad,Černá Pole,,,,,,,,lehké zranění,"s přilbou (pouze u motocyklistů, příp. cyklistů)",řidičem motorového vozidla,"ve dne, viditelnost nezhoršená vlivem povětrnostních podmínek",na jízdním pruhu,řidič,"pod vlivem alkoholu, obsah alkoholu v krvi do 0,99 ‰",den,,1,71971,1,71971,1,71971,2,59,1,1961,1,61,2020,0,0,1,0,0,2,13,1,1302,11,-1159426.154,-598193.542,60206202026,2020/11/17 00:00:00+00,70000,40000,8f5a64a1-7e65-4c75-831e-4bd2d284e570
-600236.267000001,-1158527.528,1396,Brno-Žabovřesky,ano,nepřiměřená rychlost jízdy,"srážka s vozidlem zaparkovaným, odstaveným",nehoda s následky na životě nebo zdraví,nepřizpůsobení rychlosti vlastnostem vozidla a nákladu,"povrch suchý, neznečistěný",neztížené,dobré,parkoviště přiléhající ke komunikaci,komunikace sledovaná (ve vybraných městech),,,jízdní kolo,Brno-Žabovřesky,muž,"Ano, obsah alkoholu v krvi 1,5‰ a více",čtvrtek,listopad,Žabovřesky,,,,,,,,lehké zranění,"bez přilby (pouze u motocyklistů, příp. cyklistů)",řidičem nemotorového vozidla,"v noci - s veřejným osvětlením, viditelnost nezhoršená vlivem povětrnostních podmínek",na jízdním pruhu,řidič,pod vlivem alkoholu obsah alkoholu v krvi 1 ‰ a víc,noc,,1,71972,1,71972,1,71972,4,32,1,1988,1,88,2020,0,0,1,0,0,1,22,0,2210,11,-1158527.528,-600236.267,60206202096,2020/11/26 00:00:00+00,15000,10000,19b007cf-efbf-4e8d-a308-76bd2ec6e97d
-595117.171999998,-1157187.548,1397,Brno-Maloměřice a Obřany,ano,nesprávný způsob jízdy,srážka s jedoucím nekolejovým vozidlem,nehoda s následky na životě nebo zdraví,"jízda po nesprávné straně vozovky, vjetí do protisměru",povrch mokrý,neztížené,dobré,žádné nebo žádné z uvedených,komunikace místní,,,jízdní kolo,Brno-Maloměřice a Obřany,muž,"Ano, obsah alkoholu v krvi 1,5‰ a více",čtvrtek,leden,Obřany,,,,,,,,lehké zranění,"bez přilby (pouze u motocyklistů, příp. cyklistů)",řidičem nemotorového vozidla,"ve dne, zhoršená viditelnost (svítání, soumrak)",na jízdním pruhu,řidič,pod vlivem alkoholu obsah alkoholu v krvi 1 ‰ a víc,den,,1,71974,1,71974,1,71974,4,33,1,1988,1,88,2021,0,0,1,0,0,1,16,1,1640,1,-1157187.548,-595117.172,60206210052,2021/01/14 00:00:00+00,12000,2000,f69b1381-795a-43c4-ae21-9dd0ec1d65c8
-594366.991999999,-1160017.596,1398,Brno-Vinohrady,ne,nesprávný způsob jízdy,jiný druh nehody,nehoda s následky na životě nebo zdraví,řidič se plně nevěnoval řízení vozidla,"povrch suchý, neznečistěný",neztížené,dobré,přechod pro chodce,komunikace místní,,,jízdní kolo,Brno-Vinohrady,chlapec (do 15 let),Ne,sobota,březen,Židenice,,,,,,,,lehké zranění,"s přilbou (pouze u motocyklistů, příp. cyklistů)",řidičem motorového vozidla,"ve dne, viditelnost nezhoršená vlivem povětrnostních podmínek",na jízdním pruhu,řidič,dobrý -žádné nepříznivé okolnosti nebyly zjiště,den,,1,71975,1,71975,1,71975,6,13,1,2008,1,8,2021,0,0,1,0,0,2,14,1,1446,3,-1160017.596,-594366.992,60206210313,2021/03/13 00:00:00+00,37000,5000,ca3f6f6a-eb9f-4cb6-9d18-209710cf43ea
-604253.818,-1156128.875,1399,Brno-Bystrc,ano,nesprávný způsob jízdy,havárie,nehoda s následky na životě nebo zdraví,nezvládnutí řízení vozidla,"povrch suchý, neznečistěný","na počátku deště, slabý déšť, mrholení apod.",dobré,žádné nebo žádné z uvedených,komunikace místní,,,jízdní kolo,Brno-Bystrc,muž,"Ano, obsah alkoholu v krvi 1,5‰ a více",pondělí,březen,Bystrc,,,,,,,,lehké zranění,"bez přilby (pouze u motocyklistů, příp. cyklistů)",řidičem nemotorového vozidla,"ve dne, viditelnost nezhoršená vlivem povětrnostních podmínek",na chodníku nebo ostrůvku,řidič,pod vlivem alkoholu obsah alkoholu v krvi 1 ‰ a víc,den,,1,71976,1,71976,1,71976,1,30,1,1991,1,91,2021,0,0,1,0,0,1,18,1,1855,3,-1156128.875,-604253.818,60206210385,2021/03/29 00:00:00+00,2000,2000,fdfcc9e9-85eb-4835-b4ca-0e9883beac44
-594226.73,-1159737.918,1400,Brno-Vinohrady,ne,nesprávný způsob jízdy,srážka s jedoucím nekolejovým vozidlem,nehoda s následky na životě nebo zdraví,řidič se plně nevěnoval řízení vozidla,"povrch suchý, neznečistěný",neztížené,dobré,přechod pro chodce,komunikace místní,,,jízdní kolo,Brno-Vinohrady,chlapec (do 15 let),Ne,pátek,duben,Židenice,,,,,,,,lehké zranění,"bez přilby (pouze u motocyklistů, příp. cyklistů)",řidičem nemotorového vozidla,"ve dne, viditelnost nezhoršená vlivem povětrnostních podmínek",na jízdním pruhu,řidič,jiný nepříznivý sta,den,,1,71977,1,71977,1,71977,5,9,1,2012,1,12,2021,0,0,1,0,0,1,10,1,1050,4,-1159737.918,-594226.73,60206210402,2021/04/02 00:00:00+00,11000,1000,269793ad-0c25-40cd-984b-48fe87bc7c6e
-603528.870999999,-1162501.596,1401,Brno-Bosonohy,ne,nedání přenosti v jízdě,srážka s jedoucím nekolejovým vozidlem,nehoda pouze s hmotnou škodou,jiné nedání přednosti,"povrch suchý, neznečistěný",neztížené,dobré,žádné nebo žádné z uvedených,komunikace sledovaná (ve vybraných městech),,,jízdní kolo,Brno-Bosonohy,muž,Ne,úterý,duben,Bosonohy,,,,,,,,bez zraněn,"s přilbou (pouze u motocyklistů, příp. cyklistů)",řidičem motorového vozidla,"ve dne, viditelnost nezhoršená vlivem povětrnostních podmínek",na jízdním pruhu,řidič,dobrý -žádné nepříznivé okolnosti nebyly zjiště,den,,0,71978,1,71978,1,71978,2,65,1,1956,1,56,2021,0,0,0,0,0,2,14,1,1440,4,-1162501.596,-603528.871,60206210411,2021/04/06 00:00:00+00,20000,10000,ea9b8db2-f6e9-46f3-ba38-946f132ccc72
-597889.859000001,-1166384.307,1402,Brno-jih,ne,nesprávný způsob jízdy,srážka s jedoucím nekolejovým vozidlem,nehoda s následky na životě nebo zdraví,řidič se plně nevěnoval řízení vozidla,"povrch suchý, neznečistěný",neztížené,dobré,žádné nebo žádné z uvedených,komunikace sledovaná (ve vybraných městech),,,jízdní kolo,Brno-jih,muž,Ne,pátek,duben,Přízřenice,,,,,,,,lehké zranění,"s přilbou (pouze u motocyklistů, příp. cyklistů)",řidičem nemotorového vozidla,"ve dne, viditelnost nezhoršená vlivem povětrnostních podmínek",na jízdním pruhu,řidič,dobrý -žádné nepříznivé okolnosti nebyly zjiště,den,,1,71979,1,71979,1,71979,5,35,1,1986,1,86,2021,0,0,1,0,0,1,16,1,1625,4,-1166384.307,-597889.859,60206210423,2021/04/09 00:00:00+00,32000,30000,234fa4b5-7c64-4026-a3d6-2ad33fc766cc
-595057.655000001,-1161059.164,1403,Brno-Židenice,nezjišťováno,nedání přenosti v jízdě,srážka s jedoucím nekolejovým vozidlem,nehoda pouze s hmotnou škodou,proti příkazu dopravní značky DEJ PŘEDNOST,"povrch suchý, neznečistěný",neztížené,dobré,žádné nebo žádné z uvedených,uzel (křižovatka sledovaná ve vybraných městech),,,jízdní kolo,Brno-Židenice,muž,Nezjišťován,pondělí,duben,Židenice,,,,,,,,bez zraněn,"bez přilby (pouze u motocyklistů, příp. cyklistů)",řidičem motorového vozidla,"v noci - s veřejným osvětlením, viditelnost nezhoršená vlivem povětrnostních podmínek",na jízdním pruhu,řidič,dobrý -žádné nepříznivé okolnosti nebyly zjiště,noc,,0,71980,1,71980,1,71980,1,24,1,1997,1,97,2021,0,0,0,0,0,2,5,1,508,4,-1161059.164,-595057.655,60206210432,2021/04/12 00:00:00+00,4000,2000,31a9ce82-7caa-40af-9ddb-268effd2beed
-596868.202,-1157677.309,1404,Brno-sever,ne,nesprávný způsob jízdy,srážka s jedoucím nekolejovým vozidlem,nehoda s následky na životě nebo zdraví,řidič se plně nevěnoval řízení vozidla,"povrch suchý, neznečistěný",neztížené,dobré,žádné nebo žádné z uvedených,komunikace sledovaná (ve vybraných městech),,,jízdní kolo,Brno-sever,muž,Ne,pondělí,duben,Lesná,,,,,,,,lehké zranění,"bez přilby (pouze u motocyklistů, příp. cyklistů)",řidičem motorového vozidla,"ve dne, viditelnost nezhoršená vlivem povětrnostních podmínek",na jízdním pruhu,řidič,"pod vlivem alkoholu, obsah alkoholu v krvi do 0,99 ‰",den,,1,71981,1,71981,1,71981,1,31,1,1990,1,90,2021,0,0,1,0,0,2,8,1,845,4,-1157677.309,-596868.202,60206210433,2021/04/12 00:00:00+00,11000,5000,738681c3-bfd1-4104-9f49-0ae2c7f875c1
-595270.164999999,-1158229.861,1405,Brno-Maloměřice a Obřany,ne,nesprávný způsob jízdy,havárie,nehoda s následky na životě nebo zdraví,řidič se plně nevěnoval řízení vozidla,"povrch suchý, neznečistěný",neztížené,dobré,žádné nebo žádné z uvedených,komunikace sledovaná (ve vybraných městech),,,jízdní kolo,Brno-Maloměřice a Obřany,muž,Ne,pondělí,duben,Maloměřice,,,,,,,,lehké zranění,"s přilbou (pouze u motocyklistů, příp. cyklistů)",řidičem nemotorového vozidla,"ve dne, viditelnost nezhoršená vlivem povětrnostních podmínek",na jízdním pruhu,řidič,dobrý -žádné nepříznivé okolnosti nebyly zjiště,den,,1,71982,1,71982,1,71982,1,74,1,1947,1,47,2021,0,0,1,0,0,1,16,1,1622,4,-1158229.861,-595270.165,60206210442,2021/04/12 00:00:00+00,3000,3000,a7762d16-9625-4368-9ecb-815af48b5a94
-595626.236000001,-1160748.67,1406,Brno-Židenice,ne,nedání přenosti v jízdě,srážka s jedoucím nekolejovým vozidlem,nehoda s následky na životě nebo zdraví,vozidlu přijíždějícímu zprava,"povrch suchý, neznečistěný",neztížené,dobré,parkoviště přiléhající ke komunikaci,komunikace místní,,,jízdní kolo,Brno-Židenice,muž,Ne,pondělí,duben,Židenice,,,,,,,,lehké zranění,"bez přilby (pouze u motocyklistů, příp. cyklistů)",řidičem motorového vozidla,"ve dne, zhoršená viditelnost (svítání, soumrak)",na jízdním pruhu,řidič,dobrý -žádné nepříznivé okolnosti nebyly zjiště,noc,,1,71984,1,71984,1,71984,1,27,1,1994,1,94,2021,0,0,1,0,0,2,5,1,550,4,-1160748.67,-595626.236,60206210470,2021/04/19 00:00:00+00,6000,1000,0f50c039-a7dd-4e7f-900c-8cf12da9af37
-599806.096999999,-1159959.372,1407,Brno-střed,ne,nesprávný způsob jízdy,havárie,nehoda s následky na životě nebo zdraví,řidič se plně nevěnoval řízení vozidla,"povrch suchý, neznečistěný",neztížené,dobré,žádné nebo žádné z uvedených,komunikace sledovaná (ve vybraných městech),,,jízdní kolo,Brno-střed,žena,Ne,středa,duben,Veveří,,,,,,,,lehké zranění,"bez přilby (pouze u motocyklistů, příp. cyklistů)",řidičem nemotorového vozidla,"ve dne, viditelnost nezhoršená vlivem povětrnostních podmínek",na jízdním pruhu,řidič,dobrý -žádné nepříznivé okolnosti nebyly zjiště,den,,1,71986,1,71986,1,71986,3,33,1,1988,3,88,2021,0,0,1,0,0,1,7,1,745,4,-1159959.372,-599806.097,60206210488,2021/04/21 00:00:00+00,2000,2000,57cdd6c7-d31c-4afe-bf55-3e06d9b9d84a
-596214.539999999,-1161219.624,1408,Brno-Židenice,ne,nesprávný způsob jízdy,havárie,nehoda s následky na životě nebo zdraví,řidič se plně nevěnoval řízení vozidla,"povrch suchý, neznečistěný",neztížené,dobré,v blízkosti přechodu pro chodce (do vzdálenosti 20 m),komunikace sledovaná (ve vybraných městech),,,jízdní kolo,Brno-Židenice,žena,Ne,středa,květen,Židenice,,,,,,,,lehké zranění,"bez přilby (pouze u motocyklistů, příp. cyklistů)",řidičem nemotorového vozidla,"ve dne, viditelnost nezhoršená vlivem povětrnostních podmínek",na kolejích tramvaje,řidič,dobrý -žádné nepříznivé okolnosti nebyly zjiště,den,,1,71988,1,71988,1,71988,3,24,1,1997,1,97,2021,0,0,1,0,0,1,7,1,715,5,-1161219.624,-596214.54,60206210569,2021/05/05 00:00:00+00,0,0,0c1e027f-2be8-4a30-93ba-6aeb657926c5
-597889.864999998,-1158202.839,1409,Brno-Královo Pole,ne,nepřiměřená rychlost jízdy,havárie,nehoda s následky na životě nebo zdraví,"nepřizpůsobení rychlosti dopravně technickému stavu vozovky (zatáčka, klesání, stoupání, šířka vozovky apod.)","povrch suchý, neznečistěný",neztížené,dobré,žádné nebo žádné z uvedených,komunikace místní,,,jízdní kolo,Brno-Královo Pole,žena,Ne,sobota,květen,Ponava,,,,,,,,lehké zranění,"s přilbou (pouze u motocyklistů, příp. cyklistů)",řidičem nemotorového vozidla,"ve dne, viditelnost nezhoršená vlivem povětrnostních podmínek",na jízdním pruhu,řidič,dobrý -žádné nepříznivé okolnosti nebyly zjiště,den,,1,71990,1,71990,1,71990,6,60,1,1961,1,61,2021,0,0,1,0,0,1,14,1,1450,5,-1158202.839,-597889.865,60206210598,2021/05/08 00:00:00+00,1000,1000,93cfbcd3-c23f-4b5d-bdb1-14e2df0436d3
-599804.541000001,-1158335.323,1410,Brno-Žabovřesky,ano,nesprávný způsob jízdy,havárie,nehoda s následky na životě nebo zdraví,řidič se plně nevěnoval řízení vozidla,"povrch suchý, neznečistěný",neztížené,dobré,žádné nebo žádné z uvedených,komunikace místní,,,jízdní kolo,Brno-Žabovřesky,muž,"Ano, obsah alkoholu v krvi 1,5‰ a více",pondělí,květen,Žabovřesky,,,,,,,,lehké zranění,"bez přilby (pouze u motocyklistů, příp. cyklistů)",řidičem nemotorového vozidla,"ve dne, viditelnost nezhoršená vlivem povětrnostních podmínek",na jízdním pruhu,řidič,pod vlivem alkoholu obsah alkoholu v krvi 1 ‰ a víc,den,,1,71991,1,71991,1,71991,1,74,1,1947,1,47,2021,0,0,1,0,0,1,15,1,1520,5,-1158335.323,-599804.541,60206210609,2021/05/10 00:00:00+00,1000,0,7130b1a4-0bbc-4f57-b064-2c5c9b29e768
-597391.131000001,-1153908.892,1411,Brno-Řečkovice a Mokrá Hora,ne,nepřiměřená rychlost jízdy,srážka s chodcem,nehoda s následky na životě nebo zdraví,"nepřizpůsobení rychlosti dopravně technickému stavu vozovky (zatáčka, klesání, stoupání, šířka vozovky apod.)",povrch mokrý,neztížené,dobré,žádné nebo žádné z uvedených,komunikace účelová - polní a lesní cesty atd.,,,jízdní kolo,Brno-Řečkovice a Mokrá Hora,muž,Ne,pátek,květen,Řečkovice,,,,,,,,bez zraněn,"s přilbou (pouze u motocyklistů, příp. cyklistů)",řidičem nemotorového vozidla,"ve dne, viditelnost nezhoršená vlivem povětrnostních podmínek",na jízdním pruhu,řidič,dobrý -žádné nepříznivé okolnosti nebyly zjiště,den,,0,71992,1,71992,1,71992,5,24,1,1997,1,97,2021,0,0,1,0,0,1,19,1,1940,5,-1153908.892,-597391.131,60206210638,2021/05/14 00:00:00+00,1000,1000,2f79d3aa-af9b-4b66-9772-97d8ba11015b
-593093.405000001,-1162964.173,1412,Brno-Slatina,ano,nesprávný způsob jízdy,havárie,nehoda s následky na životě nebo zdraví,řidič se plně nevěnoval řízení vozidla,"povrch suchý, neznečistěný",neztížené,dobré,v blízkosti přechodu pro chodce (do vzdálenosti 20 m),komunikace sledovaná (ve vybraných městech),,,jízdní kolo,Brno-Slatina,žena,"Ano, obsah alkoholu v krvi od 0,5‰ do 0,8‰",neděle,květen,Slatina,,,,,,,,lehké zranění,"bez přilby (pouze u motocyklistů, příp. cyklistů)",řidičem nemotorového vozidla,"ve dne, viditelnost nezhoršená vlivem povětrnostních podmínek",na jízdním pruhu,řidič,"pod vlivem alkoholu, obsah alkoholu v krvi do 0,99 ‰",den,,1,71993,1,71993,1,71993,7,29,1,1992,1,92,2021,0,0,1,0,0,1,18,1,1845,5,-1162964.173,-593093.405,60206210648,2021/05/16 00:00:00+00,1000,1000,fb5e1a14-4855-4c21-957e-6a0394ffc17e
-594797.666000001,-1157353.687,1413,Brno-Maloměřice a Obřany,nezjišťováno,nedání přenosti v jízdě,srážka s jedoucím nekolejovým vozidlem,nehoda s následky na životě nebo zdraví,proti příkazu dopravní značky DEJ PŘEDNOST,"povrch suchý, neznečistěný",neztížené,dobré,žádné nebo žádné z uvedených,komunikace sledovaná (ve vybraných městech),,,jízdní kolo,Brno-Maloměřice a Obřany,chlapec (do 15 let),Nezjišťován,úterý,květen,Obřany,,,,,,,,bez zraněn,"s přilbou (pouze u motocyklistů, příp. cyklistů)",řidičem nemotorového vozidla,"ve dne, viditelnost nezhoršená vlivem povětrnostních podmínek",na jízdním pruhu,řidič,dobrý -žádné nepříznivé okolnosti nebyly zjiště,den,,0,71994,1,71994,1,71994,2,13,1,2008,1,8,2021,0,0,1,0,0,4,18,1,1859,5,-1157353.687,-594797.666,60206210662,2021/05/18 00:00:00+00,1000,1000,244e31ce-cb90-4047-a0e4-bd7825d45db5
-594797.666000001,-1157353.687,1414,Brno-Maloměřice a Obřany,nezjišťováno,nedání přenosti v jízdě,srážka s jedoucím nekolejovým vozidlem,nehoda s následky na životě nebo zdraví,proti příkazu dopravní značky DEJ PŘEDNOST,"povrch suchý, neznečistěný",neztížené,dobré,žádné nebo žádné z uvedených,komunikace sledovaná (ve vybraných městech),,,jízdní kolo,Brno-Maloměřice a Obřany,dívka (do 15 let),Nezjišťován,úterý,květen,Obřany,,,,,,,,lehké zranění,"s přilbou (pouze u motocyklistů, příp. cyklistů)",řidičem nemotorového vozidla,"ve dne, viditelnost nezhoršená vlivem povětrnostních podmínek",na jízdním pruhu,řidič,dobrý -žádné nepříznivé okolnosti nebyly zjiště,den,,1,71995,1,71995,1,71995,2,7,1,2014,1,14,2021,0,0,1,0,0,1,18,1,1859,5,-1157353.687,-594797.666,60206210662,2021/05/18 00:00:00+00,1000,1000,86fd3dab-d59f-46dd-bdc8-b4924654f1f1
-594797.666000001,-1157353.687,1415,Brno-Maloměřice a Obřany,nezjišťováno,nedání přenosti v jízdě,srážka s jedoucím nekolejovým vozidlem,nehoda s následky na životě nebo zdraví,proti příkazu dopravní značky DEJ PŘEDNOST,"povrch suchý, neznečistěný",neztížené,dobré,žádné nebo žádné z uvedených,komunikace sledovaná (ve vybraných městech),,,jízdní kolo,Brno-Maloměřice a Obřany,muž,Nezjišťován,úterý,květen,Obřany,,,,,,,,bez zraněn,"s přilbou (pouze u motocyklistů, příp. cyklistů)",řidičem nemotorového vozidla,"ve dne, viditelnost nezhoršená vlivem povětrnostních podmínek",na jízdním pruhu,řidič,dobrý -žádné nepříznivé okolnosti nebyly zjiště,den,,0,71996,1,71996,1,71996,2,39,1,1982,1,82,2021,0,0,1,0,0,3,18,1,1859,5,-1157353.687,-594797.666,60206210662,2021/05/18 00:00:00+00,1000,1000,b33f9bcb-f339-44ac-bff5-6bde032c4288
-597662.256999999,-1160005.058,1416,Brno-střed,ano,nesprávný způsob jízdy,srážka s pevnou překážkou,nehoda s následky na životě nebo zdraví,řidič se plně nevěnoval řízení vozidla,povrch mokrý,"na počátku deště, slabý déšť, mrholení apod.",dobré,"zastávka tramvaje, autobusu, trolejbusu bez nástup. ostrůvku",komunikace sledovaná (ve vybraných městech),,,jízdní kolo,Brno-střed,muž,"Ano, obsah alkoholu v krvi 1,5‰ a více",sobota,květen,Černá Pole,,,,,,,,lehké zranění,"bez přilby (pouze u motocyklistů, příp. cyklistů)",řidičem nemotorového vozidla,"v noci - s veřejným osvětlením, zhoršená viditelnost vlivem povětrnostních podmínek (mlha, déšť, sněžení apod.)",na jízdním pruhu,řidič,pod vlivem alkoholu obsah alkoholu v krvi 1 ‰ a víc,noc,,1,71997,1,71997,1,71997,6,27,1,1994,1,94,2021,0,0,1,0,0,1,3,1,315,5,-1160005.058,-597662.257,60206210694,2021/05/22 00:00:00+00,5000,0,7ba5d9ed-930c-4e06-b987-702b360bedc5