X,Y,objectid_1,zuj,alkohol_vinik,hlavni_pricina,srazka,nasledky,pricina,stav_vozovky,povetrnostni_podm,rozhled,misto_nehody,druh_komun,pneumatiky,druh_pohonu,druh_vozidla,mestska_cast,pohlavi,alkohol,den_v_tydnu,mesic_t,katastr,chovani_chodce,stav_chodce,drogy_chodec,alkohol_chodec,osobni_prepravnik,reflexni_prvky,kategorie_chodce,nasledek,ozn_osoba,zavineni,viditelnost,situovani,osoba,stav_ridic,doba,smrt_po,lz,target_fid_1,join_count_1,objectid,join_count,target_fid,den,vek,smrt_dny,rok_nar,p48a,p59d,rok,tz,smrt,lehce_zran_os,tezce_zran_os,usmrceno_os,id_vozidla,hodina,ovlivneni_ridice,cas,mesic,e,d,id_nehody,datum,hmotna_skoda_1,skoda_vozidlo,globalid
-596765.537,-1158950.105,1417,Brno-sever,ne,nesprávný způsob jízdy,srážka s jedoucím nekolejovým vozidlem,nehoda s následky na životě nebo zdraví,"bezohledná, agresivní, neohleduplná jízda","povrch suchý, neznečistěný",neztížené,dobré,žádné nebo žádné z uvedených,komunikace místní,,,jízdní kolo,Brno-sever,dívka (do 15 let),Ne,středa,červen,Černá Pole,,,,,,,,lehké zranění,"bez přilby (pouze u motocyklistů, příp. cyklistů)",řidičem nemotorového vozidla,"ve dne, viditelnost nezhoršená vlivem povětrnostních podmínek",na jízdním pruhu,řidič,dobrý -žádné nepříznivé okolnosti nebyly zjiště,den,,1,72001,1,72001,1,72001,3,13,1,2008,1,8,2021,0,0,1,0,0,1,13,1,1350,6,-1158950.105,-596765.537,60206210764,2021/06/02 00:00:00+00,51000,50000,9d69b782-8e37-4ea5-a059-b26ffb324c22
-596213.133000001,-1156733.134,1418,Brno-sever,ano,nesprávný způsob jízdy,havárie,nehoda s následky na životě nebo zdraví,řidič se plně nevěnoval řízení vozidla,"povrch suchý, neznečistěný",neztížené,dobré,žádné nebo žádné z uvedených,komunikace místní,,,jízdní kolo,Brno-sever,žena,"Ano, obsah alkoholu v krvi do 0,24 ‰",čtvrtek,červen,Lesná,,,,,,,,lehké zranění,"s přilbou (pouze u motocyklistů, příp. cyklistů)",řidičem nemotorového vozidla,"ve dne, viditelnost nezhoršená vlivem povětrnostních podmínek",na jízdním pruhu,řidič,"pod vlivem alkoholu, obsah alkoholu v krvi do 0,99 ‰",den,,1,72002,1,72002,1,72002,4,45,1,1976,1,76,2021,0,0,1,0,0,1,19,1,1920,6,-1156733.134,-596213.133,60206210777,2021/06/03 00:00:00+00,1000,1000,2cc4635d-9b88-4e43-bd0a-c9e2e01b1f97
-601665.204999998,-1163233.087,1419,Brno-Starý Lískovec,ne,nesprávný způsob jízdy,havárie,nehoda s následky na životě nebo zdraví,řidič se plně nevěnoval řízení vozidla,"povrch suchý, neznečistěný",neztížené,dobré,žádné nebo žádné z uvedených,komunikace místní,,,jízdní kolo,Brno-Starý Lískovec,žena,Ne,sobota,červen,Starý Lískovec,,,,,,,,lehké zranění,"s přilbou (pouze u motocyklistů, příp. cyklistů)",řidičem nemotorového vozidla,"ve dne, viditelnost nezhoršená vlivem povětrnostních podmínek",na jízdním pruhu,řidič,dobrý -žádné nepříznivé okolnosti nebyly zjiště,den,,1,72004,1,72004,1,72004,6,50,1,1971,1,71,2021,0,0,1,0,0,1,14,1,1403,6,-1163233.087,-601665.205,60206210791,2021/06/05 00:00:00+00,0,0,45e837d2-d693-4c9c-8c80-4e20491aa5e4
-596316.202,-1160678.152,1420,Brno-Židenice,ne,nesprávný způsob jízdy,havárie,nehoda s následky na životě nebo zdraví,nezvládnutí řízení vozidla,"povrch suchý, neznečistěný",neztížené,dobré,"most, nadjezd, podjezd, tunel",komunikace sledovaná (ve vybraných městech),,,jízdní kolo,Brno-Židenice,muž,Ne,sobota,červen,Židenice,,,,,,,,těžké zranění,"s přilbou (pouze u motocyklistů, příp. cyklistů)",řidičem nemotorového vozidla,"ve dne, viditelnost nezhoršená vlivem povětrnostních podmínek",na jízdním pruhu,řidič,dobrý -žádné nepříznivé okolnosti nebyly zjiště,den,,0,72005,1,72005,1,72005,6,55,1,1966,1,66,2021,1,0,0,1,0,1,13,1,1330,6,-1160678.152,-596316.202,60206210792,2021/06/05 00:00:00+00,6000,5000,58983a17-f79e-4680-bb3f-a719a33a85a5
-603686.497000001,-1156949.343,1421,Brno-Bystrc,ne,nepřiměřená rychlost jízdy,havárie,nehoda s následky na životě nebo zdraví,jiný druh nepřiměřené rychlosti,povrch mokrý,"na počátku deště, slabý déšť, mrholení apod.",dobré,žádné nebo žádné z uvedených,komunikace místní,,,jízdní kolo,Brno-Bystrc,muž,Ne,sobota,červen,Bystrc,,,,,,,,lehké zranění,"bez přilby (pouze u motocyklistů, příp. cyklistů)",řidičem nemotorového vozidla,"ve dne, viditelnost nezhoršená vlivem povětrnostních podmínek",na jízdním pruhu,řidič,dobrý -žádné nepříznivé okolnosti nebyly zjiště,den,,1,72006,1,72006,1,72006,6,41,1,1980,1,80,2021,0,0,1,0,0,1,18,1,1840,6,-1156949.343,-603686.497,60206210793,2021/06/05 00:00:00+00,1000,1000,806efd6d-57f4-440a-91d0-2a86024241a7
-596481.848000001,-1159797.125,1422,Brno-sever,ne,nesprávný způsob jízdy,havárie,nehoda s následky na životě nebo zdraví,řidič se plně nevěnoval řízení vozidla,"povrch suchý, neznečistěný",neztížené,dobré,žádné nebo žádné z uvedených,komunikace místní,,,jízdní kolo,Brno-sever,žena,Ne,neděle,červen,Husovice,,,,,,,,lehké zranění,"s přilbou (pouze u motocyklistů, příp. cyklistů)",řidičem nemotorového vozidla,"ve dne, viditelnost nezhoršená vlivem povětrnostních podmínek",na stezce pro cyklisty,řidič,dobrý -žádné nepříznivé okolnosti nebyly zjiště,den,,1,72007,1,72007,1,72007,7,31,1,1990,1,90,2021,0,0,1,0,0,1,11,1,1130,6,-1159797.125,-596481.848,60206210795,2021/06/06 00:00:00+00,0,0,96c4b0cc-c957-4fda-9efd-256123ff18cd
-595419.910999998,-1158715.058,1423,Brno-Maloměřice a Obřany,ano,nepřiměřená rychlost jízdy,havárie,nehoda s následky na životě nebo zdraví,nepřizpůsobení rychlosti vlastnostem vozidla a nákladu,"povrch suchý, neznečistěný",neztížené,dobré,žádné nebo žádné z uvedených,komunikace místní,,,jízdní kolo,Brno-Maloměřice a Obřany,žena,"Ano, obsah alkoholu v krvi 1,5‰ a více",neděle,červen,Maloměřice,,,,,,,,lehké zranění,"s přilbou (pouze u motocyklistů, příp. cyklistů)",řidičem nemotorového vozidla,"ve dne, viditelnost nezhoršená vlivem povětrnostních podmínek",na stezce pro cyklisty,řidič,pod vlivem alkoholu obsah alkoholu v krvi 1 ‰ a víc,den,,1,72008,1,72008,1,72008,7,38,1,1983,1,83,2021,0,0,1,0,0,1,18,1,1840,6,-1158715.058,-595419.911,60206210798,2021/06/06 00:00:00+00,1000,0,6add835b-2b9c-467a-ad90-9782724d8a41
-598548.409000002,-1159397.831,1424,Brno-střed,ne,nedání přenosti v jízdě,srážka s jedoucím nekolejovým vozidlem,nehoda s následky na životě nebo zdraví,chodci na vyznačeném přechodu,"povrch suchý, neznečistěný",neztížené,dobré,přechod pro chodce,uzel (křižovatka sledovaná ve vybraných městech),,,jízdní kolo,Brno-střed,dívka (do 15 let),Ne,středa,červen,Veveří,,,,,,,,lehké zranění,"bez přilby (pouze u motocyklistů, příp. cyklistů)",řidičem motorového vozidla,"ve dne, viditelnost nezhoršená vlivem povětrnostních podmínek",na jízdním pruhu,řidič,dobrý -žádné nepříznivé okolnosti nebyly zjiště,den,,1,72011,1,72011,1,72011,3,13,1,2008,1,8,2021,0,0,1,0,0,2,8,1,820,6,-1159397.831,-598548.409,60206210826,2021/06/09 00:00:00+00,20000,20000,76abf472-ffa7-414e-9d9b-e567b65780bf
-591759.960999999,-1160160.281,1425,Brno-Líšeň,ne,nepřiměřená rychlost jízdy,havárie,nehoda s následky na životě nebo zdraví,"nepřizpůsobení rychlosti dopravně technickému stavu vozovky (zatáčka, klesání, stoupání, šířka vozovky apod.)","povrch suchý, neznečistěný",neztížené,dobré,v blízkosti přechodu pro chodce (do vzdálenosti 20 m),uzel (křižovatka sledovaná ve vybraných městech),,,jízdní kolo,Brno-Líšeň,muž,Ne,středa,červen,Líšeň,,,,,,,,lehké zranění,"bez přilby (pouze u motocyklistů, příp. cyklistů)",řidičem nemotorového vozidla,"ve dne, viditelnost nezhoršená vlivem povětrnostních podmínek",na jízdním pruhu,řidič,dobrý -žádné nepříznivé okolnosti nebyly zjiště,den,,1,72012,1,72012,1,72012,3,74,1,1947,1,47,2021,0,0,1,0,0,1,9,1,910,6,-1160160.281,-591759.961,60206210827,2021/06/09 00:00:00+00,0,0,ed5d89eb-5800-4b97-8a91-c3b1c060e5ba
-595114.254000001,-1161026.568,1426,Brno-Židenice,ne,nesprávný způsob jízdy,havárie,nehoda s následky na životě nebo zdraví,řidič se plně nevěnoval řízení vozidla,"povrch suchý, neznečistěný",neztížené,dobré,v blízkosti přechodu pro chodce (do vzdálenosti 20 m),komunikace sledovaná (ve vybraných městech),,,jízdní kolo,Brno-Židenice,muž,Ne,středa,červen,Židenice,,,,,,,,lehké zranění,"s přilbou (pouze u motocyklistů, příp. cyklistů)",řidičem nemotorového vozidla,"ve dne, viditelnost nezhoršená vlivem povětrnostních podmínek",na jízdním pruhu,řidič,dobrý -žádné nepříznivé okolnosti nebyly zjiště,den,,1,72013,1,72013,1,72013,3,34,1,1987,1,87,2021,0,0,1,0,0,1,16,1,1620,6,-1161026.568,-595114.254,60206210836,2021/06/09 00:00:00+00,0,0,5449d5b3-fbd8-44d0-a769-248c8bb77c08
-598310.067000002,-1159983.799,1427,Brno-střed,ne,nesprávný způsob jízdy,havárie,nehoda s následky na životě nebo zdraví,řidič se plně nevěnoval řízení vozidla,"povrch suchý, neznečistěný",neztížené,dobré,přechod pro chodce,komunikace místní,,,jízdní kolo,Brno-střed,muž,Ne,středa,červen,Veveří,,,,,,,,lehké zranění,"s přilbou (pouze u motocyklistů, příp. cyklistů)",řidičem nemotorového vozidla,"ve dne, viditelnost nezhoršená vlivem povětrnostních podmínek",na jízdním pruhu,řidič,dobrý -žádné nepříznivé okolnosti nebyly zjiště,den,,1,72014,1,72014,1,72014,3,16,1,2005,1,5,2021,0,0,1,0,0,1,18,1,1820,6,-1159983.799,-598310.067,60206210839,2021/06/09 00:00:00+00,1000,1000,a362371a-edc1-4c03-8125-6695135b5585
-601510.122000001,-1155111.795,1428,Brno-Komín,ne,nesprávný způsob jízdy,srážka s jedoucím nekolejovým vozidlem,nehoda s následky na životě nebo zdraví,"jízda po nesprávné straně vozovky, vjetí do protisměru","povrch suchý, neznečistěný",neztížené,dobré,žádné nebo žádné z uvedených,komunikace místní,,,jízdní kolo,Brno-Komín,muž,Ne,čtvrtek,červen,Komín,,,,,,,,bez zraněn,"bez přilby (pouze u motocyklistů, příp. cyklistů)",řidičem nemotorového vozidla,"ve dne, viditelnost nezhoršená vlivem povětrnostních podmínek",na jízdním pruhu,řidič,dobrý -žádné nepříznivé okolnosti nebyly zjiště,den,,0,72015,1,72015,1,72015,4,34,1,1987,1,87,2021,0,0,1,0,0,1,15,1,1545,6,-1155111.795,-601510.122,60206210848,2021/06/10 00:00:00+00,0,0,ee3ce364-89f9-48c1-a352-7e84492ff040
-601510.122000001,-1155111.795,1429,Brno-Komín,ne,nesprávný způsob jízdy,srážka s jedoucím nekolejovým vozidlem,nehoda s následky na životě nebo zdraví,"jízda po nesprávné straně vozovky, vjetí do protisměru","povrch suchý, neznečistěný",neztížené,dobré,žádné nebo žádné z uvedených,komunikace místní,,,jízdní kolo,Brno-Komín,muž,Ne,čtvrtek,červen,Komín,,,,,,,,lehké zranění,"bez přilby (pouze u motocyklistů, příp. cyklistů)",řidičem nemotorového vozidla,"ve dne, viditelnost nezhoršená vlivem povětrnostních podmínek",na jízdním pruhu,řidič,"pod vlivem alkoholu, obsah alkoholu v krvi do 0,99 ‰",den,,1,72016,1,72016,1,72016,4,65,1,1956,1,56,2021,0,0,1,0,0,2,15,1,1545,6,-1155111.795,-601510.122,60206210848,2021/06/10 00:00:00+00,0,0,4f3acfeb-8d4e-48a0-8a51-00026e190e3c
-595311.228999998,-1158361.564,1430,Brno-Maloměřice a Obřany,nezjišťováno,nesprávný způsob jízdy,jiný druh nehody,nehoda pouze s hmotnou škodou,chyby při udání směru jízdy,"povrch suchý, neznečistěný",neztížené,dobré,žádné nebo žádné z uvedených,komunikace sledovaná (ve vybraných městech),,,jízdní kolo,Brno-Maloměřice a Obřany,muž,Nezjišťován,čtvrtek,červen,Maloměřice,,,,,,,,bez zraněn,"s přilbou (pouze u motocyklistů, příp. cyklistů)",řidičem motorového vozidla,"ve dne, viditelnost nezhoršená vlivem povětrnostních podmínek",na kolejích tramvaje,řidič,dobrý -žádné nepříznivé okolnosti nebyly zjiště,den,,0,72017,1,72017,1,72017,4,32,1,1989,1,89,2021,0,0,0,0,0,2,15,1,1525,6,-1158361.564,-595311.229,60206210850,2021/06/10 00:00:00+00,15000,10000,750fde4e-9d29-486b-b756-fe279563cecb
-596749.739999998,-1161624.107,1431,Brno-střed,ne,nedání přenosti v jízdě,srážka s jedoucím nekolejovým vozidlem,nehoda s následky na životě nebo zdraví,při vjíždění na silnici,"povrch suchý, neznečistěný",neztížené,dobré,žádné nebo žádné z uvedených,komunikace sledovaná (ve vybraných městech),,,jízdní kolo,Brno-střed,muž,Ne,čtvrtek,červen,Trnitá,,,,,,,,lehké zranění,"s přilbou (pouze u motocyklistů, příp. cyklistů)",řidičem nemotorového vozidla,"ve dne, viditelnost nezhoršená vlivem povětrnostních podmínek",na jízdním pruhu,řidič,dobrý -žádné nepříznivé okolnosti nebyly zjiště,den,,1,72019,1,72019,1,72019,4,65,1,1956,1,56,2021,0,0,1,0,0,1,17,1,1720,6,-1161624.107,-596749.74,60206210852,2021/06/10 00:00:00+00,3000,3000,6ce8aca5-5b8b-4c80-a22c-e9c2a7fbb094
-598756.035999998,-1154249.984,1432,Brno-Řečkovice a Mokrá Hora,ne,nesprávný způsob jízdy,srážka s jedoucím nekolejovým vozidlem,nehoda s následky na životě nebo zdraví,řidič se plně nevěnoval řízení vozidla,"povrch suchý, neznečistěný",neztížené,dobré,žádné nebo žádné z uvedených,komunikace místní,,,jízdní kolo,Brno-Řečkovice a Mokrá Hora,žena,Ne,pátek,červen,Řečkovice,,,,,,,,lehké zranění,"bez přilby (pouze u motocyklistů, příp. cyklistů)",řidičem motorového vozidla,"ve dne, viditelnost nezhoršená vlivem povětrnostních podmínek",na jízdním pruhu,řidič,dobrý -žádné nepříznivé okolnosti nebyly zjiště,den,,1,72020,1,72020,1,72020,5,79,1,1942,1,42,2021,0,0,1,0,0,2,11,1,1115,6,-1154249.984,-598756.036,60206210860,2021/06/11 00:00:00+00,4000,2000,a2349d3e-2eaf-4e74-87de-ec9c552e36ba
-603691.675000001,-1156727.052,1433,Brno-Bystrc,ne,nepřiměřená rychlost jízdy,havárie,nehoda s následky na životě nebo zdraví,nepřizpůsobení rychlosti vlastnostem vozidla a nákladu,"povrch suchý, neznečistěný",neztížené,dobré,v blízkosti přechodu pro chodce (do vzdálenosti 20 m),komunikace místní,,,jízdní kolo,Brno-Bystrc,dívka (do 15 let),Ne,sobota,červen,Bystrc,,,,,,,,lehké zranění,"s přilbou (pouze u motocyklistů, příp. cyklistů)",řidičem nemotorového vozidla,"ve dne, viditelnost nezhoršená vlivem povětrnostních podmínek",na jízdním pruhu,řidič,dobrý -žádné nepříznivé okolnosti nebyly zjiště,den,,1,72021,1,72021,1,72021,6,13,1,2008,1,8,2021,0,0,1,0,0,1,10,1,1040,6,-1156727.052,-603691.675,60206210868,2021/06/12 00:00:00+00,1000,1000,64baab88-b765-469c-8d1f-2a5e88cf26ca
-603786.403999999,-1156567.36,1434,Brno-Bystrc,ne,nesprávný způsob jízdy,"srážka s vozidlem zaparkovaným, odstaveným",nehoda s následky na životě nebo zdraví,řidič se plně nevěnoval řízení vozidla,"povrch suchý, neznečistěný",neztížené,dobré,žádné nebo žádné z uvedených,komunikace místní,,,jízdní kolo,Brno-Bystrc,muž,Ne,pondělí,červen,Bystrc,,,,,,,,lehké zranění,"s přilbou (pouze u motocyklistů, příp. cyklistů)",řidičem motorového vozidla,"ve dne, viditelnost nezhoršená vlivem povětrnostních podmínek",na jízdním pruhu,řidič,dobrý -žádné nepříznivé okolnosti nebyly zjiště,den,,1,72022,1,72022,1,72022,1,67,1,1954,1,54,2021,0,0,1,0,0,2,11,1,1145,6,-1156567.36,-603786.404,60206210872,2021/06/14 00:00:00+00,16000,5000,b8622eb2-63e4-4df2-b280-12160934d27b
-595185.199000001,-1161021.733,1435,Brno-Židenice,ne,nepřiměřená rychlost jízdy,srážka s pevnou překážkou,nehoda s následky na životě nebo zdraví,"nepřizpůsobení rychlosti dopravně technickému stavu vozovky (zatáčka, klesání, stoupání, šířka vozovky apod.)","povrch suchý, neznečistěný",neztížené,dobré,žádné nebo žádné z uvedených,komunikace sledovaná (ve vybraných městech),,,jízdní kolo,Brno-Židenice,muž,Ne,čtvrtek,červen,Židenice,,,,,,,,lehké zranění,"s přilbou (pouze u motocyklistů, příp. cyklistů)",řidičem nemotorového vozidla,"ve dne, viditelnost nezhoršená vlivem povětrnostních podmínek",na kolejích tramvaje,řidič,dobrý -žádné nepříznivé okolnosti nebyly zjiště,den,,1,72023,1,72023,1,72023,4,49,1,1972,1,72,2021,0,0,1,0,0,1,15,1,1545,6,-1161021.733,-595185.199,60206210894,2021/06/17 00:00:00+00,7000,5000,f5042ad7-0b39-435f-a214-2a3d6b88a02b
-601640.002999999,-1157849.443,1436,Brno-Komín,ano,nepřiměřená rychlost jízdy,jiný druh nehody,nehoda s následky na životě nebo zdraví,nepřizpůsobení rychlosti vlastnostem vozidla a nákladu,"povrch suchý, neznečistěný",neztížené,dobré,žádné nebo žádné z uvedených,komunikace sledovaná (ve vybraných městech),,,jízdní kolo,Brno-Komín,muž,"Ano, obsah alkoholu v krvi od 0,24‰ do 0,5‰",sobota,červen,Komín,,,,,,,,lehké zranění,"bez přilby (pouze u motocyklistů, příp. cyklistů)",řidičem nemotorového vozidla,"v noci - s veřejným osvětlením, viditelnost nezhoršená vlivem povětrnostních podmínek",na jízdním pruhu,řidič,"pod vlivem alkoholu, obsah alkoholu v krvi do 0,99 ‰",noc,,1,72024,1,72024,1,72024,6,52,1,1969,1,69,2021,0,0,1,0,0,1,1,1,10,6,-1157849.443,-601640.003,60206210907,2021/06/19 00:00:00+00,0,0,dc3ab834-6fbc-4475-965b-c18e37543143
-601640.002999999,-1157849.443,1437,Brno-Komín,ano,nepřiměřená rychlost jízdy,jiný druh nehody,nehoda s následky na životě nebo zdraví,nepřizpůsobení rychlosti vlastnostem vozidla a nákladu,"povrch suchý, neznečistěný",neztížené,dobré,žádné nebo žádné z uvedených,komunikace sledovaná (ve vybraných městech),,,jízdní kolo,Brno-Komín,muž,"Ano, obsah alkoholu v krvi od 0,24‰ do 0,5‰",sobota,červen,Komín,,,,,,,,bez zraněn,"s přilbou (pouze u motocyklistů, příp. cyklistů)",řidičem nemotorového vozidla,"v noci - s veřejným osvětlením, viditelnost nezhoršená vlivem povětrnostních podmínek",na jízdním pruhu,řidič,"pod vlivem alkoholu, obsah alkoholu v krvi do 0,99 ‰",noc,,0,72025,1,72025,1,72025,6,22,1,1999,1,99,2021,0,0,1,0,0,2,1,1,10,6,-1157849.443,-601640.003,60206210907,2021/06/19 00:00:00+00,0,0,6a2cd8c0-8e73-4f68-a114-1bc3323954b9
-595918.173,-1160669.026,1438,Brno-Židenice,nezjišťováno,nesprávný způsob jízdy,havárie,nehoda s následky na životě nebo zdraví,řidič se plně nevěnoval řízení vozidla,"povrch suchý, neznečistěný",neztížené,dobré,žádné nebo žádné z uvedených,komunikace místní,,,jízdní kolo,Brno-Židenice,žena,Nezjišťován,sobota,červen,Židenice,,,,,,,,lehké zranění,"bez přilby (pouze u motocyklistů, příp. cyklistů)",řidičem nemotorového vozidla,"ve dne, viditelnost nezhoršená vlivem povětrnostních podmínek",na jízdním pruhu,řidič,dobrý -žádné nepříznivé okolnosti nebyly zjiště,den,,1,72026,1,72026,1,72026,6,39,1,1982,1,82,2021,0,0,1,0,0,1,17,1,1740,6,-1160669.026,-595918.173,60206210912,2021/06/19 00:00:00+00,0,0,887904b6-a762-4115-90f7-1dfcde9b545a
-604189.295000002,-1157389.33,1439,Brno-Bystrc,ne,nepřiměřená rychlost jízdy,havárie,nehoda s následky na životě nebo zdraví,nepřizpůsobení rychlosti vlastnostem vozidla a nákladu,"povrch suchý, neznečistěný",neztížené,dobré,žádné nebo žádné z uvedených,komunikace místní,,,jízdní kolo,Brno-Bystrc,muž,Ne,sobota,červen,Bystrc,,,,,,,,lehké zranění,"bez přilby (pouze u motocyklistů, příp. cyklistů)",řidičem nemotorového vozidla,"ve dne, zhoršená viditelnost (svítání, soumrak)",na jízdním pruhu,řidič,pod vlivem alkoholu obsah alkoholu v krvi 1 ‰ a víc,noc,,1,72027,1,72027,1,72027,6,40,1,1981,1,81,2021,0,0,1,0,0,1,21,1,2140,6,-1157389.33,-604189.295,60206210914,2021/06/19 00:00:00+00,1000,1000,a597a9ed-fa5c-422a-a963-ac13abe47c10
-595662.912999999,-1164550.446,1440,Brno-Tuřany,ne,nesprávé předjíždění,srážka s jedoucím nekolejovým vozidlem,nehoda s následky na životě nebo zdraví,"při předjíždění došlo k ohrožení předjížděného řidiče vozidla (vynucované zařazení, předjížděný řidič musel prudce brzdit, měnit směr jízdy apod.)","povrch suchý, neznečistěný",neztížené,dobré,žádné nebo žádné z uvedených,komunikace sledovaná (ve vybraných městech),,,jízdní kolo,Brno-Tuřany,muž,Ne,úterý,červen,Brněnské Ivanovice,,,,,,,,lehké zranění,"s přilbou (pouze u motocyklistů, příp. cyklistů)",řidičem motorového vozidla,"ve dne, viditelnost nezhoršená vlivem povětrnostních podmínek",na jízdním pruhu,řidič,dobrý -žádné nepříznivé okolnosti nebyly zjiště,den,,1,72028,1,72028,1,72028,2,33,1,1988,1,88,2021,0,0,1,0,0,2,16,1,1640,6,-1164550.446,-595662.913,60206210932,2021/06/22 00:00:00+00,10000,5000,d84154aa-32dd-4709-bf68-0d8aa5d8fefe
-596171.901999999,-1156800.442,1441,Brno-sever,ne,nesprávný způsob jízdy,havárie,nehoda s následky na životě nebo zdraví,řidič se plně nevěnoval řízení vozidla,povrch mokrý,neztížené,dobré,žádné nebo žádné z uvedených,komunikace místní,,,jízdní kolo,Brno-sever,žena,Ne,středa,červen,Lesná,,,,,,,,lehké zranění,"s přilbou (pouze u motocyklistů, příp. cyklistů)",řidičem nemotorového vozidla,"ve dne, viditelnost nezhoršená vlivem povětrnostních podmínek",na jízdním pruhu,řidič,dobrý -žádné nepříznivé okolnosti nebyly zjiště,den,,1,72029,1,72029,1,72029,3,52,1,1969,1,69,2021,0,0,1,0,0,1,7,1,735,6,-1156800.442,-596171.902,60206210935,2021/06/23 00:00:00+00,0,0,4b3f41f0-83ad-4894-af9f-d72274e490b6
-597305.171,-1164906.604,1442,Brno-jih,ne,nesprávný způsob jízdy,havárie,nehoda s následky na životě nebo zdraví,řidič se plně nevěnoval řízení vozidla,"povrch suchý, neznečistěný",neztížené,dobré,žádné nebo žádné z uvedených,komunikace místní,,,jízdní kolo,Brno-jih,muž,Ne,středa,červen,Dolní Heršpice,,,,,,,,lehké zranění,"s přilbou (pouze u motocyklistů, příp. cyklistů)",řidičem nemotorového vozidla,"ve dne, viditelnost nezhoršená vlivem povětrnostních podmínek",na jízdním pruhu,řidič,dobrý -žádné nepříznivé okolnosti nebyly zjiště,den,,1,72031,1,72031,1,72031,3,36,1,1985,1,85,2021,0,0,1,0,0,1,9,1,915,6,-1164906.604,-597305.171,60206210937,2021/06/23 00:00:00+00,5000,5000,ff5b3a5b-1cca-4004-b05c-d929fd9ff70d
-600064.653000001,-1163633.805,1443,Brno-Bohunice,ne,nesprávný způsob jízdy,srážka s jedoucím nekolejovým vozidlem,nehoda s následky na životě nebo zdraví,jiný druh nesprávného způsobu jízdy,"povrch suchý, neznečistěný",neztížené,dobré,žádné nebo žádné z uvedených,komunikace sledovaná (ve vybraných městech),,,jízdní kolo,Brno-Bohunice,muž,Ne,čtvrtek,červen,Bohunice,,,,,,,,lehké zranění,"s přilbou (pouze u motocyklistů, příp. cyklistů)",řidičem motorového vozidla,"ve dne, viditelnost nezhoršená vlivem povětrnostních podmínek",na jízdním pruhu,řidič,"pod vlivem alkoholu, obsah alkoholu v krvi do 0,99 ‰",den,,1,72032,1,72032,1,72032,4,63,1,1958,1,58,2021,0,0,1,0,0,2,14,1,1405,6,-1163633.805,-600064.653,60206210948,2021/06/24 00:00:00+00,5000,0,52df63e9-05ab-4da8-b0c4-36c774fddfc6
-598351.159000002,-1159019.506,1444,Brno-Královo Pole,ne,nedání přenosti v jízdě,srážka s jedoucím nekolejovým vozidlem,nehoda pouze s hmotnou škodou,proti příkazu dopravní značky DEJ PŘEDNOST,"povrch suchý, neznečistěný",neztížené,dobré,v blízkosti přechodu pro chodce (do vzdálenosti 20 m),uzel (křižovatka sledovaná ve vybraných městech),,,jízdní kolo,Brno-Královo Pole,muž,Ne,neděle,červen,Ponava,,,,,,,,bez zraněn,"bez přilby (pouze u motocyklistů, příp. cyklistů)",řidičem nemotorového vozidla,"ve dne, viditelnost nezhoršená vlivem povětrnostních podmínek",na jízdním pruhu,řidič,pod vlivem alkoholu obsah alkoholu v krvi 1 ‰ a víc,den,,0,72034,1,72034,1,72034,7,32,1,1989,1,89,2021,0,0,0,0,0,1,20,1,2030,6,-1159019.506,-598351.159,60206210970,2021/06/27 00:00:00+00,25000,20000,df41025c-dd0f-4004-a260-28a8bdba0b8f
-600751.892000001,-1162438.292,1445,Brno-Bohunice,ne,nedání přenosti v jízdě,srážka s jedoucím nekolejovým vozidlem,nehoda s následky na životě nebo zdraví,proti příkazu dopravní značky STŮJ DEJ PŘEDNOST,"povrch suchý, neznečistěný",neztížené,dobré,žádné nebo žádné z uvedených,komunikace sledovaná (ve vybraných městech),,,jízdní kolo,Brno-Bohunice,žena,Ne,středa,červen,Bohunice,,,,,,,,lehké zranění,"s přilbou (pouze u motocyklistů, příp. cyklistů)",řidičem motorového vozidla,"ve dne, viditelnost nezhoršená vlivem povětrnostních podmínek",na jízdním pruhu,řidič,dobrý -žádné nepříznivé okolnosti nebyly zjiště,den,,1,72035,1,72035,1,72035,3,34,1,1987,1,87,2021,0,0,1,0,0,2,7,1,755,6,-1162438.292,-600751.892,60206210990,2021/06/30 00:00:00+00,6000,1000,4911fd67-73d1-48bf-89c7-880a4a5f13e6