X,Y,objectid_1,zuj,alkohol_vinik,hlavni_pricina,srazka,nasledky,pricina,stav_vozovky,povetrnostni_podm,rozhled,misto_nehody,druh_komun,pneumatiky,druh_pohonu,druh_vozidla,mestska_cast,pohlavi,alkohol,den_v_tydnu,mesic_t,katastr,chovani_chodce,stav_chodce,drogy_chodec,alkohol_chodec,osobni_prepravnik,reflexni_prvky,kategorie_chodce,nasledek,ozn_osoba,zavineni,viditelnost,situovani,osoba,stav_ridic,doba,smrt_po,lz,target_fid_1,join_count_1,objectid,join_count,target_fid,den,vek,smrt_dny,rok_nar,p48a,p59d,rok,tz,smrt,lehce_zran_os,tezce_zran_os,usmrceno_os,id_vozidla,hodina,ovlivneni_ridice,cas,mesic,e,d,id_nehody,datum,hmotna_skoda_1,skoda_vozidlo,globalid
-604334.708999999,-1156194.65,1446,Brno-Bystrc,ne,nesprávný způsob jízdy,havárie,nehoda s následky na životě nebo zdraví,řidič se plně nevěnoval řízení vozidla,"povrch suchý, neznečistěný",neztížené,dobré,žádné nebo žádné z uvedených,komunikace místní,,,jízdní kolo,Brno-Bystrc,muž,Ne,sobota,červenec,Bystrc,,,,,,,,lehké zranění,"bez přilby (pouze u motocyklistů, příp. cyklistů)",řidičem nemotorového vozidla,"ve dne, viditelnost nezhoršená vlivem povětrnostních podmínek",na jízdním pruhu,řidič,dobrý -žádné nepříznivé okolnosti nebyly zjiště,den,,1,72038,1,72038,1,72038,6,49,1,1972,1,72,2021,0,0,1,0,0,1,17,1,1745,7,-1156194.65,-604334.709,60206211055,2021/07/10 00:00:00+00,0,0,23b1d91f-7f96-498b-8d8f-72c119880d20
-598110.017999999,-1158405.878,1447,Brno-Královo Pole,ne,nedání přenosti v jízdě,srážka s jedoucím nekolejovým vozidlem,nehoda s následky na životě nebo zdraví,při vjíždění na silnici,"povrch suchý, neznečistěný",neztížené,dobré,čerpadlo pohonných hmot,komunikace místní,,,jízdní kolo,Brno-Královo Pole,muž,Ne,sobota,červenec,Ponava,,,,,,,,lehké zranění,"bez přilby (pouze u motocyklistů, příp. cyklistů)",řidičem motorového vozidla,"ve dne, zhoršená viditelnost (svítání, soumrak)",na jízdním pruhu,řidič,dobrý -žádné nepříznivé okolnosti nebyly zjiště,noc,,1,72039,1,72039,1,72039,6,54,1,1967,1,67,2021,0,0,1,0,0,2,21,1,2100,7,-1158405.878,-598110.018,60206211057,2021/07/10 00:00:00+00,23000,10000,8dd2134e-72a0-4f2a-b6b2-0a6ac6da8956
-606283.541000001,-1153882.543,1448,Brno-Bystrc,nezjišťováno,nesprávný způsob jízdy,srážka s jedoucím nekolejovým vozidlem,nehoda s následky na životě nebo zdraví,řidič se plně nevěnoval řízení vozidla,"povrch suchý, neznečistěný",neztížené,dobré,žádné nebo žádné z uvedených,komunikace sledovaná (ve vybraných městech),,,jízdní kolo,Brno-Bystrc,žena,Nezjišťován,úterý,červen,Bystrc,,,,,,,,lehké zranění,"bez přilby (pouze u motocyklistů, příp. cyklistů)",řidičem motorového vozidla,"ve dne, viditelnost nezhoršená vlivem povětrnostních podmínek",na jízdním pruhu,řidič,dobrý -žádné nepříznivé okolnosti nebyly zjiště,den,,1,72040,1,72040,1,72040,2,51,1,1970,1,70,2021,0,0,1,0,0,2,14,1,1445,6,-1153882.543,-606283.541,60206211086,2021/06/08 00:00:00+00,2000,2000,3f02cfb9-844b-4e60-a41b-147c491882c9
-604163.236000001,-1162511.914,1449,Brno-Bosonohy,ano,nepřiměřená rychlost jízdy,srážka s chodcem,nehoda s následky na životě nebo zdraví,nepřizpůsobení rychlosti vlastnostem vozidla a nákladu,"povrch suchý, neznečistěný",neztížené,dobré,žádné nebo žádné z uvedených,komunikace sledovaná (ve vybraných městech),,,jízdní kolo,Brno-Bosonohy,žena,"Ano, obsah alkoholu v krvi do 0,24 ‰",neděle,červenec,Bosonohy,,,,,,,,bez zraněn,"bez přilby (pouze u motocyklistů, příp. cyklistů)",řidičem nemotorového vozidla,"ve dne, viditelnost nezhoršená vlivem povětrnostních podmínek",na chodníku nebo ostrůvku,řidič,"pod vlivem alkoholu, obsah alkoholu v krvi do 0,99 ‰",den,,0,72041,1,72041,1,72041,7,60,1,1961,1,61,2021,0,0,1,0,0,1,20,1,2014,7,-1162511.914,-604163.236,60206211114,2021/07/18 00:00:00+00,1000,1000,6202d5d8-b2f6-4675-ab6a-586fbe571f37
-599566.359000001,-1159014.304,1450,Brno-Žabovřesky,ano,nedání přenosti v jízdě,srážka s jedoucím nekolejovým vozidlem,nehoda s následky na životě nebo zdraví,proti příkazu dopravní značky DEJ PŘEDNOST,"povrch suchý, neznečistěný",neztížené,dobré,v blízkosti přechodu pro chodce (do vzdálenosti 20 m),komunikace sledovaná (ve vybraných městech),,,jízdní kolo,Brno-Žabovřesky,muž,"Ano, obsah alkoholu v krvi od 1,0‰ do 1,5‰",středa,červenec,Žabovřesky,,,,,,,,lehké zranění,"bez přilby (pouze u motocyklistů, příp. cyklistů)",řidičem nemotorového vozidla,"ve dne, viditelnost nezhoršená vlivem povětrnostních podmínek",na jízdním pruhu,řidič,pod vlivem alkoholu obsah alkoholu v krvi 1 ‰ a víc,den,,1,72042,1,72042,1,72042,3,80,1,1941,3,41,2021,0,0,1,0,0,1,12,1,1250,7,-1159014.304,-599566.359,60206211135,2021/07/21 00:00:00+00,6000,1000,7b87866a-f9bd-4d25-836e-14cadb20292e
-595316.469999999,-1158335.386,1451,Brno-Maloměřice a Obřany,nezjišťováno,nesprávé předjíždění,srážka s jedoucím nekolejovým vozidlem,nehoda s následky na životě nebo zdraví,"při předjíždění došlo k ohrožení předjížděného řidiče vozidla (vynucované zařazení, předjížděný řidič musel prudce brzdit, měnit směr jízdy apod.)","povrch suchý, neznečistěný",neztížené,dobré,parkoviště přiléhající ke komunikaci,komunikace sledovaná (ve vybraných městech),,,jízdní kolo,Brno-Maloměřice a Obřany,žena,Nezjišťován,sobota,červenec,Maloměřice,,,,,,,,lehké zranění,"s přilbou (pouze u motocyklistů, příp. cyklistů)",řidičem motorového vozidla,"ve dne, viditelnost nezhoršená vlivem povětrnostních podmínek",na jízdním pruhu,řidič,dobrý -žádné nepříznivé okolnosti nebyly zjiště,den,,1,72043,1,72043,1,72043,6,26,1,1995,1,95,2021,0,0,1,0,0,2,12,1,1253,7,-1158335.386,-595316.47,60206211163,2021/07/24 00:00:00+00,3000,2000,24521ae5-26b2-4dc8-8461-f77e4ebd8b36
-600528.226,-1158546.505,1452,Brno-Žabovřesky,ne,nesprávný způsob jízdy,havárie,nehoda s následky na životě nebo zdraví,řidič se plně nevěnoval řízení vozidla,"povrch suchý, neznečistěný",neztížené,dobré,žádné nebo žádné z uvedených,komunikace místní,,,jízdní kolo,Brno-Žabovřesky,muž,Ne,neděle,červenec,Žabovřesky,,,,,,,,lehké zranění,"bez přilby (pouze u motocyklistů, příp. cyklistů)",řidičem nemotorového vozidla,"ve dne, viditelnost nezhoršená vlivem povětrnostních podmínek",na jízdním pruhu,řidič,dobrý -žádné nepříznivé okolnosti nebyly zjiště,den,,1,72044,1,72044,1,72044,7,82,1,1939,1,39,2021,0,0,1,0,0,1,17,1,1745,7,-1158546.505,-600528.226,60206211170,2021/07/25 00:00:00+00,0,0,a2a1a925-e311-45bb-81f1-43085fb8f345
-596199.162999999,-1161215.017,1453,Brno-Židenice,ne,nesprávný způsob jízdy,srážka s jedoucím nekolejovým vozidlem,nehoda s následky na životě nebo zdraví,řidič se plně nevěnoval řízení vozidla,"povrch suchý, neznečistěný",neztížené,dobré,"zastávka tramvaje, autobusu, trolejbusu bez nástup. ostrůvku",komunikace sledovaná (ve vybraných městech),,,jízdní kolo,Brno-Židenice,muž,Ne,pondělí,červenec,Židenice,,,,,,,,lehké zranění,"s přilbou (pouze u motocyklistů, příp. cyklistů)",řidičem motorového vozidla,"ve dne, viditelnost nezhoršená vlivem povětrnostních podmínek",na jízdním pruhu,řidič,dobrý -žádné nepříznivé okolnosti nebyly zjiště,den,,1,72045,1,72045,1,72045,1,44,1,1977,1,77,2021,0,0,1,0,0,2,6,1,610,7,-1161215.017,-596199.163,60206211175,2021/07/26 00:00:00+00,2000,1000,64d5ad6b-487a-48ef-986a-9e030366ec12
-601053.535999998,-1159604.825,1454,Brno-Žabovřesky,ne,nepřiměřená rychlost jízdy,havárie,nehoda s následky na životě nebo zdraví,nepřizpůsobení rychlosti vlastnostem vozidla a nákladu,"povrch suchý, neznečistěný",neztížené,dobré,žádné nebo žádné z uvedených,komunikace místní,,,jízdní kolo,Brno-Žabovřesky,žena,Ne,pondělí,červenec,Žabovřesky,,,,,,,,lehké zranění,"s přilbou (pouze u motocyklistů, příp. cyklistů)",řidičem nemotorového vozidla,"ve dne, viditelnost nezhoršená vlivem povětrnostních podmínek",na jízdním pruhu,řidič,dobrý -žádné nepříznivé okolnosti nebyly zjiště,den,,1,72046,1,72046,1,72046,1,25,1,1996,1,96,2021,0,0,1,0,0,1,10,1,1027,7,-1159604.825,-601053.536,60206211178,2021/07/26 00:00:00+00,2000,1000,6a4a275e-2eb4-46eb-aa11-19c1b629ae05
-598678.723000001,-1159702.635,1455,Brno-střed,ne,nesprávný způsob jízdy,havárie,nehoda s následky na životě nebo zdraví,řidič se plně nevěnoval řízení vozidla,"povrch suchý, neznečistěný",neztížené,dobré,v blízkosti přechodu pro chodce (do vzdálenosti 20 m),uzel (křižovatka sledovaná ve vybraných městech),,,jízdní kolo,Brno-střed,muž,Ne,úterý,červenec,Veveří,,,,,,,,lehké zranění,"s přilbou (pouze u motocyklistů, příp. cyklistů)",řidičem nemotorového vozidla,"ve dne, viditelnost nezhoršená vlivem povětrnostních podmínek",na jízdním pruhu,řidič,dobrý -žádné nepříznivé okolnosti nebyly zjiště,den,,1,72048,1,72048,1,72048,2,36,1,1985,1,85,2021,0,0,1,0,0,1,18,1,1810,7,-1159702.635,-598678.723,60206211182,2021/07/27 00:00:00+00,0,0,06bd4620-3fa9-41d6-93a1-12f138c8d167
-598256.287,-1159371.381,1456,Brno-střed,ne,nedání přenosti v jízdě,srážka s jedoucím nekolejovým vozidlem,nehoda s následky na životě nebo zdraví,při přejíždění z jednoho jízdního pruhu do druhého,"povrch suchý, neznečistěný",neztížené,dobré,"zastávka autobusu, trolejbusu, tramvaje s nástup. ostrůvkem",komunikace sledovaná (ve vybraných městech),,,jízdní kolo,Brno-střed,muž,Ne,čtvrtek,červenec,Veveří,,,,,,,,lehké zranění,"bez přilby (pouze u motocyklistů, příp. cyklistů)",řidičem nemotorového vozidla,"ve dne, viditelnost nezhoršená vlivem povětrnostních podmínek",na jízdním pruhu,řidič,dobrý -žádné nepříznivé okolnosti nebyly zjiště,den,,1,72049,1,72049,1,72049,4,33,1,1988,1,88,2021,0,0,1,0,0,1,14,1,1420,7,-1159371.381,-598256.287,60206211199,2021/07/29 00:00:00+00,32000,30000,fc7ea129-54bb-4a2e-a270-268aa55f8b91
-599023.09,-1159529.78,1457,Brno-střed,ne,nesprávný způsob jízdy,srážka s jedoucím nekolejovým vozidlem,nehoda s následky na životě nebo zdraví,řidič se plně nevěnoval řízení vozidla,"povrch suchý, neznečistěný",neztížené,dobré,přechod pro chodce,komunikace sledovaná (ve vybraných městech),,,jízdní kolo,Brno-střed,muž,Ne,čtvrtek,červenec,Veveří,,,,,,,,lehké zranění,"s přilbou (pouze u motocyklistů, příp. cyklistů)",řidičem nemotorového vozidla,"ve dne, viditelnost nezhoršená vlivem povětrnostních podmínek",na jízdním pruhu,řidič,dobrý -žádné nepříznivé okolnosti nebyly zjiště,den,,1,72051,1,72051,1,72051,4,24,1,1997,1,97,2021,0,0,1,0,0,1,19,1,1913,7,-1159529.78,-599023.09,60206211203,2021/07/29 00:00:00+00,30000,25000,a20366da-de20-45e4-b15a-43d3ac15c6fe
-596600.065000001,-1164551.774,1458,Brno-Tuřany,ano,nedání přenosti v jízdě,srážka s jedoucím nekolejovým vozidlem,nehoda s následky na životě nebo zdraví,při odbočování vlevo,"povrch suchý, neznečistěný",neztížené,dobré,"most, nadjezd, podjezd, tunel",komunikace sledovaná (ve vybraných městech),,,jízdní kolo,Brno-Tuřany,muž,"Ano, obsah alkoholu v krvi od 1,0‰ do 1,5‰",úterý,srpen,Brněnské Ivanovice,,,,,,,,lehké zranění,"s přilbou (pouze u motocyklistů, příp. cyklistů)",řidičem nemotorového vozidla,"ve dne, viditelnost nezhoršená vlivem povětrnostních podmínek",na jízdním pruhu,řidič,pod vlivem alkoholu obsah alkoholu v krvi 1 ‰ a víc,den,,1,72053,1,72053,1,72053,2,54,1,1967,1,67,2021,0,0,1,0,0,1,16,0,1605,8,-1164551.774,-596600.065,60206211234,2021/08/03 00:00:00+00,12000,10000,cc2689eb-01cf-4546-b891-4f995ef9eea7
-601388.875999998,-1155138.984,1459,Brno-Komín,ne,nesprávný způsob jízdy,jiný druh nehody,nehoda s následky na životě nebo zdraví,řidič se plně nevěnoval řízení vozidla,povrch mokrý,"na počátku deště, slabý déšť, mrholení apod.",dobré,žádné nebo žádné z uvedených,komunikace místní,,,jízdní kolo,Brno-Komín,muž,Ne,středa,srpen,Komín,,,,,,,,lehké zranění,"s přilbou (pouze u motocyklistů, příp. cyklistů)",řidičem nemotorového vozidla,"ve dne, viditelnost nezhoršená vlivem povětrnostních podmínek",na jízdním pruhu,řidič,dobrý -žádné nepříznivé okolnosti nebyly zjiště,den,,1,72054,1,72054,1,72054,3,46,1,1975,1,75,2021,0,0,1,0,0,1,18,1,1800,8,-1155138.984,-601388.876,60206211245,2021/08/04 00:00:00+00,10000,0,ee256270-3bbf-41c5-beae-dcaf0d617e82
-596609.263,-1164541.835,1460,Brno-Tuřany,ne,nedání přenosti v jízdě,srážka s jedoucím nekolejovým vozidlem,nehoda s následky na životě nebo zdraví,při vjíždění na silnici,"povrch suchý, neznečistěný",neztížené,dobré,žádné nebo žádné z uvedených,komunikace sledovaná (ve vybraných městech),,,jízdní kolo,Brno-Tuřany,muž,Ne,středa,srpen,Brněnské Ivanovice,,,,,,,,lehké zranění,"bez přilby (pouze u motocyklistů, příp. cyklistů)",řidičem nemotorového vozidla,"ve dne, viditelnost nezhoršená vlivem povětrnostních podmínek",na jízdním pruhu,řidič,dobrý -žádné nepříznivé okolnosti nebyly zjiště,den,,1,72057,1,72057,1,72057,3,37,1,1984,1,84,2021,0,0,1,0,0,1,16,1,1610,8,-1164541.835,-596609.263,60206211291,2021/08/11 00:00:00+00,23000,2000,4d19f5de-77f9-4aac-9980-41b5d74c1359
-594974.616,-1161206.349,1461,Brno-Židenice,ano,nesprávný způsob jízdy,havárie,nehoda s následky na životě nebo zdraví,řidič se plně nevěnoval řízení vozidla,"povrch suchý, neznečistěný",neztížené,dobré,žádné nebo žádné z uvedených,komunikace sledovaná (ve vybraných městech),,,jízdní kolo,Brno-Židenice,muž,"Ano, obsah alkoholu v krvi 1,5‰ a více",neděle,srpen,Židenice,,,,,,,,lehké zranění,"bez přilby (pouze u motocyklistů, příp. cyklistů)",řidičem nemotorového vozidla,"ve dne, viditelnost nezhoršená vlivem povětrnostních podmínek",na jízdním pruhu,řidič,pod vlivem alkoholu obsah alkoholu v krvi 1 ‰ a víc,den,,1,72058,1,72058,1,72058,7,30,1,1991,1,91,2021,0,0,1,0,0,1,15,1,1527,8,-1161206.349,-594974.616,60206211317,2021/08/15 00:00:00+00,2000,2000,8bee0d93-3145-4e57-b071-f28a5afcd88d
-594644.109000001,-1160153.577,1462,Brno-Vinohrady,ano,nesprávný způsob jízdy,srážka s pevnou překážkou,nehoda s následky na životě nebo zdraví,řidič se plně nevěnoval řízení vozidla,"povrch suchý, neznečistěný",neztížené,dobré,žádné nebo žádné z uvedených,komunikace sledovaná (ve vybraných městech),,,jízdní kolo,Brno-Vinohrady,muž,"Ano, obsah alkoholu v krvi 1,5‰ a více",čtvrtek,srpen,Židenice,,,,,,,,lehké zranění,"bez přilby (pouze u motocyklistů, příp. cyklistů)",řidičem nemotorového vozidla,"ve dne, viditelnost nezhoršená vlivem povětrnostních podmínek",na jízdním pruhu,řidič,pod vlivem alkoholu obsah alkoholu v krvi 1 ‰ a víc,den,,1,72059,1,72059,1,72059,4,55,1,1966,1,66,2021,0,0,1,0,0,1,12,1,1259,8,-1160153.577,-594644.109,60206211344,2021/08/19 00:00:00+00,1000,1000,a9ad2b96-4281-480e-8e73-d79653924be3
-594302.208000001,-1166455.13,1463,Brno-Tuřany,ne,nedání přenosti v jízdě,srážka s jedoucím nekolejovým vozidlem,nehoda s následky na životě nebo zdraví,při vjíždění na silnici,"povrch suchý, neznečistěný",neztížené,dobré,žádné nebo žádné z uvedených,komunikace místní,,,jízdní kolo,Brno-Tuřany,muž,Ne,čtvrtek,srpen,Tuřany,,,,,,,,lehké zranění,"bez přilby (pouze u motocyklistů, příp. cyklistů)",řidičem nemotorového vozidla,"ve dne, viditelnost nezhoršená vlivem povětrnostních podmínek",na jízdním pruhu,řidič,dobrý -žádné nepříznivé okolnosti nebyly zjiště,den,,1,72060,1,72060,1,72060,4,52,1,1969,1,69,2021,0,0,1,0,0,1,16,1,1655,8,-1166455.13,-594302.208,60206211346,2021/08/19 00:00:00+00,21000,1000,744b2313-b581-45c3-a93e-ecfd294ee507
-594000.173,-1158361.267,1464,Brno-Maloměřice a Obřany,ne,nesprávný způsob jízdy,havárie,nehoda s následky na životě nebo zdraví,řidič se plně nevěnoval řízení vozidla,"povrch suchý, neznečistěný",neztížené,dobré,žádné nebo žádné z uvedených,komunikace místní,,,jízdní kolo,Brno-Maloměřice a Obřany,muž,Ne,sobota,srpen,Maloměřice,,,,,,,,lehké zranění,"bez přilby (pouze u motocyklistů, příp. cyklistů)",řidičem nemotorového vozidla,"ve dne, viditelnost nezhoršená vlivem povětrnostních podmínek",na jízdním pruhu,řidič,dobrý -žádné nepříznivé okolnosti nebyly zjiště,den,,1,72061,1,72061,1,72061,6,45,1,1976,1,76,2021,0,0,1,0,0,1,15,1,1515,8,-1158361.267,-594000.173,60206211358,2021/08/21 00:00:00+00,1000,1000,d7a36814-5a20-4307-ad50-618da577b05a
-595258.226,-1161517.987,1465,Brno-Židenice,ne,nesprávný způsob jízdy,srážka s jedoucím nekolejovým vozidlem,nehoda s následky na životě nebo zdraví,řidič se plně nevěnoval řízení vozidla,"povrch suchý, neznečistěný",neztížené,dobré,žádné nebo žádné z uvedených,komunikace místní,,,jízdní kolo,Brno-Židenice,chlapec (do 15 let),Ne,neděle,srpen,Židenice,,,,,,,,lehké zranění,"bez přilby (pouze u motocyklistů, příp. cyklistů)",řidičem nemotorového vozidla,"ve dne, viditelnost nezhoršená vlivem povětrnostních podmínek",na jízdním pruhu,řidič,dobrý -žádné nepříznivé okolnosti nebyly zjiště,den,,1,72062,1,72062,1,72062,7,12,1,2009,3,9,2021,0,0,1,0,0,1,18,1,1815,8,-1161517.987,-595258.226,60206211363,2021/08/22 00:00:00+00,5000,0,f16224e6-70c6-4d3a-a7aa-b9f7a8e4fcd8
-597469.679000001,-1165402.719,1466,Brno-jih,ano,nesprávný způsob jízdy,srážka s jedoucím nekolejovým vozidlem,nehoda pouze s hmotnou škodou,řidič se plně nevěnoval řízení vozidla,"povrch suchý, neznečistěný",neztížené,dobré,"most, nadjezd, podjezd, tunel",komunikace místní,,,jízdní kolo,Brno-jih,muž,"Ano, obsah alkoholu v krvi 1,5‰ a více",neděle,srpen,Dolní Heršpice,,,,,,,,bez zraněn,"bez přilby (pouze u motocyklistů, příp. cyklistů)",řidičem nemotorového vozidla,"v noci - s veřejným osvětlením, viditelnost nezhoršená vlivem povětrnostních podmínek",na jízdním pruhu,řidič,pod vlivem alkoholu obsah alkoholu v krvi 1 ‰ a víc,den,,0,72063,1,72063,1,72063,7,47,1,1974,1,74,2021,0,0,0,0,0,1,20,1,2045,8,-1165402.719,-597469.679,60206211366,2021/08/22 00:00:00+00,5000,5000,75e4277e-d65e-46b8-9c94-f48267758174
-595608.054000001,-1161065.936,1467,Brno-Židenice,nezjišťováno,nesprávný způsob jízdy,srážka s jedoucím nekolejovým vozidlem,nehoda s následky na životě nebo zdraví,řidič se plně nevěnoval řízení vozidla,"povrch suchý, neznečistěný",neztížené,dobré,v blízkosti přechodu pro chodce (do vzdálenosti 20 m),komunikace sledovaná (ve vybraných městech),,,jízdní kolo,Brno-Židenice,muž,Nezjišťován,středa,srpen,Židenice,,,,,,,,lehké zranění,"s přilbou (pouze u motocyklistů, příp. cyklistů)",řidičem motorového vozidla,"ve dne, viditelnost nezhoršená vlivem povětrnostních podmínek",na jízdním pruhu,řidič,dobrý -žádné nepříznivé okolnosti nebyly zjiště,den,,1,72065,1,72065,1,72065,3,34,1,1987,1,87,2021,0,0,1,0,0,2,8,1,850,8,-1161065.936,-595608.054,60206211394,2021/08/25 00:00:00+00,8000,5000,7fc10a64-696c-4b79-9d67-3155ead87011
-595849.004000001,-1158922.75,1468,Brno-sever,ne,nedání přenosti v jízdě,jiný druh nehody,nehoda s následky na životě nebo zdraví,jiné nedání přednosti,povrch mokrý,neztížené,dobré,přechod pro chodce,komunikace sledovaná (ve vybraných městech),,,jízdní kolo,Brno-sever,chlapec (do 15 let),Ne,neděle,srpen,Husovice,,,,,,,,lehké zranění,"s přilbou (pouze u motocyklistů, příp. cyklistů)",řidičem motorového vozidla,"ve dne, viditelnost nezhoršená vlivem povětrnostních podmínek",žádné z uvedenýc,řidič,dobrý -žádné nepříznivé okolnosti nebyly zjiště,den,,1,72066,1,72066,1,72066,7,5,1,2016,1,16,2021,0,0,1,0,0,2,15,1,1555,8,-1158922.75,-595849.004,60206211427,2021/08/29 00:00:00+00,10000,0,4ec91180-80ec-4be7-8d10-c0471a89f92f
-595332.526000001,-1165624.616,1469,Brno-Tuřany,ne,nedání přenosti v jízdě,srážka s jedoucím nekolejovým vozidlem,nehoda s následky na životě nebo zdraví,při odbočování vlevo,"povrch suchý, neznečistěný",neztížené,dobré,žádné nebo žádné z uvedených,uzel (křižovatka sledovaná ve vybraných městech),,,jízdní kolo,Brno-Tuřany,žena,Ne,čtvrtek,září,Brněnské Ivanovice,,,,,,,,těžké zranění,"s přilbou (pouze u motocyklistů, příp. cyklistů)",řidičem motorového vozidla,"ve dne, viditelnost nezhoršená vlivem povětrnostních podmínek",na jízdním pruhu,řidič,dobrý -žádné nepříznivé okolnosti nebyly zjiště,den,,0,72067,1,72067,1,72067,4,62,1,1959,1,59,2021,1,0,0,1,0,2,8,1,840,9,-1165624.616,-595332.526,60206211454,2021/09/02 00:00:00+00,33000,10000,4c35a7c6-2233-4c4b-b6cb-e05de8d926c4
-602148.085999999,-1157650.164,1470,Brno-Komín,ne,nesprávný způsob jízdy,srážka s jedoucím nekolejovým vozidlem,nehoda pouze s hmotnou škodou,řidič se plně nevěnoval řízení vozidla,"povrch suchý, neznečistěný",neztížené,dobré,žádné nebo žádné z uvedených,komunikace místní,,,jízdní kolo,Brno-Komín,muž,Ne,čtvrtek,září,Komín,,,,,,,,bez zraněn,"s přilbou (pouze u motocyklistů, příp. cyklistů)",řidičem nemotorového vozidla,"ve dne, viditelnost nezhoršená vlivem povětrnostních podmínek",na stezce pro cyklisty,řidič,dobrý -žádné nepříznivé okolnosti nebyly zjiště,den,,0,72068,1,72068,1,72068,4,31,1,1990,1,90,2021,0,0,0,0,0,2,16,1,1630,9,-1157650.164,-602148.086,60206211462,2021/09/02 00:00:00+00,8000,0,2a64468f-73a8-409a-b4ea-47ec6eae8796
-602148.085999999,-1157650.164,1471,Brno-Komín,ne,nesprávný způsob jízdy,srážka s jedoucím nekolejovým vozidlem,nehoda pouze s hmotnou škodou,řidič se plně nevěnoval řízení vozidla,"povrch suchý, neznečistěný",neztížené,dobré,žádné nebo žádné z uvedených,komunikace místní,,,jízdní kolo,Brno-Komín,muž,Ne,čtvrtek,září,Komín,,,,,,,,bez zraněn,"s přilbou (pouze u motocyklistů, příp. cyklistů)",řidičem nemotorového vozidla,"ve dne, viditelnost nezhoršená vlivem povětrnostních podmínek",na stezce pro cyklisty,řidič,dobrý -žádné nepříznivé okolnosti nebyly zjiště,den,,0,72069,1,72069,1,72069,4,54,1,1967,1,67,2021,0,0,0,0,0,1,16,1,1630,9,-1157650.164,-602148.086,60206211462,2021/09/02 00:00:00+00,8000,0,d2799d80-1f88-4b55-b0e4-257b231c09b8
-596700.287,-1160636.07,1472,Brno-střed,ne,nesprávný způsob jízdy,havárie,nehoda s následky na životě nebo zdraví,řidič se plně nevěnoval řízení vozidla,"povrch suchý, neznečistěný",neztížené,dobré,žádné nebo žádné z uvedených,komunikace místní,,,jízdní kolo,Brno-střed,muž,Ne,neděle,září,Zábrdovice,,,,,,,,lehké zranění,"s přilbou (pouze u motocyklistů, příp. cyklistů)",řidičem nemotorového vozidla,"ve dne, zhoršená viditelnost (svítání, soumrak)",na jízdním pruhu,řidič,dobrý -žádné nepříznivé okolnosti nebyly zjiště,den,,1,72070,1,72070,1,72070,7,46,1,1975,1,75,2021,0,0,1,0,0,1,19,1,1946,9,-1160636.07,-596700.287,60206211487,2021/09/05 00:00:00+00,3000,2000,96d0e5d0-0284-4bc6-b0bb-652b4b4769e1
-601125.594999999,-1158056.184,1473,Brno-Komín,ne,nesprávný způsob jízdy,srážka s jedoucím nekolejovým vozidlem,nehoda s následky na životě nebo zdraví,řidič se plně nevěnoval řízení vozidla,"povrch suchý, neznečistěný",neztížené,dobré,žádné nebo žádné z uvedených,komunikace sledovaná (ve vybraných městech),,,jízdní kolo,Brno-Komín,žena,Ne,pondělí,září,Komín,,,,,,,,lehké zranění,"s přilbou (pouze u motocyklistů, příp. cyklistů)",řidičem motorového vozidla,"ve dne, viditelnost nezhoršená vlivem povětrnostních podmínek",na jízdním pruhu,řidič,dobrý -žádné nepříznivé okolnosti nebyly zjiště,den,,1,72071,1,72071,1,72071,1,46,1,1975,1,75,2021,0,0,1,0,0,2,6,1,625,9,-1158056.184,-601125.595,60206211488,2021/09/06 00:00:00+00,20000,15000,3edc8395-efe0-4ddd-96d7-b7ee27ab59b1
-598210.114,-1159569.217,1474,Brno-střed,ne,nedání přenosti v jízdě,srážka s jedoucím nekolejovým vozidlem,nehoda s následky na životě nebo zdraví,při odbočování vlevo,"povrch suchý, neznečistěný",neztížené,dobré,přechod pro chodce,uzel (křižovatka sledovaná ve vybraných městech),,,jízdní kolo,Brno-střed,muž,Ne,čtvrtek,září,Veveří,,,,,,,,lehké zranění,"bez přilby (pouze u motocyklistů, příp. cyklistů)",řidičem motorového vozidla,"ve dne, viditelnost nezhoršená vlivem povětrnostních podmínek",na jízdním pruhu,řidič,dobrý -žádné nepříznivé okolnosti nebyly zjiště,den,,1,72072,1,72072,1,72072,4,31,1,1990,1,90,2021,0,0,1,0,0,2,16,1,1600,9,-1159569.217,-598210.114,60206211525,2021/09/09 00:00:00+00,12000,2000,00503f2a-0ed1-4945-89fc-2842956993cc
-592241.228999998,-1162819.426,1475,Brno-Slatina,ne,nedání přenosti v jízdě,srážka s jedoucím nekolejovým vozidlem,nehoda s následky na životě nebo zdraví,proti příkazu dopravní značky DEJ PŘEDNOST,"povrch suchý, neznečistěný",neztížené,dobré,žádné nebo žádné z uvedených,uzel (křižovatka sledovaná ve vybraných městech),,,jízdní kolo,Brno-Slatina,žena,Ne,neděle,září,Slatina,,,,,,,,lehké zranění,"s přilbou (pouze u motocyklistů, příp. cyklistů)",řidičem motorového vozidla,"ve dne, viditelnost nezhoršená vlivem povětrnostních podmínek",na jízdním pruhu,řidič,"pod vlivem alkoholu, obsah alkoholu v krvi do 0,99 ‰",den,,1,72074,1,72074,1,72074,7,40,1,1981,1,81,2021,0,0,1,0,0,2,14,1,1452,9,-1162819.426,-592241.229,60206211543,2021/09/12 00:00:00+00,3000,2000,bc4d13ac-43ec-414e-a3cd-f96814dc3b61