X,Y,objectid_1,zuj,alkohol_vinik,hlavni_pricina,srazka,nasledky,pricina,stav_vozovky,povetrnostni_podm,rozhled,misto_nehody,druh_komun,pneumatiky,druh_pohonu,druh_vozidla,mestska_cast,pohlavi,alkohol,den_v_tydnu,mesic_t,katastr,chovani_chodce,stav_chodce,drogy_chodec,alkohol_chodec,osobni_prepravnik,reflexni_prvky,kategorie_chodce,nasledek,ozn_osoba,zavineni,viditelnost,situovani,osoba,stav_ridic,doba,smrt_po,lz,target_fid_1,join_count_1,objectid,join_count,target_fid,den,vek,smrt_dny,rok_nar,p48a,p59d,rok,tz,smrt,lehce_zran_os,tezce_zran_os,usmrceno_os,id_vozidla,hodina,ovlivneni_ridice,cas,mesic,e,d,id_nehody,datum,hmotna_skoda_1,skoda_vozidlo,globalid
-601151.511999998,-1160011.316,1476,Brno-Jundrov,ano,nepřiměřená rychlost jízdy,"srážka s vozidlem zaparkovaným, odstaveným",nehoda s následky na životě nebo zdraví,nepřizpůsobení rychlosti vlastnostem vozidla a nákladu,"povrch suchý, neznečistěný",neztížené,dobré,parkoviště přiléhající ke komunikaci,komunikace sledovaná (ve vybraných městech),,,jízdní kolo,Brno-Jundrov,muž,"Ano, obsah alkoholu v krvi 1,5‰ a více",neděle,září,Pisárky,,,,,,,,lehké zranění,"bez přilby (pouze u motocyklistů, příp. cyklistů)",řidičem nemotorového vozidla,"v noci - s veřejným osvětlením, viditelnost nezhoršená vlivem povětrnostních podmínek",na jízdním pruhu,řidič,pod vlivem alkoholu obsah alkoholu v krvi 1 ‰ a víc,noc,,1,72075,1,72075,1,72075,7,62,1,1959,1,59,2021,0,0,1,0,0,1,23,1,2325,9,-1160011.316,-601151.512,60206211545,2021/09/12 00:00:00+00,7000,5000,aa0ad794-34a6-456b-a6ba-8872ed0d9785
-600233.471000001,-1158483.534,1477,Brno-Žabovřesky,ne,nedání přenosti v jízdě,srážka s jedoucím nekolejovým vozidlem,nehoda s následky na životě nebo zdraví,proti příkazu dopravní značky DEJ PŘEDNOST,"povrch suchý, neznečistěný",neztížené,dobré,parkoviště přiléhající ke komunikaci,komunikace místní,,,jízdní kolo,Brno-Žabovřesky,muž,Ne,pondělí,září,Žabovřesky,,,,,,,,lehké zranění,"bez přilby (pouze u motocyklistů, příp. cyklistů)",řidičem motorového vozidla,"ve dne, viditelnost nezhoršená vlivem povětrnostních podmínek",na jízdním pruhu,řidič,dobrý -žádné nepříznivé okolnosti nebyly zjiště,den,,1,72076,1,72076,1,72076,1,35,1,1986,1,86,2021,0,0,1,0,0,2,12,1,1205,9,-1158483.534,-600233.471,60206211549,2021/09/13 00:00:00+00,22000,2000,03fd725a-4a4f-465d-9a90-c61561543b34
-600308.471000001,-1157855.454,1478,Brno-Žabovřesky,ne,nesprávný způsob jízdy,srážka s jedoucím nekolejovým vozidlem,nehoda pouze s hmotnou škodou,řidič se plně nevěnoval řízení vozidla,"povrch suchý, neznečistěný",neztížené,dobré,přechod pro chodce,komunikace místní,,,jízdní kolo,Brno-Žabovřesky,muž,Ne,středa,září,Žabovřesky,,,,,,,,bez zraněn,"s přilbou (pouze u motocyklistů, příp. cyklistů)",řidičem motorového vozidla,"ve dne, viditelnost nezhoršená vlivem povětrnostních podmínek",na jízdním pruhu,řidič,dobrý -žádné nepříznivé okolnosti nebyly zjiště,den,,0,72077,1,72077,1,72077,3,47,1,1974,1,74,2021,0,0,0,0,0,2,13,1,1305,9,-1157855.454,-600308.471,60206211565,2021/09/15 00:00:00+00,11000,1000,02131705-c5ee-4f38-893e-0122715072b2
-596865.884,-1159941.938,1479,Brno-sever,ano,nepřiměřená rychlost jízdy,havárie,nehoda s následky na životě nebo zdraví,nepřizpůsobení rychlosti vlastnostem vozidla a nákladu,povrch mokrý,"na počátku deště, slabý déšť, mrholení apod.",dobré,žádné nebo žádné z uvedených,komunikace sledovaná (ve vybraných městech),,,jízdní kolo,Brno-sever,muž,"Ano, obsah alkoholu v krvi 1,5‰ a více",čtvrtek,září,Zábrdovice,,,,,,,,lehké zranění,"bez přilby (pouze u motocyklistů, příp. cyklistů)",řidičem nemotorového vozidla,"v noci - s veřejným osvětlením, viditelnost nezhoršená vlivem povětrnostních podmínek",na jízdním pruhu,řidič,pod vlivem alkoholu obsah alkoholu v krvi 1 ‰ a víc,noc,,1,72078,1,72078,1,72078,4,20,1,2001,3,1,2021,0,0,1,0,0,1,23,1,2350,9,-1159941.938,-596865.884,60206211579,2021/09/16 00:00:00+00,1000,1000,a8972c87-cb63-465b-bccb-22dea89f0be8
-594595.379999999,-1166380.604,1480,Brno-Tuřany,ne,nedání přenosti v jízdě,srážka s jedoucím nekolejovým vozidlem,nehoda s následky na životě nebo zdraví,vozidlu přijíždějícímu zprava,"povrch suchý, neznečistěný",neztížené,dobré,žádné nebo žádné z uvedených,komunikace místní,,,jízdní kolo,Brno-Tuřany,chlapec (do 15 let),Ne,pátek,září,Tuřany,,,,,,,,bez zraněn,"bez přilby (pouze u motocyklistů, příp. cyklistů)",řidičem nemotorového vozidla,"ve dne, viditelnost nezhoršená vlivem povětrnostních podmínek",na jízdním pruhu,řidič,dobrý -žádné nepříznivé okolnosti nebyly zjiště,den,,0,72079,1,72079,1,72079,5,14,1,2007,1,7,2021,0,0,1,0,0,1,17,1,1734,9,-1166380.604,-594595.38,60206211587,2021/09/17 00:00:00+00,12000,10000,058a3e98-5b24-4168-b053-52f5c64282e8
-594595.379999999,-1166380.604,1481,Brno-Tuřany,ne,nedání přenosti v jízdě,srážka s jedoucím nekolejovým vozidlem,nehoda s následky na životě nebo zdraví,vozidlu přijíždějícímu zprava,"povrch suchý, neznečistěný",neztížené,dobré,žádné nebo žádné z uvedených,komunikace místní,,,jízdní kolo,Brno-Tuřany,chlapec (do 15 let),Ne,pátek,září,Tuřany,,,,,,,,lehké zranění,"bez přilby (pouze u motocyklistů, příp. cyklistů)",řidičem nemotorového vozidla,"ve dne, viditelnost nezhoršená vlivem povětrnostních podmínek",na jízdním pruhu,ostatní spolucestující (i v postranním vozíku motocyklu),dobrý -žádné nepříznivé okolnosti nebyly zjiště,den,,1,72080,1,72080,1,72080,5,13,1,2008,1,8,2021,0,0,1,0,0,1,17,1,1734,9,-1166380.604,-594595.38,60206211587,2021/09/17 00:00:00+00,12000,10000,9c080814-69f9-4ad6-a423-b224394474fc
-600554.445999999,-1157966.782,1482,Brno-Žabovřesky,ne,nesprávný způsob jízdy,jiný druh nehody,nehoda s následky na životě nebo zdraví,řidič se plně nevěnoval řízení vozidla,"povrch suchý, neznečistěný",neztížené,dobré,parkoviště přiléhající ke komunikaci,komunikace místní,,,jízdní kolo,Brno-Žabovřesky,muž,Ne,čtvrtek,září,Žabovřesky,,,,,,,,lehké zranění,"s přilbou (pouze u motocyklistů, příp. cyklistů)",řidičem motorového vozidla,"ve dne, viditelnost nezhoršená vlivem povětrnostních podmínek",na jízdním pruhu,řidič,dobrý -žádné nepříznivé okolnosti nebyly zjiště,den,,1,72083,1,72083,1,72083,4,25,1,1996,1,96,2021,0,0,1,0,0,2,16,1,1600,9,-1157966.782,-600554.446,60206211628,2021/09/23 00:00:00+00,10000,5000,db79fa5e-ecb8-411a-96be-554146470c6e
-601512.346000001,-1161686.63,1483,Brno-Nový Lískovec,nezjišťováno,nesprávný způsob jízdy,havárie,nehoda s následky na životě nebo zdraví,řidič se plně nevěnoval řízení vozidla,"povrch suchý, neznečistěný",neztížené,dobré,"zastávka autobusu, trolejbusu, tramvaje s nástup. ostrůvkem",komunikace sledovaná (ve vybraných městech),,,jízdní kolo,Brno-Nový Lískovec,muž,Nezjišťován,pátek,září,Nový Lískovec,,,,,,,,lehké zranění,"bez přilby (pouze u motocyklistů, příp. cyklistů)",řidičem nemotorového vozidla,"ve dne, viditelnost nezhoršená vlivem povětrnostních podmínek",na jízdním pruhu,řidič,dobrý -žádné nepříznivé okolnosti nebyly zjiště,den,,1,72084,1,72084,1,72084,5,58,1,1963,1,63,2021,0,0,1,0,0,1,7,1,725,9,-1161686.63,-601512.346,60206211632,2021/09/24 00:00:00+00,2000,1000,e12b299a-d2ff-44ae-96da-a33fed97b432
-602758.502,-1157614.862,1484,Brno-Komín,ano,nesprávný způsob jízdy,srážka s jedoucím nekolejovým vozidlem,nehoda s následky na životě nebo zdraví,řidič se plně nevěnoval řízení vozidla,"povrch suchý, neznečistěný",neztížené,dobré,žádné nebo žádné z uvedených,"komunikace účelová - ostatní (parkoviště, odpočívky apod.",,,jízdní kolo,Brno-Komín,muž,"Ano, obsah alkoholu v krvi do 0,24 ‰",sobota,září,Komín,,,,,,,,bez zraněn,"s přilbou (pouze u motocyklistů, příp. cyklistů)",řidičem nemotorového vozidla,"ve dne, viditelnost nezhoršená vlivem povětrnostních podmínek",na stezce pro cyklisty,řidič,dobrý -žádné nepříznivé okolnosti nebyly zjiště,den,,0,72085,1,72085,1,72085,6,42,1,1979,1,79,2021,0,0,1,0,0,2,7,1,745,9,-1157614.862,-602758.502,60206211639,2021/09/25 00:00:00+00,1000,1000,32a4f01a-487a-4518-a4c0-39ef9712f036
-602758.502,-1157614.862,1485,Brno-Komín,ano,nesprávný způsob jízdy,srážka s jedoucím nekolejovým vozidlem,nehoda s následky na životě nebo zdraví,řidič se plně nevěnoval řízení vozidla,"povrch suchý, neznečistěný",neztížené,dobré,žádné nebo žádné z uvedených,"komunikace účelová - ostatní (parkoviště, odpočívky apod.",,,jízdní kolo,Brno-Komín,žena,"Ano, obsah alkoholu v krvi do 0,24 ‰",sobota,září,Komín,,,,,,,,lehké zranění,"s přilbou (pouze u motocyklistů, příp. cyklistů)",řidičem nemotorového vozidla,"ve dne, viditelnost nezhoršená vlivem povětrnostních podmínek",na stezce pro cyklisty,řidič,"pod vlivem alkoholu, obsah alkoholu v krvi do 0,99 ‰",den,,1,72086,1,72086,1,72086,6,66,1,1955,1,55,2021,0,0,1,0,0,1,7,1,745,9,-1157614.862,-602758.502,60206211639,2021/09/25 00:00:00+00,1000,1000,da571bb9-233e-449a-bc4a-1feb75f79751
-596926.370000001,-1161630.447,1486,Brno-střed,ne,nesprávný způsob jízdy,havárie,nehoda s následky na životě nebo zdraví,řidič se plně nevěnoval řízení vozidla,"povrch suchý, neznečistěný",neztížené,dobré,žádné nebo žádné z uvedených,komunikace sledovaná (ve vybraných městech),,,jízdní kolo,Brno-střed,muž,Ne,neděle,září,Trnitá,,,,,,,,lehké zranění,"bez přilby (pouze u motocyklistů, příp. cyklistů)",řidičem nemotorového vozidla,"ve dne, viditelnost nezhoršená vlivem povětrnostních podmínek",na jízdním pruhu,řidič,dobrý -žádné nepříznivé okolnosti nebyly zjiště,den,,1,72087,1,72087,1,72087,7,81,1,1940,1,40,2021,0,0,1,0,0,1,9,1,930,9,-1161630.447,-596926.37,60206211643,2021/09/26 00:00:00+00,0,0,df0c34b6-91d5-4e11-8fdb-180cd4994323
-606891.420000002,-1158495.506,1487,Brno-Žebětín,ne,nedání přenosti v jízdě,srážka s jedoucím nekolejovým vozidlem,nehoda s následky na životě nebo zdraví,při odbočování vlevo,"povrch suchý, neznečistěný",neztížené,dobré,žádné nebo žádné z uvedených,komunikace sledovaná (ve vybraných městech),,,jízdní kolo,Brno-Žebětín,muž,Ne,pátek,říjen,Žebětín,,,,,,,,lehké zranění,"s přilbou (pouze u motocyklistů, příp. cyklistů)",řidičem motorového vozidla,"ve dne, viditelnost nezhoršená vlivem povětrnostních podmínek",na jízdním pruhu,řidič,dobrý -žádné nepříznivé okolnosti nebyly zjiště,den,,1,72088,1,72088,1,72088,5,33,1,1988,1,88,2021,0,0,1,0,0,2,17,1,1710,10,-1158495.506,-606891.42,60206211680,2021/10/01 00:00:00+00,50000,30000,40edbee3-1eca-41aa-a819-8e1ee7d54759
-597225.478999998,-1162712.018,1488,Brno-jih,ne,nesprávný způsob jízdy,srážka s jedoucím nekolejovým vozidlem,nehoda s následky na životě nebo zdraví,řidič se plně nevěnoval řízení vozidla,"povrch suchý, neznečistěný",neztížené,dobré,žádné nebo žádné z uvedených,komunikace místní,,,jízdní kolo,Brno-jih,chlapec (do 15 let),Ne,neděle,říjen,Komárov,,,,,,,,lehké zranění,"s přilbou (pouze u motocyklistů, příp. cyklistů)",řidičem nemotorového vozidla,"ve dne, viditelnost nezhoršená vlivem povětrnostních podmínek",na odstavném pruhu,řidič,dobrý -žádné nepříznivé okolnosti nebyly zjiště,den,,1,72090,1,72090,1,72090,7,14,1,2007,1,7,2021,0,0,1,1,0,1,15,1,1528,10,-1162712.018,-597225.479,60206211692,2021/10/03 00:00:00+00,12000,10000,0d0d3fa6-c29e-4212-9034-23453287f325
-597225.478999998,-1162712.018,1489,Brno-jih,ne,nesprávný způsob jízdy,srážka s jedoucím nekolejovým vozidlem,nehoda s následky na životě nebo zdraví,řidič se plně nevěnoval řízení vozidla,"povrch suchý, neznečistěný",neztížené,dobré,žádné nebo žádné z uvedených,komunikace místní,,,jízdní kolo,Brno-jih,muž,Ne,neděle,říjen,Komárov,,,,,,,,těžké zranění,"s přilbou (pouze u motocyklistů, příp. cyklistů)",řidičem nemotorového vozidla,"ve dne, viditelnost nezhoršená vlivem povětrnostních podmínek",na odstavném pruhu,řidič,dobrý -žádné nepříznivé okolnosti nebyly zjiště,den,,0,72091,1,72091,1,72091,7,39,1,1982,1,82,2021,1,0,1,1,0,2,15,1,1528,10,-1162712.018,-597225.479,60206211692,2021/10/03 00:00:00+00,12000,10000,52de08d0-206b-45b2-b0a9-f7fbc952f727
-600799.864,-1160672.595,1490,Brno-střed,ne,nesprávný způsob jízdy,srážka s jedoucím nekolejovým vozidlem,nehoda s následky na životě nebo zdraví,řidič se plně nevěnoval řízení vozidla,"povrch suchý, neznečistěný",neztížené,dobré,parkoviště přiléhající ke komunikaci,komunikace sledovaná (ve vybraných městech),,,jízdní kolo,Brno-střed,muž,Ne,úterý,říjen,Pisárky,,,,,,,,lehké zranění,"s přilbou (pouze u motocyklistů, příp. cyklistů)",řidičem motorového vozidla,"ve dne, viditelnost nezhoršená vlivem povětrnostních podmínek",na jízdním pruhu,řidič,dobrý -žádné nepříznivé okolnosti nebyly zjiště,den,,1,72092,1,72092,1,72092,2,47,1,1974,1,74,2021,0,0,1,0,0,2,15,1,1525,10,-1160672.595,-600799.864,60206211710,2021/10/05 00:00:00+00,30000,5000,8bcc4f7d-1fd3-48f4-9715-a0e918ce14b1
-596509.763999999,-1161538.128,1491,Brno-Černovice,ne,nedání přenosti v jízdě,srážka s jedoucím nekolejovým vozidlem,nehoda s následky na životě nebo zdraví,při odbočování vlevo,"povrch suchý, neznečistěný",neztížené,dobré,přechod pro chodce,uzel (křižovatka sledovaná ve vybraných městech),,,jízdní kolo,Brno-Černovice,muž,Ne,pátek,říjen,Černovice,,,,,,,,lehké zranění,"s přilbou (pouze u motocyklistů, příp. cyklistů)",řidičem motorového vozidla,"ve dne, viditelnost nezhoršená vlivem povětrnostních podmínek",na jízdním pruhu,řidič,dobrý -žádné nepříznivé okolnosti nebyly zjiště,den,,1,72094,1,72094,1,72094,5,19,1,2002,1,2,2021,0,0,1,0,0,2,17,1,1736,10,-1161538.128,-596509.764,60206211738,2021/10/08 00:00:00+00,15000,5000,ac33bef0-09eb-4e4f-ad3b-a15a7b45c96d
-595161.616999999,-1161029.415,1492,Brno-Židenice,ne,nesprávný způsob jízdy,havárie,nehoda s následky na životě nebo zdraví,řidič se plně nevěnoval řízení vozidla,"povrch suchý, neznečistěný",neztížené,dobré,v blízkosti přechodu pro chodce (do vzdálenosti 20 m),komunikace sledovaná (ve vybraných městech),,,jízdní kolo,Brno-Židenice,žena,Ne,neděle,říjen,Židenice,,,,,,,,lehké zranění,"bez přilby (pouze u motocyklistů, příp. cyklistů)",řidičem nemotorového vozidla,"ve dne, viditelnost nezhoršená vlivem povětrnostních podmínek",na jízdním pruhu,řidič,dobrý -žádné nepříznivé okolnosti nebyly zjiště,den,,1,72095,1,72095,1,72095,7,61,1,1960,1,60,2021,0,0,1,0,0,1,14,1,1442,10,-1161029.415,-595161.617,60206211753,2021/10/10 00:00:00+00,0,0,9869f302-e365-44f4-b063-ccbc29344201
-593814.901999999,-1160271.051,1493,Brno-Líšeň,ne,nesprávný způsob jízdy,jiný druh nehody,nehoda pouze s hmotnou škodou,nezvládnutí řízení vozidla,"povrch suchý, neznečistěný",neztížené,dobré,žádné nebo žádné z uvedených,komunikace sledovaná (ve vybraných městech),,,jízdní kolo,Brno-Líšeň,chlapec (do 15 let),Ne,čtvrtek,říjen,Líšeň,,,,,,,,bez zraněn,"s přilbou (pouze u motocyklistů, příp. cyklistů)",řidičem nemotorového vozidla,"ve dne, viditelnost nezhoršená vlivem povětrnostních podmínek",na chodníku nebo ostrůvku,řidič,dobrý -žádné nepříznivé okolnosti nebyly zjiště,den,,0,72096,1,72096,1,72096,4,14,1,2007,1,7,2021,0,0,0,0,0,1,13,1,1335,10,-1160271.051,-593814.902,60206211787,2021/10/14 00:00:00+00,100,0,befa0cc7-2833-4f94-b2df-669bfc45e054
-595070.324000001,-1160823.252,1494,Brno-Židenice,ne,nesprávný způsob jízdy,srážka s jedoucím nekolejovým vozidlem,nehoda s následky na životě nebo zdraví,řidič se plně nevěnoval řízení vozidla,"povrch suchý, neznečistěný",neztížené,dobré,žádné nebo žádné z uvedených,komunikace místní,,,jízdní kolo,Brno-Židenice,muž,Ne,pátek,říjen,Židenice,,,,,,,,bez zraněn,"s přilbou (pouze u motocyklistů, příp. cyklistů)",řidičem motorového vozidla,"ve dne, viditelnost nezhoršená vlivem povětrnostních podmínek",na jízdním pruhu,řidič,dobrý -žádné nepříznivé okolnosti nebyly zjiště,den,,0,72097,1,72097,1,72097,5,33,1,1988,1,88,2021,0,0,1,0,0,2,8,1,820,10,-1160823.252,-595070.324,60206211794,2021/10/15 00:00:00+00,2000,0,fa526e18-d631-4d60-8b61-c87df5c35184
-595070.324000001,-1160823.252,1495,Brno-Židenice,ne,nesprávný způsob jízdy,srážka s jedoucím nekolejovým vozidlem,nehoda s následky na životě nebo zdraví,řidič se plně nevěnoval řízení vozidla,"povrch suchý, neznečistěný",neztížené,dobré,žádné nebo žádné z uvedených,komunikace místní,,,jízdní kolo,Brno-Židenice,dívka (do 15 let),Ne,pátek,říjen,Židenice,,,,,,,,lehké zranění,"s přilbou (pouze u motocyklistů, příp. cyklistů)",řidičem motorového vozidla,"ve dne, viditelnost nezhoršená vlivem povětrnostních podmínek",na jízdním pruhu,ostatní spolucestující (i v postranním vozíku motocyklu),dobrý -žádné nepříznivé okolnosti nebyly zjiště,den,,1,72098,1,72098,1,72098,5,4,1,2017,1,17,2021,0,0,1,0,0,2,8,1,820,10,-1160823.252,-595070.324,60206211794,2021/10/15 00:00:00+00,2000,0,7a107da9-759f-4694-990c-9dd14428e8aa
-598799.824000001,-1159493.663,1496,Brno-střed,ano,nesprávný způsob jízdy,havárie,nehoda s následky na životě nebo zdraví,řidič se plně nevěnoval řízení vozidla,"povrch suchý, neznečistěný",neztížené,dobré,přechod pro chodce,uzel (křižovatka sledovaná ve vybraných městech),,,jízdní kolo,Brno-střed,muž,"Ano, obsah alkoholu v krvi 1,5‰ a více",pondělí,říjen,Veveří,,,,,,,,lehké zranění,"bez přilby (pouze u motocyklistů, příp. cyklistů)",řidičem nemotorového vozidla,"v noci - s veřejným osvětlením, viditelnost nezhoršená vlivem povětrnostních podmínek",na jízdním pruhu,řidič,pod vlivem alkoholu obsah alkoholu v krvi 1 ‰ a víc,noc,,1,72099,1,72099,1,72099,1,43,1,1978,1,78,2021,0,0,1,0,0,1,23,1,2331,10,-1159493.663,-598799.824,60206211822,2021/10/18 00:00:00+00,1000,1000,a7213f4b-c56e-4057-9d02-26adb9a71928
-600102.355999999,-1158421.922,1497,Brno-Žabovřesky,ne,nesprávé předjíždění,srážka s jedoucím nekolejovým vozidlem,nehoda s následky na životě nebo zdraví,"při předjíždění došlo k ohrožení předjížděného řidiče vozidla (vynucované zařazení, předjížděný řidič musel prudce brzdit, měnit směr jízdy apod.)","povrch suchý, neznečistěný",neztížené,dobré,žádné nebo žádné z uvedených,komunikace místní,,,jízdní kolo,Brno-Žabovřesky,muž,Ne,sobota,říjen,Žabovřesky,,,,,,,,lehké zranění,"s přilbou (pouze u motocyklistů, příp. cyklistů)",řidičem motorového vozidla,"ve dne, viditelnost nezhoršená vlivem povětrnostních podmínek",na jízdním pruhu,řidič,dobrý -žádné nepříznivé okolnosti nebyly zjiště,den,,1,72101,1,72101,1,72101,6,34,1,1987,1,87,2021,0,0,2,0,0,2,11,1,1130,10,-1158421.922,-600102.356,60206211861,2021/10/23 00:00:00+00,11000,0,5af6a6fd-679b-48e5-9461-af528675bf95
-600102.355999999,-1158421.922,1498,Brno-Žabovřesky,ne,nesprávé předjíždění,srážka s jedoucím nekolejovým vozidlem,nehoda s následky na životě nebo zdraví,"při předjíždění došlo k ohrožení předjížděného řidiče vozidla (vynucované zařazení, předjížděný řidič musel prudce brzdit, měnit směr jízdy apod.)","povrch suchý, neznečistěný",neztížené,dobré,žádné nebo žádné z uvedených,komunikace místní,,,jízdní kolo,Brno-Žabovřesky,muž,Ne,sobota,říjen,Žabovřesky,,,,,,,,lehké zranění,"s přilbou (pouze u motocyklistů, příp. cyklistů)",řidičem motorového vozidla,"ve dne, viditelnost nezhoršená vlivem povětrnostních podmínek",na jízdním pruhu,řidič,"pod vlivem alkoholu, obsah alkoholu v krvi do 0,99 ‰",den,,1,72102,1,72102,1,72102,6,33,1,1988,1,88,2021,0,0,2,0,0,3,11,1,1130,10,-1158421.922,-600102.356,60206211861,2021/10/23 00:00:00+00,11000,0,e48ddd13-5724-4986-9c49-efc1a5d1cccd
-599186.070999999,-1159254.962,1499,Brno-střed,ano,nepřiměřená rychlost jízdy,havárie,nehoda s následky na životě nebo zdraví,nepřizpůsobení rychlosti vlastnostem vozidla a nákladu,"povrch suchý, neznečistěný",neztížené,dobré,v blízkosti přechodu pro chodce (do vzdálenosti 20 m),komunikace sledovaná (ve vybraných městech),,,jízdní kolo,Brno-střed,muž,"Ano, obsah alkoholu v krvi 1,5‰ a více",středa,říjen,Veveří,,,,,,,,lehké zranění,"bez přilby (pouze u motocyklistů, příp. cyklistů)",řidičem nemotorového vozidla,"v noci - s veřejným osvětlením, viditelnost nezhoršená vlivem povětrnostních podmínek",na jízdním pruhu,řidič,pod vlivem alkoholu obsah alkoholu v krvi 1 ‰ a víc,noc,,1,72103,1,72103,1,72103,3,20,1,2001,2,1,2021,0,0,1,0,0,1,1,0,120,10,-1159254.962,-599186.071,60206211883,2021/10/27 00:00:00+00,0,0,c1885754-9c08-4cb9-a6e5-6e77653b5c03
-596280.191,-1161220.715,1500,Brno-Židenice,ne,nedání přenosti v jízdě,srážka s jedoucím nekolejovým vozidlem,nehoda s následky na životě nebo zdraví,při odbočování vlevo,"povrch suchý, neznečistěný",neztížené,dobré,v blízkosti přechodu pro chodce (do vzdálenosti 20 m),uzel (křižovatka sledovaná ve vybraných městech),,,jízdní kolo,Brno-Židenice,muž,Ne,čtvrtek,říjen,Židenice,,,,,,,,lehké zranění,"s přilbou (pouze u motocyklistů, příp. cyklistů)",řidičem motorového vozidla,"ve dne, viditelnost nezhoršená vlivem povětrnostních podmínek",na jízdním pruhu,řidič,dobrý -žádné nepříznivé okolnosti nebyly zjiště,den,,1,72104,1,72104,1,72104,4,33,1,1988,1,88,2021,0,0,1,0,0,2,12,1,1246,10,-1161220.715,-596280.191,60206211897,2021/10/28 00:00:00+00,15000,10000,617aaf79-1521-4e46-a6e4-7c15b989403a
-595692.738000002,-1161768.864,1501,Brno-Černovice,ne,nedání přenosti v jízdě,srážka s jedoucím nekolejovým vozidlem,nehoda s následky na životě nebo zdraví,při odbočování vlevo,"povrch suchý, neznečistěný",neztížené,dobré,v blízkosti přechodu pro chodce (do vzdálenosti 20 m),uzel (křižovatka sledovaná ve vybraných městech),,,jízdní kolo,Brno-Černovice,muž,Ne,neděle,říjen,Černovice,,,,,,,,lehké zranění,"bez přilby (pouze u motocyklistů, příp. cyklistů)",řidičem motorového vozidla,"v noci - s veřejným osvětlením, viditelnost nezhoršená vlivem povětrnostních podmínek",na jízdním pruhu,řidič,dobrý -žádné nepříznivé okolnosti nebyly zjiště,den,,1,72105,1,72105,1,72105,7,21,1,2000,1,0,2021,0,0,1,0,0,2,17,1,1735,10,-1161768.864,-595692.738,60206211915,2021/10/31 00:00:00+00,10000,5000,43dfa358-3043-4dca-a9cb-a9d15fe5aa3b
-598697.377999999,-1164254.451,1502,Brno-jih,nezjišťováno,nezaviněno řidičem,havárie,nehoda pouze s hmotnou škodou,nezaviněná řidičem,povrch mokrý,"na počátku deště, slabý déšť, mrholení apod.","špatné - vlivem průběhu komunikace, nebo podélného profilu nebo trasování (nepřehledný vrchol stoupání, zářez komunikace apod.)",žádné nebo žádné z uvedených,komunikace místní,,,jízdní kolo,Brno-jih,žena,Nezjišťován,čtvrtek,listopad,Horní Heršpice,,,,,,,,bez zraněn,"s přilbou (pouze u motocyklistů, příp. cyklistů)",závadou komunikace,"ve dne, viditelnost nezhoršená vlivem povětrnostních podmínek",na stezce pro cyklisty,řidič,dobrý -žádné nepříznivé okolnosti nebyly zjiště,den,,0,72107,1,72107,1,72107,4,45,1,1976,1,76,2021,0,0,0,0,0,1,6,1,655,11,-1164254.451,-598697.378,60206211945,2021/11/04 00:00:00+00,1000,1000,0f708a1d-04d2-4505-9815-98f6809a9a9f
-596019.951000001,-1158159.953,1503,Brno-sever,ne,nedání přenosti v jízdě,srážka s jedoucím nekolejovým vozidlem,nehoda s následky na životě nebo zdraví,při odbočování vlevo,"povrch suchý, neznečistěný",neztížené,dobré,žádné nebo žádné z uvedených,komunikace sledovaná (ve vybraných městech),,,jízdní kolo,Brno-sever,muž,Ne,pátek,listopad,Lesná,,,,,,,,lehké zranění,"s přilbou (pouze u motocyklistů, příp. cyklistů)",řidičem motorového vozidla,"v noci - s veřejným osvětlením, viditelnost nezhoršená vlivem povětrnostních podmínek",na jízdním pruhu,řidič,dobrý -žádné nepříznivé okolnosti nebyly zjiště,den,,1,72110,1,72110,1,72110,5,64,1,1957,1,57,2021,0,0,1,0,0,2,19,1,1935,11,-1158159.953,-596019.951,60206212010,2021/11/12 00:00:00+00,25000,5000,e4387c55-7a56-497d-8888-b3adee88c856
-600341.833000001,-1157880.845,1504,Brno-Žabovřesky,ne,nedání přenosti v jízdě,srážka s jedoucím nekolejovým vozidlem,nehoda s následky na životě nebo zdraví,při odbočování vlevo,"povrch suchý, neznečistěný",neztížené,dobré,v blízkosti přechodu pro chodce (do vzdálenosti 20 m),komunikace místní,,,jízdní kolo,Brno-Žabovřesky,muž,Ne,úterý,prosinec,Žabovřesky,,,,,,,,lehké zranění,"bez přilby (pouze u motocyklistů, příp. cyklistů)",řidičem motorového vozidla,"ve dne, viditelnost nezhoršená vlivem povětrnostních podmínek",na jízdním pruhu,řidič,dobrý -žádné nepříznivé okolnosti nebyly zjiště,den,,1,72113,1,72113,1,72113,2,81,1,1940,1,40,2021,0,0,1,0,0,2,11,1,1145,12,-1157880.845,-600341.833,60206212166,2021/12/07 00:00:00+00,11000,1000,d8e6a228-b24f-4cca-b2a2-d5286bb82a66