X,Y,objectid_1,zuj,alkohol_vinik,hlavni_pricina,srazka,nasledky,pricina,stav_vozovky,povetrnostni_podm,rozhled,misto_nehody,druh_komun,pneumatiky,druh_pohonu,druh_vozidla,mestska_cast,pohlavi,alkohol,den_v_tydnu,mesic_t,katastr,chovani_chodce,stav_chodce,drogy_chodec,alkohol_chodec,osobni_prepravnik,reflexni_prvky,kategorie_chodce,nasledek,ozn_osoba,zavineni,viditelnost,situovani,osoba,stav_ridic,doba,smrt_po,lz,target_fid_1,join_count_1,objectid,join_count,target_fid,den,vek,smrt_dny,rok_nar,p48a,p59d,rok,tz,smrt,lehce_zran_os,tezce_zran_os,usmrceno_os,id_vozidla,hodina,ovlivneni_ridice,cas,mesic,e,d,id_nehody,datum,hmotna_skoda_1,skoda_vozidlo,globalid
-600093.372000001,-1158610.6,1505,Brno-Žabovřesky,ne,nezaviněno řidičem,srážka s chodcem,nehoda s následky na životě nebo zdraví,nezaviněná řidičem,povrch mokrý,neztížené,dobré,"zastávka autobusu, trolejbusu, tramvaje s nástup. ostrůvkem",komunikace sledovaná (ve vybraných městech),,,jízdní kolo,Brno-Žabovřesky,muž,Ne,středa,prosinec,Žabovřesky,,,,,,,,těžké zranění,"s přilbou (pouze u motocyklistů, příp. cyklistů)",chodcem,"ve dne, viditelnost nezhoršená vlivem povětrnostních podmínek",na kolejích tramvaje,řidič,dobrý -žádné nepříznivé okolnosti nebyly zjiště,den,,0,72114,1,72114,1,72114,3,32,1,1989,1,89,2021,1,0,0,2,0,1,10,1,1040,12,-1158610.6,-600093.372,60206212212,2021/12/15 00:00:00+00,5000,5000,99f5a140-95c2-4475-b3a1-f8b9cb7faad3
-597097.074000001,-1161497.603,1506,Brno-střed,ne,nesprávný způsob jízdy,srážka s jedoucím nekolejovým vozidlem,nehoda s následky na životě nebo zdraví,řidič se plně nevěnoval řízení vozidla,"povrch suchý, neznečistěný",neztížené,dobré,žádné nebo žádné z uvedených,komunikace místní,,,jízdní kolo,Brno-střed,muž,Ne,středa,prosinec,Trnitá,,,,,,,,lehké zranění,"s přilbou (pouze u motocyklistů, příp. cyklistů)",řidičem motorového vozidla,"ve dne, viditelnost nezhoršená vlivem povětrnostních podmínek",na jízdním pruhu,řidič,dobrý -žádné nepříznivé okolnosti nebyly zjiště,den,,1,72116,1,72116,1,72116,3,44,1,1977,1,77,2021,0,0,1,0,0,2,15,1,1520,12,-1161497.603,-597097.074,60206212215,2021/12/15 00:00:00+00,13000,1000,ba2d8712-1bb4-426c-a08e-47d2f729f9de
-596060.646000002,-1159135.843,1507,Brno-sever,nezjišťováno,nesprávný způsob jízdy,srážka s pevnou překážkou,nehoda s následky na životě nebo zdraví,řidič se plně nevěnoval řízení vozidla,"povrch suchý, neznečistěný",neztížené,dobré,"zastávka tramvaje, autobusu, trolejbusu bez nástup. ostrůvku",komunikace sledovaná (ve vybraných městech),,,jízdní kolo,Brno-sever,chlapec (do 15 let),Nezjišťován,pondělí,prosinec,Husovice,,,,,,,,bez zraněn,"bez přilby (pouze u motocyklistů, příp. cyklistů)",řidičem nemotorového vozidla,"ve dne, viditelnost nezhoršená vlivem povětrnostních podmínek",na chodníku nebo ostrůvku,řidič,dobrý -žádné nepříznivé okolnosti nebyly zjiště,den,,0,72117,1,72117,1,72117,1,,1,,1,,2021,0,0,0,1,0,1,15,1,1550,12,-1159135.843,-596060.646,60206212298,2021/12/27 00:00:00+00,0,0,c8a26dd7-ed6f-4979-a8cc-519655cb97a0
-596060.646000002,-1159135.843,1508,Brno-sever,nezjišťováno,nesprávný způsob jízdy,srážka s pevnou překážkou,nehoda s následky na životě nebo zdraví,řidič se plně nevěnoval řízení vozidla,"povrch suchý, neznečistěný",neztížené,dobré,"zastávka tramvaje, autobusu, trolejbusu bez nástup. ostrůvku",komunikace sledovaná (ve vybraných městech),,,jízdní kolo,Brno-sever,chlapec (do 15 let),Nezjišťován,pondělí,prosinec,Husovice,,,,,,,,těžké zranění,"bez přilby (pouze u motocyklistů, příp. cyklistů)",řidičem nemotorového vozidla,"ve dne, viditelnost nezhoršená vlivem povětrnostních podmínek",na chodníku nebo ostrůvku,ostatní spolucestující (i v postranním vozíku motocyklu),dobrý -žádné nepříznivé okolnosti nebyly zjiště,den,,0,72118,1,72118,1,72118,1,11,1,2010,1,10,2021,1,0,0,1,0,1,15,1,1550,12,-1159135.843,-596060.646,60206212298,2021/12/27 00:00:00+00,0,0,919b9602-dd1e-4d15-bf61-2c64fd3fe213
-596385.783,-1161486.282,1509,Brno-Černovice,ne,nepřiměřená rychlost jízdy,havárie,nehoda s následky na životě nebo zdraví,nepřizpůsobení rychlosti vlastnostem vozidla a nákladu,"povrch suchý, neznečistěný",neztížené,dobré,žádné nebo žádné z uvedených,komunikace sledovaná (ve vybraných městech),,,jízdní kolo,Brno-Černovice,muž,Ne,pondělí,únor,Černovice,,,,,,,,lehké zranění,"bez přilby (pouze u motocyklistů, příp. cyklistů)",řidičem nemotorového vozidla,"ve dne, viditelnost nezhoršená vlivem povětrnostních podmínek",na jízdním pruhu,řidič,dobrý -žádné nepříznivé okolnosti nebyly zjiště,den,,1,72119,1,72119,1,72119,1,61,1,1961,1,61,2022,0,0,1,0,0,1,15,1,1500,2,-1161486.282,-596385.783,60206220193,2022/02/07 00:00:00+00,1000,1000,221c8631-d5af-481c-a51d-5b86908b588a
-601909.210000001,-1160386.223,1510,Brno-Kohoutovice,ne,nedání přenosti v jízdě,srážka s jedoucím nekolejovým vozidlem,nehoda s následky na životě nebo zdraví,při odbočování vlevo,"povrch suchý, neznečistěný",neztížené,dobré,v blízkosti přechodu pro chodce (do vzdálenosti 20 m),komunikace sledovaná (ve vybraných městech),,,jízdní kolo,Brno-Kohoutovice,muž,Ne,středa,únor,Pisárky,,,,,,,,těžké zranění,"s přilbou (pouze u motocyklistů, příp. cyklistů)",řidičem motorového vozidla,"ve dne, viditelnost nezhoršená vlivem povětrnostních podmínek","na odbočovacím, připojovacím pruhu",řidič,"pod vlivem alkoholu, obsah alkoholu v krvi do 0,99 ‰",den,,0,72120,1,72120,1,72120,3,80,1,1942,1,42,2022,1,0,0,1,0,2,10,1,1005,2,-1160386.223,-601909.21,60206220199,2022/02/09 00:00:00+00,67000,50000,313bd969-8398-4481-ad02-ff5743068f62
-601170.059,-1160917.295,1511,Brno-střed,nezjišťováno,nesprávný způsob jízdy,srážka s domácím zvířetem,nehoda pouze s hmotnou škodou,jiný druh nesprávného způsobu jízdy,"povrch suchý, znečistěný (písek, prach, listí, štěrk atd.)",neztížené,dobré,žádné nebo žádné z uvedených,komunikace místní,,,jízdní kolo,Brno-střed,,Nezjišťován,sobota,únor,Pisárky,,,,,,,,,,řidičem nemotorového vozidla,"ve dne, viditelnost nezhoršená vlivem povětrnostních podmínek",na stezce pro cyklisty,,,den,,0,72121,1,72121,1,72121,6,,,,1,,2022,0,0,0,0,0,1,13,,1325,2,-1160917.295,-601170.059,60206220219,2022/02/12 00:00:00+00,5000,0,6cf21e65-4385-48e6-822a-949e5e6fc093
-595094.820999999,-1161014.901,1512,Brno-Židenice,ne,nepřiměřená rychlost jízdy,havárie,nehoda s následky na životě nebo zdraví,jiný druh nepřiměřené rychlosti,povrch mokrý,neztížené,dobré,"zastávka tramvaje, autobusu, trolejbusu bez nástup. ostrůvku",komunikace sledovaná (ve vybraných městech),,,jízdní kolo,Brno-Židenice,muž,Ne,čtvrtek,únor,Židenice,,,,,,,,lehké zranění,"s přilbou (pouze u motocyklistů, příp. cyklistů)",řidičem nemotorového vozidla,"ve dne, zhoršená viditelnost (svítání, soumrak)",na jízdním pruhu,řidič,dobrý -žádné nepříznivé okolnosti nebyly zjiště,den,,1,72122,1,72122,1,72122,4,64,1,1958,1,58,2022,0,0,1,0,0,1,6,1,641,2,-1161014.901,-595094.821,60206220248,2022/02/17 00:00:00+00,1000,1000,25a2cbe4-0eb7-4935-9065-a8bc04eeacbb
-596705.942000002,-1159724.971,1513,Brno-sever,ne,nesprávný způsob jízdy,jiný druh nehody,nehoda s následky na životě nebo zdraví,řidič se plně nevěnoval řízení vozidla,"povrch suchý, znečistěný (písek, prach, listí, štěrk atd.)",neztížené,dobré,parkoviště přiléhající ke komunikaci,komunikace místní,,,jízdní kolo,Brno-sever,muž,Ne,neděle,únor,Zábrdovice,,,,,,,,lehké zranění,"bez přilby (pouze u motocyklistů, příp. cyklistů)",řidičem motorového vozidla,"ve dne, viditelnost nezhoršená vlivem povětrnostních podmínek",na krajnici,řidič,dobrý -žádné nepříznivé okolnosti nebyly zjiště,den,,1,72123,1,72123,1,72123,7,40,1,1982,1,82,2022,0,0,1,0,0,2,11,1,1158,2,-1159724.971,-596705.942,60206220268,2022/02/20 00:00:00+00,25000,20000,2eb347eb-3104-4e75-9ca7-0504193b204a
-596545.114,-1158340.681,1514,Brno-sever,nezjišťováno,nesprávný způsob jízdy,srážka s jedoucím nekolejovým vozidlem,nehoda s následky na životě nebo zdraví,řidič se plně nevěnoval řízení vozidla,"povrch suchý, neznečistěný",neztížené,dobré,žádné nebo žádné z uvedených,komunikace místní,,,jízdní kolo,Brno-sever,žena,Nezjišťován,středa,únor,Černá Pole,,,,,,,,těžké zranění,"bez přilby (pouze u motocyklistů, příp. cyklistů)",řidičem motorového vozidla,"ve dne, viditelnost nezhoršená vlivem povětrnostních podmínek",na jízdním pruhu,řidič,dobrý -žádné nepříznivé okolnosti nebyly zjiště,den,,0,72124,1,72124,1,72124,3,43,1,1979,1,79,2022,1,0,0,1,0,2,16,1,1630,2,-1158340.681,-596545.114,60206220292,2022/02/23 00:00:00+00,30000,30000,8a8f1e2b-a464-44bb-8e72-cdcd88fb8db5
-594506.169,-1161684.175,1515,Brno-Židenice,ano,nepřiměřená rychlost jízdy,havárie,nehoda s následky na životě nebo zdraví,nepřizpůsobení rychlosti vlastnostem vozidla a nákladu,"povrch suchý, neznečistěný",neztížené,dobré,parkoviště přiléhající ke komunikaci,komunikace místní,,,jízdní kolo,Brno-Židenice,muž,"Ano, obsah alkoholu v krvi 1,5‰ a více",čtvrtek,únor,Židenice,,,,,,,,těžké zranění,"bez přilby (pouze u motocyklistů, příp. cyklistů)",řidičem nemotorového vozidla,"v noci - s veřejným osvětlením, viditelnost nezhoršená vlivem povětrnostních podmínek",na jízdním pruhu,řidič,pod vlivem alkoholu obsah alkoholu v krvi 1 ‰ a víc,noc,,0,72125,1,72125,1,72125,4,37,1,1985,3,85,2022,1,0,0,1,0,1,22,1,2210,2,-1161684.175,-594506.169,60206220302,2022/02/24 00:00:00+00,1000,1000,5b1f1d21-42c3-4ee9-a1bc-e8523074c51f
-598435.905000001,-1158411.003,1516,Brno-Královo Pole,ne,nedání přenosti v jízdě,srážka s jedoucím nekolejovým vozidlem,nehoda s následky na životě nebo zdraví,při odbočování vlevo,"povrch suchý, neznečistěný",neztížené,dobré,přechod pro chodce,komunikace místní,,,jízdní kolo,Brno-Královo Pole,muž,Ne,pátek,březen,Ponava,,,,,,,,lehké zranění,"s přilbou (pouze u motocyklistů, příp. cyklistů)",řidičem motorového vozidla,"ve dne, viditelnost nezhoršená vlivem povětrnostních podmínek",na jízdním pruhu,řidič,dobrý -žádné nepříznivé okolnosti nebyly zjiště,den,,1,72126,1,72126,1,72126,5,18,1,2004,1,4,2022,0,0,1,0,0,2,10,1,1002,3,-1158411.003,-598435.905,60206220356,2022/03/04 00:00:00+00,10000,5000,4b3e5ac7-53e3-4fd7-a05d-68df5795b73c
-599220.862,-1166395.153,1517,Brno-jih,ne,nedání přenosti v jízdě,srážka s jedoucím nekolejovým vozidlem,nehoda s následky na životě nebo zdraví,při vjíždění na silnici,"povrch suchý, neznečistěný",neztížené,dobré,žádné nebo žádné z uvedených,komunikace místní,,,jízdní kolo,Brno-jih,muž,Ne,úterý,březen,Přízřenice,,,,,,,,lehké zranění,"bez přilby (pouze u motocyklistů, příp. cyklistů)",řidičem nemotorového vozidla,"ve dne, viditelnost nezhoršená vlivem povětrnostních podmínek",na jízdním pruhu,řidič,dobrý -žádné nepříznivé okolnosti nebyly zjiště,den,,1,72127,1,72127,1,72127,2,37,1,1985,1,85,2022,0,0,1,0,0,1,14,1,1420,3,-1166395.153,-599220.862,60206220382,2022/03/08 00:00:00+00,12000,2000,5b761e75-5cc7-4d0f-8734-d89c5270ca28
-600031.760000002,-1153184.219,1518,Brno-Ivanovice,nezjišťováno,nedání přenosti v jízdě,srážka s jedoucím nekolejovým vozidlem,nehoda s následky na životě nebo zdraví,proti příkazu dopravní značky DEJ PŘEDNOST,"povrch suchý, neznečistěný",neztížené,dobré,žádné nebo žádné z uvedených,uzel (křižovatka sledovaná ve vybraných městech),,,jízdní kolo,Brno-Ivanovice,muž,Nezjišťován,čtvrtek,březen,Ivanovice,,,,,,,,lehké zranění,"s přilbou (pouze u motocyklistů, příp. cyklistů)",řidičem motorového vozidla,"ve dne, zhoršená viditelnost (svítání, soumrak)",na jízdním pruhu,řidič,dobrý -žádné nepříznivé okolnosti nebyly zjiště,den,,1,72128,1,72128,1,72128,4,47,1,1975,1,75,2022,0,0,1,0,0,2,18,1,1812,3,-1153184.219,-600031.76,60206220429,2022/03/17 00:00:00+00,0,0,722501c4-5e9e-4027-a08a-e0d157b90f99
-603637.388999999,-1157263.913,1519,Brno-Bystrc,ne,nedání přenosti v jízdě,srážka s jedoucím nekolejovým vozidlem,nehoda s následky na životě nebo zdraví,při odbočování vlevo,"povrch suchý, neznečistěný",neztížené,dobré,žádné nebo žádné z uvedených,komunikace sledovaná (ve vybraných městech),,,jízdní kolo,Brno-Bystrc,muž,Ne,pondělí,březen,Bystrc,,,,,,,,těžké zranění,"s přilbou (pouze u motocyklistů, příp. cyklistů)",řidičem motorového vozidla,"ve dne, viditelnost nezhoršená vlivem povětrnostních podmínek",na jízdním pruhu,řidič,dobrý -žádné nepříznivé okolnosti nebyly zjiště,den,,0,72129,1,72129,1,72129,1,50,1,1972,1,72,2022,1,0,0,1,0,2,15,1,1500,3,-1157263.913,-603637.389,60206220449,2022/03/21 00:00:00+00,57000,30000,31c49e9f-6f68-46d4-9fa7-6f9ed015bb43
-599218.912999999,-1154841.329,1520,Brno-Řečkovice a Mokrá Hora,ne,nedání přenosti v jízdě,srážka s jedoucím nekolejovým vozidlem,nehoda s následky na životě nebo zdraví,při odbočování vlevo,"povrch suchý, neznečistěný",neztížené,dobré,žádné nebo žádné z uvedených,komunikace sledovaná (ve vybraných městech),,,jízdní kolo,Brno-Řečkovice a Mokrá Hora,muž,Ne,středa,březen,Řečkovice,,,,,,,,lehké zranění,"s přilbou (pouze u motocyklistů, příp. cyklistů)",řidičem motorového vozidla,"ve dne, viditelnost nezhoršená vlivem povětrnostních podmínek",na jízdním pruhu,řidič,dobrý -žádné nepříznivé okolnosti nebyly zjiště,den,,1,72130,1,72130,1,72130,3,16,1,2006,1,6,2022,0,0,1,0,0,2,15,1,1540,3,-1154841.329,-599218.913,60206220464,2022/03/23 00:00:00+00,25000,10000,837579aa-3dff-46fa-9915-960388d42eec
-598165.848000001,-1159785.413,1521,Brno-střed,ano,nesprávný způsob jízdy,srážka s jedoucím nekolejovým vozidlem,nehoda pouze s hmotnou škodou,jiný druh nesprávného způsobu jízdy,"povrch suchý, neznečistěný",neztížené,dobré,přechod pro chodce,komunikace sledovaná (ve vybraných městech),,,jízdní kolo,Brno-střed,muž,"Ano, obsah alkoholu v krvi 1,5‰ a více",středa,březen,Veveří,,,,,,,,bez zraněn,"bez přilby (pouze u motocyklistů, příp. cyklistů)",řidičem nemotorového vozidla,"v noci - s veřejným osvětlením, viditelnost nezhoršená vlivem povětrnostních podmínek",na jízdním pruhu,řidič,pod vlivem alkoholu obsah alkoholu v krvi 1 ‰ a víc,noc,,0,72131,1,72131,1,72131,3,47,1,1975,1,75,2022,0,0,0,0,0,1,22,1,2250,3,-1159785.413,-598165.848,60206220515,2022/03/30 00:00:00+00,6000,1000,87ca217f-11c9-47cd-9f1c-7dccc5985022
-602142.370000001,-1162353.841,1522,Brno-Nový Lískovec,ano,nesprávný způsob jízdy,srážka s jedoucím nekolejovým vozidlem,nehoda s následky na životě nebo zdraví,řidič se plně nevěnoval řízení vozidla,"povrch suchý, neznečistěný",neztížené,dobré,"výjezd z parkoviště, lesní cesty apod. (pol.36=7,8)",uzel (křižovatka sledovaná ve vybraných městech),,,jízdní kolo,Brno-Nový Lískovec,muž,"Ano, obsah alkoholu v krvi 1,5‰ a více",čtvrtek,duben,Nový Lískovec,,,,,,,,lehké zranění,"bez přilby (pouze u motocyklistů, příp. cyklistů)",řidičem nemotorového vozidla,"ve dne, viditelnost nezhoršená vlivem povětrnostních podmínek",na chodníku nebo ostrůvku,řidič,pod vlivem alkoholu obsah alkoholu v krvi 1 ‰ a víc,den,,1,72132,1,72132,1,72132,4,39,1,1983,1,83,2022,0,0,2,0,0,1,16,1,1610,4,-1162353.841,-602142.37,60206220567,2022/04/07 00:00:00+00,30000,0,a2ddf354-4010-4616-8c6a-b3c20a16ec47
-602142.370000001,-1162353.841,1523,Brno-Nový Lískovec,ano,nesprávný způsob jízdy,srážka s jedoucím nekolejovým vozidlem,nehoda s následky na životě nebo zdraví,řidič se plně nevěnoval řízení vozidla,"povrch suchý, neznečistěný",neztížené,dobré,"výjezd z parkoviště, lesní cesty apod. (pol.36=7,8)",uzel (křižovatka sledovaná ve vybraných městech),,,jízdní kolo,Brno-Nový Lískovec,dívka (do 15 let),"Ano, obsah alkoholu v krvi 1,5‰ a více",čtvrtek,duben,Nový Lískovec,,,,,,,,lehké zranění,"bez přilby (pouze u motocyklistů, příp. cyklistů)",řidičem nemotorového vozidla,"ve dne, viditelnost nezhoršená vlivem povětrnostních podmínek",na chodníku nebo ostrůvku,ostatní spolucestující (i v postranním vozíku motocyklu),pod vlivem alkoholu obsah alkoholu v krvi 1 ‰ a víc,den,,1,72133,1,72133,1,72133,4,6,1,2016,1,16,2022,0,0,2,0,0,1,16,1,1610,4,-1162353.841,-602142.37,60206220567,2022/04/07 00:00:00+00,30000,0,cfcfde5b-b99b-4905-b797-82534e26c54c
-604291.166000001,-1157471.273,1524,Brno-Bystrc,ne,nedání přenosti v jízdě,srážka s jedoucím nekolejovým vozidlem,nehoda s následky na životě nebo zdraví,proti příkazu dopravní značky STŮJ DEJ PŘEDNOST,"povrch suchý, neznečistěný",neztížené,dobré,přechod pro chodce,uzel (křižovatka sledovaná ve vybraných městech),,,jízdní kolo,Brno-Bystrc,muž,Ne,čtvrtek,duben,Bystrc,,,,,,,,lehké zranění,"s přilbou (pouze u motocyklistů, příp. cyklistů)",řidičem motorového vozidla,"v noci - bez veřejného osvětlení, viditelnost nezhoršená vlivem povětrnostních podmínek",na jízdním pruhu,řidič,dobrý -žádné nepříznivé okolnosti nebyly zjiště,den,,1,72136,1,72136,1,72136,4,33,1,1989,1,89,2022,0,0,1,0,0,2,18,1,1810,4,-1157471.273,-604291.166,60206220647,2022/04/21 00:00:00+00,25000,15000,f6db8084-dfcb-4d05-a77f-c3f41bc048a9
-596725.16,-1162010.079,1525,Brno-jih,ne,nesprávný způsob jízdy,havárie,nehoda s následky na životě nebo zdraví,řidič se plně nevěnoval řízení vozidla,"povrch suchý, neznečistěný",neztížené,dobré,žádné nebo žádné z uvedených,komunikace místní,,,jízdní kolo,Brno-jih,muž,Ne,sobota,duben,Trnitá,,,,,,,,těžké zranění,"bez přilby (pouze u motocyklistů, příp. cyklistů)",řidičem nemotorového vozidla,"ve dne, viditelnost nezhoršená vlivem povětrnostních podmínek",na stezce pro cyklisty,řidič,dobrý -žádné nepříznivé okolnosti nebyly zjiště,den,,0,72138,1,72138,1,72138,6,50,1,1972,1,72,2022,1,0,0,1,0,1,13,1,1310,4,-1162010.079,-596725.16,60206220657,2022/04/23 00:00:00+00,5000,5000,19911f0b-69fc-44c3-89d8-6601aa6fe7aa
-597341.425000001,-1163229.248,1526,Brno-jih,ne,nesprávný způsob jízdy,srážka s jedoucím nekolejovým vozidlem,nehoda s následky na životě nebo zdraví,řidič se plně nevěnoval řízení vozidla,"povrch suchý, neznečistěný",neztížené,dobré,žádné nebo žádné z uvedených,komunikace místní,,,jízdní kolo,Brno-jih,muž,Ne,úterý,květen,Komárov,,,,,,,,těžké zranění,"s přilbou (pouze u motocyklistů, příp. cyklistů)",řidičem nemotorového vozidla,"ve dne, viditelnost nezhoršená vlivem povětrnostních podmínek",na jízdním pruhu,řidič,dobrý -žádné nepříznivé okolnosti nebyly zjiště,den,,0,72143,1,72143,1,72143,2,31,1,1991,1,91,2022,1,0,1,1,0,2,7,1,740,5,-1163229.248,-597341.425,60206220778,2022/05/10 00:00:00+00,0,0,918503f2-66b9-4d4f-89ce-7fe499a8221c
-597341.425000001,-1163229.248,1527,Brno-jih,ne,nesprávný způsob jízdy,srážka s jedoucím nekolejovým vozidlem,nehoda s následky na životě nebo zdraví,řidič se plně nevěnoval řízení vozidla,"povrch suchý, neznečistěný",neztížené,dobré,žádné nebo žádné z uvedených,komunikace místní,,,jízdní kolo,Brno-jih,žena,Ne,úterý,květen,Komárov,,,,,,,,lehké zranění,"s přilbou (pouze u motocyklistů, příp. cyklistů)",řidičem nemotorového vozidla,"ve dne, viditelnost nezhoršená vlivem povětrnostních podmínek",na jízdním pruhu,řidič,dobrý -žádné nepříznivé okolnosti nebyly zjiště,den,,1,72144,1,72144,1,72144,2,48,1,1974,1,74,2022,0,0,1,1,0,1,7,1,740,5,-1163229.248,-597341.425,60206220778,2022/05/10 00:00:00+00,0,0,36eef0ef-8d3d-4d79-80e0-3195ec188fd2
-599916.114999998,-1157833.94,1528,Brno-Žabovřesky,ne,nedání přenosti v jízdě,srážka s jedoucím nekolejovým vozidlem,nehoda s následky na životě nebo zdraví,"jízda na ""červenou"" 3-barevného semaforu","povrch suchý, neznečistěný",neztížené,dobré,přechod pro chodce,komunikace sledovaná (ve vybraných městech),,,jízdní kolo,Brno-Žabovřesky,muž,Ne,středa,květen,Žabovřesky,,,,,,,,lehké zranění,"s přilbou (pouze u motocyklistů, příp. cyklistů)",řidičem nemotorového vozidla,"ve dne, viditelnost nezhoršená vlivem povětrnostních podmínek",na jízdním pruhu,řidič,dobrý -žádné nepříznivé okolnosti nebyly zjiště,den,,1,72145,1,72145,1,72145,3,50,1,1972,1,72,2022,0,0,1,0,0,1,7,1,738,5,-1157833.94,-599916.115,60206220782,2022/05/11 00:00:00+00,60000,50000,87ef1f6d-7f87-473c-836b-5383e452aef9
-594398.210000001,-1162890.534,1529,Brno-Černovice,ne,nesprávný způsob jízdy,srážka s chodcem,nehoda s následky na životě nebo zdraví,řidič se plně nevěnoval řízení vozidla,"povrch suchý, neznečistěný",neztížené,dobré,žádné nebo žádné z uvedených,komunikace místní,,,jízdní kolo,Brno-Černovice,žena,Ne,středa,květen,Černovice,,,,,,,,lehké zranění,"s přilbou (pouze u motocyklistů, příp. cyklistů)",řidičem nemotorového vozidla,"ve dne, viditelnost nezhoršená vlivem povětrnostních podmínek",na stezce pro cyklisty,řidič,dobrý -žádné nepříznivé okolnosti nebyly zjiště,den,,1,72147,1,72147,1,72147,3,26,1,1996,1,96,2022,0,0,2,0,0,1,17,1,1730,5,-1162890.534,-594398.21,60206220792,2022/05/11 00:00:00+00,1000,1000,fb345ee0-06eb-4ccd-b62b-e9fb35ce7591
-602996.09,-1157396.766,1530,Brno-Komín,nezjišťováno,nesprávný způsob jízdy,srážka s jedoucím nekolejovým vozidlem,nehoda s následky na životě nebo zdraví,řidič se plně nevěnoval řízení vozidla,"povrch suchý, neznečistěný",neztížené,dobré,žádné nebo žádné z uvedených,komunikace sledovaná (ve vybraných městech),,,jízdní kolo,Brno-Komín,,Nezjišťován,čtvrtek,květen,Komín,,,,,,,,,,řidičem nemotorového vozidla,"ve dne, viditelnost nezhoršená vlivem povětrnostních podmínek",na stezce pro cyklisty,,,den,,0,72148,1,72148,1,72148,4,,,,1,,2022,0,0,1,0,0,1,17,,1740,5,-1157396.766,-602996.09,60206220803,2022/05/12 00:00:00+00,2000,2000,9fbb6205-0dd1-4c96-bb38-791c157dab0f
-602996.09,-1157396.766,1531,Brno-Komín,nezjišťováno,nesprávný způsob jízdy,srážka s jedoucím nekolejovým vozidlem,nehoda s následky na životě nebo zdraví,řidič se plně nevěnoval řízení vozidla,"povrch suchý, neznečistěný",neztížené,dobré,žádné nebo žádné z uvedených,komunikace sledovaná (ve vybraných městech),,,jízdní kolo,Brno-Komín,muž,Nezjišťován,čtvrtek,květen,Komín,,,,,,,,lehké zranění,"s přilbou (pouze u motocyklistů, příp. cyklistů)",řidičem nemotorového vozidla,"ve dne, viditelnost nezhoršená vlivem povětrnostních podmínek",na stezce pro cyklisty,řidič,dobrý -žádné nepříznivé okolnosti nebyly zjiště,den,,1,72149,1,72149,1,72149,4,43,1,1979,1,79,2022,0,0,1,0,0,2,17,1,1740,5,-1157396.766,-602996.09,60206220803,2022/05/12 00:00:00+00,2000,2000,d9807782-2048-463b-a107-0390927100b7
-600253.298999999,-1154991.729,1532,Brno-Medlánky,ne,nesprávný způsob jízdy,"srážka s vozidlem zaparkovaným, odstaveným",nehoda s následky na životě nebo zdraví,řidič se plně nevěnoval řízení vozidla,"povrch suchý, neznečistěný",neztížené,dobré,žádné nebo žádné z uvedených,komunikace místní,,,jízdní kolo,Brno-Medlánky,žena,Ne,středa,květen,Medlánky,,,,,,,,těžké zranění,"s přilbou (pouze u motocyklistů, příp. cyklistů)",řidičem motorového vozidla,"ve dne, viditelnost nezhoršená vlivem povětrnostních podmínek",na jízdním pruhu,řidič,dobrý -žádné nepříznivé okolnosti nebyly zjiště,den,,0,72153,1,72153,1,72153,3,50,1,1972,1,72,2022,1,0,0,1,0,2,19,1,1920,5,-1154991.729,-600253.299,60206220848,2022/05/18 00:00:00+00,11000,5000,d0c3af07-e69d-4cb3-98af-7ba5cb03dc65
-592922.761,-1160328.175,1533,Brno-Líšeň,ne,nedání přenosti v jízdě,srážka s jedoucím nekolejovým vozidlem,nehoda s následky na životě nebo zdraví,při odbočování vlevo,"povrch suchý, neznečistěný",neztížené,dobré,žádné nebo žádné z uvedených,komunikace sledovaná (ve vybraných městech),,,jízdní kolo,Brno-Líšeň,muž,Ne,čtvrtek,květen,Líšeň,,,,,,,,lehké zranění,"s přilbou (pouze u motocyklistů, příp. cyklistů)",řidičem motorového vozidla,"ve dne, viditelnost nezhoršená vlivem povětrnostních podmínek",na jízdním pruhu,řidič,dobrý -žádné nepříznivé okolnosti nebyly zjiště,den,,1,72154,1,72154,1,72154,4,37,1,1985,1,85,2022,0,0,1,0,0,2,18,1,1806,5,-1160328.175,-592922.761,60206220857,2022/05/19 00:00:00+00,31000,10000,29447ebf-bb60-4739-a30f-2df33b442ac7