X,Y,objectid_1,zuj,alkohol_vinik,hlavni_pricina,srazka,nasledky,pricina,stav_vozovky,povetrnostni_podm,rozhled,misto_nehody,druh_komun,pneumatiky,druh_pohonu,druh_vozidla,mestska_cast,pohlavi,alkohol,den_v_tydnu,mesic_t,katastr,chovani_chodce,stav_chodce,drogy_chodec,alkohol_chodec,osobni_prepravnik,reflexni_prvky,kategorie_chodce,nasledek,ozn_osoba,zavineni,viditelnost,situovani,osoba,stav_ridic,doba,smrt_po,lz,target_fid_1,join_count_1,objectid,join_count,target_fid,den,vek,smrt_dny,rok_nar,p48a,p59d,rok,tz,smrt,lehce_zran_os,tezce_zran_os,usmrceno_os,id_vozidla,hodina,ovlivneni_ridice,cas,mesic,e,d,id_nehody,datum,hmotna_skoda_1,skoda_vozidlo,globalid
-600225.737,-1158516.254,1534,Brno-Žabovřesky,ne,nepřiměřená rychlost jízdy,havárie,nehoda s následky na životě nebo zdraví,nepřizpůsobení rychlosti vlastnostem vozidla a nákladu,"povrch suchý, neznečistěný",neztížené,dobré,parkoviště přiléhající ke komunikaci,komunikace sledovaná (ve vybraných městech),,,jízdní kolo,Brno-Žabovřesky,žena,Ne,pátek,květen,Žabovřesky,,,,,,,,lehké zranění,"bez přilby (pouze u motocyklistů, příp. cyklistů)",řidičem nemotorového vozidla,"ve dne, viditelnost nezhoršená vlivem povětrnostních podmínek",na jízdním pruhu,řidič,dobrý -žádné nepříznivé okolnosti nebyly zjiště,den,,1,72155,1,72155,1,72155,5,29,1,1993,1,93,2022,0,0,1,0,0,1,14,1,1450,5,-1158516.254,-600225.737,60206220860,2022/05/20 00:00:00+00,1000,1000,0637eccf-464a-4b4b-8964-6644ff1c6dbf
-606530.677999999,-1152839.686,1535,Brno-Kníničky,ne,nesprávný způsob jízdy,srážka s jedoucím nekolejovým vozidlem,nehoda s následky na životě nebo zdraví,řidič se plně nevěnoval řízení vozidla,"povrch suchý, neznečistěný",neztížené,"špatné - vlivem vegetace - trvale (stromy, keře apod.)",žádné nebo žádné z uvedených,komunikace účelová - polní a lesní cesty atd.,,,jízdní kolo,Brno-Kníničky,muž,Ne,pátek,květen,Kníničky,,,,,,,,lehké zranění,"s přilbou (pouze u motocyklistů, příp. cyklistů)",řidičem motorového vozidla,"ve dne, viditelnost nezhoršená vlivem povětrnostních podmínek",na jízdním pruhu,řidič,dobrý -žádné nepříznivé okolnosti nebyly zjiště,den,,1,72156,1,72156,1,72156,5,38,1,1984,1,84,2022,0,0,1,0,0,2,13,1,1320,5,-1152839.686,-606530.678,60206220861,2022/05/20 00:00:00+00,45000,5000,20619ffb-ef0b-483b-99e9-5a1f0212bfab
-596658.728999998,-1163029.512,1536,Brno-Černovice,ne,nesprávný způsob jízdy,havárie,nehoda s následky na životě nebo zdraví,řidič se plně nevěnoval řízení vozidla,"povrch suchý, neznečistěný",neztížené,dobré,žádné nebo žádné z uvedených,komunikace účelová - polní a lesní cesty atd.,,,jízdní kolo,Brno-Černovice,žena,Ne,neděle,květen,Černovice,,,,,,,,lehké zranění,"s přilbou (pouze u motocyklistů, příp. cyklistů)",řidičem nemotorového vozidla,"ve dne, viditelnost nezhoršená vlivem povětrnostních podmínek",na stezce pro cyklisty,řidič,dobrý -žádné nepříznivé okolnosti nebyly zjiště,den,,1,72157,1,72157,1,72157,7,42,1,1980,1,80,2022,0,0,1,0,0,1,17,1,1755,5,-1163029.512,-596658.729,60206220874,2022/05/22 00:00:00+00,7000,5000,9c00cfa7-8e97-4639-b08e-f739bb66ce9c
-603061.463,-1160333.999,1537,Brno-Kohoutovice,nezjišťováno,nedání přenosti v jízdě,srážka s jedoucím nekolejovým vozidlem,nehoda s následky na životě nebo zdraví,při odbočování vlevo,"povrch suchý, neznečistěný",neztížené,dobré,přechod pro chodce,komunikace sledovaná (ve vybraných městech),,,jízdní kolo,Brno-Kohoutovice,muž,Nezjišťován,středa,květen,Kohoutovice,,,,,,,,lehké zranění,"s přilbou (pouze u motocyklistů, příp. cyklistů)",řidičem motorového vozidla,"ve dne, viditelnost nezhoršená vlivem povětrnostních podmínek",na jízdním pruhu,řidič,dobrý -žádné nepříznivé okolnosti nebyly zjiště,den,,1,72158,1,72158,1,72158,3,30,1,1992,1,92,2022,0,0,1,0,0,2,18,1,1825,5,-1160333.999,-603061.463,60206220900,2022/05/25 00:00:00+00,81000,0,6a35b234-7ebd-447a-bc0e-7ced8b4ebfa3
-596399.232999999,-1154450.479,1538,Brno-sever,ne,nedání přenosti v jízdě,srážka s jedoucím nekolejovým vozidlem,nehoda s následky na životě nebo zdraví,proti příkazu dopravní značky DEJ PŘEDNOST,"povrch suchý, neznečistěný",neztížené,"špatné - vlivem vegetace - trvale (stromy, keře apod.)",žádné nebo žádné z uvedených,komunikace sledovaná (ve vybraných městech),,,jízdní kolo,Brno-sever,muž,Ne,čtvrtek,květen,Soběšice,,,,,,,,lehké zranění,"s přilbou (pouze u motocyklistů, příp. cyklistů)",řidičem motorového vozidla,"ve dne, viditelnost nezhoršená vlivem povětrnostních podmínek",na jízdním pruhu,řidič,dobrý -žádné nepříznivé okolnosti nebyly zjiště,den,,1,72159,1,72159,1,72159,4,33,1,1989,1,89,2022,0,0,1,0,0,2,7,1,735,5,-1154450.479,-596399.233,60206220902,2022/05/26 00:00:00+00,26000,5000,c0dbce1a-fa7e-430f-b848-38c551be0e3c
-596325.302000001,-1161473.338,1539,Brno-Černovice,ne,nedání přenosti v jízdě,srážka s jedoucím nekolejovým vozidlem,nehoda s následky na životě nebo zdraví,proti příkazu dopravní značky DEJ PŘEDNOST,"povrch suchý, neznečistěný",neztížené,dobré,žádné nebo žádné z uvedených,uzel (křižovatka sledovaná ve vybraných městech),,,jízdní kolo,Brno-Černovice,muž,Ne,čtvrtek,květen,Černovice,,,,,,,,lehké zranění,"bez přilby (pouze u motocyklistů, příp. cyklistů)",řidičem motorového vozidla,"ve dne, viditelnost nezhoršená vlivem povětrnostních podmínek",na jízdním pruhu,řidič,dobrý -žádné nepříznivé okolnosti nebyly zjiště,den,,1,72160,1,72160,1,72160,4,29,1,1993,1,93,2022,0,0,1,0,0,2,16,1,1620,5,-1161473.338,-596325.302,60206220909,2022/05/26 00:00:00+00,16000,10000,d0909ee3-8500-431d-b40d-e113e58886da
-600881.432999998,-1162835.099,1540,Brno-Bohunice,ne,nedání přenosti v jízdě,srážka s jedoucím nekolejovým vozidlem,nehoda s následky na životě nebo zdraví,při vjíždění na silnici,"povrch suchý, neznečistěný",neztížené,dobré,parkoviště přiléhající ke komunikaci,komunikace sledovaná (ve vybraných městech),,,jízdní kolo,Brno-Bohunice,muž,Ne,pátek,květen,Bohunice,,,,,,,,lehké zranění,"s přilbou (pouze u motocyklistů, příp. cyklistů)",řidičem motorového vozidla,"ve dne, viditelnost nezhoršená vlivem povětrnostních podmínek",na jízdním pruhu,řidič,dobrý -žádné nepříznivé okolnosti nebyly zjiště,den,,1,72161,1,72161,1,72161,5,34,1,1988,1,88,2022,0,0,1,0,0,2,14,1,1455,5,-1162835.099,-600881.433,60206220918,2022/05/27 00:00:00+00,20000,10000,cc298766-0c87-42b2-a653-a92cb3fa3f6a
-602039.077,-1163601.521,1541,Brno-Starý Lískovec,ne,nezaviněno řidičem,srážka s chodcem,nehoda s následky na životě nebo zdraví,nezaviněná řidičem,"povrch suchý, neznečistěný",neztížené,dobré,parkoviště přiléhající ke komunikaci,komunikace místní,,,jízdní kolo,Brno-Starý Lískovec,muž,Ne,úterý,květen,Starý Lískovec,,,,,,,,bez zraněn,"s přilbou (pouze u motocyklistů, příp. cyklistů)",chodcem,"ve dne, viditelnost nezhoršená vlivem povětrnostních podmínek",na jízdním pruhu,řidič,dobrý -žádné nepříznivé okolnosti nebyly zjiště,den,,0,72163,1,72163,1,72163,2,45,1,1977,1,77,2022,0,0,1,0,0,1,17,1,1730,5,-1163601.521,-602039.077,60206220937,2022/05/31 00:00:00+00,3000,3000,df1ab8b0-94f4-4433-8e78-aae57eec64d1
-592877.164999999,-1158989.099,1542,Brno-Vinohrady,ne,nesprávný způsob jízdy,havárie,nehoda s následky na životě nebo zdraví,řidič se plně nevěnoval řízení vozidla,povrch mokrý,déšť,dobré,žádné nebo žádné z uvedených,komunikace místní,,,jízdní kolo,Brno-Vinohrady,muž,Ne,úterý,květen,Židenice,,,,,,,,lehké zranění,"bez přilby (pouze u motocyklistů, příp. cyklistů)",řidičem nemotorového vozidla,"v noci - bez veřejného osvětlení, viditelnost nezhoršená vlivem povětrnostních podmínek",na jízdním pruhu,řidič,dobrý -žádné nepříznivé okolnosti nebyly zjiště,noc,,1,72164,1,72164,1,72164,2,28,1,1994,1,94,2022,0,0,1,0,0,1,25,1,2560,5,-1158989.099,-592877.165,60206220941,2022/05/31 00:00:00+00,0,0,f4f47e1e-f2e8-410e-b78f-8e60d8f58290
-598834.282000002,-1154240.275,1543,Brno-Řečkovice a Mokrá Hora,ne,nedání přenosti v jízdě,srážka s jedoucím nekolejovým vozidlem,nehoda s následky na životě nebo zdraví,proti příkazu dopravní značky DEJ PŘEDNOST,"povrch suchý, neznečistěný",neztížené,dobré,žádné nebo žádné z uvedených,komunikace sledovaná (ve vybraných městech),,,jízdní kolo,Brno-Řečkovice a Mokrá Hora,muž,Ne,čtvrtek,červen,Řečkovice,,,,,,,,těžké zranění,"s přilbou (pouze u motocyklistů, příp. cyklistů)",řidičem motorového vozidla,"ve dne, viditelnost nezhoršená vlivem povětrnostních podmínek",na jízdním pruhu,řidič,dobrý -žádné nepříznivé okolnosti nebyly zjiště,den,,0,72165,1,72165,1,72165,4,42,1,1980,1,80,2022,1,0,0,1,0,2,6,1,640,6,-1154240.275,-598834.282,60206220954,2022/06/02 00:00:00+00,20000,5000,db3474be-e5a4-4a39-b3ab-e038b1de70f5
-599457.098999999,-1155210.367,1544,Brno-Řečkovice a Mokrá Hora,ne,nedání přenosti v jízdě,srážka s jedoucím nekolejovým vozidlem,nehoda s následky na životě nebo zdraví,při otáčení nebo couvání,"povrch suchý, neznečistěný",neztížené,dobré,žádné nebo žádné z uvedených,komunikace sledovaná (ve vybraných městech),,,jízdní kolo,Brno-Řečkovice a Mokrá Hora,muž,Ne,čtvrtek,červen,Řečkovice,,,,,,,,lehké zranění,"bez přilby (pouze u motocyklistů, příp. cyklistů)",řidičem motorového vozidla,"ve dne, viditelnost nezhoršená vlivem povětrnostních podmínek",na jízdním pruhu,řidič,dobrý -žádné nepříznivé okolnosti nebyly zjiště,den,,1,72166,1,72166,1,72166,4,55,1,1967,1,67,2022,0,0,1,0,0,2,7,1,735,6,-1155210.367,-599457.099,60206220956,2022/06/02 00:00:00+00,10000,5000,629fd7b7-8c3f-4884-855b-ea95caf81c62
-596232.204999998,-1155604.153,1545,Brno-Královo Pole,ano,nepřiměřená rychlost jízdy,srážka s jedoucím nekolejovým vozidlem,nehoda s následky na životě nebo zdraví,"nepřizpůsobení rychlosti dopravně technickému stavu vozovky (zatáčka, klesání, stoupání, šířka vozovky apod.)","povrch suchý, neznečistěný",neztížené,dobré,žádné nebo žádné z uvedených,komunikace místní,,,jízdní kolo,Brno-Královo Pole,muž,"Ano, obsah alkoholu v krvi od 0,5‰ do 0,8‰",čtvrtek,červen,Sadová,,,,,,,,bez zraněn,"s přilbou (pouze u motocyklistů, příp. cyklistů)",řidičem nemotorového vozidla,"ve dne, viditelnost nezhoršená vlivem povětrnostních podmínek",na stezce pro cyklisty,řidič,dobrý -žádné nepříznivé okolnosti nebyly zjiště,den,,0,72167,1,72167,1,72167,4,33,1,1989,1,89,2022,0,0,2,0,0,3,20,1,2015,6,-1155604.153,-596232.205,60206220961,2022/06/02 00:00:00+00,18000,10000,8d1498f2-391a-40bd-8f34-aca2664674f7
-596232.204999998,-1155604.153,1546,Brno-Královo Pole,ano,nepřiměřená rychlost jízdy,srážka s jedoucím nekolejovým vozidlem,nehoda s následky na životě nebo zdraví,"nepřizpůsobení rychlosti dopravně technickému stavu vozovky (zatáčka, klesání, stoupání, šířka vozovky apod.)","povrch suchý, neznečistěný",neztížené,dobré,žádné nebo žádné z uvedených,komunikace místní,,,jízdní kolo,Brno-Královo Pole,muž,"Ano, obsah alkoholu v krvi od 0,5‰ do 0,8‰",čtvrtek,červen,Sadová,,,,,,,,lehké zranění,"s přilbou (pouze u motocyklistů, příp. cyklistů)",řidičem nemotorového vozidla,"ve dne, viditelnost nezhoršená vlivem povětrnostních podmínek",na stezce pro cyklisty,řidič,"pod vlivem alkoholu, obsah alkoholu v krvi do 0,99 ‰",den,,1,72168,1,72168,1,72168,4,36,1,1986,1,86,2022,0,0,2,0,0,1,20,1,2015,6,-1155604.153,-596232.205,60206220961,2022/06/02 00:00:00+00,18000,10000,4886b050-17a9-42eb-866f-1b27442f8c94
-596232.204999998,-1155604.153,1547,Brno-Královo Pole,ano,nepřiměřená rychlost jízdy,srážka s jedoucím nekolejovým vozidlem,nehoda s následky na životě nebo zdraví,"nepřizpůsobení rychlosti dopravně technickému stavu vozovky (zatáčka, klesání, stoupání, šířka vozovky apod.)","povrch suchý, neznečistěný",neztížené,dobré,žádné nebo žádné z uvedených,komunikace místní,,,jízdní kolo,Brno-Královo Pole,muž,"Ano, obsah alkoholu v krvi od 0,5‰ do 0,8‰",čtvrtek,červen,Sadová,,,,,,,,lehké zranění,"bez přilby (pouze u motocyklistů, příp. cyklistů)",řidičem nemotorového vozidla,"ve dne, viditelnost nezhoršená vlivem povětrnostních podmínek",na stezce pro cyklisty,řidič,dobrý -žádné nepříznivé okolnosti nebyly zjiště,den,,1,72169,1,72169,1,72169,4,49,1,1973,1,73,2022,0,0,2,0,0,2,20,1,2015,6,-1155604.153,-596232.205,60206220961,2022/06/02 00:00:00+00,18000,10000,83e5fe08-cc14-4d57-ac3e-1c62b9406622
-597876.103999998,-1159711.928,1548,Brno-střed,ano,nesprávný způsob jízdy,havárie,nehoda s následky na životě nebo zdraví,řidič se plně nevěnoval řízení vozidla,povrch mokrý,neztížené,dobré,žádné nebo žádné z uvedených,komunikace místní,,,jízdní kolo,Brno-střed,muž,"Ano, obsah alkoholu v krvi od 1,0‰ do 1,5‰",pondělí,červen,Černá Pole,,,,,,,,lehké zranění,"bez přilby (pouze u motocyklistů, příp. cyklistů)",řidičem nemotorového vozidla,"v noci - s veřejným osvětlením, viditelnost nezhoršená vlivem povětrnostních podmínek",na jízdním pruhu,řidič,pod vlivem alkoholu obsah alkoholu v krvi 1 ‰ a víc,noc,,1,72170,1,72170,1,72170,1,22,1,2000,3,0,2022,0,0,1,0,0,1,4,0,45,6,-1159711.928,-597876.104,60206220983,2022/06/06 00:00:00+00,0,0,1c1e86c9-b11d-46bf-a960-3814b1de3abe
-599113.467999998,-1158624.194,1549,Brno-Žabovřesky,ano,nedání přenosti v jízdě,srážka s jedoucím nekolejovým vozidlem,nehoda s následky na životě nebo zdraví,při odbočování vlevo,"povrch suchý, neznečistěný",neztížené,dobré,přechod pro chodce,uzel (křižovatka sledovaná ve vybraných městech),,,jízdní kolo,Brno-Žabovřesky,muž,"Ano, obsah alkoholu v krvi od 0,5‰ do 0,8‰",pátek,červen,Žabovřesky,,,,,,,,těžké zranění,"s přilbou (pouze u motocyklistů, příp. cyklistů)",řidičem motorového vozidla,"ve dne, viditelnost nezhoršená vlivem povětrnostních podmínek",na jízdním pruhu,řidič,dobrý -žádné nepříznivé okolnosti nebyly zjiště,den,,0,72172,1,72172,1,72172,5,37,1,1985,1,85,2022,1,0,0,1,0,2,15,1,1520,6,-1158624.194,-599113.468,60206221019,2022/06/10 00:00:00+00,70000,60000,6724be9b-0f08-48de-99bf-825456654154
-605088.894000001,-1157330.77,1550,Brno-Bystrc,ne,nedání přenosti v jízdě,srážka s jedoucím nekolejovým vozidlem,nehoda s následky na životě nebo zdraví,proti příkazu dopravní značky DEJ PŘEDNOST,"povrch suchý, neznečistěný",neztížené,dobré,žádné nebo žádné z uvedených,komunikace sledovaná (ve vybraných městech),,,jízdní kolo,Brno-Bystrc,muž,Ne,čtvrtek,červen,Bystrc,,,,,,,,těžké zranění,"s přilbou (pouze u motocyklistů, příp. cyklistů)",řidičem motorového vozidla,"ve dne, viditelnost nezhoršená vlivem povětrnostních podmínek",na jízdním pruhu,řidič,dobrý -žádné nepříznivé okolnosti nebyly zjiště,den,,0,72173,1,72173,1,72173,4,29,1,1993,1,93,2022,1,0,0,1,0,2,7,1,710,6,-1157330.77,-605088.894,60206221069,2022/06/16 00:00:00+00,14000,2000,9ed25b30-ae6f-4338-b6cf-f8c8099913e4
-598770.519000001,-1159436.208,1551,Brno-střed,ne,nepřiměřená rychlost jízdy,havárie,nehoda s následky na životě nebo zdraví,nepřizpůsobení rychlosti vlastnostem vozidla a nákladu,"povrch suchý, neznečistěný",neztížené,dobré,přechod pro chodce,komunikace sledovaná (ve vybraných městech),,,jízdní kolo,Brno-střed,muž,Ne,čtvrtek,červen,Veveří,,,,,,,,lehké zranění,"s přilbou (pouze u motocyklistů, příp. cyklistů)",řidičem nemotorového vozidla,"ve dne, viditelnost nezhoršená vlivem povětrnostních podmínek",na jízdním pruhu,řidič,dobrý -žádné nepříznivé okolnosti nebyly zjiště,den,,1,72174,1,72174,1,72174,4,30,1,1992,1,92,2022,0,0,1,0,0,1,15,1,1510,6,-1159436.208,-598770.519,60206221072,2022/06/16 00:00:00+00,1000,1000,09b8a3ee-f491-44e7-b0c6-b83524c5d760
-604375.146000002,-1154790.603,1552,Brno-Kníničky,ano,nepřiměřená rychlost jízdy,havárie,nehoda s následky na životě nebo zdraví,"nepřizpůsobení rychlosti dopravně technickému stavu vozovky (zatáčka, klesání, stoupání, šířka vozovky apod.)","povrch suchý, neznečistěný",neztížené,dobré,žádné nebo žádné z uvedených,komunikace účelová - polní a lesní cesty atd.,,,jízdní kolo,Brno-Kníničky,muž,"Ano, obsah alkoholu v krvi od 0,5‰ do 0,8‰",neděle,červen,Kníničky,,,,,,,,lehké zranění,"bez přilby (pouze u motocyklistů, příp. cyklistů)",řidičem nemotorového vozidla,"ve dne, viditelnost nezhoršená vlivem povětrnostních podmínek",na jízdním pruhu,řidič,"pod vlivem alkoholu, obsah alkoholu v krvi do 0,99 ‰",den,,1,72175,1,72175,1,72175,7,69,1,1953,1,53,2022,0,0,1,0,0,1,14,1,1405,6,-1154790.603,-604375.146,60206221087,2022/06/19 00:00:00+00,0,0,c4d81b3b-ffb5-4308-9e25-417f08c81ff8
-597192.140000001,-1157196.254,1553,Brno-sever,ano,nesprávný způsob jízdy,"srážka s vozidlem zaparkovaným, odstaveným",nehoda s následky na životě nebo zdraví,řidič se plně nevěnoval řízení vozidla,"povrch suchý, neznečistěný",neztížené,dobré,parkoviště přiléhající ke komunikaci,komunikace sledovaná (ve vybraných městech),,,jízdní kolo,Brno-sever,muž,"Ano, obsah alkoholu v krvi od 1,0‰ do 1,5‰",pondělí,červen,Lesná,,,,,,,,lehké zranění,"bez přilby (pouze u motocyklistů, příp. cyklistů)",řidičem nemotorového vozidla,"ve dne, viditelnost nezhoršená vlivem povětrnostních podmínek",na jízdním pruhu,řidič,pod vlivem alkoholu obsah alkoholu v krvi 1 ‰ a víc,den,,1,72176,1,72176,1,72176,1,39,1,1983,1,83,2022,0,0,1,0,0,1,16,1,1630,6,-1157196.254,-597192.14,60206221098,2022/06/20 00:00:00+00,30000,30000,f6cf6fa9-18a6-4afb-a4bb-bf5e39c96d3e
-599256.993000001,-1154469.43,1554,Brno-Řečkovice a Mokrá Hora,ne,nesprávný způsob jízdy,srážka s pevnou překážkou,nehoda s následky na životě nebo zdraví,řidič se plně nevěnoval řízení vozidla,"povrch suchý, neznečistěný",neztížené,dobré,žádné nebo žádné z uvedených,komunikace místní,,,jízdní kolo,Brno-Řečkovice a Mokrá Hora,žena,Ne,úterý,červen,Řečkovice,,,,,,,,těžké zranění,"s přilbou (pouze u motocyklistů, příp. cyklistů)",řidičem motorového vozidla,"ve dne, viditelnost nezhoršená vlivem povětrnostních podmínek",na jízdním pruhu,řidič,dobrý -žádné nepříznivé okolnosti nebyly zjiště,den,,0,72177,1,72177,1,72177,2,73,1,1949,1,49,2022,1,0,0,1,0,2,18,1,1800,6,-1154469.43,-599256.993,60206221109,2022/06/21 00:00:00+00,1000,0,75e51e73-fca7-4dcb-a26e-015a64aea93f
-600201.686000001,-1158545.823,1555,Brno-Žabovřesky,ne,nesprávný způsob jízdy,havárie,nehoda s následky na životě nebo zdraví,řidič se plně nevěnoval řízení vozidla,"povrch suchý, neznečistěný",neztížené,dobré,přechod pro chodce,komunikace sledovaná (ve vybraných městech),,,jízdní kolo,Brno-Žabovřesky,muž,Ne,středa,červen,Žabovřesky,,,,,,,,lehké zranění,"s přilbou (pouze u motocyklistů, příp. cyklistů)",řidičem nemotorového vozidla,"ve dne, viditelnost nezhoršená vlivem povětrnostních podmínek",na jízdním pruhu,řidič,dobrý -žádné nepříznivé okolnosti nebyly zjiště,den,,1,72178,1,72178,1,72178,3,22,1,2000,1,0,2022,0,0,1,0,0,1,17,1,1705,6,-1158545.823,-600201.686,60206221117,2022/06/22 00:00:00+00,1000,1000,0028ebf6-b19e-49d6-8eae-c6588e143e68
-600031.278999999,-1158614.429,1556,Brno-Žabovřesky,ne,nepřiměřená rychlost jízdy,havárie,nehoda s následky na životě nebo zdraví,nepřizpůsobení rychlosti vlastnostem vozidla a nákladu,"povrch suchý, neznečistěný",neztížené,dobré,"zastávka autobusu, trolejbusu, tramvaje s nástup. ostrůvkem",komunikace sledovaná (ve vybraných městech),,,jízdní kolo,Brno-Žabovřesky,muž,Ne,pátek,červen,Žabovřesky,,,,,,,,lehké zranění,"bez přilby (pouze u motocyklistů, příp. cyklistů)",řidičem nemotorového vozidla,"ve dne, viditelnost nezhoršená vlivem povětrnostních podmínek",na jízdním pruhu,řidič,dobrý -žádné nepříznivé okolnosti nebyly zjiště,den,,1,72181,1,72181,1,72181,5,63,1,1959,1,59,2022,0,0,1,0,0,1,11,1,1150,6,-1158614.429,-600031.279,60206221124,2022/06/24 00:00:00+00,10000,10000,738daef0-e7a2-42fd-964e-3b3ee88acb2b
-601351.359000001,-1160672.41,1557,Brno-střed,ne,nedání přenosti v jízdě,srážka s jedoucím nekolejovým vozidlem,nehoda s následky na životě nebo zdraví,proti příkazu dopravní značky DEJ PŘEDNOST,"povrch suchý, neznečistěný",neztížené,dobré,žádné nebo žádné z uvedených,uzel (křižovatka sledovaná ve vybraných městech),,,jízdní kolo,Brno-střed,žena,Ne,úterý,červen,Pisárky,,,,,,,,těžké zranění,"s přilbou (pouze u motocyklistů, příp. cyklistů)",řidičem motorového vozidla,"ve dne, viditelnost nezhoršená vlivem povětrnostních podmínek",na jízdním pruhu,řidič,dobrý -žádné nepříznivé okolnosti nebyly zjiště,den,,0,72182,1,72182,1,72182,2,44,1,1978,1,78,2022,1,0,0,1,0,2,6,1,620,6,-1160672.41,-601351.359,60206221149,2022/06/28 00:00:00+00,25000,10000,f27721fc-8109-4ef0-9f24-868605d74601
-593342.894000001,-1163052.3,1558,Brno-Slatina,ne,nesprávný způsob jízdy,srážka s jedoucím nekolejovým vozidlem,nehoda s následky na životě nebo zdraví,řidič se plně nevěnoval řízení vozidla,"povrch suchý, neznečistěný",neztížené,dobré,žádné nebo žádné z uvedených,komunikace místní,,,jízdní kolo,Brno-Slatina,muž,Ne,úterý,červen,Slatina,,,,,,,,lehké zranění,"s přilbou (pouze u motocyklistů, příp. cyklistů)",řidičem nemotorového vozidla,"ve dne, viditelnost nezhoršená vlivem povětrnostních podmínek",na jízdním pruhu,řidič,dobrý -žádné nepříznivé okolnosti nebyly zjiště,den,,1,72183,1,72183,1,72183,2,64,1,1958,1,58,2022,0,0,1,0,0,1,7,1,730,6,-1163052.3,-593342.894,60206221150,2022/06/28 00:00:00+00,0,0,69c3ac4a-4113-4942-af6e-8db59b2418c7
-597031.68,-1161289.004,1559,Brno-střed,nezjišťováno,nesprávný způsob jízdy,srážka s chodcem,nehoda s následky na životě nebo zdraví,řidič se plně nevěnoval řízení vozidla,"povrch suchý, neznečistěný",neztížené,dobré,žádné nebo žádné z uvedených,komunikace sledovaná (ve vybraných městech),,,jízdní kolo,Brno-střed,,Nezjišťován,pondělí,červen,Trnitá,,,,,,,,,,řidičem nemotorového vozidla,"ve dne, viditelnost nezhoršená vlivem povětrnostních podmínek",na chodníku nebo ostrůvku,,,den,,0,72184,1,72184,1,72184,1,,,,0,,2022,0,0,1,0,0,1,11,,1130,6,-1161289.004,-597031.68,60206221157,2022/06/20 00:00:00+00,0,0,b89afb6a-c3a5-4d27-8607-1e88a0781b81
-594786.557,-1160981.049,1560,Brno-Židenice,ne,nesprávný způsob jízdy,srážka s jedoucím nekolejovým vozidlem,nehoda s následky na životě nebo zdraví,řidič se plně nevěnoval řízení vozidla,"povrch suchý, neznečistěný",neztížené,dobré,"výjezd z parkoviště, lesní cesty apod. (pol.36=7,8)",komunikace sledovaná (ve vybraných městech),,,jízdní kolo,Brno-Židenice,muž,Ne,úterý,červen,Židenice,,,,,,,,lehké zranění,"s přilbou (pouze u motocyklistů, příp. cyklistů)",řidičem motorového vozidla,"ve dne, viditelnost nezhoršená vlivem povětrnostních podmínek",na jízdním pruhu,řidič,dobrý -žádné nepříznivé okolnosti nebyly zjiště,den,,1,72186,1,72186,1,72186,2,25,1,1997,1,97,2022,0,0,1,0,0,2,18,1,1830,6,-1160981.049,-594786.557,60206221159,2022/06/28 00:00:00+00,62000,20000,983efa24-5bfd-41f0-b689-f08c29688073
-598465.636999998,-1158723.001,1561,Brno-Královo Pole,ano,nesprávný způsob jízdy,"srážka s vozidlem zaparkovaným, odstaveným",nehoda s následky na životě nebo zdraví,řidič se plně nevěnoval řízení vozidla,"povrch suchý, neznečistěný",neztížené,dobré,parkoviště přiléhající ke komunikaci,komunikace sledovaná (ve vybraných městech),,,jízdní kolo,Brno-Královo Pole,muž,"Ano, obsah alkoholu v krvi 1,5‰ a více",středa,červen,Ponava,,,,,,,,lehké zranění,"bez přilby (pouze u motocyklistů, příp. cyklistů)",řidičem nemotorového vozidla,"v noci - s veřejným osvětlením, viditelnost nezhoršená vlivem povětrnostních podmínek",na jízdním pruhu,řidič,pod vlivem alkoholu obsah alkoholu v krvi 1 ‰ a víc,noc,,1,72187,1,72187,1,72187,3,35,1,1987,1,87,2022,0,0,1,0,0,1,2,1,205,6,-1158723.001,-598465.637,60206221161,2022/06/29 00:00:00+00,60000,0,e21a4ed3-ee2b-41da-8f5f-653b09f9d4df
-598558.420000002,-1157610.262,1562,Brno-Královo Pole,ne,nesprávný způsob jízdy,jiný druh nehody,nehoda s následky na životě nebo zdraví,řidič se plně nevěnoval řízení vozidla,"povrch suchý, neznečistěný",neztížené,dobré,parkoviště přiléhající ke komunikaci,komunikace sledovaná (ve vybraných městech),,,jízdní kolo,Brno-Královo Pole,muž,Ne,středa,červen,Královo Pole,,,,,,,,lehké zranění,"bez přilby (pouze u motocyklistů, příp. cyklistů)",řidičem motorového vozidla,"ve dne, viditelnost nezhoršená vlivem povětrnostních podmínek",na jízdním pruhu,řidič,dobrý -žádné nepříznivé okolnosti nebyly zjiště,den,,1,72188,1,72188,1,72188,3,35,1,1987,1,87,2022,0,0,1,0,0,2,18,1,1800,6,-1157610.262,-598558.42,60206221166,2022/06/29 00:00:00+00,12000,10000,744e1197-fa11-4f88-84c5-7d6bce78ed76