X,Y,objectid_1,zuj,alkohol_vinik,hlavni_pricina,srazka,nasledky,pricina,stav_vozovky,povetrnostni_podm,rozhled,misto_nehody,druh_komun,pneumatiky,druh_pohonu,druh_vozidla,mestska_cast,pohlavi,alkohol,den_v_tydnu,mesic_t,katastr,chovani_chodce,stav_chodce,drogy_chodec,alkohol_chodec,osobni_prepravnik,reflexni_prvky,kategorie_chodce,nasledek,ozn_osoba,zavineni,viditelnost,situovani,osoba,stav_ridic,doba,smrt_po,lz,target_fid_1,join_count_1,objectid,join_count,target_fid,den,vek,smrt_dny,rok_nar,p48a,p59d,rok,tz,smrt,lehce_zran_os,tezce_zran_os,usmrceno_os,id_vozidla,hodina,ovlivneni_ridice,cas,mesic,e,d,id_nehody,datum,hmotna_skoda_1,skoda_vozidlo,globalid
-599855.634,-1159928.16,1563,Brno-střed,ne,nesprávný způsob jízdy,havárie,nehoda s následky na životě nebo zdraví,řidič se plně nevěnoval řízení vozidla,"povrch suchý, neznečistěný",neztížené,dobré,žádné nebo žádné z uvedených,komunikace sledovaná (ve vybraných městech),,,jízdní kolo,Brno-střed,muž,Ne,čtvrtek,červen,Veveří,,,,,,,,lehké zranění,"bez přilby (pouze u motocyklistů, příp. cyklistů)",řidičem nemotorového vozidla,"ve dne, viditelnost nezhoršená vlivem povětrnostních podmínek",na kolejích tramvaje,řidič,dobrý -žádné nepříznivé okolnosti nebyly zjiště,den,,1,72190,1,72190,1,72190,4,31,1,1991,3,91,2022,0,0,1,0,0,1,19,1,1915,6,-1159928.16,-599855.634,60206221173,2022/06/30 00:00:00+00,2000,2000,1482a9b0-c421-46b7-a05c-8f8dd14dc70a
-598615.127999999,-1159450.231,1564,Brno-střed,ne,nesprávný způsob jízdy,srážka s jedoucím nekolejovým vozidlem,nehoda s následky na životě nebo zdraví,jiný druh nesprávného způsobu jízdy,"povrch suchý, neznečistěný",neztížené,dobré,přechod pro chodce,uzel (křižovatka sledovaná ve vybraných městech),,,jízdní kolo,Brno-střed,muž,Ne,sobota,červenec,Veveří,,,,,,,,lehké zranění,"bez přilby (pouze u motocyklistů, příp. cyklistů)",řidičem nemotorového vozidla,"ve dne, viditelnost nezhoršená vlivem povětrnostních podmínek",na jízdním pruhu,řidič,dobrý -žádné nepříznivé okolnosti nebyly zjiště,den,,1,72191,1,72191,1,72191,6,28,1,1994,1,94,2022,0,0,1,0,0,1,14,1,1435,7,-1159450.231,-598615.128,60206221183,2022/07/02 00:00:00+00,155000,150000,f12307ff-eea1-4a50-be73-89cd088fcf3d
-594068.120999999,-1157727.394,1565,Brno-Maloměřice a Obřany,ne,nesprávný způsob jízdy,havárie,nehoda s následky na životě nebo zdraví,řidič se plně nevěnoval řízení vozidla,"povrch suchý, neznečistěný",neztížené,dobré,žádné nebo žádné z uvedených,komunikace místní,,,jízdní kolo,Brno-Maloměřice a Obřany,žena,Ne,neděle,červenec,Maloměřice,,,,,,,,lehké zranění,"bez přilby (pouze u motocyklistů, příp. cyklistů)",řidičem nemotorového vozidla,"v noci - s veřejným osvětlením, viditelnost nezhoršená vlivem povětrnostních podmínek",na jízdním pruhu,řidič,dobrý -žádné nepříznivé okolnosti nebyly zjiště,noc,,1,72193,1,72193,1,72193,7,53,1,1969,1,69,2022,0,0,1,0,0,1,21,1,2145,7,-1157727.394,-594068.121,60206221193,2022/07/03 00:00:00+00,1000,1000,b9ec2b42-5001-45c7-a24a-68fe323f35a9
-598266.784000002,-1159353.243,1566,Brno-střed,ano,nedání přenosti v jízdě,srážka s jedoucím nekolejovým vozidlem,nehoda s následky na životě nebo zdraví,při odbočování vlevo,"povrch suchý, neznečistěný",neztížené,dobré,v blízkosti přechodu pro chodce (do vzdálenosti 20 m),uzel (křižovatka sledovaná ve vybraných městech),,,jízdní kolo,Brno-střed,muž,"Ano, obsah alkoholu v krvi 1,5‰ a více",středa,červenec,Veveří,,,,,,,,lehké zranění,"bez přilby (pouze u motocyklistů, příp. cyklistů)",řidičem nemotorového vozidla,"ve dne, viditelnost nezhoršená vlivem povětrnostních podmínek",na jízdním pruhu,řidič,pod vlivem alkoholu obsah alkoholu v krvi 1 ‰ a víc,den,,1,72197,1,72197,1,72197,3,64,1,1958,1,58,2022,0,0,1,0,0,1,18,1,1805,7,-1159353.243,-598266.784,60206221250,2022/07/13 00:00:00+00,90000,80000,5d205cca-4c5c-4c65-82cd-9c970797bf6a
-605541.677999999,-1159145.008,1567,Brno-Žebětín,nezjišťováno,nepřiměřená rychlost jízdy,srážka s jedoucím nekolejovým vozidlem,nehoda s následky na životě nebo zdraví,"nepřizpůsobení rychlosti dopravně technickému stavu vozovky (zatáčka, klesání, stoupání, šířka vozovky apod.)","povrch suchý, znečistěný (písek, prach, listí, štěrk atd.)",neztížené,"špatné - vlivem vegetace - trvale (stromy, keře apod.)",žádné nebo žádné z uvedených,komunikace účelová - polní a lesní cesty atd.,,,jízdní kolo,Brno-Žebětín,muž,Nezjišťován,středa,červenec,Žebětín,,,,,,,,lehké zranění,"s přilbou (pouze u motocyklistů, příp. cyklistů)",řidičem nemotorového vozidla,"ve dne, viditelnost nezhoršená vlivem povětrnostních podmínek",na jízdním pruhu,řidič,dobrý -žádné nepříznivé okolnosti nebyly zjiště,den,,1,72199,1,72199,1,72199,3,31,1,1991,1,91,2022,0,0,1,0,0,1,17,1,1710,7,-1159145.008,-605541.678,60206221255,2022/07/13 00:00:00+00,1000,0,5378403d-2424-46dc-a45b-a3d3fd89d56a
-598801.838,-1159521.745,1568,Brno-střed,ano,nepřiměřená rychlost jízdy,havárie,nehoda s následky na životě nebo zdraví,nepřizpůsobení rychlosti vlastnostem vozidla a nákladu,"povrch suchý, neznečistěný",neztížené,dobré,žádné nebo žádné z uvedených,uzel (křižovatka sledovaná ve vybraných městech),,,jízdní kolo,Brno-střed,muž,"Ano, obsah alkoholu v krvi od 1,0‰ do 1,5‰",sobota,červenec,Veveří,,,,,,,,lehké zranění,"bez přilby (pouze u motocyklistů, příp. cyklistů)",řidičem nemotorového vozidla,"ve dne, viditelnost nezhoršená vlivem povětrnostních podmínek",na jízdním pruhu,řidič,pod vlivem alkoholu obsah alkoholu v krvi 1 ‰ a víc,den,,1,72200,1,72200,1,72200,6,31,1,1991,3,91,2022,0,0,1,0,0,1,19,1,1955,7,-1159521.745,-598801.838,60206221268,2022/07/16 00:00:00+00,0,0,aab80323-7ae7-493e-9344-61c50b2af0ff
-594953.884,-1161746.565,1569,Brno-Židenice,ne,nesprávný způsob jízdy,havárie,nehoda s následky na životě nebo zdraví,jiný druh nesprávného způsobu jízdy,"povrch suchý, neznečistěný",neztížené,dobré,žádné nebo žádné z uvedených,komunikace místní,,,jízdní kolo,Brno-Židenice,muž,Ne,úterý,červenec,Židenice,,,,,,,,těžké zranění,"s přilbou (pouze u motocyklistů, příp. cyklistů)",řidičem nemotorového vozidla,"ve dne, viditelnost nezhoršená vlivem povětrnostních podmínek",na jízdním pruhu,řidič,dobrý -žádné nepříznivé okolnosti nebyly zjiště,noc,,0,72203,1,72203,1,72203,2,35,1,1987,1,87,2022,1,0,0,1,0,1,25,1,2560,7,-1161746.565,-594953.884,60206221286,2022/07/19 00:00:00+00,21000,20000,9d1bb2e9-5c01-400d-bea7-f5659e91144d
-596321.976,-1161932.963,1570,Brno-Černovice,ne,nedání přenosti v jízdě,srážka s jedoucím nekolejovým vozidlem,nehoda s následky na životě nebo zdraví,při odbočování vlevo,"povrch suchý, neznečistěný",neztížené,dobré,žádné nebo žádné z uvedených,komunikace sledovaná (ve vybraných městech),,,jízdní kolo,Brno-Černovice,muž,Ne,úterý,červenec,Černovice,,,,,,,,těžké zranění,"s přilbou (pouze u motocyklistů, příp. cyklistů)",řidičem motorového vozidla,"ve dne, viditelnost nezhoršená vlivem povětrnostních podmínek",na jízdním pruhu,řidič,dobrý -žádné nepříznivé okolnosti nebyly zjiště,den,,0,72204,1,72204,1,72204,2,44,1,1978,1,78,2022,1,0,0,1,0,2,17,1,1715,7,-1161932.963,-596321.976,60206221288,2022/07/19 00:00:00+00,1000,0,f9aabcf8-ad6f-4958-9008-3abdc963525a
-598764.688000001,-1153927.786,1571,Brno-Řečkovice a Mokrá Hora,ne,nesprávný způsob jízdy,srážka s jedoucím nekolejovým vozidlem,nehoda s následky na životě nebo zdraví,řidič se plně nevěnoval řízení vozidla,"povrch suchý, neznečistěný",neztížené,dobré,žádné nebo žádné z uvedených,komunikace sledovaná (ve vybraných městech),,,jízdní kolo,Brno-Řečkovice a Mokrá Hora,muž,Ne,pondělí,červenec,Řečkovice,,,,,,,,lehké zranění,"s přilbou (pouze u motocyklistů, příp. cyklistů)",řidičem nemotorového vozidla,"ve dne, viditelnost nezhoršená vlivem povětrnostních podmínek",na jízdním pruhu,řidič,dobrý -žádné nepříznivé okolnosti nebyly zjiště,den,,1,72205,1,72205,1,72205,1,39,1,1983,1,83,2022,0,0,1,0,0,1,16,1,1625,7,-1153927.786,-598764.688,60206221326,2022/07/25 00:00:00+00,20000,0,377b0794-8762-48b3-8a73-144d0470a3d4
-598516.956999999,-1159989.718,1572,Brno-střed,ne,nedání přenosti v jízdě,srážka s jedoucím nekolejovým vozidlem,nehoda pouze s hmotnou škodou,při odbočování vlevo,"povrch suchý, neznečistěný",neztížené,dobré,v blízkosti přechodu pro chodce (do vzdálenosti 20 m),uzel (křižovatka sledovaná ve vybraných městech),,,jízdní kolo,Brno-střed,muž,Ne,středa,červenec,Veveří,,,,,,,,bez zraněn,"s přilbou (pouze u motocyklistů, příp. cyklistů)",řidičem motorového vozidla,"ve dne, viditelnost nezhoršená vlivem povětrnostních podmínek",na jízdním pruhu,řidič,dobrý -žádné nepříznivé okolnosti nebyly zjiště,den,,0,72206,1,72206,1,72206,3,30,1,1992,1,92,2022,0,0,0,0,0,2,6,1,650,7,-1159989.718,-598516.957,60206221339,2022/07/27 00:00:00+00,12000,2000,0c02b06a-b36f-4ce6-8c18-040bf35a138a
-605138.504999999,-1155249.535,1573,Brno-Bystrc,ne,nepřiměřená rychlost jízdy,havárie,nehoda s následky na životě nebo zdraví,nepřizpůsobení rychlosti vlastnostem vozidla a nákladu,"povrch suchý, neznečistěný",neztížené,dobré,žádné nebo žádné z uvedených,komunikace sledovaná (ve vybraných městech),,,jízdní kolo,Brno-Bystrc,žena,Ne,středa,srpen,Bystrc,,,,,,,,lehké zranění,"s přilbou (pouze u motocyklistů, příp. cyklistů)",řidičem nemotorového vozidla,"ve dne, viditelnost nezhoršená vlivem povětrnostních podmínek",na jízdním pruhu,řidič,dobrý -žádné nepříznivé okolnosti nebyly zjiště,den,,1,72207,1,72207,1,72207,3,45,1,1977,1,77,2022,0,0,1,0,0,1,13,1,1335,8,-1155249.535,-605138.505,60206221392,2022/08/03 00:00:00+00,1000,1000,2225b348-7b38-4442-b08b-928db8ee6983
-600065.368000001,-1163757.446,1574,Brno-Bohunice,ne,nedání přenosti v jízdě,srážka s jedoucím nekolejovým vozidlem,nehoda s následky na životě nebo zdraví,proti příkazu dopravní značky DEJ PŘEDNOST,"povrch suchý, neznečistěný",neztížené,dobré,v blízkosti přechodu pro chodce (do vzdálenosti 20 m),uzel (křižovatka sledovaná ve vybraných městech),,,jízdní kolo,Brno-Bohunice,žena,Ne,pátek,srpen,Bohunice,,,,,,,,lehké zranění,"bez přilby (pouze u motocyklistů, příp. cyklistů)",řidičem motorového vozidla,"ve dne, viditelnost nezhoršená vlivem povětrnostních podmínek",na jízdním pruhu,řidič,"pod vlivem alkoholu, obsah alkoholu v krvi do 0,99 ‰",den,,1,72208,1,72208,1,72208,5,53,1,1969,1,69,2022,0,0,1,0,0,2,10,1,1005,8,-1163757.446,-600065.368,60206221406,2022/08/05 00:00:00+00,20000,20000,bbab430e-197b-4c82-bb85-d6f471860519
-598688.009,-1154354.001,1575,Brno-Řečkovice a Mokrá Hora,ne,nedání přenosti v jízdě,srážka s jedoucím nekolejovým vozidlem,nehoda s následky na životě nebo zdraví,proti příkazu dopravní značky DEJ PŘEDNOST,"povrch suchý, neznečistěný",neztížené,dobré,žádné nebo žádné z uvedených,komunikace místní,,,jízdní kolo,Brno-Řečkovice a Mokrá Hora,muž,Ne,pondělí,srpen,Řečkovice,,,,,,,,těžké zranění,"bez přilby (pouze u motocyklistů, příp. cyklistů)",řidičem motorového vozidla,"ve dne, viditelnost nezhoršená vlivem povětrnostních podmínek",na jízdním pruhu,řidič,dobrý -žádné nepříznivé okolnosti nebyly zjiště,den,,0,72209,1,72209,1,72209,1,46,1,1976,1,76,2022,1,0,0,1,0,2,14,1,1455,8,-1154354.001,-598688.009,60206221418,2022/08/08 00:00:00+00,20000,10000,8b7ad247-5f75-4581-a131-f650b66ad7ff
-597403.004999999,-1164042.495,1576,Brno-jih,ne,nezaviněno řidičem,srážka s chodcem,nehoda s následky na životě nebo zdraví,nezaviněná řidičem,"povrch suchý, neznečistěný",neztížené,dobré,žádné nebo žádné z uvedených,komunikace účelová - polní a lesní cesty atd.,,,jízdní kolo,Brno-jih,muž,Ne,pondělí,srpen,Horní Heršpice,,,,,,,,lehké zranění,"s přilbou (pouze u motocyklistů, příp. cyklistů)",chodcem,"ve dne, viditelnost nezhoršená vlivem povětrnostních podmínek",na jízdním pruhu,řidič,dobrý -žádné nepříznivé okolnosti nebyly zjiště,den,,1,72210,1,72210,1,72210,1,60,1,1962,1,62,2022,0,0,1,0,0,1,19,1,1920,8,-1164042.495,-597403.005,60206221420,2022/08/08 00:00:00+00,1000,1000,1facb602-346f-4a5e-88f1-596fd10f46e4
-597148.728,-1161316.641,1577,Brno-střed,ano,nesprávný způsob jízdy,srážka s jedoucím nekolejovým vozidlem,nehoda pouze s hmotnou škodou,řidič se plně nevěnoval řízení vozidla,"povrch suchý, neznečistěný",neztížené,dobré,žádné nebo žádné z uvedených,komunikace sledovaná (ve vybraných městech),,,jízdní kolo,Brno-střed,muž,"Ano, obsah alkoholu v krvi od 0,24‰ do 0,5‰",úterý,srpen,Trnitá,,,,,,,,bez zraněn,"s přilbou (pouze u motocyklistů, příp. cyklistů)",řidičem nemotorového vozidla,"ve dne, viditelnost nezhoršená vlivem povětrnostních podmínek",na jízdním pruhu,řidič,"pod vlivem alkoholu, obsah alkoholu v krvi do 0,99 ‰",den,,0,72211,1,72211,1,72211,2,53,1,1969,1,69,2022,0,0,0,0,0,1,17,1,1740,8,-1161316.641,-597148.728,60206221426,2022/08/09 00:00:00+00,25000,3000,5f9830c9-be57-4bc6-be34-b249b4a0b693
-597157.82,-1163681.7,1578,Brno-jih,ne,nedání přenosti v jízdě,srážka s jedoucím nekolejovým vozidlem,nehoda s následky na životě nebo zdraví,při vjíždění na silnici,"povrch suchý, neznečistěný",neztížené,dobré,žádné nebo žádné z uvedených,komunikace sledovaná (ve vybraných městech),,,jízdní kolo,Brno-jih,muž,Ne,středa,srpen,Komárov,,,,,,,,těžké zranění,"bez přilby (pouze u motocyklistů, příp. cyklistů)",řidičem nemotorového vozidla,"ve dne, viditelnost nezhoršená vlivem povětrnostních podmínek",na jízdním pruhu,řidič,dobrý -žádné nepříznivé okolnosti nebyly zjiště,den,,0,72213,1,72213,1,72213,3,65,1,1957,1,57,2022,1,0,0,1,0,1,12,1,1255,8,-1163681.7,-597157.82,60206221434,2022/08/10 00:00:00+00,610000,10000,90a51017-d9aa-482e-810d-6df42d2c6e1b
-595288.170000002,-1157322.6,1579,Brno-Maloměřice a Obřany,ano,nesprávný způsob jízdy,havárie,nehoda s následky na životě nebo zdraví,jiný druh nesprávného způsobu jízdy,"povrch suchý, neznečistěný",neztížené,dobré,žádné nebo žádné z uvedených,komunikace místní,,,jízdní kolo,Brno-Maloměřice a Obřany,muž,"Ano, obsah alkoholu v krvi 1,5‰ a více",středa,srpen,Obřany,,,,,,,,lehké zranění,"bez přilby (pouze u motocyklistů, příp. cyklistů)",řidičem nemotorového vozidla,"v noci - s veřejným osvětlením, viditelnost nezhoršená vlivem povětrnostních podmínek",na jízdním pruhu,řidič,pod vlivem alkoholu obsah alkoholu v krvi 1 ‰ a víc,noc,,1,72214,1,72214,1,72214,3,79,1,1943,1,43,2022,0,0,1,0,0,1,22,1,2250,8,-1157322.6,-595288.17,60206221439,2022/08/10 00:00:00+00,1000,1000,a6c5cfa4-f85b-43b8-a17e-04ffb052d8a5
-598846.368999999,-1156584.341,1580,Brno-Královo Pole,ne,nesprávný způsob jízdy,srážka s jedoucím nekolejovým vozidlem,nehoda s následky na životě nebo zdraví,řidič se plně nevěnoval řízení vozidla,"povrch suchý, neznečistěný",neztížené,dobré,žádné nebo žádné z uvedených,komunikace místní,,,jízdní kolo,Brno-Královo Pole,muž,Ne,středa,srpen,Královo Pole,,,,,,,,lehké zranění,"s přilbou (pouze u motocyklistů, příp. cyklistů)",řidičem nemotorového vozidla,"ve dne, viditelnost nezhoršená vlivem povětrnostních podmínek",na jízdním pruhu,řidič,dobrý -žádné nepříznivé okolnosti nebyly zjiště,den,,1,72216,1,72216,1,72216,3,26,1,1996,1,96,2022,0,0,1,0,0,1,15,1,1537,8,-1156584.341,-598846.369,60206221481,2022/08/17 00:00:00+00,20000,0,594ded91-3e91-41f3-88d0-b76e4ffb8f80
-603015.147,-1157260.446,1581,Brno-Komín,nezjišťováno,nesprávný způsob jízdy,srážka s jedoucím nekolejovým vozidlem,nehoda s následky na životě nebo zdraví,řidič se plně nevěnoval řízení vozidla,"povrch suchý, neznečistěný",neztížené,dobré,přechod pro chodce,komunikace sledovaná (ve vybraných městech),,,jízdní kolo,Brno-Komín,žena,Nezjišťován,pondělí,srpen,Komín,,,,,,,,lehké zranění,"bez přilby (pouze u motocyklistů, příp. cyklistů)",řidičem nemotorového vozidla,"ve dne, viditelnost nezhoršená vlivem povětrnostních podmínek",na jízdním pruhu,řidič,dobrý -žádné nepříznivé okolnosti nebyly zjiště,den,,1,72218,1,72218,1,72218,1,47,1,1975,1,75,2022,0,0,1,0,0,1,15,1,1515,8,-1157260.446,-603015.147,60206221495,2022/08/15 00:00:00+00,17000,2000,bbb9921a-2f8d-4ac2-be2e-d056bda4cd24
-598785.888,-1159846.295,1582,Brno-střed,ne,nedání přenosti v jízdě,srážka s jedoucím nekolejovým vozidlem,nehoda s následky na životě nebo zdraví,při otáčení nebo couvání,povrch mokrý,"na počátku deště, slabý déšť, mrholení apod.",dobré,v blízkosti přechodu pro chodce (do vzdálenosti 20 m),uzel (křižovatka sledovaná ve vybraných městech),,,jízdní kolo,Brno-střed,muž,Ne,sobota,srpen,Veveří,,,,,,,,lehké zranění,"s přilbou (pouze u motocyklistů, příp. cyklistů)",řidičem motorového vozidla,"ve dne, viditelnost nezhoršená vlivem povětrnostních podmínek",na jízdním pruhu,řidič,"pod vlivem alkoholu, obsah alkoholu v krvi do 0,99 ‰",den,,1,72220,1,72220,1,72220,6,60,1,1962,1,62,2022,0,0,1,0,0,2,17,1,1720,8,-1159846.295,-598785.888,60206221500,2022/08/20 00:00:00+00,35000,20000,9346481b-44fe-4d63-8902-3c9ab0419571
-598509.502999999,-1157933.346,1583,Brno-Královo Pole,ano,nesprávný způsob jízdy,"srážka s vozidlem zaparkovaným, odstaveným",nehoda s následky na životě nebo zdraví,řidič se plně nevěnoval řízení vozidla,"povrch suchý, neznečistěný",neztížené,dobré,parkoviště přiléhající ke komunikaci,komunikace místní,,,jízdní kolo,Brno-Královo Pole,muž,"Ano, obsah alkoholu v krvi 1,5‰ a více",pondělí,srpen,Královo Pole,,,,,,,,lehké zranění,"bez přilby (pouze u motocyklistů, příp. cyklistů)",řidičem nemotorového vozidla,"ve dne, viditelnost nezhoršená vlivem povětrnostních podmínek",na jízdním pruhu,řidič,pod vlivem alkoholu obsah alkoholu v krvi 1 ‰ a víc,den,,1,72221,1,72221,1,72221,1,48,1,1974,1,74,2022,0,0,1,0,0,1,13,1,1325,8,-1157933.346,-598509.503,60206221512,2022/08/22 00:00:00+00,35000,30000,671c5277-23eb-44dd-9c20-1e9725fa205f
-599457.206999999,-1155266.733,1584,Brno-Řečkovice a Mokrá Hora,ne,nepřiměřená rychlost jízdy,havárie,nehoda s následky na životě nebo zdraví,nepřizpůsobení rychlosti vlastnostem vozidla a nákladu,"povrch suchý, neznečistěný",neztížené,dobré,žádné nebo žádné z uvedených,komunikace sledovaná (ve vybraných městech),,,jízdní kolo,Brno-Řečkovice a Mokrá Hora,muž,Ne,středa,srpen,Řečkovice,,,,,,,,lehké zranění,"s přilbou (pouze u motocyklistů, příp. cyklistů)",řidičem nemotorového vozidla,"ve dne, viditelnost nezhoršená vlivem povětrnostních podmínek",na jízdním pruhu,řidič,dobrý -žádné nepříznivé okolnosti nebyly zjiště,den,,1,72222,1,72222,1,72222,3,90,1,1932,1,32,2022,0,0,1,0,0,1,9,1,935,8,-1155266.733,-599457.207,60206221524,2022/08/24 00:00:00+00,3000,3000,003b144c-1dd2-4fc4-b651-43f44be43d80
-600968.522999998,-1160600.135,1585,Brno-střed,ne,nedání přenosti v jízdě,srážka s jedoucím nekolejovým vozidlem,nehoda s následky na životě nebo zdraví,při odbočování vlevo,"povrch suchý, neznečistěný",neztížené,dobré,v blízkosti přechodu pro chodce (do vzdálenosti 20 m),uzel (křižovatka sledovaná ve vybraných městech),,,jízdní kolo,Brno-střed,muž,Ne,pátek,srpen,Pisárky,,,,,,,,těžké zranění,"s přilbou (pouze u motocyklistů, příp. cyklistů)",řidičem motorového vozidla,"ve dne, viditelnost nezhoršená vlivem povětrnostních podmínek",na jízdním pruhu,řidič,dobrý -žádné nepříznivé okolnosti nebyly zjiště,den,,0,72223,1,72223,1,72223,5,61,1,1961,1,61,2022,1,0,0,1,0,2,17,1,1736,8,-1160600.135,-600968.523,60206221536,2022/08/26 00:00:00+00,36000,30000,34c73de6-7838-4b4a-a921-c910d7ae8708
-603537.68,-1157472.808,1586,Brno-Bystrc,ne,nepřiměřená rychlost jízdy,havárie,nehoda s následky na životě nebo zdraví,"nepřizpůsobení rychlosti stavu vozovky (náledí, výtluky, bláto, mokrý povrch apod.)",povrch mokrý,neztížené,dobré,žádné nebo žádné z uvedených,komunikace účelová - polní a lesní cesty atd.,,,jízdní kolo,Brno-Bystrc,muž,Ne,sobota,srpen,Bystrc,,,,,,,,lehké zranění,"s přilbou (pouze u motocyklistů, příp. cyklistů)",řidičem nemotorového vozidla,"ve dne, viditelnost nezhoršená vlivem povětrnostních podmínek",na jízdním pruhu,řidič,dobrý -žádné nepříznivé okolnosti nebyly zjiště,den,,1,72224,1,72224,1,72224,6,56,1,1966,1,66,2022,0,0,1,0,0,1,15,1,1505,8,-1157472.808,-603537.68,60206221541,2022/08/27 00:00:00+00,0,0,a98cfa13-0361-42f6-bb98-001c7de12aed
-598367.715999998,-1158406.525,1587,Brno-Královo Pole,nezjišťováno,nesprávný způsob jízdy,srážka s jedoucím nekolejovým vozidlem,nehoda s následky na životě nebo zdraví,řidič se plně nevěnoval řízení vozidla,"povrch suchý, neznečistěný",neztížené,dobré,v blízkosti přechodu pro chodce (do vzdálenosti 20 m),uzel (křižovatka sledovaná ve vybraných městech),,,jízdní kolo,Brno-Královo Pole,žena,Nezjišťován,středa,srpen,Ponava,,,,,,,,lehké zranění,"s přilbou (pouze u motocyklistů, příp. cyklistů)",řidičem motorového vozidla,"ve dne, viditelnost nezhoršená vlivem povětrnostních podmínek",na jízdním pruhu,řidič,dobrý -žádné nepříznivé okolnosti nebyly zjiště,den,,1,72226,1,72226,1,72226,3,34,1,1988,1,88,2022,0,0,1,0,0,2,16,1,1601,8,-1158406.525,-598367.716,60206221567,2022/08/31 00:00:00+00,2000,2000,514f8af3-ec86-4d04-b31d-6a62abdaecee
-599270.642999999,-1156110.816,1588,Brno-Medlánky,ne,nedání přenosti v jízdě,srážka s jedoucím nekolejovým vozidlem,nehoda s následky na životě nebo zdraví,při odbočování vlevo,"povrch suchý, neznečistěný",neztížené,dobré,žádné nebo žádné z uvedených,komunikace sledovaná (ve vybraných městech),,,jízdní kolo,Brno-Medlánky,muž,Ne,čtvrtek,září,Medlánky,,,,,,,,lehké zranění,"bez přilby (pouze u motocyklistů, příp. cyklistů)",řidičem motorového vozidla,"ve dne, zhoršená viditelnost (svítání, soumrak)",na jízdním pruhu,řidič,dobrý -žádné nepříznivé okolnosti nebyly zjiště,noc,,1,72227,1,72227,1,72227,4,49,1,1973,1,73,2022,0,0,1,0,0,2,5,1,545,9,-1156110.816,-599270.643,60206221568,2022/09/01 00:00:00+00,25000,5000,5058f436-3476-48a0-914b-f9489c33671d
-595900.258000001,-1161149.234,1589,Brno-Židenice,ne,nedání přenosti v jízdě,srážka s jedoucím nekolejovým vozidlem,nehoda s následky na životě nebo zdraví,proti příkazu dopravní značky DEJ PŘEDNOST,"povrch suchý, neznečistěný",neztížené,dobré,žádné nebo žádné z uvedených,komunikace sledovaná (ve vybraných městech),,,jízdní kolo,Brno-Židenice,muž,Ne,čtvrtek,září,Židenice,,,,,,,,lehké zranění,"bez přilby (pouze u motocyklistů, příp. cyklistů)",řidičem motorového vozidla,"ve dne, viditelnost nezhoršená vlivem povětrnostních podmínek",na jízdním pruhu,řidič,dobrý -žádné nepříznivé okolnosti nebyly zjiště,den,,1,72228,1,72228,1,72228,4,50,1,1972,1,72,2022,0,0,1,0,0,2,8,1,823,9,-1161149.234,-595900.258,60206221569,2022/09/01 00:00:00+00,7000,1000,4bdb232d-77de-4a6e-a4d8-5aad4905c849
-596534.605,-1162181.401,1590,Brno-Černovice,ano,nesprávný způsob jízdy,havárie,nehoda s následky na životě nebo zdraví,nezvládnutí řízení vozidla,"povrch suchý, neznečistěný",neztížené,dobré,žádné nebo žádné z uvedených,komunikace místní,,,jízdní kolo,Brno-Černovice,žena,"Ano, obsah alkoholu v krvi 1,5‰ a více",čtvrtek,září,Černovice,,,,,,,,lehké zranění,"bez přilby (pouze u motocyklistů, příp. cyklistů)",řidičem nemotorového vozidla,"v noci - s veřejným osvětlením, viditelnost nezhoršená vlivem povětrnostních podmínek",na jízdním pruhu,řidič,pod vlivem alkoholu obsah alkoholu v krvi 1 ‰ a víc,noc,,1,72229,1,72229,1,72229,4,45,1,1977,1,77,2022,0,0,1,0,0,1,22,0,2255,9,-1162181.401,-596534.605,60206221575,2022/09/01 00:00:00+00,0,0,de064eea-e638-4cb2-9908-764ef11c2dcf
-596672.988000002,-1161008.913,1591,Brno-střed,ne,nesprávný způsob jízdy,havárie,nehoda s následky na životě nebo zdraví,řidič se plně nevěnoval řízení vozidla,"povrch suchý, neznečistěný",neztížené,dobré,žádné nebo žádné z uvedených,komunikace místní,,,jízdní kolo,Brno-střed,žena,Ne,sobota,září,Trnitá,,,,,,,,lehké zranění,"s přilbou (pouze u motocyklistů, příp. cyklistů)",řidičem nemotorového vozidla,"ve dne, viditelnost nezhoršená vlivem povětrnostních podmínek",na jízdním pruhu,řidič,dobrý -žádné nepříznivé okolnosti nebyly zjiště,den,,1,72230,1,72230,1,72230,6,43,1,1979,1,79,2022,0,0,1,0,0,1,12,1,1220,9,-1161008.913,-596672.988,60206221583,2022/09/03 00:00:00+00,2000,2000,31d1828e-6f1e-41f2-a2c9-e63aa6a889bd