X,Y,objectid_1,zuj,alkohol_vinik,hlavni_pricina,srazka,nasledky,pricina,stav_vozovky,povetrnostni_podm,rozhled,misto_nehody,druh_komun,pneumatiky,druh_pohonu,druh_vozidla,mestska_cast,pohlavi,alkohol,den_v_tydnu,mesic_t,katastr,chovani_chodce,stav_chodce,drogy_chodec,alkohol_chodec,osobni_prepravnik,reflexni_prvky,kategorie_chodce,nasledek,ozn_osoba,zavineni,viditelnost,situovani,osoba,stav_ridic,doba,smrt_po,lz,target_fid_1,join_count_1,objectid,join_count,target_fid,den,vek,smrt_dny,rok_nar,p48a,p59d,rok,tz,smrt,lehce_zran_os,tezce_zran_os,usmrceno_os,id_vozidla,hodina,ovlivneni_ridice,cas,mesic,e,d,id_nehody,datum,hmotna_skoda_1,skoda_vozidlo,globalid
-595621.098000001,-1164298.807,1592,Brno-Černovice,ne,nedání přenosti v jízdě,srážka s jedoucím nekolejovým vozidlem,nehoda s následky na životě nebo zdraví,proti příkazu dopravní značky STŮJ DEJ PŘEDNOST,"povrch suchý, neznečistěný",neztížené,dobré,"most, nadjezd, podjezd, tunel",uzel (křižovatka sledovaná ve vybraných městech),,,jízdní kolo,Brno-Černovice,chlapec (do 15 let),Ne,pondělí,září,Černovice,,,,,,,,bez zraněn,"s přilbou (pouze u motocyklistů, příp. cyklistů)",řidičem motorového vozidla,"ve dne, viditelnost nezhoršená vlivem povětrnostních podmínek",na jízdním pruhu,ostatní spolucestující (i v postranním vozíku motocyklu),dobrý -žádné nepříznivé okolnosti nebyly zjiště,den,,0,72231,1,72231,1,72231,1,4,1,2018,1,18,2022,0,0,1,0,0,2,17,1,1755,9,-1164298.807,-595621.098,60206221591,2022/09/05 00:00:00+00,0,0,04a45f99-b7b5-44f4-8f1e-72cfdaedf00d
-595621.098000001,-1164298.807,1593,Brno-Černovice,ne,nedání přenosti v jízdě,srážka s jedoucím nekolejovým vozidlem,nehoda s následky na životě nebo zdraví,proti příkazu dopravní značky STŮJ DEJ PŘEDNOST,"povrch suchý, neznečistěný",neztížené,dobré,"most, nadjezd, podjezd, tunel",uzel (křižovatka sledovaná ve vybraných městech),,,jízdní kolo,Brno-Černovice,žena,Ne,pondělí,září,Černovice,,,,,,,,lehké zranění,"s přilbou (pouze u motocyklistů, příp. cyklistů)",řidičem motorového vozidla,"ve dne, viditelnost nezhoršená vlivem povětrnostních podmínek",na jízdním pruhu,řidič,dobrý -žádné nepříznivé okolnosti nebyly zjiště,den,,1,72232,1,72232,1,72232,1,40,1,1982,1,82,2022,0,0,1,0,0,2,17,1,1755,9,-1164298.807,-595621.098,60206221591,2022/09/05 00:00:00+00,0,0,d46bccf3-7d22-4146-9185-63bcccec6206
-596779.745999999,-1160245.407,1594,Brno-sever,ano,nesprávný způsob jízdy,"srážka s vozidlem zaparkovaným, odstaveným",nehoda pouze s hmotnou škodou,řidič se plně nevěnoval řízení vozidla,"povrch suchý, neznečistěný",neztížené,dobré,parkoviště přiléhající ke komunikaci,komunikace sledovaná (ve vybraných městech),,,jízdní kolo,Brno-sever,muž,"Ano, obsah alkoholu v krvi 1,5‰ a více",úterý,září,Zábrdovice,,,,,,,,bez zraněn,"bez přilby (pouze u motocyklistů, příp. cyklistů)",řidičem nemotorového vozidla,"v noci - s veřejným osvětlením, viditelnost nezhoršená vlivem povětrnostních podmínek",na odstavném pruhu,řidič,pod vlivem alkoholu obsah alkoholu v krvi 1 ‰ a víc,noc,,0,72233,1,72233,1,72233,2,34,1,1988,1,88,2022,0,0,0,0,0,1,2,1,25,9,-1160245.407,-596779.746,60206221592,2022/09/06 00:00:00+00,6000,1000,60206e03-d5b2-4fe2-b07b-84675b0ab59a
-593571.634,-1162538.002,1595,Brno-Slatina,ne,nesprávný způsob jízdy,srážka s jedoucím nekolejovým vozidlem,nehoda s následky na životě nebo zdraví,řidič se plně nevěnoval řízení vozidla,"povrch suchý, neznečistěný",neztížené,dobré,čerpadlo pohonných hmot,komunikace místní,,,jízdní kolo,Brno-Slatina,muž,Ne,úterý,září,Slatina,,,,,,,,lehké zranění,"s přilbou (pouze u motocyklistů, příp. cyklistů)",řidičem motorového vozidla,"ve dne, viditelnost nezhoršená vlivem povětrnostních podmínek",na jízdním pruhu,řidič,dobrý -žádné nepříznivé okolnosti nebyly zjiště,den,,1,72234,1,72234,1,72234,2,46,1,1976,1,76,2022,0,0,1,0,0,2,15,1,1530,9,-1162538.002,-593571.634,60206221596,2022/09/06 00:00:00+00,0,0,267ef5d4-a8d3-42ed-9b24-79ba27e8539f
-596753.252,-1161626.077,1596,Brno-střed,ne,nepřiměřená rychlost jízdy,srážka s jedoucím nekolejovým vozidlem,nehoda s následky na životě nebo zdraví,nepřizpůsobení rychlosti vlastnostem vozidla a nákladu,"povrch suchý, neznečistěný",neztížené,dobré,"most, nadjezd, podjezd, tunel",komunikace místní,,,jízdní kolo,Brno-střed,muž,Ne,čtvrtek,září,Trnitá,,,,,,,,lehké zranění,"s přilbou (pouze u motocyklistů, příp. cyklistů)",řidičem nemotorového vozidla,"ve dne, viditelnost nezhoršená vlivem povětrnostních podmínek",na stezce pro cyklisty,řidič,dobrý -žádné nepříznivé okolnosti nebyly zjiště,den,,1,72235,1,72235,1,72235,4,34,1,1988,1,88,2022,0,0,2,0,0,1,9,1,925,9,-1161626.077,-596753.252,60206221604,2022/09/08 00:00:00+00,2000,1000,dcd436f8-db2e-468c-9aa4-60fb22b575b9
-596753.252,-1161626.077,1597,Brno-střed,ne,nepřiměřená rychlost jízdy,srážka s jedoucím nekolejovým vozidlem,nehoda s následky na životě nebo zdraví,nepřizpůsobení rychlosti vlastnostem vozidla a nákladu,"povrch suchý, neznečistěný",neztížené,dobré,"most, nadjezd, podjezd, tunel",komunikace místní,,,jízdní kolo,Brno-střed,žena,Ne,čtvrtek,září,Trnitá,,,,,,,,lehké zranění,"bez přilby (pouze u motocyklistů, příp. cyklistů)",řidičem nemotorového vozidla,"ve dne, viditelnost nezhoršená vlivem povětrnostních podmínek",na stezce pro cyklisty,řidič,dobrý -žádné nepříznivé okolnosti nebyly zjiště,den,,1,72236,1,72236,1,72236,4,20,1,2002,1,2,2022,0,0,2,0,0,2,9,1,925,9,-1161626.077,-596753.252,60206221604,2022/09/08 00:00:00+00,2000,1000,094bae78-0f09-4f2f-ad81-7c04698d3813
-591229.403999999,-1160298.391,1598,Brno-Líšeň,ano,nepřiměřená rychlost jízdy,havárie,nehoda s následky na životě nebo zdraví,"nepřizpůsobení rychlosti dopravně technickému stavu vozovky (zatáčka, klesání, stoupání, šířka vozovky apod.)","povrch suchý, neznečistěný",neztížené,dobré,"zastávka autobusu, trolejbusu, tramvaje s nástup. ostrůvkem",komunikace sledovaná (ve vybraných městech),,,jízdní kolo,Brno-Líšeň,muž,"Ano, obsah alkoholu v krvi 1,5‰ a více",sobota,září,Líšeň,,,,,,,,těžké zranění,"s přilbou (pouze u motocyklistů, příp. cyklistů)",řidičem nemotorového vozidla,"ve dne, viditelnost nezhoršená vlivem povětrnostních podmínek",na jízdním pruhu,řidič,pod vlivem alkoholu obsah alkoholu v krvi 1 ‰ a víc,den,,0,72237,1,72237,1,72237,6,74,1,1948,1,48,2022,1,0,0,1,0,1,13,1,1312,9,-1160298.391,-591229.404,60206221615,2022/09/10 00:00:00+00,2000,2000,912c2e52-2cb8-4846-abdd-8f494be607a1
-599030.384,-1158921.819,1599,Brno-střed,ne,nedání přenosti v jízdě,srážka s jedoucím nekolejovým vozidlem,nehoda s následky na životě nebo zdraví,při odbočování vlevo,povrch mokrý,"na počátku deště, slabý déšť, mrholení apod.",dobré,v blízkosti přechodu pro chodce (do vzdálenosti 20 m),uzel (křižovatka sledovaná ve vybraných městech),,,jízdní kolo,Brno-střed,muž,Ne,čtvrtek,září,Veveří,,,,,,,,lehké zranění,"s přilbou (pouze u motocyklistů, příp. cyklistů)",řidičem motorového vozidla,"ve dne, viditelnost nezhoršená vlivem povětrnostních podmínek",na jízdním pruhu,řidič,dobrý -žádné nepříznivé okolnosti nebyly zjiště,den,,1,72238,1,72238,1,72238,4,30,1,1992,1,92,2022,0,0,1,0,0,2,18,1,1855,9,-1158921.819,-599030.384,60206221649,2022/09/15 00:00:00+00,20000,10000,0f4bd41d-46e6-4c33-bf6d-db228230a2a8
-599466.351,-1157801.843,1600,Brno-Královo Pole,ne,nedání přenosti v jízdě,srážka s jedoucím nekolejovým vozidlem,nehoda s následky na životě nebo zdraví,proti příkazu dopravní značky DEJ PŘEDNOST,"povrch suchý, neznečistěný",neztížené,dobré,v blízkosti přechodu pro chodce (do vzdálenosti 20 m),komunikace sledovaná (ve vybraných městech),,,jízdní kolo,Brno-Královo Pole,muž,Ne,neděle,září,Královo Pole,,,,,,,,lehké zranění,"s přilbou (pouze u motocyklistů, příp. cyklistů)",řidičem motorového vozidla,"v noci - bez veřejného osvětlení, viditelnost nezhoršená vlivem povětrnostních podmínek",na jízdním pruhu,řidič,dobrý -žádné nepříznivé okolnosti nebyly zjiště,den,,1,72239,1,72239,1,72239,7,31,1,1991,1,91,2022,0,0,1,0,0,2,17,1,1735,9,-1157801.843,-599466.351,60206221664,2022/09/18 00:00:00+00,6000,1000,ebd0408a-01ca-44db-907c-f1d12e974dba
-601168.458000001,-1162782.227,1601,Brno-Starý Lískovec,ne,nedání přenosti v jízdě,srážka s jedoucím nekolejovým vozidlem,nehoda s následky na životě nebo zdraví,chodci na vyznačeném přechodu,"povrch suchý, neznečistěný",neztížené,dobré,přechod pro chodce,komunikace sledovaná (ve vybraných městech),,,jízdní kolo,Brno-Starý Lískovec,muž,Ne,středa,září,Starý Lískovec,,,,,,,,lehké zranění,"s přilbou (pouze u motocyklistů, příp. cyklistů)",řidičem motorového vozidla,"ve dne, viditelnost nezhoršená vlivem povětrnostních podmínek",na jízdním pruhu,řidič,dobrý -žádné nepříznivé okolnosti nebyly zjiště,den,,1,72241,1,72241,1,72241,3,45,1,1977,1,77,2022,0,0,1,0,0,2,13,1,1320,9,-1162782.227,-601168.458,60206221690,2022/09/21 00:00:00+00,21000,20000,2d1b4dda-a0b5-4200-a4aa-c3353f9e9454
-601143.107000001,-1160636.203,1602,Brno-střed,ne,nedání přenosti v jízdě,srážka s jedoucím nekolejovým vozidlem,nehoda s následky na životě nebo zdraví,jiné nedání přednosti,"povrch suchý, neznečistěný",neztížené,dobré,přechod pro chodce,komunikace sledovaná (ve vybraných městech),,,jízdní kolo,Brno-střed,žena,Ne,pondělí,září,Pisárky,,,,,,,,lehké zranění,"s přilbou (pouze u motocyklistů, příp. cyklistů)",řidičem motorového vozidla,"ve dne, viditelnost nezhoršená vlivem povětrnostních podmínek",na jízdním pruhu,řidič,dobrý -žádné nepříznivé okolnosti nebyly zjiště,den,,1,72242,1,72242,1,72242,1,27,1,1995,1,95,2022,0,0,1,0,0,2,9,1,930,9,-1160636.203,-601143.107,60206221719,2022/09/26 00:00:00+00,13000,3000,aef16d80-6c5e-4aca-bbaf-072621e3ee78
-601573.432,-1161735.25,1603,Brno-Nový Lískovec,ano,nepřiměřená rychlost jízdy,havárie,nehoda s následky na životě nebo zdraví,nepřizpůsobení rychlosti vlastnostem vozidla a nákladu,"povrch suchý, neznečistěný",neztížené,dobré,"zastávka tramvaje, autobusu, trolejbusu bez nástup. ostrůvku",komunikace sledovaná (ve vybraných městech),,,jízdní kolo,Brno-Nový Lískovec,muž,"Ano, obsah alkoholu v krvi od 0,5‰ do 0,8‰",pondělí,září,Nový Lískovec,,,,,,,,lehké zranění,"s přilbou (pouze u motocyklistů, příp. cyklistů)",řidičem nemotorového vozidla,"ve dne, viditelnost nezhoršená vlivem povětrnostních podmínek",na jízdním pruhu,řidič,"pod vlivem alkoholu, obsah alkoholu v krvi do 0,99 ‰",den,,1,72243,1,72243,1,72243,1,58,1,1964,1,64,2022,0,0,1,0,0,1,17,1,1748,9,-1161735.25,-601573.432,60206221723,2022/09/26 00:00:00+00,0,0,f7046f61-4163-47be-a870-387eaee23fdf
-599615.817000002,-1154725.234,1604,Brno-Řečkovice a Mokrá Hora,ne,nedání přenosti v jízdě,srážka s jedoucím nekolejovým vozidlem,nehoda s následky na životě nebo zdraví,proti příkazu dopravní značky DEJ PŘEDNOST,"povrch suchý, neznečistěný",neztížené,dobré,v blízkosti přechodu pro chodce (do vzdálenosti 20 m),uzel (křižovatka sledovaná ve vybraných městech),,,jízdní kolo,Brno-Řečkovice a Mokrá Hora,muž,Ne,čtvrtek,říjen,Řečkovice,,,,,,,,lehké zranění,"s přilbou (pouze u motocyklistů, příp. cyklistů)",řidičem motorového vozidla,"v noci - s veřejným osvětlením, viditelnost nezhoršená vlivem povětrnostních podmínek",na jízdním pruhu,řidič,dobrý -žádné nepříznivé okolnosti nebyly zjiště,den,,1,72249,1,72249,1,72249,4,43,1,1979,1,79,2022,0,0,1,0,0,2,6,1,614,10,-1154725.234,-599615.817,60206221791,2022/10/06 00:00:00+00,10000,5000,b69051c3-e7df-4928-a0b5-fd159443bfc3
-598409.010000002,-1159752.737,1605,Brno-střed,ano,nesprávný způsob jízdy,"srážka s vozidlem zaparkovaným, odstaveným",nehoda s následky na životě nebo zdraví,řidič se plně nevěnoval řízení vozidla,"povrch suchý, neznečistěný",neztížené,dobré,parkoviště přiléhající ke komunikaci,komunikace místní,,,jízdní kolo,Brno-střed,muž,"Ano, obsah alkoholu v krvi 1,5‰ a více",sobota,říjen,Veveří,,,,,,,,lehké zranění,"bez přilby (pouze u motocyklistů, příp. cyklistů)",řidičem nemotorového vozidla,"v noci - s veřejným osvětlením, viditelnost nezhoršená vlivem povětrnostních podmínek",na jízdním pruhu,řidič,pod vlivem alkoholu obsah alkoholu v krvi 1 ‰ a víc,noc,,1,72250,1,72250,1,72250,6,25,1,1997,3,97,2022,0,0,1,0,0,1,1,1,120,10,-1159752.737,-598409.01,60206221812,2022/10/08 00:00:00+00,5000,0,38e3486c-a735-4f01-af2d-c1fb5a7d25e1
-595617.478999998,-1158375.902,1606,Brno-Maloměřice a Obřany,ano,nepřiměřená rychlost jízdy,havárie,nehoda s následky na životě nebo zdraví,"nepřizpůsobení rychlosti dopravně technickému stavu vozovky (zatáčka, klesání, stoupání, šířka vozovky apod.)","povrch suchý, neznečistěný",neztížené,dobré,žádné nebo žádné z uvedených,komunikace místní,,,jízdní kolo,Brno-Maloměřice a Obřany,žena,"Ano, obsah alkoholu v krvi od 0,24‰ do 0,5‰",neděle,říjen,Maloměřice,,,,,,,,lehké zranění,"s přilbou (pouze u motocyklistů, příp. cyklistů)",řidičem nemotorového vozidla,"ve dne, viditelnost nezhoršená vlivem povětrnostních podmínek",na stezce pro cyklisty,řidič,"pod vlivem alkoholu, obsah alkoholu v krvi do 0,99 ‰",den,,1,72251,1,72251,1,72251,7,60,1,1962,1,62,2022,0,0,1,0,0,1,15,1,1530,10,-1158375.902,-595617.479,60206221817,2022/10/09 00:00:00+00,1000,1000,a01ba590-46b0-4b0b-a4be-791546ff1f29
-601157.302999999,-1160621.125,1607,Brno-střed,ne,nedání přenosti v jízdě,srážka s jedoucím nekolejovým vozidlem,nehoda s následky na životě nebo zdraví,"jízda na ""červenou"" 3-barevného semaforu","povrch suchý, neznečistěný",neztížené,dobré,přechod pro chodce,komunikace sledovaná (ve vybraných městech),,,jízdní kolo,Brno-střed,muž,Ne,pondělí,říjen,Pisárky,,,,,,,,lehké zranění,"s přilbou (pouze u motocyklistů, příp. cyklistů)",řidičem nemotorového vozidla,"ve dne, viditelnost nezhoršená vlivem povětrnostních podmínek",na jízdním pruhu,řidič,dobrý -žádné nepříznivé okolnosti nebyly zjiště,den,,1,72252,1,72252,1,72252,1,39,1,1983,1,83,2022,0,0,1,0,0,1,7,1,721,10,-1160621.125,-601157.303,60206221821,2022/10/10 00:00:00+00,81000,80000,516f0001-c44c-4261-a02e-c5d919f6b99d
-598229.271000002,-1164099.128,1608,Brno-jih,ne,nedání přenosti v jízdě,srážka s jedoucím nekolejovým vozidlem,nehoda pouze s hmotnou škodou,proti příkazu dopravní značky STŮJ DEJ PŘEDNOST,"povrch suchý, neznečistěný",neztížené,dobré,žádné nebo žádné z uvedených,komunikace sledovaná (ve vybraných městech),,,jízdní kolo,Brno-jih,muž,Ne,úterý,říjen,Horní Heršpice,,,,,,,,bez zraněn,"s přilbou (pouze u motocyklistů, příp. cyklistů)",řidičem motorového vozidla,"ve dne, viditelnost nezhoršená vlivem povětrnostních podmínek",na jízdním pruhu,řidič,dobrý -žádné nepříznivé okolnosti nebyly zjiště,den,,0,72253,1,72253,1,72253,2,62,1,1960,1,60,2022,0,0,0,0,0,2,18,1,1800,10,-1164099.128,-598229.271,60206221834,2022/10/11 00:00:00+00,3000,2000,db2ceb10-cef0-42fd-9439-a5b2d1e55138
-601736.056000002,-1162287.404,1609,Brno-Nový Lískovec,nezjišťováno,nesprávný způsob jízdy,srážka s jedoucím nekolejovým vozidlem,nehoda pouze s hmotnou škodou,řidič se plně nevěnoval řízení vozidla,"povrch suchý, neznečistěný",neztížené,dobré,"zastávka tramvaje, autobusu, trolejbusu bez nástup. ostrůvku",komunikace sledovaná (ve vybraných městech),,,jízdní kolo,Brno-Nový Lískovec,muž,Nezjišťován,středa,říjen,Nový Lískovec,,,,,,,,bez zraněn,"s přilbou (pouze u motocyklistů, příp. cyklistů)",řidičem motorového vozidla,"ve dne, viditelnost nezhoršená vlivem povětrnostních podmínek",na jízdním pruhu,řidič,dobrý -žádné nepříznivé okolnosti nebyly zjiště,den,,0,72255,1,72255,1,72255,3,31,1,1991,1,91,2022,0,0,0,0,0,2,16,1,1655,10,-1162287.404,-601736.056,60206221893,2022/10/19 00:00:00+00,3000,0,54b1fc82-ac18-4c5b-bc44-9e7fe4056991
-593962.732000001,-1162237.119,1610,Brno-Slatina,ne,nedání přenosti v jízdě,srážka s jedoucím nekolejovým vozidlem,nehoda s následky na životě nebo zdraví,proti příkazu dopravní značky DEJ PŘEDNOST,"povrch suchý, neznečistěný",neztížené,dobré,žádné nebo žádné z uvedených,uzel (křižovatka sledovaná ve vybraných městech),,,jízdní kolo,Brno-Slatina,žena,Ne,neděle,říjen,Slatina,,,,,,,,lehké zranění,"s přilbou (pouze u motocyklistů, příp. cyklistů)",řidičem motorového vozidla,"ve dne, viditelnost nezhoršená vlivem povětrnostních podmínek",na jízdním pruhu,řidič,dobrý -žádné nepříznivé okolnosti nebyly zjiště,den,,1,72257,1,72257,1,72257,7,56,1,1966,1,66,2022,0,0,1,0,0,2,17,1,1700,10,-1162237.119,-593962.732,60206221912,2022/10/23 00:00:00+00,12000,5000,3b3e99a8-8395-4c65-9b86-6f838b1e9d76
-599475,-1162932,1611,Brno-střed,ano,nepřiměřená rychlost jízdy,havárie,nehoda s následky na životě nebo zdraví,nepřizpůsobení rychlosti vlastnostem vozidla a nákladu,"povrch suchý, znečistěný (písek, prach, listí, štěrk atd.)",neztížené,dobré,žádné nebo žádné z uvedených,komunikace místní,,,jízdní kolo,Brno-střed,muž,"Ano, obsah alkoholu v krvi 1,5‰ a více",čtvrtek,listopad,Štýřice,,,,,,,,lehké zranění,"s přilbou (pouze u motocyklistů, příp. cyklistů)",řidičem nemotorového vozidla,"ve dne, viditelnost nezhoršená vlivem povětrnostních podmínek",na stezce pro cyklisty,řidič,pod vlivem alkoholu obsah alkoholu v krvi 1 ‰ a víc,den,,1,72258,1,72258,1,72258,4,38,1,1984,1,84,2022,0,0,1,0,0,1,10,1,1005,11,-1162932,-599475,60222229657,2022/11/03 00:00:00+00,1000,1000,bdcce7f0-f921-4097-8d21-5886d6ca5907
-596432,-1160195,1612,Brno-Židenice,ne,nesprávný způsob jízdy,srážka s jedoucím nekolejovým vozidlem,nehoda s následky na životě nebo zdraví,nesprávné otáčení nebo couvání,"povrch suchý, neznečistěný",neztížené,dobré,žádné nebo žádné z uvedených,komunikace sledovaná (ve vybraných městech),,,jízdní kolo,Brno-Židenice,muž,Ne,čtvrtek,listopad,Zábrdovice,,,,,,,,lehké zranění,"bez přilby (pouze u motocyklistů, příp. cyklistů)",řidičem motorového vozidla,"ve dne, viditelnost nezhoršená vlivem povětrnostních podmínek",na jízdním pruhu,řidič,dobrý -žádné nepříznivé okolnosti nebyly zjiště,den,,1,72259,1,72259,1,72259,4,40,1,1982,1,82,2022,0,0,1,0,0,2,16,1,1600,11,-1160195,-596432,60222229956,2022/11/03 00:00:00+00,10000,0,994b1ee4-689f-450b-b771-4b16204910bc
-601384,-1158419,1613,Brno-Komín,ne,nesprávný způsob jízdy,srážka s jedoucím nekolejovým vozidlem,nehoda s následky na životě nebo zdraví,"bezohledná, agresivní, neohleduplná jízda",povrch mokrý,"na počátku deště, slabý déšť, mrholení apod.",dobré,přechod pro chodce,komunikace sledovaná (ve vybraných městech),,,jízdní kolo,Brno-Komín,muž,Ne,středa,listopad,Komín,,,,,,,,lehké zranění,"s přilbou (pouze u motocyklistů, příp. cyklistů)",řidičem nemotorového vozidla,"v noci - s veřejným osvětlením, viditelnost nezhoršená vlivem povětrnostních podmínek",na jízdním pruhu,řidič,dobrý -žádné nepříznivé okolnosti nebyly zjiště,den,,1,72261,1,72261,1,72261,3,45,1,1977,1,77,2022,0,0,1,0,0,1,17,1,1725,11,-1158419,-601384,60223229510,2022/11/16 00:00:00+00,23000,20000,df0db87c-d895-44e7-bdde-1c1ff56dce23
-598943,-1157477,1614,Brno-Královo Pole,nezjišťováno,nedání přenosti v jízdě,srážka s jedoucím nekolejovým vozidlem,nehoda s následky na životě nebo zdraví,proti příkazu dopravní značky DEJ PŘEDNOST,"povrch suchý, neznečistěný",neztížené,dobré,v blízkosti přechodu pro chodce (do vzdálenosti 20 m),uzel (křižovatka sledovaná ve vybraných městech),,,jízdní kolo,Brno-Královo Pole,muž,Nezjišťován,úterý,listopad,Královo Pole,,,,,,,,těžké zranění,"s přilbou (pouze u motocyklistů, příp. cyklistů)",řidičem motorového vozidla,"ve dne, viditelnost nezhoršená vlivem povětrnostních podmínek",na jízdním pruhu,řidič,dobrý -žádné nepříznivé okolnosti nebyly zjiště,den,,0,72262,1,72262,1,72262,2,49,1,1973,1,73,2022,1,0,0,1,0,2,19,1,1930,11,-1157477,-598943,60223229631,2022/11/15 00:00:00+00,4000,2000,91c7adf5-bf89-4773-8780-ad944f6d54dc
-595610,-1158333,1615,Brno-Maloměřice a Obřany,ano,nepřiměřená rychlost jízdy,havárie,nehoda s následky na životě nebo zdraví,"nepřizpůsobení rychlosti dopravně technickému stavu vozovky (zatáčka, klesání, stoupání, šířka vozovky apod.)",povrch mokrý,neztížené,dobré,žádné nebo žádné z uvedených,komunikace místní,,,jízdní kolo,Brno-Maloměřice a Obřany,muž,"Ano, obsah alkoholu v krvi od 1,0‰ do 1,5‰",středa,listopad,Maloměřice,,,,,,,,lehké zranění,"bez přilby (pouze u motocyklistů, příp. cyklistů)",řidičem nemotorového vozidla,"v noci - bez veřejného osvětlení, viditelnost nezhoršená vlivem povětrnostních podmínek",na stezce pro cyklisty,řidič,pod vlivem alkoholu obsah alkoholu v krvi 1 ‰ a víc,den,,1,72263,1,72263,1,72263,3,33,1,1989,1,89,2022,0,0,1,0,0,1,20,1,2045,11,-1158333,-595610,60224223816,2022/11/23 00:00:00+00,0,0,e548fb67-7e32-4876-889b-1807c80efc8a
-598517,-1159999,1616,Brno-střed,ne,nedání přenosti v jízdě,srážka s jedoucím nekolejovým vozidlem,nehoda s následky na životě nebo zdraví,proti příkazu dopravní značky STŮJ DEJ PŘEDNOST,"povrch suchý, neznečistěný",neztížené,dobré,přechod pro chodce,uzel (křižovatka sledovaná ve vybraných městech),,,jízdní kolo,Brno-střed,muž,Ne,úterý,listopad,Veveří,,,,,,,,lehké zranění,"s přilbou (pouze u motocyklistů, příp. cyklistů)",řidičem motorového vozidla,"ve dne, viditelnost nezhoršená vlivem povětrnostních podmínek",na jízdním pruhu,řidič,dobrý -žádné nepříznivé okolnosti nebyly zjiště,den,,1,72265,1,72265,1,72265,2,43,1,1979,1,79,2022,0,0,1,0,0,2,11,1,1125,11,-1159999,-598517,60224227344,2022/11/29 00:00:00+00,6000,3000,7de6493e-e107-41c1-9ae6-c2b1c2eed2dd
-600110,-1158595,1617,Brno-Žabovřesky,ne,nedání přenosti v jízdě,srážka s jedoucím nekolejovým vozidlem,nehoda s následky na životě nebo zdraví,při odbočování vlevo,"povrch suchý, neznečistěný",neztížené,dobré,v blízkosti přechodu pro chodce (do vzdálenosti 20 m),komunikace sledovaná (ve vybraných městech),,,jízdní kolo,Brno-Žabovřesky,muž,Ne,středa,listopad,Žabovřesky,,,,,,,,lehké zranění,"s přilbou (pouze u motocyklistů, příp. cyklistů)",řidičem motorového vozidla,"ve dne, viditelnost nezhoršená vlivem povětrnostních podmínek",na jízdním pruhu,řidič,dobrý -žádné nepříznivé okolnosti nebyly zjiště,den,,1,72266,1,72266,1,72266,3,35,1,1987,0,87,2022,0,0,1,0,0,2,7,1,705,11,-1158595,-600110,60224227845,2022/11/30 00:00:00+00,8000,3000,5d3271a8-8e2e-41d9-9e4a-0fb0b381d2bb
-598560,-1159924,1618,Brno-střed,ne,nedání přenosti v jízdě,srážka s jedoucím nekolejovým vozidlem,nehoda s následky na životě nebo zdraví,při vjíždění na silnici,"povrch suchý, neznečistěný",neztížené,dobré,přechod pro chodce,komunikace sledovaná (ve vybraných městech),,,jízdní kolo,Brno-střed,muž,Ne,pátek,prosinec,Veveří,,,,,,,,usmrcení,"s přilbou (pouze u motocyklistů, příp. cyklistů)",řidičem motorového vozidla,"v noci - s veřejným osvětlením, viditelnost nezhoršená vlivem povětrnostních podmínek",na stezce pro cyklisty,řidič,dobrý -žádné nepříznivé okolnosti nebyly zjiště,den,,0,72267,1,72267,1,72267,5,56,1,1966,1,66,2022,0,1,0,0,1,2,6,1,635,12,-1159924,-598560,60225224122,2022/12/09 00:00:00+00,10000,5000,56f0a65b-7463-40a7-99b5-e2f38007179c
-604297.243000001,-1157453.764,1619,Brno-Bystrc,ne,nedání přenosti v jízdě,srážka s jedoucím nekolejovým vozidlem,nehoda s následky na životě nebo zdraví,proti příkazu dopravní značky STŮJ DEJ PŘEDNOST,"povrch suchý, neznečistěný",neztížené,dobré,žádné nebo žádné z uvedených,uzel (křižovatka sledovaná ve vybraných městech),,,jízdní kolo,Brno-Bystrc,muž,Ne,středa,listopad,Bystrc,,,,,,,,lehké zranění,"s přilbou (pouze u motocyklistů, příp. cyklistů)",řidičem motorového vozidla,"v noci - s veřejným osvětlením, viditelnost nezhoršená vlivem povětrnostních podmínek",na jízdním pruhu,řidič,dobrý -žádné nepříznivé okolnosti nebyly zjiště,den,,1,72268,1,72268,1,72268,3,36,1,1978,1,78,2014,0,0,1,0,0,2,17,1,1715,11,-1157453.764,-604297.243,60306141036,2014/11/05 00:00:00+00,10000,5000,7ad97e3f-a38e-4aba-a473-34da4f254c65
-608967.480999999,-1153209.826,1620,Brno-Bystrc,ne,nedání přenosti v jízdě,srážka s jedoucím nekolejovým vozidlem,nehoda s následky na životě nebo zdraví,proti příkazu dopravní značky DEJ PŘEDNOST,"povrch suchý, neznečistěný",neztížené,dobré,žádné nebo žádné z uvedených,komunikace sledovaná (ve vybraných městech),,,jízdní kolo,Brno-Bystrc,muž,Ne,neděle,srpen,Bystrc,,,,,,,,lehké zranění,"s přilbou (pouze u motocyklistů, příp. cyklistů)",řidičem motorového vozidla,"ve dne, viditelnost nezhoršená vlivem povětrnostních podmínek",na jízdním pruhu,řidič,dobrý -žádné nepříznivé okolnosti nebyly zjiště,den,,1,72269,1,72269,1,72269,7,45,1,1976,1,76,2021,0,0,1,0,0,2,14,1,1400,8,-1153209.826,-608967.481,60306210734,2021/08/29 00:00:00+00,65000,50000,1335186a-65b2-4e6d-a9cc-7651ed6168da